ip,reason,score
1,auto-block,0.99986255
1,auto-block,0.9998435
1,auto-block,0.99996436
1,auto-block,0.99993825
1,auto-block,0.9998055
1,auto-block,0.99997187
1,auto-block,0.9999293
1,auto-block,0.9999031
1,auto-block,0.99946254
1,auto-block,0.99995625
1,auto-block,0.99987566
1,auto-block,0.99990845
1,auto-block,0.99995387
1,auto-block,0.9998659
1,auto-block,0.99993527
1,auto-block,0.99991953
1,auto-block,0.99992657
1,auto-block,0.999967
1,auto-block,0.99988294
1,auto-block,0.9999012
1,auto-block,0.99991345
1,auto-block,0.9999361
1,auto-block,0.99989367
1,auto-block,0.9999205
1,auto-block,0.99991286
1,auto-block,0.99996316
1,auto-block,0.9999474
1,auto-block,0.99985695
1,auto-block,0.9999609
1,auto-block,0.9999423
1,auto-block,0.9999701
1,auto-block,0.9999474
1,auto-block,0.99994314
1,auto-block,0.99993443
1,auto-block,0.9999422
1,auto-block,0.9999448
1,auto-block,0.99922895
1,auto-block,0.99993443
1,auto-block,0.99991846
1,auto-block,0.9999603
1,auto-block,0.9999651
1,auto-block,0.99991846
1,auto-block,0.9999502
1,auto-block,0.9998221
1,auto-block,0.99988043
1,auto-block,0.99968016
1,auto-block,0.9998336
1,auto-block,0.9996935
1,auto-block,0.99993014
1,auto-block,0.99996996
1,auto-block,0.9995778
1,auto-block,0.999969
1,auto-block,0.999874
1,auto-block,0.9991616
1,auto-block,0.9998721
1,auto-block,0.99978787
1,auto-block,0.9999665
1,auto-block,0.99868256
1,auto-block,0.99994373
1,auto-block,0.9999646
1,auto-block,0.9998368
1,auto-block,0.9999567
1,auto-block,0.9997658
1,auto-block,0.9999167
1,auto-block,0.9998338
1,auto-block,0.99993265
1,auto-block,0.99968874
1,auto-block,0.9991474
1,auto-block,0.9998946
1,auto-block,0.999785
1,auto-block,0.9998036
1,auto-block,0.9991714
1,auto-block,0.9999043
1,auto-block,0.9998759
1,auto-block,0.9999621
1,auto-block,0.99905556
1,auto-block,0.9999609
1,auto-block,0.99984527
1,auto-block,0.9999604
1,auto-block,0.9999554
1,auto-block,0.9999589
1,auto-block,0.999964
1,auto-block,0.99975365
1,auto-block,0.9999453
1,auto-block,0.9999505
1,auto-block,0.9998969
1,auto-block,0.99991107
1,auto-block,0.9999002
1,auto-block,0.9998735
1,auto-block,0.9999486
1,auto-block,0.9998354
1,auto-block,0.99994445
1,auto-block,0.9999583
1,auto-block,0.9997968
1,auto-block,0.9999274
1,auto-block,0.9999497
1,auto-block,0.99967206
1,auto-block,0.9999473
1,auto-block,0.9997569
1,auto-block,0.9999027
1,auto-block,0.99993074
1,auto-block,0.99995863
1,auto-block,0.9999516
1,auto-block,0.9998754
1,auto-block,0.99876994
1,auto-block,0.99994993
1,auto-block,0.99993324
1,auto-block,0.9998154
1,auto-block,0.99994135
1,auto-block,0.99994874
1,auto-block,0.999645
1,auto-block,0.99995816
1,auto-block,0.99994063
1,auto-block,0.99994147
1,auto-block,0.99995196
1,auto-block,0.9999505
1,auto-block,0.9997948
1,auto-block,0.99972624
1,auto-block,0.99942964
1,auto-block,0.9994886
1,auto-block,0.9999343
1,auto-block,0.9999579
1,auto-block,0.99985015
1,auto-block,0.9999558
1,auto-block,0.99995625
1,auto-block,0.9997241
1,auto-block,0.99985564
1,auto-block,0.9999558
1,auto-block,0.9999263
1,auto-block,0.99995303
1,auto-block,0.9999554
1,auto-block,0.99995327
1,auto-block,0.99994373
1,auto-block,0.9999337
1,auto-block,0.99989736
1,auto-block,0.99984527
1,auto-block,0.99995005
1,auto-block,0.99989367
1,auto-block,0.9997725
1,auto-block,0.99988484
1,auto-block,0.9997209
1,auto-block,0.9998229
1,auto-block,0.99991286
1,auto-block,0.999895
1,auto-block,0.99993896
1,auto-block,0.9999647
1,auto-block,0.99919397
1,auto-block,0.9999162
1,auto-block,0.99993706
1,auto-block,0.99993074
1,auto-block,0.9997881
1,auto-block,0.9993918
1,auto-block,0.99993896
1,auto-block,0.99995005
1,auto-block,0.9999695
1,auto-block,0.99989736
1,auto-block,0.9999044
1,auto-block,0.999877
1,auto-block,0.99994826
1,auto-block,0.99986863
1,auto-block,0.9998939
1,auto-block,0.9999062
1,auto-block,0.9998554
1,auto-block,0.99905723
1,auto-block,0.999241
1,auto-block,0.9998628
1,auto-block,0.99959546
1,auto-block,0.99975735
1,auto-block,0.99995244
1,auto-block,0.998774
1,auto-block,0.99980885
1,auto-block,0.99934274
1,auto-block,0.99768317
1,auto-block,0.9998658
1,auto-block,0.9998739
1,auto-block,0.999889
1,auto-block,0.9999527
1,auto-block,0.9996582
1,auto-block,0.9999598
1,auto-block,0.99995744
1,auto-block,0.9999052
1,auto-block,0.99994826
1,auto-block,0.99973077
1,auto-block,0.9998616
1,auto-block,0.999944
1,auto-block,0.9999529
1,auto-block,0.9987172
1,auto-block,0.9999467
1,auto-block,0.9997564
1,auto-block,0.99993384
1,auto-block,0.99963164
1,auto-block,0.99979657
1,auto-block,0.9997327
1,auto-block,0.99994135
1,auto-block,0.99993134
1,auto-block,0.9998148
1,auto-block,0.9999548
1,auto-block,0.99995553
1,auto-block,0.9999025
1,auto-block,0.99990165
1,auto-block,0.9999151
1,auto-block,0.9998778
1,auto-block,0.99996436
1,auto-block,0.9999025
1,auto-block,0.99996376
1,auto-block,0.99975985
1,auto-block,0.9999325
1,auto-block,0.99992836
1,auto-block,0.99993527
1,auto-block,0.99996185
1,auto-block,0.9998061
1,auto-block,0.99982846
1,auto-block,0.9999404
1,auto-block,0.9997261
1,auto-block,0.9975141
1,auto-block,0.9999212
1,auto-block,0.9998759
1,auto-block,0.9999448
1,auto-block,0.9999554
1,auto-block,0.9999424
1,auto-block,0.99995565
1,auto-block,0.9999516
1,auto-block,0.99978906
1,auto-block,0.9995111
1,auto-block,0.99994683
1,auto-block,0.9999335
1,auto-block,0.999959
1,auto-block,0.9989648
1,auto-block,0.9999435
1,auto-block,0.9999609
1,auto-block,0.9998883
1,auto-block,0.9999435
1,auto-block,0.9999281
1,auto-block,0.9999472
1,auto-block,0.9999523
1,auto-block,0.9999671
1,auto-block,0.9999298
1,auto-block,0.9999484
1,auto-block,0.99983346
1,auto-block,0.9999213
1,auto-block,0.99995434
1,auto-block,0.9999647
1,auto-block,0.99968123
1,auto-block,0.99965024
1,auto-block,0.99996483
1,auto-block,0.9999138
1,auto-block,0.9999553
1,auto-block,0.99970454
1,auto-block,0.9995672
1,auto-block,0.9993369
1,auto-block,0.9999033
1,auto-block,0.999938
1,auto-block,0.99956125
1,auto-block,0.9999126
1,auto-block,0.9999511
1,auto-block,0.99990916
1,auto-block,0.9996778
1,auto-block,0.99986374
1,auto-block,0.9999367
1,auto-block,0.999938
1,auto-block,0.9999615
1,auto-block,0.9998814
1,auto-block,0.99991715
1,auto-block,0.9998621
1,auto-block,0.99987936
1,auto-block,0.9999528
1,auto-block,0.9993974
1,auto-block,0.99971515
1,auto-block,0.99995744
1,auto-block,0.99996257
1,auto-block,0.9999609
1,auto-block,0.99992406
1,auto-block,0.9998714
1,auto-block,0.99994683
1,auto-block,0.99970144
1,auto-block,0.9999628
1,auto-block,0.99995553
1,auto-block,0.9998778
1,auto-block,0.999915
1,auto-block,0.99996305
1,auto-block,0.9999422
1,auto-block,0.9998055
1,auto-block,0.9996793
1,auto-block,0.99985373
1,auto-block,0.9999006
1,auto-block,0.9999634
1,auto-block,0.9998529
1,auto-block,0.99985087
1,auto-block,0.9999677
1,auto-block,0.99995005
1,auto-block,0.99992263
1,auto-block,0.9999186
1,auto-block,0.999808
1,auto-block,0.9999138
1,auto-block,0.99994135
1,auto-block,0.9997702
1,auto-block,0.9999614
1,auto-block,0.9999404
1,auto-block,0.99985063
1,auto-block,0.9999031
1,auto-block,0.999961
1,auto-block,0.9999521
1,auto-block,0.9999362
1,auto-block,0.99979573
1,auto-block,0.999961
1,auto-block,0.99996114
1,auto-block,0.9998692
1,auto-block,0.9999466
1,auto-block,0.99957365
1,auto-block,0.9998648
1,auto-block,0.99965477
1,auto-block,0.99995875
1,auto-block,0.99976426
1,auto-block,0.9999291
1,auto-block,0.99991703
1,auto-block,0.9977291
1,auto-block,0.9998933
1,auto-block,0.99994373
1,auto-block,0.99994445
1,auto-block,0.9999186
1,auto-block,0.9998776
1,auto-block,0.9999654
1,auto-block,0.99995947
1,auto-block,0.99914014
1,auto-block,0.9997148
1,auto-block,0.99990857
1,auto-block,0.9999466
1,auto-block,0.99997187
1,auto-block,0.9997553
1,auto-block,0.9999621
1,auto-block,0.9999517
1,auto-block,0.99986196
1,auto-block,0.9997651
1,auto-block,0.9998976
1,auto-block,0.9997944
1,auto-block,0.9998087
1,auto-block,0.99993074
1,auto-block,0.99993706
1,auto-block,0.99994266
1,auto-block,0.9998542
1,auto-block,0.99994826
1,auto-block,0.99977535
1,auto-block,0.9998073
1,auto-block,0.9999567
1,auto-block,0.9999411
1,auto-block,0.99993587
1,auto-block,0.9999255
1,auto-block,0.9999628
1,auto-block,0.9998161
1,auto-block,0.9991335
1,auto-block,0.9999107
1,auto-block,0.99995923
1,auto-block,0.9998616
1,auto-block,0.99995387
1,auto-block,0.999814
1,auto-block,0.99937123
1,auto-block,0.99988127
1,auto-block,0.9999367
1,auto-block,0.9998647
1,auto-block,0.9994356
1,auto-block,0.99996805
1,auto-block,0.99992514
1,auto-block,0.9999635
1,auto-block,0.9999534
1,auto-block,0.9998752
1,auto-block,0.9998723
1,auto-block,0.99970406
1,auto-block,0.99995625
1,auto-block,0.9995933
1,auto-block,0.99993646
1,auto-block,0.99979717
1,auto-block,0.999948
1,auto-block,0.9997805
1,auto-block,0.9997863
1,auto-block,0.9998598
1,auto-block,0.9999577
1,auto-block,0.99992144
1,auto-block,0.9996983
1,auto-block,0.9999145
1,auto-block,0.99993134
1,auto-block,0.9999589
1,auto-block,0.99996233
1,auto-block,0.9999571
1,auto-block,0.99996436
1,auto-block,0.9999361
1,auto-block,0.9999294
1,auto-block,0.9999186
1,auto-block,0.9999368
1,auto-block,0.99993145
1,auto-block,0.99996066
1,auto-block,0.9999603
1,auto-block,0.999821
1,auto-block,0.99955887
1,auto-block,0.999508
1,auto-block,0.999828
1,auto-block,0.99991703
1,auto-block,0.9998312
1,auto-block,0.99995685
1,auto-block,0.9999114
1,auto-block,0.99980015
1,auto-block,0.9998853
1,auto-block,0.99995744
1,auto-block,0.99996245
1,auto-block,0.9999497
1,auto-block,0.9998697
1,auto-block,0.9999627
1,auto-block,0.99997115
1,auto-block,0.9994962
1,auto-block,0.9999403
1,auto-block,0.99996924
1,auto-block,0.9998704
1,auto-block,0.99995744
1,auto-block,0.9999416
1,auto-block,0.9999243
1,auto-block,0.999951
1,auto-block,0.99992514
1,auto-block,0.9995023
1,auto-block,0.99992526
1,auto-block,0.9998685
1,auto-block,0.9995783
1,auto-block,0.9999484
1,auto-block,0.99984217
1,auto-block,0.9999645
1,auto-block,0.9999633
1,auto-block,0.99996245
1,auto-block,0.99989176
1,auto-block,0.9999584
1,auto-block,0.99997115
1,auto-block,0.99996567
1,auto-block,0.99994373
1,auto-block,0.99978274
1,auto-block,0.999959
1,auto-block,0.9999627
1,auto-block,0.9999658
1,auto-block,0.9995135
1,auto-block,0.9998969
1,auto-block,0.9999615
1,auto-block,0.9998472
1,auto-block,0.9999176
1,auto-block,0.9999083
1,auto-block,0.99996424
1,auto-block,0.9999521
1,auto-block,0.999956
1,auto-block,0.9997873
1,auto-block,0.99989986
1,auto-block,0.9999647
1,auto-block,0.9999076
1,auto-block,0.99969983
1,auto-block,0.9999664
1,auto-block,0.9999267
1,auto-block,0.9998901
1,auto-block,0.99987674
1,auto-block,0.99993014
1,auto-block,0.99984825
1,auto-block,0.99995005
1,auto-block,0.9999492
1,auto-block,0.99993265
1,auto-block,0.9993155
1,auto-block,0.99585515
1,auto-block,0.99992
1,auto-block,0.99991524
1,auto-block,0.99985623
1,auto-block,0.99798703
1,auto-block,0.99980456
1,auto-block,0.9998417
1,auto-block,0.99935335
1,auto-block,0.9999553
1,auto-block,0.9999161
1,auto-block,0.999741
1,auto-block,0.9998203
1,auto-block,0.9998361
1,auto-block,0.99974686
1,auto-block,0.99994767
1,auto-block,0.9996971
1,auto-block,0.9998647
1,auto-block,0.9999589
1,auto-block,0.9999286
1,auto-block,0.99996376
1,auto-block,0.9999398
1,auto-block,0.9999577
1,auto-block,0.99993
1,auto-block,0.999726
1,auto-block,0.99995565
1,auto-block,0.99995875
1,auto-block,0.9999423
1,auto-block,0.9999651
1,auto-block,0.99983513
1,auto-block,0.9998956
1,auto-block,0.99995005
1,auto-block,0.999941
1,auto-block,0.9999511
1,auto-block,0.99995816
1,auto-block,0.9998903
1,auto-block,0.99994934
1,auto-block,0.9996586
1,auto-block,0.9999503
1,auto-block,0.99986076
1,auto-block,0.9999269
1,auto-block,0.9999342
1,auto-block,0.99983
1,auto-block,0.99995005
1,auto-block,0.99976665
1,auto-block,0.99995303
1,auto-block,0.9999267
1,auto-block,0.99951565
1,auto-block,0.9999615
1,auto-block,0.9998405
1,auto-block,0.999967
1,auto-block,0.99995446
1,auto-block,0.9997594
1,auto-block,0.9999471
1,auto-block,0.9998473
1,auto-block,0.9997708
1,auto-block,0.99992275
1,auto-block,0.99973184
1,auto-block,0.99996805
1,auto-block,0.9998017
1,auto-block,0.9998554
1,auto-block,0.99993646
1,auto-block,0.9999263
1,auto-block,0.9999367
1,auto-block,0.99968374
1,auto-block,0.9998178
1,auto-block,0.9753709
1,auto-block,0.99992585
1,auto-block,0.99994826
1,auto-block,0.9999517
1,auto-block,0.9999517
1,auto-block,0.9999409
1,auto-block,0.9996933
1,auto-block,0.9999089
1,auto-block,0.9999547
1,auto-block,0.9998448
1,auto-block,0.99995875
1,auto-block,0.9999715
1,auto-block,0.99993145
1,auto-block,0.9996847
1,auto-block,0.99990356
1,auto-block,0.9999497
1,auto-block,0.9990689
1,auto-block,0.9998889
1,auto-block,0.99945766
1,auto-block,0.9999651
1,auto-block,0.9996178
1,auto-block,0.99923944
1,auto-block,0.9999099
1,auto-block,0.9999534
1,auto-block,0.99994564
1,auto-block,0.99990475
1,auto-block,0.9998388
1,auto-block,0.9997626
1,auto-block,0.99955136
1,auto-block,0.99995553
1,auto-block,0.9999652
1,auto-block,0.9995846
1,auto-block,0.9999368
1,auto-block,0.9992754
1,auto-block,0.999845
1,auto-block,0.99995875
1,auto-block,0.99992955
1,auto-block,0.99979764
1,auto-block,0.9999676
1,auto-block,0.999713
1,auto-block,0.9997464
1,auto-block,0.9995621
1,auto-block,0.9999193
1,auto-block,0.9999621
1,auto-block,0.9999169
1,auto-block,0.99975127
1,auto-block,0.9999199
1,auto-block,0.9999355
1,auto-block,0.99995565
1,auto-block,0.9999192
1,auto-block,0.9992884
1,auto-block,0.99979705
1,auto-block,0.9995561
1,auto-block,0.9999621
1,auto-block,0.99981266
1,auto-block,0.99994874
1,auto-block,0.9999249
1,auto-block,0.99994683
1,auto-block,0.9997063
1,auto-block,0.999956
1,auto-block,0.99995947
1,auto-block,0.99996424
1,auto-block,0.99976987
1,auto-block,0.9999627
1,auto-block,0.9999335
1,auto-block,0.99992645
1,auto-block,0.9999585
1,auto-block,0.9999404
1,auto-block,0.999961
1,auto-block,0.9998062
1,auto-block,0.9998597
1,auto-block,0.9999647
1,auto-block,0.9983937
1,auto-block,0.9999026
1,auto-block,0.9999579
1,auto-block,0.9999485
1,auto-block,0.9999584
1,auto-block,0.9998919
1,auto-block,0.9998815
1,auto-block,0.9998098
1,auto-block,0.9999695
1,auto-block,0.9999523
1,auto-block,0.99967754
1,auto-block,0.99994326
1,auto-block,0.99993217
1,auto-block,0.9999603
1,auto-block,0.9998253
1,auto-block,0.9999405
1,auto-block,0.99995995
1,auto-block,0.99991155
1,auto-block,0.9999291
1,auto-block,0.9999577
1,auto-block,0.99975103
1,auto-block,0.9999659
1,auto-block,0.9999435
1,auto-block,0.9998609
1,auto-block,0.9999114
1,auto-block,0.9999635
1,auto-block,0.9998418
1,auto-block,0.99992275
1,auto-block,0.9999627
1,auto-block,0.9999354
1,auto-block,0.99996185
1,auto-block,0.999948
1,auto-block,0.99993956
1,auto-block,0.9998354
1,auto-block,0.99987507
1,auto-block,0.9997255
1,auto-block,0.99995625
1,auto-block,0.9999368
1,auto-block,0.99996054
1,auto-block,0.9999242
1,auto-block,0.9999486
1,auto-block,0.9999534
1,auto-block,0.9999038
1,auto-block,0.99992955
1,auto-block,0.999899
1,auto-block,0.9999081
1,auto-block,0.9973573
1,auto-block,0.99996793
1,auto-block,0.9996991
1,auto-block,0.99977344
1,auto-block,0.9999647
1,auto-block,0.9997291
1,auto-block,0.9999459
1,auto-block,0.99989223
1,auto-block,0.9999542
1,auto-block,0.9999118
1,auto-block,0.9999355
1,auto-block,0.99979514
1,auto-block,0.9999304
1,auto-block,0.9999286
1,auto-block,0.9995053
1,auto-block,0.9999627
1,auto-block,0.9999652
1,auto-block,0.99995375
1,auto-block,0.9998908
1,auto-block,0.9999449
1,auto-block,0.9999361
1,auto-block,0.99995804
1,auto-block,0.99991703
1,auto-block,0.9999516
1,auto-block,0.9997882
1,auto-block,0.9999604
1,auto-block,0.9999428
1,auto-block,0.999943
1,auto-block,0.99971765
1,auto-block,0.99996436
1,auto-block,0.999897
1,auto-block,0.9999629
1,auto-block,0.9999685
1,auto-block,0.99993396
1,auto-block,0.9997336
1,auto-block,0.9995041
1,auto-block,0.9997049
1,auto-block,0.99973315
1,auto-block,0.9998952
1,auto-block,0.9998374
1,auto-block,0.9999392
1,auto-block,0.9999348
1,auto-block,0.9999664
1,auto-block,0.9999361
1,auto-block,0.999132
1,auto-block,0.99994504
1,auto-block,0.9997521
1,auto-block,0.9999658
1,auto-block,0.99991846
1,auto-block,0.9999461
1,auto-block,0.99993193
1,auto-block,0.9999616
1,auto-block,0.99994326
1,auto-block,0.9999646
1,auto-block,0.99888533
1,auto-block,0.99991083
1,auto-block,0.999967
1,auto-block,0.99992
1,auto-block,0.99993634
1,auto-block,0.99995315
1,auto-block,0.99996805
1,auto-block,0.9997923
1,auto-block,0.999961
1,auto-block,0.99919957
1,auto-block,0.9999467
1,auto-block,0.9999634
1,auto-block,0.9997019
1,auto-block,0.9998821
1,auto-block,0.9994991
1,auto-block,0.99993515
1,auto-block,0.99995065
1,auto-block,0.9999254
1,auto-block,0.9996308
1,auto-block,0.9996456
1,auto-block,0.9999589
1,auto-block,0.99984384
1,auto-block,0.9998299
1,auto-block,0.9999126
1,auto-block,0.9997247
1,auto-block,0.9999368
1,auto-block,0.9999167
1,auto-block,0.9997652
1,auto-block,0.9999317
1,auto-block,0.99983287
1,auto-block,0.99995816
1,auto-block,0.99991703
1,auto-block,0.99993765
1,auto-block,0.9999579
1,auto-block,0.9998944
1,auto-block,0.9999491
1,auto-block,0.9996991
1,auto-block,0.9999646
1,auto-block,0.99994254
1,auto-block,0.9999521
1,auto-block,0.99954295
1,auto-block,0.99976546
1,auto-block,0.99911886
1,auto-block,0.99952924
1,auto-block,0.99995005
1,auto-block,0.99996686
1,auto-block,0.99977463
1,auto-block,0.99996257
1,auto-block,0.9999298
1,auto-block,0.9999368
1,auto-block,0.9998938
1,auto-block,0.99948126
1,auto-block,0.9997619
1,auto-block,0.999864
1,auto-block,0.99996364
1,auto-block,0.999943
1,auto-block,0.9999522
1,auto-block,0.9998466
1,auto-block,0.99992216
1,auto-block,0.988755
1,auto-block,0.99993587
1,auto-block,0.99996006
1,auto-block,0.9999677
1,auto-block,0.99980146
1,auto-block,0.99995124
1,auto-block,0.99981874
1,auto-block,0.99994564
1,auto-block,0.9999647
1,auto-block,0.9999411
1,auto-block,0.9997942
1,auto-block,0.9999299
1,auto-block,0.999925
1,auto-block,0.9999621
1,auto-block,0.9999418
1,auto-block,0.99922
1,auto-block,0.9998029
1,auto-block,0.99993026
1,auto-block,0.9998067
1,auto-block,0.9998914
1,auto-block,0.9997584
1,auto-block,0.9999603
1,auto-block,0.9999031
1,auto-block,0.9999318
1,auto-block,0.99981266
1,auto-block,0.99995613
1,auto-block,0.99966455
1,auto-block,0.9999676
1,auto-block,0.9998796
1,auto-block,0.9996908
1,auto-block,0.9998267
1,auto-block,0.999746
1,auto-block,0.99933165
1,auto-block,0.9999455
1,auto-block,0.99995804
1,auto-block,0.99991906
1,auto-block,0.9999472
1,auto-block,0.99992514
1,auto-block,0.99984527
1,auto-block,0.99948967
1,auto-block,0.9998801
1,auto-block,0.9999652
1,auto-block,0.9999558
1,auto-block,0.99986136
1,auto-block,0.9999199
1,auto-block,0.9999454
1,auto-block,0.9999429
1,auto-block,0.9998387
1,auto-block,0.999882
1,auto-block,0.99996614
1,auto-block,0.99996257
1,auto-block,0.99980146
1,auto-block,0.99981076
1,auto-block,0.9999541
1,auto-block,0.9997409
1,auto-block,0.99995863
1,auto-block,0.99996924
1,auto-block,0.99995613
1,auto-block,0.99996936
1,auto-block,0.99993086
1,auto-block,0.9999143
1,auto-block,0.99993503
1,auto-block,0.99967134
1,auto-block,0.9999558
1,auto-block,0.9999645
1,auto-block,0.99988556
1,auto-block,0.99967587
1,auto-block,0.99973565
1,auto-block,0.99980813
1,auto-block,0.9997166
1,auto-block,0.99928576
1,auto-block,0.99995494
1,auto-block,0.9997708
1,auto-block,0.9998161
1,auto-block,0.99995816
1,auto-block,0.99993074
1,auto-block,0.9998977
1,auto-block,0.99988294
1,auto-block,0.9999517
1,auto-block,0.99994457
1,auto-block,0.9999547
1,auto-block,0.999967
1,auto-block,0.9999502
1,auto-block,0.99990773
1,auto-block,0.999966
1,auto-block,0.99995494
1,auto-block,0.99992967
1,auto-block,0.99995494
1,auto-block,0.99994016
1,auto-block,0.99991286
1,auto-block,0.99983907
1,auto-block,0.99986494
1,auto-block,0.99976426
1,auto-block,0.99980575
1,auto-block,0.9999379
1,auto-block,0.9995708
1,auto-block,0.9997907
1,auto-block,0.9997819
1,auto-block,0.99972254
1,auto-block,0.9999645
1,auto-block,0.99994683
1,auto-block,0.99996257
1,auto-block,0.999938
1,auto-block,0.99990916
1,auto-block,0.99993515
1,auto-block,0.9998091
1,auto-block,0.99963486
1,auto-block,0.99993086
1,auto-block,0.99994934
1,auto-block,0.99995434
1,auto-block,0.9998903
1,auto-block,0.99993145
1,auto-block,0.99995935
1,auto-block,0.9997271
1,auto-block,0.9998884
1,auto-block,0.999959
1,auto-block,0.9999634
1,auto-block,0.9999093
1,auto-block,0.9999368
1,auto-block,0.9999318
1,auto-block,0.9999436
1,auto-block,0.99994993
1,auto-block,0.9998907
1,auto-block,0.9999442
1,auto-block,0.9999583
1,auto-block,0.99996936
1,auto-block,0.99992514
1,auto-block,0.9999585
1,auto-block,0.9997814
1,auto-block,0.9999627
1,auto-block,0.99978703
1,auto-block,0.9998908
1,auto-block,0.9999342
1,auto-block,0.99994195
1,auto-block,0.99994373
1,auto-block,0.99994206
1,auto-block,0.99994814
1,auto-block,0.99930096
1,auto-block,0.99992466
1,auto-block,0.99951863
1,auto-block,0.99801135
1,auto-block,0.9999459
1,auto-block,0.99982446
1,auto-block,0.9999416
1,auto-block,0.9999013
1,auto-block,0.9999653
1,auto-block,0.99995923
1,auto-block,0.99995875
1,auto-block,0.9998908
1,auto-block,0.9999337
1,auto-block,0.99984527
1,auto-block,0.99995685
1,auto-block,0.99988806
1,auto-block,0.9999465
1,auto-block,0.9999081
1,auto-block,0.9999305
1,auto-block,0.9999653
1,auto-block,0.9998764
1,auto-block,0.99996793
1,auto-block,0.99891186
1,auto-block,0.999966
1,auto-block,0.9999378
1,auto-block,0.9994118
1,auto-block,0.99971145
1,auto-block,0.99975663
1,auto-block,0.9999423
1,auto-block,0.9999639
1,auto-block,0.9999517
1,auto-block,0.9999449
1,auto-block,0.99990344
1,auto-block,0.9997501
1,auto-block,0.99731255
1,auto-block,0.9999615
1,auto-block,0.9999554
1,auto-block,0.99991584
1,auto-block,0.99990904
1,auto-block,0.9996731
1,auto-block,0.9999231
1,auto-block,0.9998816
1,auto-block,0.9999515
1,auto-block,0.99990165
1,auto-block,0.9999026
1,auto-block,0.99993134
1,auto-block,0.999967
1,auto-block,0.9999175
1,auto-block,0.999967
1,auto-block,0.999835
1,auto-block,0.9998797
1,auto-block,0.999723
1,auto-block,0.9999502
1,auto-block,0.99993265
1,auto-block,0.9998098
1,auto-block,0.99992216
1,auto-block,0.9997851
1,auto-block,0.9999325
1,auto-block,0.9999558
1,auto-block,0.99994457
1,auto-block,0.9997497
1,auto-block,0.99995947
1,auto-block,0.99989176
1,auto-block,0.9999428
1,auto-block,0.99986196
1,auto-block,0.9999509
1,auto-block,0.99994075
1,auto-block,0.99984646
1,auto-block,0.999967
1,auto-block,0.9999635
1,auto-block,0.999946
1,auto-block,0.9999161
1,auto-block,0.9999038
1,auto-block,0.9929301
1,auto-block,0.999902
1,auto-block,0.99995685
1,auto-block,0.9996946
1,auto-block,0.99987614
1,auto-block,0.9993216
1,auto-block,0.9998554
1,auto-block,0.9999163
1,auto-block,0.99995375
1,auto-block,0.9999126
1,auto-block,0.9999616
1,auto-block,0.9999528
1,auto-block,0.9999012
1,auto-block,0.9994716
1,auto-block,0.9997694
1,auto-block,0.999899
1,auto-block,0.9997968
1,auto-block,0.99994934
1,auto-block,0.9993636
1,auto-block,0.9998783
1,auto-block,0.9999335
1,auto-block,0.9965166
1,auto-block,0.9999639
1,auto-block,0.99995816
1,auto-block,0.9998319
1,auto-block,0.999782
1,auto-block,0.99984705
1,auto-block,0.99984753
1,auto-block,0.9999379
1,auto-block,0.99995327
1,auto-block,0.9999292
1,auto-block,0.9998733
1,auto-block,0.9996092
1,auto-block,0.9999335
1,auto-block,0.9996482
1,auto-block,0.99994195
1,auto-block,0.9999267
1,auto-block,0.9998971
1,auto-block,0.999941
1,auto-block,0.99986327
1,auto-block,0.99995124
1,auto-block,0.9998479
1,auto-block,0.9999577
1,auto-block,0.99992275
1,auto-block,0.9999491
1,auto-block,0.9998441
1,auto-block,0.99975723
1,auto-block,0.99987936
1,auto-block,0.999894
1,auto-block,0.99995947
1,auto-block,0.99996746
1,auto-block,0.9997265
1,auto-block,0.99832433
1,auto-block,0.99989295
1,auto-block,0.9999399
1,auto-block,0.9994166
1,auto-block,0.99977857
1,auto-block,0.9998406
1,auto-block,0.9999589
1,auto-block,0.9998815
1,auto-block,0.9997533
1,auto-block,0.9999553
1,auto-block,0.9999368
1,auto-block,0.99995315
1,auto-block,0.99994075
1,auto-block,0.9999422
1,auto-block,0.999943
1,auto-block,0.99996924
1,auto-block,0.99994993
1,auto-block,0.99991095
1,auto-block,0.99988484
1,auto-block,0.9998055
1,auto-block,0.9996697
1,auto-block,0.99994326
1,auto-block,0.9998863
1,auto-block,0.9998209
1,auto-block,0.99994636
1,auto-block,0.99974924
1,auto-block,0.99995756
1,auto-block,0.9992895
1,auto-block,0.999468
1,auto-block,0.9999509
1,auto-block,0.99993575
1,auto-block,0.99971944
1,auto-block,0.999782
1,auto-block,0.9999039
1,auto-block,0.9999232
1,auto-block,0.9999534
1,auto-block,0.9999335
1,auto-block,0.9998988
1,auto-block,0.99954826
1,auto-block,0.9999652
1,auto-block,0.99995255
1,auto-block,0.99965775
1,auto-block,0.9999523
1,auto-block,0.9995616
1,auto-block,0.9998585
1,auto-block,0.99993825
1,auto-block,0.9999449
1,auto-block,0.9999726
1,auto-block,0.9999479
1,auto-block,0.9997397
1,auto-block,0.9999534
1,auto-block,0.9999652
1,auto-block,0.9963676
1,auto-block,0.99994934
1,auto-block,0.99977297
1,auto-block,0.99993527
1,auto-block,0.99994206
1,auto-block,0.9999232
1,auto-block,0.9999418
1,auto-block,0.999943
1,auto-block,0.99996746
1,auto-block,0.99985945
1,auto-block,0.9999081
1,auto-block,0.9999665
1,auto-block,0.9999509
1,auto-block,0.999959
1,auto-block,0.99995613
1,auto-block,0.99993396
1,auto-block,0.999961
1,auto-block,0.9998652
1,auto-block,0.99950814
1,auto-block,0.99995065
1,auto-block,0.9999343
1,auto-block,0.9999647
1,auto-block,0.99994993
1,auto-block,0.99988973
1,auto-block,0.9999368
1,auto-block,0.9999188
1,auto-block,0.9999548
1,auto-block,0.9999281
1,auto-block,0.99995005
1,auto-block,0.9998166
1,auto-block,0.99990046
1,auto-block,0.9998852
1,auto-block,0.9992403
1,auto-block,0.99980384
1,auto-block,0.99978083
1,auto-block,0.9999548
1,auto-block,0.99981636
1,auto-block,0.99984086
1,auto-block,0.999967
1,auto-block,0.99986124
1,auto-block,0.9998123
1,auto-block,0.99996674
1,auto-block,0.9998517
1,auto-block,0.99994326
1,auto-block,0.9996778
1,auto-block,0.9998122
1,auto-block,0.9999454
1,auto-block,0.9998734
1,auto-block,0.999949
1,auto-block,0.9999405
1,auto-block,0.99994874
1,auto-block,0.99996257
1,auto-block,0.99990404
1,auto-block,0.9993691
1,auto-block,0.999782
1,auto-block,0.9999424
1,auto-block,0.9999547
1,auto-block,0.99996185
1,auto-block,0.9997973
1,auto-block,0.9999267
1,auto-block,0.99995613
1,auto-block,0.9993432
1,auto-block,0.99995697
1,auto-block,0.9995548
1,auto-block,0.9990766
1,auto-block,0.99996066
1,auto-block,0.99978906
1,auto-block,0.999923
1,auto-block,0.99986017
1,auto-block,0.999936
1,auto-block,0.9999603
1,auto-block,0.9999411
1,auto-block,0.9999137
1,auto-block,0.99994755
1,auto-block,0.9999325
1,auto-block,0.9999535
1,auto-block,0.99977213
1,auto-block,0.9997286
1,auto-block,0.9999535
1,auto-block,0.99976903
1,auto-block,0.9998779
1,auto-block,0.9998883
1,auto-block,0.99995315
1,auto-block,0.9977906
1,auto-block,0.99988997
1,auto-block,0.99985504
1,auto-block,0.99973196
1,auto-block,0.9996587
1,auto-block,0.9998814
1,auto-block,0.9999405
1,auto-block,0.9999229
1,auto-block,0.99965906
1,auto-block,0.99994683
1,auto-block,0.9999062
1,auto-block,0.99766964
1,auto-block,0.99996126
1,auto-block,0.9998971
1,auto-block,0.99980444
1,auto-block,0.99995625
1,auto-block,0.9997888
1,auto-block,0.99978346
1,auto-block,0.9999646
1,auto-block,0.9999633
1,auto-block,0.9996834
1,auto-block,0.9999219
1,auto-block,0.9998652
1,auto-block,0.9998996
1,auto-block,0.9999441
1,auto-block,0.9999367
1,auto-block,0.999731
1,auto-block,0.99995935
1,auto-block,0.9998882
1,auto-block,0.9998055
1,auto-block,0.9999268
1,auto-block,0.9998778
1,auto-block,0.9999566
1,auto-block,0.9999429
1,auto-block,0.999744
1,auto-block,0.9999068
1,auto-block,0.99978834
1,auto-block,0.9999521
1,auto-block,0.9995289
1,auto-block,0.99994373
1,auto-block,0.99996924
1,auto-block,0.9999627
1,auto-block,0.9999486
1,auto-block,0.9999093
1,auto-block,0.99993193
1,auto-block,0.99996305
1,auto-block,0.9998927
1,auto-block,0.9999616
1,auto-block,0.9997639
1,auto-block,0.9997497
1,auto-block,0.99962664
1,auto-block,0.99994826
1,auto-block,0.9999169
1,auto-block,0.9998865
1,auto-block,0.99996746
1,auto-block,0.99993455
1,auto-block,0.99994206
1,auto-block,0.999554
1,auto-block,0.99993753
1,auto-block,0.999925
1,auto-block,0.9999455
1,auto-block,0.9999536
1,auto-block,0.99988425
1,auto-block,0.9991141
1,auto-block,0.9999423
1,auto-block,0.9997967
1,auto-block,0.999967
1,auto-block,0.999967
1,auto-block,0.999572
1,auto-block,0.9999256
1,auto-block,0.9999484
1,auto-block,0.99991417
1,auto-block,0.9996112
1,auto-block,0.99980015
1,auto-block,0.99986815
1,auto-block,0.9993875
1,auto-block,0.9999503
1,auto-block,0.9999367
1,auto-block,0.99987674
1,auto-block,0.9999651
1,auto-block,0.9999641
1,auto-block,0.9997733
1,auto-block,0.9999194
1,auto-block,0.99969625
1,auto-block,0.9999521
1,auto-block,0.99993336
1,auto-block,0.9999385
1,auto-block,0.9999012
1,auto-block,0.9998418
1,auto-block,0.9995802
1,auto-block,0.99994123
1,auto-block,0.99969184
1,auto-block,0.9999652
1,auto-block,0.99995375
1,auto-block,0.9999597
1,auto-block,0.9999144
1,auto-block,0.99995685
1,auto-block,0.9999584
1,auto-block,0.99991965
1,auto-block,0.99983156
1,auto-block,0.9999665
1,auto-block,0.9999194
1,auto-block,0.9999635
1,auto-block,0.9999647
1,auto-block,0.99990404
1,auto-block,0.9999249
1,auto-block,0.99993944
1,auto-block,0.999516
1,auto-block,0.99995875
1,auto-block,0.9999523
1,auto-block,0.99995005
1,auto-block,0.9999434
1,auto-block,0.99992216
1,auto-block,0.9999589
1,auto-block,0.970619
1,auto-block,0.99994385
1,auto-block,0.99993694
1,auto-block,0.9999528
1,auto-block,0.99984586
1,auto-block,0.9995328
1,auto-block,0.99988484
1,auto-block,0.9999378
1,auto-block,0.9997466
1,auto-block,0.99993825
1,auto-block,0.99989736
1,auto-block,0.99988353
1,auto-block,0.9984351
1,auto-block,0.999936
1,auto-block,0.9994344
1,auto-block,0.9999627
1,auto-block,0.9993819
1,auto-block,0.99995005
1,auto-block,0.99995446
1,auto-block,0.9990538
1,auto-block,0.9999355
1,auto-block,0.99986804
1,auto-block,0.9989786
1,auto-block,0.99996936
1,auto-block,0.99989414
1,auto-block,0.9998952
1,auto-block,0.9999521
1,auto-block,0.99991417
1,auto-block,0.9917339
1,auto-block,0.99977845
1,auto-block,0.99994814
1,auto-block,0.99990845
1,auto-block,0.99985445
1,auto-block,0.9995902
1,auto-block,0.99981266
1,auto-block,0.9999677
1,auto-block,0.9996275
1,auto-block,0.99983895
1,auto-block,0.99997187
1,auto-block,0.9998159
1,auto-block,0.9996309
1,auto-block,0.9995461
1,auto-block,0.9998234
1,auto-block,0.9999504
1,auto-block,0.99994564
1,auto-block,0.999853
1,auto-block,0.9999558
1,auto-block,0.9999465
1,auto-block,0.9999212
1,auto-block,0.99991024
1,auto-block,0.99995303
1,auto-block,0.9997291
1,auto-block,0.9999374
1,auto-block,0.9999628
1,auto-block,0.9999634
1,auto-block,0.99989533
1,auto-block,0.9999449
1,auto-block,0.99990094
1,auto-block,0.9998784
1,auto-block,0.9994905
1,auto-block,0.9996697
1,auto-block,0.9991585
1,auto-block,0.9999212
1,auto-block,0.99995923
1,auto-block,0.99990904
1,auto-block,0.9999335
1,auto-block,0.9995116
1,auto-block,0.9998361
1,auto-block,0.999537
1,auto-block,0.99959797
1,auto-block,0.99974865
1,auto-block,0.99996066
1,auto-block,0.99995303
1,auto-block,0.99970955
1,auto-block,0.9999193
1,auto-block,0.9999124
1,auto-block,0.9998872
1,auto-block,0.9994867
1,auto-block,0.99963784
1,auto-block,0.9999639
1,auto-block,0.9999659
1,auto-block,0.99996424
1,auto-block,0.9995914
1,auto-block,0.99961746
1,auto-block,0.9999294
1,auto-block,0.99996114
1,auto-block,0.9999479
1,auto-block,0.9996221
1,auto-block,0.9996753
1,auto-block,0.9997764
1,auto-block,0.9997391
1,auto-block,0.99991953
1,auto-block,0.9996842
1,auto-block,0.9999584
1,auto-block,0.99993944
1,auto-block,0.9999386
1,auto-block,0.99991167
1,auto-block,0.9998503
1,auto-block,0.99976677
1,auto-block,0.9998264
1,auto-block,0.99993515
1,auto-block,0.99994624
1,auto-block,0.99994946
1,auto-block,0.9999504
1,auto-block,0.9997904
1,auto-block,0.9998772
1,auto-block,0.99996495
1,auto-block,0.99994254
1,auto-block,0.99994826
1,auto-block,0.9998807
1,auto-block,0.99995434
1,auto-block,0.99980384
1,auto-block,0.99992704
1,auto-block,0.9999558
1,auto-block,0.99970585
1,auto-block,0.9992046
1,auto-block,0.99982363
1,auto-block,0.9999496
1,auto-block,0.9999509
1,auto-block,0.9999465
1,auto-block,0.9999517
1,auto-block,0.99995244
1,auto-block,0.99991417
1,auto-block,0.9999224
1,auto-block,0.9998386
1,auto-block,0.9999255
1,auto-block,0.9999573
1,auto-block,0.99992585
1,auto-block,0.9998956
1,auto-block,0.99995124
1,auto-block,0.99971646
1,auto-block,0.9996327
1,auto-block,0.99996316
1,auto-block,0.99982065
1,auto-block,0.9997875
1,auto-block,0.9999659
1,auto-block,0.99990714
1,auto-block,0.99973446
1,auto-block,0.9999486
1,auto-block,0.9999585
1,auto-block,0.9999219
1,auto-block,0.9999075
1,auto-block,0.9999542
1,auto-block,0.9999032
1,auto-block,0.99995613
1,auto-block,0.9999573
1,auto-block,0.9997253
1,auto-block,0.99997306
1,auto-block,0.99993694
1,auto-block,0.9999647
1,auto-block,0.9998361
1,auto-block,0.99990606
1,auto-block,0.9998777
1,auto-block,0.9999516
1,auto-block,0.9999201
1,auto-block,0.99991727
1,auto-block,0.9999471
1,auto-block,0.99996114
1,auto-block,0.9999188
1,auto-block,0.9997037
1,auto-block,0.9997247
1,auto-block,0.99973994
1,auto-block,0.9999331
1,auto-block,0.9998704
1,auto-block,0.9998658
1,auto-block,0.9999715
1,auto-block,0.99995947
1,auto-block,0.9998832
1,auto-block,0.9996284
1,auto-block,0.999967
1,auto-block,0.999811
1,auto-block,0.99983585
1,auto-block,0.99951315
1,auto-block,0.9998753
1,auto-block,0.99992454
1,auto-block,0.99994206
1,auto-block,0.9997409
1,auto-block,0.99990714
1,auto-block,0.9999615
1,auto-block,0.99973315
1,auto-block,0.9999248
1,auto-block,0.9999515
1,auto-block,0.99953294
1,auto-block,0.99876934
1,auto-block,0.99990857
1,auto-block,0.9999467
1,auto-block,0.99987984
1,auto-block,0.9996675
1,auto-block,0.99879384
1,auto-block,0.99994636
1,auto-block,0.999848
1,auto-block,0.99995613
1,auto-block,0.99989915
1,auto-block,0.99972004
1,auto-block,0.9999479
1,auto-block,0.999966
1,auto-block,0.99993896
1,auto-block,0.99995136
1,auto-block,0.99991477
1,auto-block,0.92474705
1,auto-block,0.9998611
1,auto-block,0.99993694
1,auto-block,0.9999361
1,auto-block,0.99994254
1,auto-block,0.99974877
1,auto-block,0.99988997
1,auto-block,0.99945956
1,auto-block,0.9999635
1,auto-block,0.99994266
1,auto-block,0.99977535
1,auto-block,0.99986017
1,auto-block,0.99932396
1,auto-block,0.9999591
1,auto-block,0.9999175
1,auto-block,0.999936
1,auto-block,0.9998344
1,auto-block,0.9999056
1,auto-block,0.9999647
1,auto-block,0.999918
1,auto-block,0.9998498
1,auto-block,0.99995196
1,auto-block,0.99987507
1,auto-block,0.99837327
1,auto-block,0.99932206
1,auto-block,0.9999492
1,auto-block,0.99978703
1,auto-block,0.99988174
1,auto-block,0.9997528
1,auto-block,0.9999299
1,auto-block,0.9999169
1,auto-block,0.9998023
1,auto-block,0.9999156
1,auto-block,0.99863595
1,auto-block,0.9998789
1,auto-block,0.99941826
1,auto-block,0.99994695
1,auto-block,0.999926
1,auto-block,0.9983895
1,auto-block,0.9999585
1,auto-block,0.999936
1,auto-block,0.9997857
1,auto-block,0.99993324
1,auto-block,0.99990404
1,auto-block,0.99971145
1,auto-block,0.99971956
1,auto-block,0.9999206
1,auto-block,0.99993694
1,auto-block,0.99993706
1,auto-block,0.99993646
1,auto-block,0.9998548
1,auto-block,0.99985516
1,auto-block,0.9999063
1,auto-block,0.9997067
1,auto-block,0.99994767
1,auto-block,0.99995947
1,auto-block,0.9999565
1,auto-block,0.9999356
1,auto-block,0.9997863
1,auto-block,0.99987113
1,auto-block,0.999453
1,auto-block,0.9996884
1,auto-block,0.9999565
1,auto-block,0.999969
1,auto-block,0.999851
1,auto-block,0.9997744
1,auto-block,0.9999236
1,auto-block,0.9999435
1,auto-block,0.9999546
1,auto-block,0.9998325
1,auto-block,0.99983585
1,auto-block,0.99995744
1,auto-block,0.9999527
1,auto-block,0.99994195
1,auto-block,0.9996131
1,auto-block,0.99994814
1,auto-block,0.9999536
1,auto-block,0.9999547
1,auto-block,0.99970645
1,auto-block,0.99988663
1,auto-block,0.9996885
1,auto-block,0.99995697
1,auto-block,0.9997632
1,auto-block,0.999954
1,auto-block,0.99973375
1,auto-block,0.999894
1,auto-block,0.9999566
1,auto-block,0.9999516
1,auto-block,0.995782
1,auto-block,0.99992764
1,auto-block,0.99988866
1,auto-block,0.99995685
1,auto-block,0.9999598
1,auto-block,0.9999517
1,auto-block,0.99993825
1,auto-block,0.9998802
1,auto-block,0.9999471
1,auto-block,0.9998764
1,auto-block,0.99980694
1,auto-block,0.99977666
1,auto-block,0.99980253
1,auto-block,0.9997669
1,auto-block,0.9998248
1,auto-block,0.9994789
1,auto-block,0.99992657
1,auto-block,0.99968135
1,auto-block,0.9989772
1,auto-block,0.99989617
1,auto-block,0.9999517
1,auto-block,0.9998148
1,auto-block,0.99959856
1,auto-block,0.9999392
1,auto-block,0.9999243
1,auto-block,0.99996614
1,auto-block,0.99989045
1,auto-block,0.9999535
1,auto-block,0.99995995
1,auto-block,0.9998599
1,auto-block,0.9998909
1,auto-block,0.9999379
1,auto-block,0.9999677
1,auto-block,0.9999348
1,auto-block,0.9999119
1,auto-block,0.99993587
1,auto-block,0.99992454
1,auto-block,0.9998417
1,auto-block,0.9995944
1,auto-block,0.999782
1,auto-block,0.9999565
1,auto-block,0.99994075
1,auto-block,0.9999175
1,auto-block,0.9999628
1,auto-block,0.99828255
1,auto-block,0.99979275
1,auto-block,0.99996245
1,auto-block,0.999938
1,auto-block,0.9999347
1,auto-block,0.99963284
1,auto-block,0.99994767
1,auto-block,0.9999521
1,auto-block,0.99993145
1,auto-block,0.9998883
1,auto-block,0.9998191
1,auto-block,0.9998779
1,auto-block,0.99995196
1,auto-block,0.9998939
1,auto-block,0.99994874
1,auto-block,0.99995697
1,auto-block,0.9996908
1,auto-block,0.99996245
1,auto-block,0.99983954
1,auto-block,0.99995434
1,auto-block,0.99994457
1,auto-block,0.9993587
1,auto-block,0.99949694
1,auto-block,0.9999193
1,auto-block,0.9988312
1,auto-block,0.9999578
1,auto-block,0.99990165
1,auto-block,0.9996879
1,auto-block,0.99988997
1,auto-block,0.99994564
1,auto-block,0.99994195
1,auto-block,0.99996126
1,auto-block,0.99981004
1,auto-block,0.9999335
1,auto-block,0.9999558
1,auto-block,0.9999293
1,auto-block,0.9999126
1,auto-block,0.9998461
1,auto-block,0.99980265
1,auto-block,0.9996954
1,auto-block,0.9998348
1,auto-block,0.99989605
1,auto-block,0.9999393
1,auto-block,0.9997696
1,auto-block,0.99995434
1,auto-block,0.99989176
1,auto-block,0.9998294
1,auto-block,0.99989414
1,auto-block,0.9994215
1,auto-block,0.9999691
1,auto-block,0.99989724
1,auto-block,0.9999652
1,auto-block,0.9998024
1,auto-block,0.99994814
1,auto-block,0.9999418
1,auto-block,0.99994683
1,auto-block,0.9998658
1,auto-block,0.99996376
1,auto-block,0.99996305
1,auto-block,0.9999442
1,auto-block,0.997072
1,auto-block,0.99984753
1,auto-block,0.9998566
1,auto-block,0.9998361
1,auto-block,0.9999244
1,auto-block,0.99991894
1,auto-block,0.9998921
1,auto-block,0.99993026
1,auto-block,0.9999201
1,auto-block,0.9999474
1,auto-block,0.99982053
1,auto-block,0.99991226
1,auto-block,0.9998118
1,auto-block,0.9999058
1,auto-block,0.9999474
1,auto-block,0.9998765
1,auto-block,0.9999212
1,auto-block,0.9999243
1,auto-block,0.9997867
1,auto-block,0.999923
1,auto-block,0.9999132
1,auto-block,0.9998832
1,auto-block,0.99994195
1,auto-block,0.9996933
1,auto-block,0.99946314
1,auto-block,0.9999057
1,auto-block,0.99994254
1,auto-block,0.9999647
1,auto-block,0.9999392
1,auto-block,0.9999571
1,auto-block,0.9999715
1,auto-block,0.9999423
1,auto-block,0.99996006
1,auto-block,0.999382
1,auto-block,0.9994836
1,auto-block,0.99994123
1,auto-block,0.9996463
1,auto-block,0.999731
1,auto-block,0.99971145
1,auto-block,0.9999416
1,auto-block,0.9999342
1,auto-block,0.9999465
1,auto-block,0.9998994
1,auto-block,0.9999391
1,auto-block,0.9999479
1,auto-block,0.9999534
1,auto-block,0.99984527
1,auto-block,0.9999467
1,auto-block,0.9999361
1,auto-block,0.9993155
1,auto-block,0.9999043
1,auto-block,0.9997845
1,auto-block,0.9999317
1,auto-block,0.9999486
1,auto-block,0.99989986
1,auto-block,0.9997366
1,auto-block,0.9999366
1,auto-block,0.9996443
1,auto-block,0.9999585
1,auto-block,0.9999422
1,auto-block,0.9998286
1,auto-block,0.9999267
1,auto-block,0.9994785
1,auto-block,0.99985206
1,auto-block,0.99988914
1,auto-block,0.9996257
1,auto-block,0.9998456
1,auto-block,0.99994266
1,auto-block,0.9995956
1,auto-block,0.9999293
1,auto-block,0.99994993
1,auto-block,0.99969447
1,auto-block,0.99987125
1,auto-block,0.99995625
1,auto-block,0.999951
1,auto-block,0.999897
1,auto-block,0.9999434
1,auto-block,0.9998692
1,auto-block,0.999913
1,auto-block,0.99878687
1,auto-block,0.99992716
1,auto-block,0.9999584
1,auto-block,0.99980515
1,auto-block,0.99993193
1,auto-block,0.98918414
1,auto-block,0.9999422
1,auto-block,0.99995434
1,auto-block,0.99995565
1,auto-block,0.9999535
1,auto-block,0.99984646
1,auto-block,0.99973553
1,auto-block,0.99994266
1,auto-block,0.99996746
1,auto-block,0.99996185
1,auto-block,0.99990594
1,auto-block,0.999943
1,auto-block,0.99986565
1,auto-block,0.9996933
1,auto-block,0.9999603
1,auto-block,0.9998411
1,auto-block,0.9998883
1,auto-block,0.999874
1,auto-block,0.99992716
1,auto-block,0.99985206
1,auto-block,0.99995196
1,auto-block,0.9999355
1,auto-block,0.9998419
1,auto-block,0.9999459
1,auto-block,0.99994874
1,auto-block,0.99990463
1,auto-block,0.9999566
1,auto-block,0.9998739
1,auto-block,0.9998969
1,auto-block,0.9999566
1,auto-block,0.99876666
1,auto-block,0.9996933
1,auto-block,0.9998739
1,auto-block,0.99964786
1,auto-block,0.9999181
1,auto-block,0.9999653
1,auto-block,0.99843484
1,auto-block,0.99995565
1,auto-block,0.9999268
1,auto-block,0.999757
1,auto-block,0.9992091
1,auto-block,0.99938166
1,auto-block,0.999908
1,auto-block,0.9999591
1,auto-block,0.9999107
1,auto-block,0.99991906
1,auto-block,0.9994141
1,auto-block,0.9999267
1,auto-block,0.9996966
1,auto-block,0.9998739
1,auto-block,0.99970645
1,auto-block,0.99924695
1,auto-block,0.99921846
1,auto-block,0.9999577
1,auto-block,0.9999554
1,auto-block,0.9999645
1,auto-block,0.9999523
1,auto-block,0.9999585
1,auto-block,0.99986696
1,auto-block,0.9998785
1,auto-block,0.99994266
1,auto-block,0.999969
1,auto-block,0.99994266
1,auto-block,0.99972874
1,auto-block,0.9995276
1,auto-block,0.9775595
1,auto-block,0.9999243
1,auto-block,0.99994814
1,auto-block,0.99961627
1,auto-block,0.9998603
1,auto-block,0.9999535
1,auto-block,0.9999299
1,auto-block,0.99986506
1,auto-block,0.99995506
1,auto-block,0.9998331
1,auto-block,0.9983096
1,auto-block,0.999944
1,auto-block,0.9998785
1,auto-block,0.9996043
1,auto-block,0.9999043
1,auto-block,0.99996436
1,auto-block,0.99948597
1,auto-block,0.999923
1,auto-block,0.9998896
1,auto-block,0.999897
1,auto-block,0.9999558
1,auto-block,0.9999429
1,auto-block,0.9997274
1,auto-block,0.99990296
1,auto-block,0.99987745
1,auto-block,0.99975747
1,auto-block,0.9999447
1,auto-block,0.9999652
1,auto-block,0.9999188
1,auto-block,0.9999474
1,auto-block,0.9997781
1,auto-block,0.99996185
1,auto-block,0.9999536
1,auto-block,0.9999701
1,auto-block,0.9999528
1,auto-block,0.99994063
1,auto-block,0.9999355
1,auto-block,0.99821717
1,auto-block,0.99981207
1,auto-block,0.99996996
1,auto-block,0.99981266
1,auto-block,0.9997243
1,auto-block,0.9999188
1,auto-block,0.9998103
1,auto-block,0.9999572
1,auto-block,0.99996626
1,auto-block,0.99995744
1,auto-block,0.9999001
1,auto-block,0.99995434
1,auto-block,0.9999616
1,auto-block,0.9998857
1,auto-block,0.9999665
1,auto-block,0.99995565
1,auto-block,0.9999201
1,auto-block,0.9999517
1,auto-block,0.99994206
1,auto-block,0.99995446
1,auto-block,0.99986947
1,auto-block,0.99323773
1,auto-block,0.99992466
1,auto-block,0.99992645
1,auto-block,0.99993
1,auto-block,0.9998759
1,auto-block,0.9997067
1,auto-block,0.9997216
1,auto-block,0.9999473
1,auto-block,0.9999542
1,auto-block,0.99996173
1,auto-block,0.99983466
1,auto-block,0.9998944
1,auto-block,0.9999018
1,auto-block,0.9998566
1,auto-block,0.99992955
1,auto-block,0.99995995
1,auto-block,0.9994692
1,auto-block,0.9999535
1,auto-block,0.9995951
1,auto-block,0.9999484
1,auto-block,0.99995816
1,auto-block,0.99991333
1,auto-block,0.9999155
1,auto-block,0.9999608
1,auto-block,0.9998772
1,auto-block,0.9997435
1,auto-block,0.9999318
1,auto-block,0.99963474
1,auto-block,0.9999585
1,auto-block,0.99981076
1,auto-block,0.99994195
1,auto-block,0.9999577
1,auto-block,0.99989843
1,auto-block,0.9997181
1,auto-block,0.9999187
1,auto-block,0.99970645
1,auto-block,0.9999354
1,auto-block,0.99994874
1,auto-block,0.99995387
1,auto-block,0.9998735
1,auto-block,0.9999261
1,auto-block,0.9999547
1,auto-block,0.99754614
1,auto-block,0.9999285
1,auto-block,0.99995816
1,auto-block,0.99985945
1,auto-block,0.999782
1,auto-block,0.99982786
1,auto-block,0.99937785
1,auto-block,0.99996233
1,auto-block,0.99991155
1,auto-block,0.9999622
1,auto-block,0.99993837
1,auto-block,0.9999455
1,auto-block,0.99989974
1,auto-block,0.9998572
1,auto-block,0.9999474
1,auto-block,0.9999385
1,auto-block,0.9999596
1,auto-block,0.99929905
1,auto-block,0.9999466
1,auto-block,0.9999523
1,auto-block,0.99995077
1,auto-block,0.9995609
1,auto-block,0.9999342
1,auto-block,0.9999608
1,auto-block,0.9999658
1,auto-block,0.9999279
1,auto-block,0.9999194
1,auto-block,0.999741
1,auto-block,0.9999604
1,auto-block,0.9998636
1,auto-block,0.9994611
1,auto-block,0.9998405
1,auto-block,0.99986446
1,auto-block,0.9996586
1,auto-block,0.99996984
1,auto-block,0.9999665
1,auto-block,0.99990416
1,auto-block,0.9997968
1,auto-block,0.99987435
1,auto-block,0.9999057
1,auto-block,0.9999045
1,auto-block,0.9999455
1,auto-block,0.99888605
1,auto-block,0.9991387
1,auto-block,0.9998925
1,auto-block,0.9999349
1,auto-block,0.99994135
1,auto-block,0.9998518
1,auto-block,0.99982613
1,auto-block,0.99988997
1,auto-block,0.99965036
1,auto-block,0.99994624
1,auto-block,0.99939466
1,auto-block,0.9999548
1,auto-block,0.99992406
1,auto-block,0.99986506
1,auto-block,0.9999528
1,auto-block,0.9999651
1,auto-block,0.99996257
1,auto-block,0.9997446
1,auto-block,0.9998903
1,auto-block,0.99994874
1,auto-block,0.999967
1,auto-block,0.9999435
1,auto-block,0.99979705
1,auto-block,0.9993826
1,auto-block,0.99991703
1,auto-block,0.9999362
1,auto-block,0.99990094
1,auto-block,0.99992836
1,auto-block,0.99993825
1,auto-block,0.9999604
1,auto-block,0.99993646
1,auto-block,0.9957312
1,auto-block,0.99888366
1,auto-block,0.9998485
1,auto-block,0.99995375
1,auto-block,0.99996805
1,auto-block,0.99996054
1,auto-block,0.9999609
1,auto-block,0.999602
1,auto-block,0.99993646
1,auto-block,0.99992347
1,auto-block,0.9999627
1,auto-block,0.99995923
1,auto-block,0.9998048
1,auto-block,0.9999242
1,auto-block,0.9999218
1,auto-block,0.9999484
1,auto-block,0.9999677
1,auto-block,0.9997049
1,auto-block,0.99996305
1,auto-block,0.99994373
1,auto-block,0.99993265
1,auto-block,0.99995756
1,auto-block,0.9999498
1,auto-block,0.9999416
1,auto-block,0.9997105
1,auto-block,0.9999279
1,auto-block,0.9998883
1,auto-block,0.99994373
1,auto-block,0.9999571
1,auto-block,0.99991906
1,auto-block,0.99992657
1,auto-block,0.999936
1,auto-block,0.99995005
1,auto-block,0.99972826
1,auto-block,0.9998908
1,auto-block,0.9999466
1,auto-block,0.99993694
1,auto-block,0.99977463
1,auto-block,0.9986035
1,auto-block,0.9998553
1,auto-block,0.9999521
1,auto-block,0.9999285
1,auto-block,0.9999391
1,auto-block,0.99977845
1,auto-block,0.99996924
1,auto-block,0.99959713
1,auto-block,0.9997166
1,auto-block,0.9999627
1,auto-block,0.9999553
1,auto-block,0.99986506
1,auto-block,0.99995387
1,auto-block,0.99967
1,auto-block,0.9999517
1,auto-block,0.99994874
1,auto-block,0.9997539
1,auto-block,0.999907
1,auto-block,0.99992836
1,auto-block,0.9998462
1,auto-block,0.9999603
1,auto-block,0.9999038
1,auto-block,0.99988985
1,auto-block,0.99993956
1,auto-block,0.9999627
1,auto-block,0.99990463
1,auto-block,0.9999443
1,auto-block,0.9997954
1,auto-block,0.9997373
1,auto-block,0.9997334
1,auto-block,0.99996495
1,auto-block,0.9999387
1,auto-block,0.9999565
1,auto-block,0.9999306
1,auto-block,0.9999647
1,auto-block,0.99979573
1,auto-block,0.9999622
1,auto-block,0.999708
1,auto-block,0.9999554
1,auto-block,0.9999573
1,auto-block,0.99993694
1,auto-block,0.9999566
1,auto-block,0.9999598
1,auto-block,0.99989104
1,auto-block,0.99989426
1,auto-block,0.99994564
1,auto-block,0.9997677
1,auto-block,0.9997271
1,auto-block,0.99985373
1,auto-block,0.999508
1,auto-block,0.9999256
1,auto-block,0.9973827
1,auto-block,0.99880385
1,auto-block,0.99987066
1,auto-block,0.999948
1,auto-block,0.99994004
1,auto-block,0.99982953
1,auto-block,0.9999515
1,auto-block,0.99986744
1,auto-block,0.9999635
1,auto-block,0.9999273
1,auto-block,0.9999511
1,auto-block,0.9997652
1,auto-block,0.9997621
1,auto-block,0.99992394
1,auto-block,0.9999287
1,auto-block,0.99993694
1,auto-block,0.9998338
1,auto-block,0.99995863
1,auto-block,0.999782
1,auto-block,0.99996805
1,auto-block,0.9999664
1,auto-block,0.9996861
1,auto-block,0.9999168
1,auto-block,0.99986815
1,auto-block,0.9998098
1,auto-block,0.99938774
1,auto-block,0.9999566
1,auto-block,0.99994373
1,auto-block,0.999969
1,auto-block,0.99906653
1,auto-block,0.9970504
1,auto-block,0.9997843
1,auto-block,0.999782
1,auto-block,0.99996865
1,auto-block,0.99996567
1,auto-block,0.9998857
1,auto-block,0.9998246
1,auto-block,0.9999472
1,auto-block,0.9999149
1,auto-block,0.99993026
1,auto-block,0.99995947
1,auto-block,0.99976474
1,auto-block,0.9998275
1,auto-block,0.9999074
1,auto-block,0.9999404
1,auto-block,0.9999659
1,auto-block,0.99988353
1,auto-block,0.9999207
1,auto-block,0.9998609
1,auto-block,0.99984837
1,auto-block,0.99996614
1,auto-block,0.9994137
1,auto-block,0.9998252
1,auto-block,0.9999466
1,auto-block,0.9999337
1,auto-block,0.99956757
1,auto-block,0.99993205
1,auto-block,0.999782
1,auto-block,0.9997008
1,auto-block,0.9998778
1,auto-block,0.9999323
1,auto-block,0.99987185
1,auto-block,0.99948394
1,auto-block,0.99993014
1,auto-block,0.99983835
1,auto-block,0.99898845
1,auto-block,0.9998896
1,auto-block,0.99995697
1,auto-block,0.99976295
1,auto-block,0.9999558
1,auto-block,0.99972445
1,auto-block,0.9999615
1,auto-block,0.99993587
1,auto-block,0.9999527
1,auto-block,0.998044
1,auto-block,0.99990964
1,auto-block,0.9991953
1,auto-block,0.9993173
1,auto-block,0.9996201
1,auto-block,0.9999342
1,auto-block,0.9998512
1,auto-block,0.9999584
1,auto-block,0.99989176
1,auto-block,0.9999578
1,auto-block,0.9999361
1,auto-block,0.9999535
1,auto-block,0.99994123
1,auto-block,0.9999064
1,auto-block,0.9998976
1,auto-block,0.99992776
1,auto-block,0.999967
1,auto-block,0.9999536
1,auto-block,0.999746
1,auto-block,0.9999341
1,auto-block,0.99995136
1,auto-block,0.99994683
1,auto-block,0.99987173
1,auto-block,0.999913
1,auto-block,0.99996364
1,auto-block,0.99954826
1,auto-block,0.9997018
1,auto-block,0.9999646
1,auto-block,0.99988663
1,auto-block,0.99990547
1,auto-block,0.9999584
1,auto-block,0.999946
1,auto-block,0.999453
1,auto-block,0.99992466
1,auto-block,0.9999453
1,auto-block,0.99996483
1,auto-block,0.9999279
1,auto-block,0.9999589
1,auto-block,0.9998995
1,auto-block,0.9998665
1,auto-block,0.9999348
1,auto-block,0.99928135
1,auto-block,0.9999696
1,auto-block,0.9998572
1,auto-block,0.99927694
1,auto-block,0.99993706
1,auto-block,0.9999497
1,auto-block,0.9998354
1,auto-block,0.99992883
1,auto-block,0.9998246
1,auto-block,0.9991634
1,auto-block,0.9999083
1,auto-block,0.9999013
1,auto-block,0.99995005
1,auto-block,0.9999062
1,auto-block,0.999933
1,auto-block,0.99965763
1,auto-block,0.9999517
1,auto-block,0.9999435
1,auto-block,0.99995625
1,auto-block,0.99986994
1,auto-block,0.9998919
1,auto-block,0.99995136
1,auto-block,0.99993634
1,auto-block,0.99995387
1,auto-block,0.9998739
1,auto-block,0.99996054
1,auto-block,0.9999523
1,auto-block,0.99995565
1,auto-block,0.9998374
1,auto-block,0.9999672
1,auto-block,0.99991024
1,auto-block,0.9993319
1,auto-block,0.999782
1,auto-block,0.99995446
1,auto-block,0.99995434
1,auto-block,0.99995446
1,auto-block,0.99985826
1,auto-block,0.99993503
1,auto-block,0.9999254
1,auto-block,0.999923
1,auto-block,0.9999037
1,auto-block,0.9999256
1,auto-block,0.99995863
1,auto-block,0.9999466
1,auto-block,0.9999429
1,auto-block,0.9999597
1,auto-block,0.9999455
1,auto-block,0.9999565
1,auto-block,0.9999355
1,auto-block,0.99969673
1,auto-block,0.99992
1,auto-block,0.99920255
1,auto-block,0.99984014
1,auto-block,0.999969
1,auto-block,0.9998828
1,auto-block,0.9998809
1,auto-block,0.99992263
1,auto-block,0.9999062
1,auto-block,0.9999436
1,auto-block,0.9996941
1,auto-block,0.9999511
1,auto-block,0.99991703
1,auto-block,0.9988424
1,auto-block,0.9999571
1,auto-block,0.99996424
1,auto-block,0.99996483
1,auto-block,0.99996114
1,auto-block,0.99972624
1,auto-block,0.9998971
1,auto-block,0.9999622
1,auto-block,0.9997743
1,auto-block,0.99995923
1,auto-block,0.99990916
1,auto-block,0.9999589
1,auto-block,0.9999558
1,auto-block,0.9998338
1,auto-block,0.9990722
1,auto-block,0.99972755
1,auto-block,0.9999523
1,auto-block,0.9999471
1,auto-block,0.999258
1,auto-block,0.99916327
1,auto-block,0.99976724
1,auto-block,0.9999168
1,auto-block,0.99976176
1,auto-block,0.9999237
1,auto-block,0.9998994
1,auto-block,0.9999387
1,auto-block,0.999925
1,auto-block,0.9999397
1,auto-block,0.99994445
1,auto-block,0.9999651
1,auto-block,0.99990296
1,auto-block,0.9998615
1,auto-block,0.99984753
1,auto-block,0.9999579
1,auto-block,0.9999411
1,auto-block,0.9999558
1,auto-block,0.99979466
1,auto-block,0.9999057
1,auto-block,0.9982497
1,auto-block,0.99996686
1,auto-block,0.9999567
1,auto-block,0.9994393
1,auto-block,0.99970585
1,auto-block,0.9999726
1,auto-block,0.9997609
1,auto-block,0.999967
1,auto-block,0.99991083
1,auto-block,0.99990296
1,auto-block,0.9999585
1,auto-block,0.9999584
1,auto-block,0.99624914
1,auto-block,0.9999634
1,auto-block,0.99975985
1,auto-block,0.99993193
1,auto-block,0.9999273
1,auto-block,0.9999163
1,auto-block,0.9999337
1,auto-block,0.99996126
1,auto-block,0.99995005
1,auto-block,0.9998776
1,auto-block,0.99996436
1,auto-block,0.9977982
1,auto-block,0.9998858
1,auto-block,0.99995387
1,auto-block,0.99972206
1,auto-block,0.99988127
1,auto-block,0.99995327
1,auto-block,0.99995756
1,auto-block,0.99994934
1,auto-block,0.9999144
1,auto-block,0.99992144
1,auto-block,0.9999534
1,auto-block,0.9999057
1,auto-block,0.9998543
1,auto-block,0.9988029
1,auto-block,0.9998393
1,auto-block,0.9999658
1,auto-block,0.9999428
1,auto-block,0.9999647
1,auto-block,0.99387884
1,auto-block,0.99992204
1,auto-block,0.999713
1,auto-block,0.9999647
1,auto-block,0.99995327
1,auto-block,0.9999471
1,auto-block,0.99385506
1,auto-block,0.9999008
1,auto-block,0.9991429
1,auto-block,0.9998764
1,auto-block,0.9999646
1,auto-block,0.99991155
1,auto-block,0.9999534
1,auto-block,0.9999312
1,auto-block,0.99962306
1,auto-block,0.9999658
1,auto-block,0.9998203
1,auto-block,0.99991035
1,auto-block,0.999969
1,auto-block,0.9999517
1,auto-block,0.9996674
1,auto-block,0.9998332
1,auto-block,0.99988174
1,auto-block,0.9999596
1,auto-block,0.9991787
1,auto-block,0.9997305
1,auto-block,0.99995863
1,auto-block,0.9998258
1,auto-block,0.9999517
1,auto-block,0.99994993
1,auto-block,0.9997478
1,auto-block,0.99996746
1,auto-block,0.99991894
1,auto-block,0.9999542
1,auto-block,0.999879
1,auto-block,0.9999552
1,auto-block,0.99975234
1,auto-block,0.99993765
1,auto-block,0.99990237
1,auto-block,0.9999498
1,auto-block,0.9999312
1,auto-block,0.99988174
1,auto-block,0.99992263
1,auto-block,0.9999627
1,auto-block,0.99994767
1,auto-block,0.99984264
1,auto-block,0.99995756
1,auto-block,0.99982387
1,auto-block,0.9998079
1,auto-block,0.9999554
1,auto-block,0.99980253
1,auto-block,0.999848
1,auto-block,0.99992394
1,auto-block,0.99989164
1,auto-block,0.9998287
1,auto-block,0.99992096
1,auto-block,0.99907506
1,auto-block,0.9999571
1,auto-block,0.99972683
1,auto-block,0.9998956
1,auto-block,0.9998148
1,auto-block,0.99994373
1,auto-block,0.99964833
1,auto-block,0.99987006
1,auto-block,0.9999082
1,auto-block,0.99799204
1,auto-block,0.99994576
1,auto-block,0.99986565
1,auto-block,0.99983895
1,auto-block,0.9999424
1,auto-block,0.9995534
1,auto-block,0.9999616
1,auto-block,0.9998148
1,auto-block,0.99994826
1,auto-block,0.9999347
1,auto-block,0.9998342
1,auto-block,0.99993086
1,auto-block,0.99977547
1,auto-block,0.99990606
1,auto-block,0.99995923
1,auto-block,0.9998791
1,auto-block,0.99984777
1,auto-block,0.99991775
1,auto-block,0.99996984
1,auto-block,0.9999654
1,auto-block,0.9998673
1,auto-block,0.99947435
1,auto-block,0.9999659
1,auto-block,0.999908
1,auto-block,0.9998153
1,auto-block,0.9998704
1,auto-block,0.9999001
1,auto-block,0.9999379
1,auto-block,0.99974614
1,auto-block,0.99994767
1,auto-block,0.9992231
1,auto-block,0.99995744
1,auto-block,0.99994636
1,auto-block,0.9999621
1,auto-block,0.9999094
1,auto-block,0.9998808
1,auto-block,0.999967
1,auto-block,0.99994445
1,auto-block,0.9992969
1,auto-block,0.9998503
1,auto-block,0.9995072
1,auto-block,0.9999726
1,auto-block,0.9999144
1,auto-block,0.9999248
1,auto-block,0.99991465
1,auto-block,0.99992275
1,auto-block,0.9999583
1,auto-block,0.99981636
1,auto-block,0.99988127
1,auto-block,0.9999181
1,auto-block,0.99991167
1,auto-block,0.9999584
1,auto-block,0.9999254
1,auto-block,0.9995491
1,auto-block,0.9997185
1,auto-block,0.99994135
1,auto-block,0.9999596
1,auto-block,0.9999354
1,auto-block,0.9999652
1,auto-block,0.99981314
1,auto-block,0.9998405
1,auto-block,0.99978596
1,auto-block,0.9991667
1,auto-block,0.9998554
1,auto-block,0.9999434
1,auto-block,0.9999523
1,auto-block,0.9999466
1,auto-block,0.9999503
1,auto-block,0.99995816
1,auto-block,0.99984527
1,auto-block,0.999882
1,auto-block,0.9998678
1,auto-block,0.99964106
1,auto-block,0.99994946
1,auto-block,0.999951
1,auto-block,0.9997447
1,auto-block,0.99995434
1,auto-block,0.99991024
1,auto-block,0.9998406
1,auto-block,0.999882
1,auto-block,0.99996114
1,auto-block,0.99987173
1,auto-block,0.99996305
1,auto-block,0.9995535
1,auto-block,0.99993014
1,auto-block,0.9999368
1,auto-block,0.99994457
1,auto-block,0.9998109
1,auto-block,0.9999708
1,auto-block,0.9997762
1,auto-block,0.9999553
1,auto-block,0.9996288
1,auto-block,0.9998846
1,auto-block,0.99993706
1,auto-block,0.99992216
1,auto-block,0.99985874
1,auto-block,0.9999534
1,auto-block,0.99992657
1,auto-block,0.9999285
1,auto-block,0.99989676
1,auto-block,0.9998739
1,auto-block,0.99990857
1,auto-block,0.9999106
1,auto-block,0.9999584
1,auto-block,0.9993825
1,auto-block,0.99981815
1,auto-block,0.9999076
1,auto-block,0.9999342
1,auto-block,0.9999604
1,auto-block,0.9998802
1,auto-block,0.99996996
1,auto-block,0.99995697
1,auto-block,0.9999392
1,auto-block,0.99956554
1,auto-block,0.9999578
1,auto-block,0.99990165
1,auto-block,0.99994755
1,auto-block,0.99987996
1,auto-block,0.9999454
1,auto-block,0.9999604
1,auto-block,0.99995303
1,auto-block,0.99994814
1,auto-block,0.99995875
1,auto-block,0.99995124
1,auto-block,0.999828
1,auto-block,0.99918216
1,auto-block,0.9990934
1,auto-block,0.9999652
1,auto-block,0.99989665
1,auto-block,0.99982786
1,auto-block,0.9998435
1,auto-block,0.9999453
1,auto-block,0.999948
1,auto-block,0.999401
1,auto-block,0.99997115
1,auto-block,0.99996126
1,auto-block,0.9999684
1,auto-block,0.99992657
1,auto-block,0.999819
1,auto-block,0.99967074
1,auto-block,0.99952364
1,auto-block,0.99980634
1,auto-block,0.99985945
1,auto-block,0.99929416
1,auto-block,0.9999665
1,auto-block,0.99987614
1,auto-block,0.99966216
1,auto-block,0.9999213
1,auto-block,0.9999193
1,auto-block,0.9960674
1,auto-block,0.99985135
1,auto-block,0.9997303
1,auto-block,0.9999206
1,auto-block,0.9999387
1,auto-block,0.9998184
1,auto-block,0.99990904
1,auto-block,0.9999291
1,auto-block,0.9996667
1,auto-block,0.99984527
1,auto-block,0.99990165
1,auto-block,0.9999279
1,auto-block,0.9999652
1,auto-block,0.99987376
1,auto-block,0.9994306
1,auto-block,0.99986744
1,auto-block,0.99979144
1,auto-block,0.99995756
1,auto-block,0.9999633
1,auto-block,0.999858
1,auto-block,0.9997607
1,auto-block,0.99996114
1,auto-block,0.9995875
1,auto-block,0.99979836
1,auto-block,0.9999114
1,auto-block,0.99995494
1,auto-block,0.9999658
1,auto-block,0.99993134
1,auto-block,0.99997187
1,auto-block,0.9998293
1,auto-block,0.9999205
1,auto-block,0.9998148
1,auto-block,0.9995671
1,auto-block,0.99995506
1,auto-block,0.995342
1,auto-block,0.9999083
1,auto-block,0.9997527
1,auto-block,0.9999387
1,auto-block,0.9999627
1,auto-block,0.99995553
1,auto-block,0.9999596
1,auto-block,0.9998073
1,auto-block,0.99992144
1,auto-block,0.99993324
1,auto-block,0.9999217
1,auto-block,0.9999548
1,auto-block,0.9999372
1,auto-block,0.99982053
1,auto-block,0.999853
1,auto-block,0.9999143
1,auto-block,0.99987435
1,auto-block,0.99994934
1,auto-block,0.99996567
1,auto-block,0.9999485
1,auto-block,0.9999447
1,auto-block,0.99981636
1,auto-block,0.9999528
1,auto-block,0.99974686
1,auto-block,0.99990857
1,auto-block,0.99990165
1,auto-block,0.9999168
1,auto-block,0.99987984
1,auto-block,0.9997124
1,auto-block,0.9999311
1,auto-block,0.9999368
1,auto-block,0.9995511
1,auto-block,0.9999647
1,auto-block,0.999943
1,auto-block,0.9999677
1,auto-block,0.99996495
1,auto-block,0.99980074
1,auto-block,0.99892175
1,auto-block,0.9999664
1,auto-block,0.99995375
1,auto-block,0.9999578
1,auto-block,0.9998172
1,auto-block,0.9995802
1,auto-block,0.9998783
1,auto-block,0.99990845
1,auto-block,0.9999299
1,auto-block,0.9999269
1,auto-block,0.9997178
1,auto-block,0.9999584
1,auto-block,0.99991834
1,auto-block,0.9999012
1,auto-block,0.9992411
1,auto-block,0.9999653
1,auto-block,0.99995947
1,auto-block,0.99995935
1,auto-block,0.9999255
1,auto-block,0.9998355
1,auto-block,0.99993145
1,auto-block,0.99985397
1,auto-block,0.9996666
1,auto-block,0.9999299
1,auto-block,0.99991035
1,auto-block,0.99994564
1,auto-block,0.99994993
1,auto-block,0.99995196
1,auto-block,0.9999199
1,auto-block,0.9998336
1,auto-block,0.9999187
1,auto-block,0.9998659
1,auto-block,0.99988186
1,auto-block,0.99994946
1,auto-block,0.9992574
1,auto-block,0.9999635
1,auto-block,0.9998522
1,auto-block,0.9999652
1,auto-block,0.99965703
1,auto-block,0.99991894
1,auto-block,0.9999523
1,auto-block,0.99988604
1,auto-block,0.99992776
1,auto-block,0.9999219
1,auto-block,0.9993741
1,auto-block,0.9999652
1,auto-block,0.9996896
1,auto-block,0.99996614
1,auto-block,0.9999291
1,auto-block,0.99992883
1,auto-block,0.999907
1,auto-block,0.9999392
1,auto-block,0.99991906
1,auto-block,0.9997042
1,auto-block,0.9999503
1,auto-block,0.9999157
1,auto-block,0.9998958
1,auto-block,0.99996805
1,auto-block,0.99996614
1,auto-block,0.9999331
1,auto-block,0.99993217
1,auto-block,0.999874
1,auto-block,0.9999578
1,auto-block,0.9999659
1,auto-block,0.99991834
1,auto-block,0.9999434
1,auto-block,0.999951
1,auto-block,0.996445
1,auto-block,0.9998129
1,auto-block,0.9999292
1,auto-block,0.9999281
1,auto-block,0.9999378
1,auto-block,0.99995005
1,auto-block,0.98759717
1,auto-block,0.9999217
1,auto-block,0.9999416
1,auto-block,0.99983823
1,auto-block,0.9996326
1,auto-block,0.99996233
1,auto-block,0.9999546
1,auto-block,0.99996567
1,auto-block,0.9999404
1,auto-block,0.99993134
1,auto-block,0.9999647
1,auto-block,0.9998023
1,auto-block,0.99993503
1,auto-block,0.9998846
1,auto-block,0.9999182
1,auto-block,0.9999665
1,auto-block,0.99987006
1,auto-block,0.9998275
1,auto-block,0.9999285
1,auto-block,0.99988186
1,auto-block,0.99989426
1,auto-block,0.99991393
1,auto-block,0.9993911
1,auto-block,0.999967
1,auto-block,0.9999609
1,auto-block,0.9995759
1,auto-block,0.99979466
1,auto-block,0.9998122
1,auto-block,0.99991524
1,auto-block,0.9999428
1,auto-block,0.9999374
1,auto-block,0.99990916
1,auto-block,0.9999281
1,auto-block,0.9996915
1,auto-block,0.99973375
1,auto-block,0.99996114
1,auto-block,0.9999498
1,auto-block,0.9998635
1,auto-block,0.9999577
1,auto-block,0.9999392
1,auto-block,0.999843
1,auto-block,0.99989283
1,auto-block,0.9998903
1,auto-block,0.9999504
1,auto-block,0.99984336
1,auto-block,0.9997291
1,auto-block,0.9977181
1,auto-block,0.9999335
1,auto-block,0.99993885
1,auto-block,0.9999615
1,auto-block,0.99994576
1,auto-block,0.9998561
1,auto-block,0.99981755
1,auto-block,0.999665
1,auto-block,0.9999658
1,auto-block,0.9999527
1,auto-block,0.99991834
1,auto-block,0.99995744
1,auto-block,0.999027
1,auto-block,0.999874
1,auto-block,0.9999478
1,auto-block,0.9998739
1,auto-block,0.99995434
1,auto-block,0.99971575
1,auto-block,0.9999422
1,auto-block,0.99993
1,auto-block,0.9997831
1,auto-block,0.9998964
1,auto-block,0.999933
1,auto-block,0.9999523
1,auto-block,0.9999548
1,auto-block,0.9998839
1,auto-block,0.99992216
1,auto-block,0.9999291
1,auto-block,0.9999206
1,auto-block,0.9999355
1,auto-block,0.9999436
1,auto-block,0.9999465
1,auto-block,0.9999553
1,auto-block,0.999962
1,auto-block,0.99988735
1,auto-block,0.9996691
1,auto-block,0.99986947
1,auto-block,0.9999511
1,auto-block,0.9997763
1,auto-block,0.9999577
1,auto-block,0.9999597
1,auto-block,0.9999229
1,auto-block,0.99993575
1,auto-block,0.9995315
1,auto-block,0.9998234
1,auto-block,0.9999685
1,auto-block,0.9999237
1,auto-block,0.9999341
1,auto-block,0.99987805
1,auto-block,0.9999279
1,auto-block,0.99996424
1,auto-block,0.9998702
1,auto-block,0.9997489
1,auto-block,0.999969
1,auto-block,0.999966
1,auto-block,0.9999199
1,auto-block,0.9999615
1,auto-block,0.9997423
1,auto-block,0.999964
1,auto-block,0.99975103
1,auto-block,0.9999478
1,auto-block,0.99985063
1,auto-block,0.999579
1,auto-block,0.99982613
1,auto-block,0.9993507
1,auto-block,0.9999652
1,auto-block,0.9998683
1,auto-block,0.99991214
1,auto-block,0.99987674
1,auto-block,0.9999548
1,auto-block,0.9999224
1,auto-block,0.9999578
1,auto-block,0.99967396
1,auto-block,0.99996054
1,auto-block,0.9999429
1,auto-block,0.9999244
1,auto-block,0.9999492
1,auto-block,0.99992085
1,auto-block,0.99991524
1,auto-block,0.9998919
1,auto-block,0.9999436
1,auto-block,0.9998543
1,auto-block,0.99927837
1,auto-block,0.99996257
1,auto-block,0.9998086
1,auto-block,0.9998629
1,auto-block,0.99996865
1,auto-block,0.9999536
1,auto-block,0.999589
1,auto-block,0.99991786
1,auto-block,0.9997491
1,auto-block,0.9999337
1,auto-block,0.99995935
1,auto-block,0.9998165
1,auto-block,0.9999659
1,auto-block,0.9998778
1,auto-block,0.9999026
1,auto-block,0.9999521
1,auto-block,0.99981576
1,auto-block,0.99993837
1,auto-block,0.99994814
1,auto-block,0.9999521
1,auto-block,0.999851
1,auto-block,0.9989631
1,auto-block,0.9999174
1,auto-block,0.9999647
1,auto-block,0.9999379
1,auto-block,0.9995746
1,auto-block,0.99996114
1,auto-block,0.9997658
1,auto-block,0.9999213
1,auto-block,0.9999597
1,auto-block,0.9999684
1,auto-block,0.9999269
1,auto-block,0.99879634
1,auto-block,0.9999484
1,auto-block,0.9999056
1,auto-block,0.9999068
1,auto-block,0.9999517
1,auto-block,0.99995923
1,auto-block,0.9998387
1,auto-block,0.99985564
1,auto-block,0.9991653
1,auto-block,0.9999628
1,auto-block,0.9999534
1,auto-block,0.99913055
1,auto-block,0.9998994
1,auto-block,0.9999534
1,auto-block,0.9999306
1,auto-block,0.9990119
1,auto-block,0.99979633
1,auto-block,0.9999312
1,auto-block,0.9999541
1,auto-block,0.999775
1,auto-block,0.9999008
1,auto-block,0.99996066
1,auto-block,0.99996424
1,auto-block,0.9998921
1,auto-block,0.99962425
1,auto-block,0.9999219
1,auto-block,0.99982977
1,auto-block,0.99992955
1,auto-block,0.999889
1,auto-block,0.9999418
1,auto-block,0.99996185
1,auto-block,0.9999479
1,auto-block,0.9978003
1,auto-block,0.99986506
1,auto-block,0.9999646
1,auto-block,0.9999664
1,auto-block,0.999954
1,auto-block,0.99990165
1,auto-block,0.9992969
1,auto-block,0.99982846
1,auto-block,0.9994842
1,auto-block,0.9998307
1,auto-block,0.9999244
1,auto-block,0.99995565
1,auto-block,0.99996233
1,auto-block,0.9999647
1,auto-block,0.9998702
1,auto-block,0.9998202
1,auto-block,0.9999287
1,auto-block,0.99990714
1,auto-block,0.9997924
1,auto-block,0.99993193
1,auto-block,0.9999647
1,auto-block,0.9999579
1,auto-block,0.9997638
1,auto-block,0.9999652
1,auto-block,0.99993217
1,auto-block,0.99992275
1,auto-block,0.99961096
1,auto-block,0.99971014
1,auto-block,0.9996685
1,auto-block,0.9999646
1,auto-block,0.9999571
1,auto-block,0.9998355
1,auto-block,0.99995613
1,auto-block,0.9999602
1,auto-block,0.99979645
1,auto-block,0.99995303
1,auto-block,0.99993765
1,auto-block,0.99975747
1,auto-block,0.999925
1,auto-block,0.99975187
1,auto-block,0.9997923
1,auto-block,0.9998901
1,auto-block,0.99993527
1,auto-block,0.9998677
1,auto-block,0.9999677
1,auto-block,0.99994814
1,auto-block,0.99996114
1,auto-block,0.9999124
1,auto-block,0.99995065
1,auto-block,0.9999521
1,auto-block,0.99980456
1,auto-block,0.99983466
1,auto-block,0.9997278
1,auto-block,0.9999652
1,auto-block,0.9999335
1,auto-block,0.9992119
1,auto-block,0.999843
1,auto-block,0.9999604
1,auto-block,0.9999466
1,auto-block,0.9999037
1,auto-block,0.9999492
1,auto-block,0.99990094
1,auto-block,0.9999187
1,auto-block,0.999853
1,auto-block,0.9999267
1,auto-block,0.9999019
1,auto-block,0.99975675
1,auto-block,0.9995371
1,auto-block,0.9999274
1,auto-block,0.99983656
1,auto-block,0.99991584
1,auto-block,0.99996006
1,auto-block,0.9999466
1,auto-block,0.9998963
1,auto-block,0.9972357
1,auto-block,0.99938464
1,auto-block,0.9998473
1,auto-block,0.9999027
1,auto-block,0.9999312
1,auto-block,0.9999242
1,auto-block,0.99994874
1,auto-block,0.9999505
1,auto-block,0.999915
1,auto-block,0.9999653
1,auto-block,0.99993634
1,auto-block,0.99971765
1,auto-block,0.99974734
1,auto-block,0.9999064
1,auto-block,0.9999248
1,auto-block,0.9998228
1,auto-block,0.99996483
1,auto-block,0.9999647
1,auto-block,0.99996114
1,auto-block,0.99984586
1,auto-block,0.99993694
1,auto-block,0.9999069
1,auto-block,0.9998889
1,auto-block,0.99994636
1,auto-block,0.9999651
1,auto-block,0.9999548
1,auto-block,0.99985373
1,auto-block,0.9998964
1,auto-block,0.99987483
1,auto-block,0.9999292
1,auto-block,0.9999094
1,auto-block,0.999969
1,auto-block,0.9998198
1,auto-block,0.9995826
1,auto-block,0.99905246
1,auto-block,0.99962604
1,auto-block,0.999908
1,auto-block,0.9999484
1,auto-block,0.9996983
1,auto-block,0.9999521
1,auto-block,0.99981254
1,auto-block,0.9998323
1,auto-block,0.99995565
1,auto-block,0.999967
1,auto-block,0.9999397
1,auto-block,0.99955696
1,auto-block,0.9999409
1,auto-block,0.9997886
1,auto-block,0.99995506
1,auto-block,0.9996302
1,auto-block,0.99978787
1,auto-block,0.9999646
1,auto-block,0.9995408
1,auto-block,0.99992466
1,auto-block,0.9999231
1,auto-block,0.9997696
1,auto-block,0.99996793
1,auto-block,0.99995005
1,auto-block,0.99995816
1,auto-block,0.99987423
1,auto-block,0.99988294
1,auto-block,0.99996316
1,auto-block,0.99975663
1,auto-block,0.9998405
1,auto-block,0.99928916
1,auto-block,0.9997267
1,auto-block,0.99994564
1,auto-block,0.99991465
1,auto-block,0.99990845
1,auto-block,0.9998747
1,auto-block,0.9998411
1,auto-block,0.99980456
1,auto-block,0.9999616
1,auto-block,0.9984201
1,auto-block,0.9999219
1,auto-block,0.99994147
1,auto-block,0.9996797
1,auto-block,0.9999672
1,auto-block,0.99970645
1,auto-block,0.9998379
1,auto-block,0.9999573
1,auto-block,0.99982125
1,auto-block,0.9998758
1,auto-block,0.9999305
1,auto-block,0.99984086
1,auto-block,0.99992275
1,auto-block,0.99994946
1,auto-block,0.9999589
1,auto-block,0.99988353
1,auto-block,0.99997187
1,auto-block,0.9999492
1,auto-block,0.9999306
1,auto-block,0.9999546
1,auto-block,0.9999434
1,auto-block,0.999959
1,auto-block,0.99995506
1,auto-block,0.99995124
1,auto-block,0.9997626
1,auto-block,0.9999492
1,auto-block,0.9999683
1,auto-block,0.99975306
1,auto-block,0.9998747
1,auto-block,0.9998385
1,auto-block,0.9998006
1,auto-block,0.9998728
1,auto-block,0.99996686
1,auto-block,0.9999466
1,auto-block,0.99995196
1,auto-block,0.99994755
1,auto-block,0.999964
1,auto-block,0.999966
1,auto-block,0.99995065
1,auto-block,0.9999163
1,auto-block,0.9998983
1,auto-block,0.999954
1,auto-block,0.99993837
1,auto-block,0.9957854
1,auto-block,0.999967
1,auto-block,0.999946
1,auto-block,0.99994254
1,auto-block,0.9999591
1,auto-block,0.9999502
1,auto-block,0.99993134
1,auto-block,0.9990627
1,auto-block,0.99988663
1,auto-block,0.99994874
1,auto-block,0.99990475
1,auto-block,0.9999621
1,auto-block,0.99995494
1,auto-block,0.99982506
1,auto-block,0.9999504
1,auto-block,0.9996629
1,auto-block,0.99980015
1,auto-block,0.99996316
1,auto-block,0.99987435
1,auto-block,0.9997631
1,auto-block,0.9999355
1,auto-block,0.9998952
1,auto-block,0.9999542
1,auto-block,0.9999573
1,auto-block,0.9999422
1,auto-block,0.99971145
1,auto-block,0.99959165
1,auto-block,0.9998846
1,auto-block,0.99993634
1,auto-block,0.9998965
1,auto-block,0.9999548
1,auto-block,0.9995832
1,auto-block,0.9998586
1,auto-block,0.9999509
1,auto-block,0.9999201
1,auto-block,0.99994683
1,auto-block,0.9996075
1,auto-block,0.9999484
1,auto-block,0.9999335
1,auto-block,0.9999652
1,auto-block,0.99995005
1,auto-block,0.99974877
1,auto-block,0.9999279
1,auto-block,0.99994564
1,auto-block,0.999553
1,auto-block,0.99992156
1,auto-block,0.99990165
1,auto-block,0.9996991
1,auto-block,0.99976164
1,auto-block,0.99993634
1,auto-block,0.99991214
1,auto-block,0.99954873
1,auto-block,0.99995756
1,auto-block,0.9999571
1,auto-block,0.999949
1,auto-block,0.9999647
1,auto-block,0.9998783
1,auto-block,0.99996316
1,auto-block,0.99994373
1,auto-block,0.999198
1,auto-block,0.9999479
1,auto-block,0.9998416
1,auto-block,0.99995005
1,auto-block,0.9992261
1,auto-block,0.9998374
1,auto-block,0.9999465
1,auto-block,0.9999368
1,auto-block,0.99987006
1,auto-block,0.99988043
1,auto-block,0.99991834
1,auto-block,0.9999212
1,auto-block,0.99996805
1,auto-block,0.9999652
1,auto-block,0.999946
1,auto-block,0.99971753
1,auto-block,0.9999409
1,auto-block,0.9997359
1,auto-block,0.9997923
1,auto-block,0.9998702
1,auto-block,0.9991736
1,auto-block,0.9999639
1,auto-block,0.9999074
1,auto-block,0.99755055
1,auto-block,0.99996483
1,auto-block,0.999966
1,auto-block,0.99963534
1,auto-block,0.9999515
1,auto-block,0.99978846
1,auto-block,0.9998011
1,auto-block,0.9984993
1,auto-block,0.9998779
1,auto-block,0.9999527
1,auto-block,0.999944
1,auto-block,0.9998342
1,auto-block,0.9999492
1,auto-block,0.99990773
1,auto-block,0.99993074
1,auto-block,0.99994326
1,auto-block,0.99982244
1,auto-block,0.9999577
1,auto-block,0.999951
1,auto-block,0.9998267
1,auto-block,0.99866855
1,auto-block,0.99978024
1,auto-block,0.99979633
1,auto-block,0.9973016
1,auto-block,0.9998318
1,auto-block,0.9999356
1,auto-block,0.99978393
1,auto-block,0.99994946
1,auto-block,0.9997905
1,auto-block,0.9999639
1,auto-block,0.99994457
1,auto-block,0.9999449
1,auto-block,0.9997845
1,auto-block,0.99995685
1,auto-block,0.9985971
1,auto-block,0.9999449
1,auto-block,0.99996567
1,auto-block,0.9997008
1,auto-block,0.9988949
1,auto-block,0.9990552
1,auto-block,0.99993336
1,auto-block,0.9999106
1,auto-block,0.9999354
1,auto-block,0.9999585
1,auto-block,0.99973625
1,auto-block,0.9999589
1,auto-block,0.9998969
1,auto-block,0.99995863
1,auto-block,0.9999392
1,auto-block,0.9995303
1,auto-block,0.9994809
1,auto-block,0.9999726
1,auto-block,0.9998442
1,auto-block,0.99993503
1,auto-block,0.999863
1,auto-block,0.99992454
1,auto-block,0.99993014
1,auto-block,0.999509
1,auto-block,0.9997155
1,auto-block,0.99995327
1,auto-block,0.99989676
1,auto-block,0.9999447
1,auto-block,0.9999609
1,auto-block,0.99995565
1,auto-block,0.9999379
1,auto-block,0.9999423
1,auto-block,0.9996147
1,auto-block,0.9999256
1,auto-block,0.9999182
1,auto-block,0.99953973
1,auto-block,0.9999474
1,auto-block,0.99991214
1,auto-block,0.9999635
1,auto-block,0.9999486
1,auto-block,0.99991834
1,auto-block,0.9998828
1,auto-block,0.9991636
1,auto-block,0.99994457
1,auto-block,0.9999267
1,auto-block,0.9998425
1,auto-block,0.99994147
1,auto-block,0.99988174
1,auto-block,0.99995494
1,auto-block,0.99993694
1,auto-block,0.9999461
1,auto-block,0.99984336
1,auto-block,0.9999279
1,auto-block,0.999966
1,auto-block,0.99993014
1,auto-block,0.9998754
1,auto-block,0.9999453
1,auto-block,0.9984073
1,auto-block,0.999894
1,auto-block,0.9999635
1,auto-block,0.99989235
1,auto-block,0.9999106
1,auto-block,0.9997502
1,auto-block,0.9999635
1,auto-block,0.99995565
1,auto-block,0.9999472
1,auto-block,0.99994075
1,auto-block,0.9999658
1,auto-block,0.999967
1,auto-block,0.9999442
1,auto-block,0.9999312
1,auto-block,0.99982953
1,auto-block,0.9998412
1,auto-block,0.9999342
1,auto-block,0.99996173
1,auto-block,0.9999609
1,auto-block,0.9997296
1,auto-block,0.9999367
1,auto-block,0.9998909
1,auto-block,0.99951744
1,auto-block,0.9999654
1,auto-block,0.99995065
1,auto-block,0.9999677
1,auto-block,0.99996614
1,auto-block,0.9997873
1,auto-block,0.9999075
1,auto-block,0.9998018
1,auto-block,0.99994445
1,auto-block,0.9999521
1,auto-block,0.9999199
1,auto-block,0.99959785
1,auto-block,0.9999516
1,auto-block,0.9998778
1,auto-block,0.999902
1,auto-block,0.99959475
1,auto-block,0.9999424
1,auto-block,0.9999652
1,auto-block,0.99995303
1,auto-block,0.9998074
1,auto-block,0.9999654
1,auto-block,0.9997118
1,auto-block,0.9999298
1,auto-block,0.999938
1,auto-block,0.99986064
1,auto-block,0.99857247
1,auto-block,0.9999603
1,auto-block,0.99991274
1,auto-block,0.99996126
1,auto-block,0.9999304
1,auto-block,0.99993813
1,auto-block,0.9999634
1,auto-block,0.99995756
1,auto-block,0.9999293
1,auto-block,0.99997175
1,auto-block,0.9998939
1,auto-block,0.9990779
1,auto-block,0.9999558
1,auto-block,0.99994504
1,auto-block,0.999951
1,auto-block,0.9999162
1,auto-block,0.99969804
1,auto-block,0.9999474
1,auto-block,0.999861
1,auto-block,0.99963796
1,auto-block,0.99986064
1,auto-block,0.9999528
1,auto-block,0.999938
1,auto-block,0.9996908
1,auto-block,0.9999616
1,auto-block,0.9998964
1,auto-block,0.9999629
1,auto-block,0.99990463
1,auto-block,0.999913
1,auto-block,0.9999571
1,auto-block,0.99993825
1,auto-block,0.9999392
1,auto-block,0.9997305
1,auto-block,0.998938
1,auto-block,0.9999292
1,auto-block,0.9999474
1,auto-block,0.9999609
1,auto-block,0.9999299
1,auto-block,0.9999492
1,auto-block,0.999967
1,auto-block,0.99993134
1,auto-block,0.9999454
1,auto-block,0.9998908
1,auto-block,0.9998871
1,auto-block,0.9997334
1,auto-block,0.99995565
1,auto-block,0.9999666
1,auto-block,0.9997986
1,auto-block,0.9999212
1,auto-block,0.9998983
1,auto-block,0.99993265
1,auto-block,0.99967074
1,auto-block,0.99996114
1,auto-block,0.9998399
1,auto-block,0.9999317
1,auto-block,0.999925
1,auto-block,0.9995116
1,auto-block,0.9999486
1,auto-block,0.99994874
1,auto-block,0.9988703
1,auto-block,0.9998319
1,auto-block,0.9999291
1,auto-block,0.9998667
1,auto-block,0.99759835
1,auto-block,0.9999646
1,auto-block,0.99995816
1,auto-block,0.9999701
1,auto-block,0.99986947
1,auto-block,0.9998468
1,auto-block,0.9999635
1,auto-block,0.99986625
1,auto-block,0.9999554
1,auto-block,0.9999416
1,auto-block,0.9999218
1,auto-block,0.99991345
1,auto-block,0.99996555
1,auto-block,0.999811
1,auto-block,0.99996316
1,auto-block,0.9997851
1,auto-block,0.9998078
1,auto-block,0.99992514
1,auto-block,0.9999331
1,auto-block,0.9999589
1,auto-block,0.9998061
1,auto-block,0.999967
1,auto-block,0.99996126
1,auto-block,0.999699
1,auto-block,0.99991095
1,auto-block,0.9999132
1,auto-block,0.9999471
1,auto-block,0.9999212
1,auto-block,0.9999341
1,auto-block,0.99993145
1,auto-block,0.9999447
1,auto-block,0.99986637
1,auto-block,0.9998534
1,auto-block,0.9998592
1,auto-block,0.9999378
1,auto-block,0.9997062
1,auto-block,0.99943405
1,auto-block,0.9999571
1,auto-block,0.99990237
1,auto-block,0.9999418
1,auto-block,0.9999534
1,auto-block,0.99987423
1,auto-block,0.9998716
1,auto-block,0.9999639
1,auto-block,0.9999454
1,auto-block,0.99994385
1,auto-block,0.996236
1,auto-block,0.99995196
1,auto-block,0.999752
1,auto-block,0.9999515
1,auto-block,0.9999424
1,auto-block,0.9999516
1,auto-block,0.99995327
1,auto-block,0.99992883
1,auto-block,0.99949324
1,auto-block,0.99984777
1,auto-block,0.9996965
1,auto-block,0.9999635
1,auto-block,0.99995244
1,auto-block,0.9999112
1,auto-block,0.9997718
1,auto-block,0.9998171
1,auto-block,0.999918
1,auto-block,0.9998252
1,auto-block,0.99994814
1,auto-block,0.9992719
1,auto-block,0.99995005
1,auto-block,0.9998841
1,auto-block,0.99929464
1,auto-block,0.99994326
1,auto-block,0.99993074
1,auto-block,0.9998128
1,auto-block,0.99995184
1,auto-block,0.9998888
1,auto-block,0.999969
1,auto-block,0.99995756
1,auto-block,0.99994516
1,auto-block,0.9999573
1,auto-block,0.9999043
1,auto-block,0.99995923
1,auto-block,0.99990916
1,auto-block,0.9999021
1,auto-block,0.9995171
1,auto-block,0.9999521
1,auto-block,0.9999453
1,auto-block,0.9997507
1,auto-block,0.9981633
1,auto-block,0.99988306
1,auto-block,0.9999386
1,auto-block,0.99996936
1,auto-block,0.99994504
1,auto-block,0.9998708
1,auto-block,0.9999156
1,auto-block,0.9999269
1,auto-block,0.9981768
1,auto-block,0.9999484
1,auto-block,0.99995387
1,auto-block,0.9994708
1,auto-block,0.99991167
1,auto-block,0.9999621
1,auto-block,0.9998882
1,auto-block,0.9999641
1,auto-block,0.9999484
1,auto-block,0.9999037
1,auto-block,0.9999652
1,auto-block,0.99995184
1,auto-block,0.99940753
1,auto-block,0.99980384
1,auto-block,0.9999486
1,auto-block,0.99960786
1,auto-block,0.9998702
1,auto-block,0.9998957
1,auto-block,0.99140126
1,auto-block,0.99990964
1,auto-block,0.99991786
1,auto-block,0.9999521
1,auto-block,0.99996555
1,auto-block,0.99982244
1,auto-block,0.9997991
1,auto-block,0.99981993
1,auto-block,0.99987185
1,auto-block,0.9998864
1,auto-block,0.999967
1,auto-block,0.99985397
1,auto-block,0.99992275
1,auto-block,0.9999037
1,auto-block,0.9999434
1,auto-block,0.99995375
1,auto-block,0.99995506
1,auto-block,0.999508
1,auto-block,0.999967
1,auto-block,0.99973017
1,auto-block,0.99995315
1,auto-block,0.999966
1,auto-block,0.9998036
1,auto-block,0.99992096
1,auto-block,0.99980134
1,auto-block,0.9999032
1,auto-block,0.99990463
1,auto-block,0.99994135
1,auto-block,0.999949
1,auto-block,0.9998566
1,auto-block,0.9999585
1,auto-block,0.9998703
1,auto-block,0.99991417
1,auto-block,0.9999342
1,auto-block,0.9998136
1,auto-block,0.9999635
1,auto-block,0.99994564
1,auto-block,0.9996037
1,auto-block,0.9997838
1,auto-block,0.9999701
1,auto-block,0.99985075
1,auto-block,0.9999336
1,auto-block,0.9999589
1,auto-block,0.999542
1,auto-block,0.99985254
1,auto-block,0.99995387
1,auto-block,0.9999672
1,auto-block,0.99992514
1,auto-block,0.9998795
1,auto-block,0.9999378
1,auto-block,0.99992156
1,auto-block,0.99997115
1,auto-block,0.99995136
1,auto-block,0.9999391
1,auto-block,0.99991035
1,auto-block,0.999866
1,auto-block,0.99996173
1,auto-block,0.9998299
1,auto-block,0.9999012
1,auto-block,0.9997594
1,auto-block,0.9999615
1,auto-block,0.99972516
1,auto-block,0.9999641
1,auto-block,0.99861693
1,auto-block,0.9999306
1,auto-block,0.99995005
1,auto-block,0.9999523
1,auto-block,0.9999192
1,auto-block,0.9998592
1,auto-block,0.999966
1,auto-block,0.99993336
1,auto-block,0.9993783
1,auto-block,0.99996614
1,auto-block,0.99837816
1,auto-block,0.9997286
1,auto-block,0.99995327
1,auto-block,0.9999331
1,auto-block,0.99990475
1,auto-block,0.99996054
1,auto-block,0.9999511
1,auto-block,0.9999031
1,auto-block,0.9999491
1,auto-block,0.999959
1,auto-block,0.99995255
1,auto-block,0.9995486
1,auto-block,0.9999349
1,auto-block,0.9997129
1,auto-block,0.99994373
1,auto-block,0.98885685
1,auto-block,0.9999163
1,auto-block,0.9997359
1,auto-block,0.999967
1,auto-block,0.99993145
1,auto-block,0.99993837
1,auto-block,0.99991727
1,auto-block,0.9998696
1,auto-block,0.9998869
1,auto-block,0.9999577
1,auto-block,0.9998691
1,auto-block,0.9995987
1,auto-block,0.9998951
1,auto-block,0.9999647
1,auto-block,0.99995553
1,auto-block,0.999944
1,auto-block,0.99948525
1,auto-block,0.99993265
1,auto-block,0.9999652
1,auto-block,0.9999521
1,auto-block,0.9999511
1,auto-block,0.9998741
1,auto-block,0.99961615
1,auto-block,0.999782
1,auto-block,0.9998826
1,auto-block,0.99994195
1,auto-block,0.9999316
1,auto-block,0.99942183
1,auto-block,0.9999186
1,auto-block,0.99996495
1,auto-block,0.9998989
1,auto-block,0.9999387
1,auto-block,0.9996195
1,auto-block,0.9999403
1,auto-block,0.99729794
1,auto-block,0.9999554
1,auto-block,0.9999449
1,auto-block,0.99993634
1,auto-block,0.99375474
1,auto-block,0.99994814
1,auto-block,0.9999484
1,auto-block,0.99994874
1,auto-block,0.9999447
1,auto-block,0.9999441
1,auto-block,0.99980706
1,auto-block,0.9976609
1,auto-block,0.99993753
1,auto-block,0.9999336
1,auto-block,0.99994934
1,auto-block,0.9998982
1,auto-block,0.99993527
1,auto-block,0.9999312
1,auto-block,0.99984944
1,auto-block,0.99993765
1,auto-block,0.99993765
1,auto-block,0.99994254
1,auto-block,0.9999567
1,auto-block,0.99932027
1,auto-block,0.9992317
1,auto-block,0.99996567
1,auto-block,0.99924845
1,auto-block,0.9999659
1,auto-block,0.99996805
1,auto-block,0.9999558
1,auto-block,0.99996364
1,auto-block,0.9990042
1,auto-block,0.99980444
1,auto-block,0.99996305
1,auto-block,0.9998653
1,auto-block,0.99986994
1,auto-block,0.99987733
1,auto-block,0.99986434
1,auto-block,0.9989899
1,auto-block,0.99994874
1,auto-block,0.99994767
1,auto-block,0.9990565
1,auto-block,0.99995327
1,auto-block,0.99971
1,auto-block,0.9999566
1,auto-block,0.99994624
1,auto-block,0.9999602
1,auto-block,0.9998611
1,auto-block,0.99994826
1,auto-block,0.9999635
1,auto-block,0.9999405
1,auto-block,0.9999496
1,auto-block,0.9998449
1,auto-block,0.9999441
1,auto-block,0.999572
1,auto-block,0.9996848
1,auto-block,0.9999366
1,auto-block,0.9998859
1,auto-block,0.9999659
1,auto-block,0.99993265
1,auto-block,0.9999051
1,auto-block,0.9999486
1,auto-block,0.9999521
1,auto-block,0.99975866
1,auto-block,0.99991846
1,auto-block,0.9999598
1,auto-block,0.9998054
1,auto-block,0.9999151
1,auto-block,0.9997085
1,auto-block,0.99993694
1,auto-block,0.99994683
1,auto-block,0.9999405
1,auto-block,0.9999342
1,auto-block,0.9999243
1,auto-block,0.99758565
1,auto-block,0.99980193
1,auto-block,0.9999194
1,auto-block,0.9995382
1,auto-block,0.9998629
1,auto-block,0.99976987
1,auto-block,0.9995473
1,auto-block,0.999946
1,auto-block,0.99995005
1,auto-block,0.99993694
1,auto-block,0.9999691
1,auto-block,0.9999058
1,auto-block,0.9999311
1,auto-block,0.99995947
1,auto-block,0.9999461
1,auto-block,0.99963295
1,auto-block,0.99945575
1,auto-block,0.99996006
1,auto-block,0.9999627
1,auto-block,0.99981636
1,auto-block,0.99980396
1,auto-block,0.9998043
1,auto-block,0.99965715
1,auto-block,0.9999579
1,auto-block,0.99980325
1,auto-block,0.99915504
1,auto-block,0.9999348
1,auto-block,0.9997516
1,auto-block,0.999648
1,auto-block,0.9999653
1,auto-block,0.99961156
1,auto-block,0.9998318
1,auto-block,0.99996114
1,auto-block,0.9999175
1,auto-block,0.9999635
1,auto-block,0.99995553
1,auto-block,0.999967
1,auto-block,0.9997737
1,auto-block,0.9996618
1,auto-block,0.99981076
1,auto-block,0.9999484
1,auto-block,0.99993503
1,auto-block,0.9998734
1,auto-block,0.9996573
1,auto-block,0.9992545
1,auto-block,0.99992347
1,auto-block,0.9996655
1,auto-block,0.999954
1,auto-block,0.99993336
1,auto-block,0.9999683
1,auto-block,0.999967
1,auto-block,0.999808
1,auto-block,0.99996066
1,auto-block,0.9999523
1,auto-block,0.9997924
1,auto-block,0.99985385
1,auto-block,0.9991578
1,auto-block,0.99995303
1,auto-block,0.98885685
1,auto-block,0.9998227
1,auto-block,0.9999484
1,auto-block,0.9995753
1,auto-block,0.99994814
1,auto-block,0.99985754
1,auto-block,0.9999658
1,auto-block,0.99974173
1,auto-block,0.9999558
1,auto-block,0.9999422
1,auto-block,0.99995434
1,auto-block,0.99988735
1,auto-block,0.9999323
1,auto-block,0.99997115
1,auto-block,0.99987507
1,auto-block,0.9964785
1,auto-block,0.9999474
1,auto-block,0.9998888
1,auto-block,0.9984212
1,auto-block,0.9987042
1,auto-block,0.9999584
1,auto-block,0.999884
1,auto-block,0.99992883
1,auto-block,0.9999616
1,auto-block,0.99995995
1,auto-block,0.9998945
1,auto-block,0.9999566
1,auto-block,0.99994564
1,auto-block,0.999728
1,auto-block,0.999845
1,auto-block,0.99967074
1,auto-block,0.9998796
1,auto-block,0.99950135
1,auto-block,0.999967
1,auto-block,0.99994576
1,auto-block,0.99987733
1,auto-block,0.99995613
1,auto-block,0.99994135
1,auto-block,0.9998592
1,auto-block,0.99975604
1,auto-block,0.99995327
1,auto-block,0.9997433
1,auto-block,0.99982077
1,auto-block,0.99996984
1,auto-block,0.9999237
1,auto-block,0.99987686
1,auto-block,0.9999677
1,auto-block,0.9998584
1,auto-block,0.9997942
1,auto-block,0.99966574
1,auto-block,0.9999553
1,auto-block,0.9999548
1,auto-block,0.99996305
1,auto-block,0.99973446
1,auto-block,0.99995697
1,auto-block,0.99993277
1,auto-block,0.9999573
1,auto-block,0.99996984
1,auto-block,0.9999355
1,auto-block,0.99969375
1,auto-block,0.9999466
1,auto-block,0.99966574
1,auto-block,0.99994385
1,auto-block,0.9998952
1,auto-block,0.9998764
1,auto-block,0.99993145
1,auto-block,0.9998684
1,auto-block,0.99977344
1,auto-block,0.9999484
1,auto-block,0.9999615
1,auto-block,0.9993819
1,auto-block,0.99994564
1,auto-block,0.99963534
1,auto-block,0.99993134
1,auto-block,0.9997446
1,auto-block,0.999521
1,auto-block,0.99995744
1,auto-block,0.99953043
1,auto-block,0.99912006
1,auto-block,0.9999572
1,auto-block,0.99996173
1,auto-block,0.9999622
1,auto-block,0.99894863
1,auto-block,0.99949014
1,auto-block,0.9999392
1,auto-block,0.9999267
1,auto-block,0.9996101
1,auto-block,0.99992883
1,auto-block,0.999946
1,auto-block,0.9996475
1,auto-block,0.9999411
1,auto-block,0.99995005
1,auto-block,0.99983
1,auto-block,0.9999087
1,auto-block,0.99991655
1,auto-block,0.99995005
1,auto-block,0.99981934
1,auto-block,0.99991596
1,auto-block,0.9999348
1,auto-block,0.999681
1,auto-block,0.9998679
1,auto-block,0.99963117
1,auto-block,0.99989843
1,auto-block,0.9999685
1,auto-block,0.9982486
1,auto-block,0.99978787
1,auto-block,0.9994425
1,auto-block,0.9997025
1,auto-block,0.99976045
1,auto-block,0.99993527
1,auto-block,0.99997056
1,auto-block,0.99991846
1,auto-block,0.9999486
1,auto-block,0.9999417
1,auto-block,0.9999604
1,auto-block,0.9996859
1,auto-block,0.999966
1,auto-block,0.99979883
1,auto-block,0.9988751
1,auto-block,0.9999548
1,auto-block,0.9999536
1,auto-block,0.9999492
1,auto-block,0.9999542
1,auto-block,0.9998648
1,auto-block,0.99989283
1,auto-block,0.99924845
1,auto-block,0.99947506
1,auto-block,0.99984074
1,auto-block,0.99993134
1,auto-block,0.9999598
1,auto-block,0.99929094
1,auto-block,0.99995124
1,auto-block,0.9999106
1,auto-block,0.9999423
1,auto-block,0.9996805
1,auto-block,0.9997584
1,auto-block,0.9999504
1,auto-block,0.99989223
1,auto-block,0.999967
1,auto-block,0.99990714
1,auto-block,0.9998148
1,auto-block,0.99996305
1,auto-block,0.9999306
1,auto-block,0.99995923
1,auto-block,0.9999471
1,auto-block,0.9999627
1,auto-block,0.99979764
1,auto-block,0.9992867
1,auto-block,0.99925524
1,auto-block,0.9995753
1,auto-block,0.9998727
1,auto-block,0.9999546
1,auto-block,0.9999478
1,auto-block,0.9999411
1,auto-block,0.99986327
1,auto-block,0.9999548
1,auto-block,0.9999342
1,auto-block,0.9999634
1,auto-block,0.9996891
1,auto-block,0.9999565
1,auto-block,0.9999112
1,auto-block,0.99982846
1,auto-block,0.99996746
1,auto-block,0.99994576
1,auto-block,0.9999639
1,auto-block,0.99986017
1,auto-block,0.9999044
1,auto-block,0.9995833
1,auto-block,0.9997594
1,auto-block,0.99967706
1,auto-block,0.99993694
1,auto-block,0.9998435
1,auto-block,0.9999039
1,auto-block,0.9999521
1,auto-block,0.999944
1,auto-block,0.99996006
1,auto-block,0.9999014
1,auto-block,0.9999647
1,auto-block,0.9998938
1,auto-block,0.9999589
1,auto-block,0.999969
1,auto-block,0.99594384
1,auto-block,0.9999547
1,auto-block,0.9999187
1,auto-block,0.999918
1,auto-block,0.9998734
1,auto-block,0.99991703
1,auto-block,0.99822
1,auto-block,0.9999597
1,auto-block,0.99942917
1,auto-block,0.9998641
1,auto-block,0.99994874
1,auto-block,0.9999465
1,auto-block,0.9998124
1,auto-block,0.99993074
1,auto-block,0.9998859
1,auto-block,0.999969
1,auto-block,0.99994946
1,auto-block,0.9998834
1,auto-block,0.9999374
1,auto-block,0.9995085
1,auto-block,0.9996829
1,auto-block,0.99993
1,auto-block,0.9999553
1,auto-block,0.99994767
1,auto-block,0.9999653
1,auto-block,0.99994886
1,auto-block,0.9999634
1,auto-block,0.9985299
1,auto-block,0.99993825
1,auto-block,0.9998497
1,auto-block,0.9997582
1,auto-block,0.9998124
1,auto-block,0.99996066
1,auto-block,0.9999584
1,auto-block,0.9999473
1,auto-block,0.9996493
1,auto-block,0.9998474
1,auto-block,0.99995315
1,auto-block,0.9994412
1,auto-block,0.996914
1,auto-block,0.9998548
1,auto-block,0.9998951
1,auto-block,0.99995255
1,auto-block,0.9998764
1,auto-block,0.9999267
1,auto-block,0.9998678
1,auto-block,0.9999405
1,auto-block,0.99986637
1,auto-block,0.99996364
1,auto-block,0.9999387
1,auto-block,0.9992974
1,auto-block,0.99995303
1,auto-block,0.9998765
1,auto-block,0.99995327
1,auto-block,0.9998437
1,auto-block,0.9999126
1,auto-block,0.9997719
1,auto-block,0.99995446
1,auto-block,0.99995685
1,auto-block,0.9995173
1,auto-block,0.9998404
1,auto-block,0.9997831
1,auto-block,0.99995136
1,auto-block,0.9998921
1,auto-block,0.99980336
1,auto-block,0.9997409
1,auto-block,0.998933
1,auto-block,0.99996126
1,auto-block,0.9997392
1,auto-block,0.999778
1,auto-block,0.99997306
1,auto-block,0.99927026
1,auto-block,0.99996233
1,auto-block,0.9997876
1,auto-block,0.999678
1,auto-block,0.99988353
1,auto-block,0.9998301
1,auto-block,0.9999604
1,auto-block,0.99995923
1,auto-block,0.9992884
1,auto-block,0.9999585
1,auto-block,0.9999603
1,auto-block,0.99994636
1,auto-block,0.9998584
1,auto-block,0.9998915
1,auto-block,0.99993193
1,auto-block,0.9999187
1,auto-block,0.99993
1,auto-block,0.9998574
1,auto-block,0.9998989
1,auto-block,0.9999225
1,auto-block,0.9998802
1,auto-block,0.99995005
1,auto-block,0.99994946
1,auto-block,0.99994946
1,auto-block,0.9999362
1,auto-block,0.999966
1,auto-block,0.9999217
1,auto-block,0.9999653
1,auto-block,0.99977535
1,auto-block,0.9999435
1,auto-block,0.9999223
1,auto-block,0.9996024
1,auto-block,0.9997807
1,auto-block,0.99949694
1,auto-block,0.9999497
1,auto-block,0.9999517
1,auto-block,0.9998134
1,auto-block,0.9998493
1,auto-block,0.9997538
1,auto-block,0.99992
1,auto-block,0.9999279
1,auto-block,0.9996008
1,auto-block,0.999923
1,auto-block,0.999808
1,auto-block,0.99989307
1,auto-block,0.99844223
1,auto-block,0.99995625
1,auto-block,0.9999362
1,auto-block,0.9999466
1,auto-block,0.99995804
1,auto-block,0.99934655
1,auto-block,0.99989486
1,auto-block,0.9999647
1,auto-block,0.9998642
1,auto-block,0.99996734
1,auto-block,0.99990034
1,auto-block,0.9999639
1,auto-block,0.999258
1,auto-block,0.9999299
1,auto-block,0.99971646
1,auto-block,0.99971265
1,auto-block,0.99983966
1,auto-block,0.9994599
1,auto-block,0.9999473
1,auto-block,0.99992657
1,auto-block,0.9999267
1,auto-block,0.9998634
1,auto-block,0.999912
1,auto-block,0.9999057
1,auto-block,0.9999144
1,auto-block,0.99972254
1,auto-block,0.99951506
1,auto-block,0.99959856
1,auto-block,0.9999652
1,auto-block,0.9998037
1,auto-block,0.9999089
1,auto-block,0.9999474
1,auto-block,0.99988866
1,auto-block,0.9997874
1,auto-block,0.9999577
1,auto-block,0.99996364
1,auto-block,0.9997559
1,auto-block,0.9995957
1,auto-block,0.9997788
1,auto-block,0.99993706
1,auto-block,0.99640685
1,auto-block,0.9996252
1,auto-block,0.99994886
1,auto-block,0.999747
1,auto-block,0.9999474
1,auto-block,0.987948
1,auto-block,0.99996364
1,auto-block,0.9999517
1,auto-block,0.9998882
1,auto-block,0.9997497
1,auto-block,0.9999658
1,auto-block,0.99986243
1,auto-block,0.9998869
1,auto-block,0.9999589
1,auto-block,0.99989855
1,auto-block,0.9998073
1,auto-block,0.9999443
1,auto-block,0.9996834
1,auto-block,0.99996793
1,auto-block,0.9999597
1,auto-block,0.9999174
1,auto-block,0.99992776
1,auto-block,0.99935836
1,auto-block,0.9998424
1,auto-block,0.9999436
1,auto-block,0.9999299
1,auto-block,0.99977416
1,auto-block,0.9998374
1,auto-block,0.9997793
1,auto-block,0.99989593
1,auto-block,0.9999014
1,auto-block,0.99787676
1,auto-block,0.9997844
1,auto-block,0.99988925
1,auto-block,0.99996674
1,auto-block,0.99995744
1,auto-block,0.9999305
1,auto-block,0.99981266
1,auto-block,0.99984384
1,auto-block,0.99995494
1,auto-block,0.9999559
1,auto-block,0.999946
1,auto-block,0.99982387
1,auto-block,0.999961
1,auto-block,0.99948597
1,auto-block,0.99990654
1,auto-block,0.9999472
1,auto-block,0.99994576
1,auto-block,0.99984145
1,auto-block,0.9999627
1,auto-block,0.99974734
1,auto-block,0.99968076
1,auto-block,0.9999522
1,auto-block,0.9998553
1,auto-block,0.9999635
1,auto-block,0.9999665
1,auto-block,0.99995947
1,auto-block,0.9997594
1,auto-block,0.99987257
1,auto-block,0.99996126
1,auto-block,0.9999485
1,auto-block,0.9761041
1,auto-block,0.99993765
1,auto-block,0.99990165
1,auto-block,0.99992967
1,auto-block,0.9999497
1,auto-block,0.99996483
1,auto-block,0.99995756
1,auto-block,0.9998728
1,auto-block,0.99994195
1,auto-block,0.9999485
1,auto-block,0.99851197
1,auto-block,0.99995923
1,auto-block,0.999728
1,auto-block,0.99982244
1,auto-block,0.9996087
1,auto-block,0.9997904
1,auto-block,0.9999281
1,auto-block,0.9999505
1,auto-block,0.9999219
1,auto-block,0.99995005
1,auto-block,0.999925
1,auto-block,0.99982315
1,auto-block,0.9999528
1,auto-block,0.9992041
1,auto-block,0.9998907
1,auto-block,0.9995591
1,auto-block,0.99987483
1,auto-block,0.99996257
1,auto-block,0.9997856
1,auto-block,0.9993211
1,auto-block,0.9999571
1,auto-block,0.9997557
1,auto-block,0.9998215
1,auto-block,0.999635
1,auto-block,0.9999032
1,auto-block,0.9999386
1,auto-block,0.99994874
1,auto-block,0.99991524
1,auto-block,0.9999045
1,auto-block,0.9997799
1,auto-block,0.9998827
1,auto-block,0.9999708
1,auto-block,0.9999279
1,auto-block,0.99988794
1,auto-block,0.999874
1,auto-block,0.99878687
1,auto-block,0.9999503
1,auto-block,0.9999579
1,auto-block,0.9999589
1,auto-block,0.9998186
1,auto-block,0.9997123
1,auto-block,0.9996885
1,auto-block,0.9999585
1,auto-block,0.9999645
1,auto-block,0.9999356
1,auto-block,0.99982685
1,auto-block,0.9999658
1,auto-block,0.99984086
1,auto-block,0.99995756
1,auto-block,0.99993265
1,auto-block,0.9999069
1,auto-block,0.9998739
1,auto-block,0.99994767
1,auto-block,0.9999435
1,auto-block,0.9999132
1,auto-block,0.9999509
1,auto-block,0.9999418
1,auto-block,0.9999459
1,auto-block,0.9999422
1,auto-block,0.9989604
1,auto-block,0.99995196
1,auto-block,0.9998369
1,auto-block,0.9997123
1,auto-block,0.9998292
1,auto-block,0.99996674
1,auto-block,0.99994326
1,auto-block,0.9999325
1,auto-block,0.99994624
1,auto-block,0.99946743
1,auto-block,0.9997142
1,auto-block,0.99979013
1,auto-block,0.999884
1,auto-block,0.999967
1,auto-block,0.9903077
1,auto-block,0.99993145
1,auto-block,0.99990976
1,auto-block,0.9999479
1,auto-block,0.9999571
1,auto-block,0.9995309
1,auto-block,0.9998228
1,auto-block,0.99993384
1,auto-block,0.9999647
1,auto-block,0.9995895
1,auto-block,0.999782
1,auto-block,0.99996674
1,auto-block,0.99996006
1,auto-block,0.9999577
1,auto-block,0.9998658
1,auto-block,0.99995255
1,auto-block,0.99992526
1,auto-block,0.999951
1,auto-block,0.9998429
1,auto-block,0.9999486
1,auto-block,0.9997694
1,auto-block,0.9987797
1,auto-block,0.99995947
1,auto-block,0.9999591
1,auto-block,0.9998753
1,auto-block,0.99994457
1,auto-block,0.9999144
1,auto-block,0.9999198
1,auto-block,0.999969
1,auto-block,0.99991095
1,auto-block,0.9999237
1,auto-block,0.99990344
1,auto-block,0.999967
1,auto-block,0.9999654
1,auto-block,0.9998894
1,auto-block,0.9999647
1,auto-block,0.9999652
1,auto-block,0.9999534
1,auto-block,0.9999387
1,auto-block,0.9999329
1,auto-block,0.9998036
1,auto-block,0.9998511
1,auto-block,0.9999168
1,auto-block,0.9999318
1,auto-block,0.99989176
1,auto-block,0.9997063
1,auto-block,0.9999466
1,auto-block,0.9999591
1,auto-block,0.999959
1,auto-block,0.9999286
1,auto-block,0.9999726
1,auto-block,0.99994016
1,auto-block,0.9998661
1,auto-block,0.999795
1,auto-block,0.9999578
1,auto-block,0.9999471
1,auto-block,0.9999399
1,auto-block,0.99863285
1,auto-block,0.9999715
1,auto-block,0.99972373
1,auto-block,0.999894
1,auto-block,0.9999583
1,auto-block,0.9999391
1,auto-block,0.99943286
1,auto-block,0.9998654
1,auto-block,0.9999151
1,auto-block,0.999236
1,auto-block,0.9997327
1,auto-block,0.9999366
1,auto-block,0.9998778
1,auto-block,0.99984276
1,auto-block,0.9999342
1,auto-block,0.99993896
1,auto-block,0.9999678
1,auto-block,0.9999659
1,auto-block,0.9999385
1,auto-block,0.9999387
1,auto-block,0.999949
1,auto-block,0.9999523
1,auto-block,0.9996835
1,auto-block,0.9997327
1,auto-block,0.99985254
1,auto-block,0.9999474
1,auto-block,0.99988306
1,auto-block,0.9998679
1,auto-block,0.9997111
1,auto-block,0.99996006
1,auto-block,0.99996686
1,auto-block,0.9999436
1,auto-block,0.99995756
1,auto-block,0.9999075
1,auto-block,0.9999542
1,auto-block,0.9999074
1,auto-block,0.999509
1,auto-block,0.9999083
1,auto-block,0.999777
1,auto-block,0.9999579
1,auto-block,0.99991274
1,auto-block,0.99996305
1,auto-block,0.99994314
1,auto-block,0.9998933
1,auto-block,0.99990773
1,auto-block,0.99989545
1,auto-block,0.9999291
1,auto-block,0.9999529
1,auto-block,0.9999497
1,auto-block,0.99995947
1,auto-block,0.99981517
1,auto-block,0.9998437
1,auto-block,0.9999417
1,auto-block,0.99969923
1,auto-block,0.999728
1,auto-block,0.9997049
1,auto-block,0.9987184
1,auto-block,0.9999572
1,auto-block,0.9998839
1,auto-block,0.9999647
1,auto-block,0.99985814
1,auto-block,0.99992037
1,auto-block,0.99995935
1,auto-block,0.9999037
1,auto-block,0.9998925
1,auto-block,0.9999422
1,auto-block,0.99861085
1,auto-block,0.99987066
1,auto-block,0.9998658
1,auto-block,0.9999647
1,auto-block,0.9996823
1,auto-block,0.9998926
1,auto-block,0.99971825
1,auto-block,0.99995446
1,auto-block,0.9999589
1,auto-block,0.99993646
1,auto-block,0.9997049
1,auto-block,0.9991709
1,auto-block,0.9999379
1,auto-block,0.9999616
1,auto-block,0.9999658
1,auto-block,0.9998481
1,auto-block,0.9997849
1,auto-block,0.9998696
1,auto-block,0.9999677
1,auto-block,0.9999379
1,auto-block,0.99948597
1,auto-block,0.9999286
1,auto-block,0.9999652
1,auto-block,0.99981636
1,auto-block,0.99990916
1,auto-block,0.99963105
1,auto-block,0.99987006
1,auto-block,0.9999665
1,auto-block,0.999923
1,auto-block,0.9999659
1,auto-block,0.9999715
1,auto-block,0.99996173
1,auto-block,0.99980813
1,auto-block,0.99990344
1,auto-block,0.9998919
1,auto-block,0.99992514
1,auto-block,0.9999553
1,auto-block,0.9999527
1,auto-block,0.99994385
1,auto-block,0.9992085
1,auto-block,0.9999149
1,auto-block,0.99995303
1,auto-block,0.99985325
1,auto-block,0.99984086
1,auto-block,0.99980396
1,auto-block,0.9999609
1,auto-block,0.999782
1,auto-block,0.9999274
1,auto-block,0.9998778
1,auto-block,0.9999639
1,auto-block,0.99992454
1,auto-block,0.99996495
1,auto-block,0.99992204
1,auto-block,0.9999467
1,auto-block,0.99995995
1,auto-block,0.99994063
1,auto-block,0.9999424
1,auto-block,0.9999498
1,auto-block,0.9996586
1,auto-block,0.999964
1,auto-block,0.9999255
1,auto-block,0.9999387
1,auto-block,0.99973124
1,auto-block,0.9997023
1,auto-block,0.9996493
1,auto-block,0.9999517
1,auto-block,0.999943
1,auto-block,0.9999635
1,auto-block,0.9999018
1,auto-block,0.9998252
1,auto-block,0.99921
1,auto-block,0.99995005
1,auto-block,0.9957903
1,auto-block,0.99991
1,auto-block,0.99995553
1,auto-block,0.99995506
1,auto-block,0.99965286
1,auto-block,0.99991333
1,auto-block,0.9993962
1,auto-block,0.9999114
1,auto-block,0.99993944
1,auto-block,0.9999589
1,auto-block,0.9999434
1,auto-block,0.9996271
1,auto-block,0.999943
1,auto-block,0.9997725
1,auto-block,0.9999627
1,auto-block,0.9997336
1,auto-block,0.99987316
1,auto-block,0.9996371
1,auto-block,0.9999521
1,auto-block,0.9997329
1,auto-block,0.9999106
1,auto-block,0.99992156
1,auto-block,0.999954
1,auto-block,0.99993825
1,auto-block,0.99993813
1,auto-block,0.99996054
1,auto-block,0.9999647
1,auto-block,0.9999517
1,auto-block,0.99996245
1,auto-block,0.99996114
1,auto-block,0.9999571
1,auto-block,0.9992544
1,auto-block,0.9997087
1,auto-block,0.99976796
1,auto-block,0.9999378
1,auto-block,0.99938154
1,auto-block,0.9997359
1,auto-block,0.999858
1,auto-block,0.9993482
1,auto-block,0.9999393
1,auto-block,0.9995252
1,auto-block,0.9998778
1,auto-block,0.9999566
1,auto-block,0.9997855
1,auto-block,0.9998091
1,auto-block,0.99885523
1,auto-block,0.99981195
0,auto-block,0.999572
1,auto-block,0.9998865
1,auto-block,0.999897
1,auto-block,0.9999318
1,auto-block,0.99984634
1,auto-block,0.9992435
1,auto-block,0.99976224
1,auto-block,0.99992883
1,auto-block,0.99990594
1,auto-block,0.9992481
1,auto-block,0.99996746
1,auto-block,0.9998419
1,auto-block,0.9998784
1,auto-block,0.9998833
1,auto-block,0.99978477
1,auto-block,0.9999572
1,auto-block,0.99978954
1,auto-block,0.9999386
1,auto-block,0.99994373
1,auto-block,0.9999167
1,auto-block,0.99996614
1,auto-block,0.9999528
1,auto-block,0.99878937
1,auto-block,0.9998319
1,auto-block,0.99932396
1,auto-block,0.9998441
1,auto-block,0.99951875
1,auto-block,0.99996984
1,auto-block,0.9999647
1,auto-block,0.999731
1,auto-block,0.99955136
1,auto-block,0.999969
1,auto-block,0.9998109
1,auto-block,0.99987197
1,auto-block,0.9999523
1,auto-block,0.99996364
1,auto-block,0.9999089
1,auto-block,0.9998318
1,auto-block,0.9998977
1,auto-block,0.9999689
1,auto-block,0.9998411
1,auto-block,0.99940073
1,auto-block,0.999907
1,auto-block,0.999762
1,auto-block,0.9999566
1,auto-block,0.9999651
1,auto-block,0.99989283
1,auto-block,0.9998797
1,auto-block,0.9998559
1,auto-block,0.99996054
1,auto-block,0.9999527
1,auto-block,0.99995875
1,auto-block,0.99984574
1,auto-block,0.9994686
1,auto-block,0.99990964
1,auto-block,0.9995732
1,auto-block,0.99975747
1,auto-block,0.9999684
1,auto-block,0.99995327
1,auto-block,0.99990726
1,auto-block,0.9999423
1,auto-block,0.9999467
1,auto-block,0.9997602
1,auto-block,0.99948347
1,auto-block,0.9995408
1,auto-block,0.99973816
1,auto-block,0.9999559
1,auto-block,0.9999646
1,auto-block,0.9994382
1,auto-block,0.99992335
1,auto-block,0.9999627
1,auto-block,0.99971265
1,auto-block,0.9999349
1,auto-block,0.99971646
1,auto-block,0.99977404
1,auto-block,0.9993486
1,auto-block,0.99989307
1,auto-block,0.9999571
1,auto-block,0.9999318
1,auto-block,0.9999584
1,auto-block,0.999956
1,auto-block,0.999647
1,auto-block,0.99992514
1,auto-block,0.9999665
1,auto-block,0.9999516
1,auto-block,0.99996483
1,auto-block,0.99890506
1,auto-block,0.99992466
1,auto-block,0.9970427
1,auto-block,0.9998996
1,auto-block,0.9998722
1,auto-block,0.999887
1,auto-block,0.9999443
1,auto-block,0.9996131
1,auto-block,0.99996734
1,auto-block,0.9999591
1,auto-block,0.9997577
1,auto-block,0.99989927
1,auto-block,0.9999325
1,auto-block,0.9998498
1,auto-block,0.9999064
1,auto-block,0.99995947
1,auto-block,0.9999511
1,auto-block,0.9996025
1,auto-block,0.999416
1,auto-block,0.99990046
1,auto-block,0.99992657
1,auto-block,0.99992764
1,auto-block,0.99987817
1,auto-block,0.99989176
1,auto-block,0.9999249
1,auto-block,0.9998977
1,auto-block,0.99990726
1,auto-block,0.99707377
1,auto-block,0.9998822
1,auto-block,0.9998518
1,auto-block,0.99986815
1,auto-block,0.9999057
1,auto-block,0.99996066
1,auto-block,0.99995565
1,auto-block,0.99993896
1,auto-block,0.99992657
1,auto-block,0.9999659
1,auto-block,0.9998814
1,auto-block,0.9998803
1,auto-block,0.99983764
1,auto-block,0.9999547
1,auto-block,0.9999176
1,auto-block,0.9999012
1,auto-block,0.9999299
1,auto-block,0.99976796
1,auto-block,0.9998319
1,auto-block,0.999959
1,auto-block,0.99969876
1,auto-block,0.9997929
1,auto-block,0.9994729
1,auto-block,0.9999349
1,auto-block,0.99990165
1,auto-block,0.9999453
1,auto-block,0.9998939
1,auto-block,0.9997497
1,auto-block,0.9998472
1,auto-block,0.9998696
1,auto-block,0.99994373
1,auto-block,0.99936813
1,auto-block,0.9999647
1,auto-block,0.99994564
1,auto-block,0.9999583
1,auto-block,0.99992263
1,auto-block,0.99992573
1,auto-block,0.9999038
1,auto-block,0.99986506
1,auto-block,0.9999523
1,auto-block,0.9999484
1,auto-block,0.99993193
1,auto-block,0.99763775
1,auto-block,0.99995625
1,auto-block,0.999894
1,auto-block,0.9997162
1,auto-block,0.9997174
1,auto-block,0.9998623
1,auto-block,0.9999579
1,auto-block,0.9998801
1,auto-block,0.99988353
1,auto-block,0.9999387
1,auto-block,0.9998528
1,auto-block,0.9997297
1,auto-block,0.99984825
1,auto-block,0.99966
1,auto-block,0.9997873
1,auto-block,0.9999279
1,auto-block,0.9999554
1,auto-block,0.9999399
1,auto-block,0.99863285
1,auto-block,0.99995005
1,auto-block,0.9999678
1,auto-block,0.99990356
1,auto-block,0.9999647
1,auto-block,0.9999646
1,auto-block,0.99984145
1,auto-block,0.99986446
1,auto-block,0.9999484
1,auto-block,0.99995005
1,auto-block,0.9999343
1,auto-block,0.99961203
1,auto-block,0.9999155
1,auto-block,0.99794155
1,auto-block,0.9999616
1,auto-block,0.99987364
1,auto-block,0.999966
1,auto-block,0.9999317
1,auto-block,0.99993193
1,auto-block,0.999951
1,auto-block,0.99993587
1,auto-block,0.99993026
1,auto-block,0.99996936
1,auto-block,0.9998405
1,auto-block,0.9999708
1,auto-block,0.9999641
1,auto-block,0.9998927
1,auto-block,0.99990225
1,auto-block,0.99994314
1,auto-block,0.99993753
1,auto-block,0.99996006
1,auto-block,0.99990964
1,auto-block,0.9998267
1,auto-block,0.99994993
1,auto-block,0.9999125
1,auto-block,0.99995744
1,auto-block,0.99989843
1,auto-block,0.99995303
1,auto-block,0.9999614
1,auto-block,0.99992824
1,auto-block,0.99988353
1,auto-block,0.99965155
1,auto-block,0.9999552
1,auto-block,0.9999113
1,auto-block,0.99975234
1,auto-block,0.9999616
1,auto-block,0.99981207
1,auto-block,0.9989009
1,auto-block,0.99996746
1,auto-block,0.99993503
1,auto-block,0.9998343
1,auto-block,0.99981195
1,auto-block,0.9999658
1,auto-block,0.99984515
1,auto-block,0.999912
1,auto-block,0.99978393
1,auto-block,0.9998839
1,auto-block,0.99992216
1,auto-block,0.99994385
1,auto-block,0.99996316
1,auto-block,0.99993443
1,auto-block,0.99990463
1,auto-block,0.99994123
1,auto-block,0.99982613
1,auto-block,0.9999379
1,auto-block,0.99995065
1,auto-block,0.9996457
1,auto-block,0.99980336
1,auto-block,0.9999418
1,auto-block,0.999954
1,auto-block,0.9995753
1,auto-block,0.99995863
1,auto-block,0.999966
1,auto-block,0.99931824
1,auto-block,0.99996686
1,auto-block,0.99769884
1,auto-block,0.9999528
1,auto-block,0.99982256
1,auto-block,0.9996811
1,auto-block,0.9999211
1,auto-block,0.9998405
1,auto-block,0.9996747
1,auto-block,0.9998536
1,auto-block,0.9999523
1,auto-block,0.99992394
1,auto-block,0.99993074
1,auto-block,0.99994004
1,auto-block,0.99995625
1,auto-block,0.9997476
1,auto-block,0.9999641
1,auto-block,0.9998845
1,auto-block,0.999962
1,auto-block,0.99987066
1,auto-block,0.9999515
1,auto-block,0.99988127
1,auto-block,0.9998652
1,auto-block,0.9999192
1,auto-block,0.9997805
1,auto-block,0.9999162
1,auto-block,0.9999287
1,auto-block,0.9999479
1,auto-block,0.99996483
1,auto-block,0.9999534
1,auto-block,0.9999342
1,auto-block,0.99995196
1,auto-block,0.9999267
1,auto-block,0.9999099
1,auto-block,0.99992144
1,auto-block,0.99954295
1,auto-block,0.9995467
1,auto-block,0.99971753
1,auto-block,0.9999349
1,auto-block,0.9999281
1,auto-block,0.99995613
1,auto-block,0.9998679
1,auto-block,0.9999578
1,auto-block,0.999967
1,auto-block,0.99996364
1,auto-block,0.9998963
1,auto-block,0.9999385
1,auto-block,0.99995744
1,auto-block,0.99994767
1,auto-block,0.9998605
1,auto-block,0.99971
1,auto-block,0.99993
1,auto-block,0.9999726
1,auto-block,0.9999484
1,auto-block,0.9995566
1,auto-block,0.9999628
1,auto-block,0.99959797
1,auto-block,0.9999522
1,auto-block,0.9999449
1,auto-block,0.99994826
1,auto-block,0.999749
1,auto-block,0.9997348
1,auto-block,0.99983823
1,auto-block,0.9998103
1,auto-block,0.99990547
1,auto-block,0.99995005
1,auto-block,0.9999664
1,auto-block,0.9998517
1,auto-block,0.999894
1,auto-block,0.9998436
1,auto-block,0.99995947
1,auto-block,0.9999232
1,auto-block,0.99990904
1,auto-block,0.9998348
1,auto-block,0.99990976
1,auto-block,0.99993277
1,auto-block,0.9998965
1,auto-block,0.99997187
1,auto-block,0.99994004
1,auto-block,0.99996114
1,auto-block,0.99994767
1,auto-block,0.99992776
1,auto-block,0.9997863
1,auto-block,0.99994373
1,auto-block,0.9528819
1,auto-block,0.99992526
1,auto-block,0.9999404
1,auto-block,0.99959475
1,auto-block,0.9999585
1,auto-block,0.9998554
1,auto-block,0.9998894
1,auto-block,0.99974436
1,auto-block,0.9999548
1,auto-block,0.9998636
1,auto-block,0.99995995
1,auto-block,0.99967575
1,auto-block,0.9998292
1,auto-block,0.99984145
1,auto-block,0.9999583
1,auto-block,0.99948776
1,auto-block,0.9999591
1,auto-block,0.9998758
1,auto-block,0.9999647
1,auto-block,0.9999552
1,auto-block,0.99888784
1,auto-block,0.9995203
1,auto-block,0.9999335
1,auto-block,0.99994016
1,auto-block,0.9999535
1,auto-block,0.9999186
1,auto-block,0.9994867
1,auto-block,0.999959
1,auto-block,0.9998789
1,auto-block,0.999969
1,auto-block,0.9999484
1,auto-block,0.99975413
1,auto-block,0.9999566
1,auto-block,0.9999268
1,auto-block,0.9999609
1,auto-block,0.99883944
1,auto-block,0.9992318
1,auto-block,0.9998472
1,auto-block,0.9999571
1,auto-block,0.999749
1,auto-block,0.999826
1,auto-block,0.99598145
1,auto-block,0.9999385
1,auto-block,0.9999522
1,auto-block,0.99992263
1,auto-block,0.9996822
1,auto-block,0.9999217
1,auto-block,0.99982244
1,auto-block,0.99984074
1,auto-block,0.99995434
1,auto-block,0.9999368
1,auto-block,0.9998448
1,auto-block,0.9999205
1,auto-block,0.9999516
1,auto-block,0.9999286
1,auto-block,0.99971133
1,auto-block,0.9999429
1,auto-block,0.9998739
1,auto-block,0.9998348
1,auto-block,0.9998833
1,auto-block,0.9996623
1,auto-block,0.9998945
1,auto-block,0.9998696
1,auto-block,0.9996387
1,auto-block,0.9999436
1,auto-block,0.9997818
1,auto-block,0.999742
1,auto-block,0.9999558
1,auto-block,0.99943453
1,auto-block,0.99956805
1,auto-block,0.9998616
1,auto-block,0.9999536
1,auto-block,0.99991524
1,auto-block,0.9999453
1,auto-block,0.99952435
1,auto-block,0.99988806
1,auto-block,0.99992967
1,auto-block,0.99985325
1,auto-block,0.9999491
1,auto-block,0.99981457
1,auto-block,0.99996126
1,auto-block,0.9997608
1,auto-block,0.99995124
1,auto-block,0.9999622
1,auto-block,0.99993503
1,auto-block,0.99996257
1,auto-block,0.9999491
1,auto-block,0.9993881
1,auto-block,0.99979883
1,auto-block,0.9999342
1,auto-block,0.99995387
1,auto-block,0.9999726
1,auto-block,0.9999509
1,auto-block,0.9999517
1,auto-block,0.99988854
1,auto-block,0.9999422
1,auto-block,0.9994673
1,auto-block,0.9999578
1,auto-block,0.9995988
1,auto-block,0.9999658
1,auto-block,0.9999156
1,auto-block,0.99988663
1,auto-block,0.99996936
1,auto-block,0.99995387
1,auto-block,0.99979705
1,auto-block,0.9999455
1,auto-block,0.99976104
1,auto-block,0.9997758
1,auto-block,0.9998853
1,auto-block,0.99983597
1,auto-block,0.99987984
1,auto-block,0.999808
1,auto-block,0.9993351
1,auto-block,0.9999517
1,auto-block,0.9999039
1,auto-block,0.99983716
1,auto-block,0.9999286
1,auto-block,0.9999616
1,auto-block,0.9998523
1,auto-block,0.99989486
1,auto-block,0.9999088
1,auto-block,0.99994504
1,auto-block,0.99986815
1,auto-block,0.99996424
1,auto-block,0.99992037
1,auto-block,0.9999094
1,auto-block,0.99755114
1,auto-block,0.9999312
1,auto-block,0.99976796
1,auto-block,0.99978644
1,auto-block,0.99995685
1,auto-block,0.9997203
1,auto-block,0.9999598
1,auto-block,0.9996635
1,auto-block,0.9998822
1,auto-block,0.99826187
1,auto-block,0.9998388
1,auto-block,0.99995244
1,auto-block,0.9987675
1,auto-block,0.9999585
1,auto-block,0.99894947
1,auto-block,0.99979526
1,auto-block,0.9998696
1,auto-block,0.99903023
1,auto-block,0.9997497
1,auto-block,0.99992096
1,auto-block,0.9998654
1,auto-block,0.9999542
1,auto-block,0.9996525
1,auto-block,0.999967
1,auto-block,0.9999542
1,auto-block,0.9999461
1,auto-block,0.9999356
1,auto-block,0.99957174
1,auto-block,0.99987197
1,auto-block,0.9999635
1,auto-block,0.99879897
1,auto-block,0.9999331
1,auto-block,0.9997626
1,auto-block,0.9999496
1,auto-block,0.9999063
1,auto-block,0.99983406
1,auto-block,0.9999521
1,auto-block,0.99994636
1,auto-block,0.9999335
1,auto-block,0.9998795
1,auto-block,0.99946135
1,auto-block,0.99995947
1,auto-block,0.9998381
1,auto-block,0.999946
1,auto-block,0.9999254
1,auto-block,0.99984527
1,auto-block,0.9999658
1,auto-block,0.99988246
1,auto-block,0.99994195
1,auto-block,0.9994436
1,auto-block,0.9999385
1,auto-block,0.9999405
1,auto-block,0.9996216
1,auto-block,0.9999459
1,auto-block,0.99991965
1,auto-block,0.99964774
1,auto-block,0.999956
1,auto-block,0.99995553
1,auto-block,0.999739
1,auto-block,0.9983487
1,auto-block,0.99996674
1,auto-block,0.99971145
1,auto-block,0.9998809
1,auto-block,0.99983394
1,auto-block,0.9999318
1,auto-block,0.9989151
1,auto-block,0.99908626
1,auto-block,0.9996766
1,auto-block,0.9999689
1,auto-block,0.9999558
1,auto-block,0.9999069
1,auto-block,0.9999118
1,auto-block,0.9998747
1,auto-block,0.99996114
1,auto-block,0.9998184
1,auto-block,0.99993336
1,auto-block,0.99989927
1,auto-block,0.999933
1,auto-block,0.9999459
1,auto-block,0.99916065
1,auto-block,0.9999031
1,auto-block,0.9997327
1,auto-block,0.9997881
0,auto-block,0.99978155
1,auto-block,0.99995005
1,auto-block,0.9996001
1,auto-block,0.99989736
1,auto-block,0.99995637
1,auto-block,0.9999347
1,auto-block,0.99995756
1,auto-block,0.99994564
1,auto-block,0.99970895
1,auto-block,0.9998399
1,auto-block,0.9994821
1,auto-block,0.99995065
1,auto-block,0.9998802
1,auto-block,0.99994946
1,auto-block,0.9999604
1,auto-block,0.9999423
1,auto-block,0.9998016
1,auto-block,0.9970042
1,auto-block,0.9998572
1,auto-block,0.9999367
1,auto-block,0.9999434
1,auto-block,0.99987173
1,auto-block,0.99996114
1,auto-block,0.9999335
1,auto-block,0.9997607
1,auto-block,0.99954885
1,auto-block,0.9999627
1,auto-block,0.99922657
1,auto-block,0.99995863
1,auto-block,0.99996173
1,auto-block,0.99995065
1,auto-block,0.9995478
1,auto-block,0.99982196
1,auto-block,0.99989176
1,auto-block,0.99985886
1,auto-block,0.99994195
1,auto-block,0.99994564
1,auto-block,0.99994147
1,auto-block,0.99989593
1,auto-block,0.9999455
1,auto-block,0.9999378
1,auto-block,0.99993634
1,auto-block,0.99993753
1,auto-block,0.99976104
1,auto-block,0.99953866
1,auto-block,0.9999101
1,auto-block,0.99988186
1,auto-block,0.999882
1,auto-block,0.99993813
1,auto-block,0.9999038
1,auto-block,0.9999701
1,auto-block,0.9997812
1,auto-block,0.9999548
1,auto-block,0.9999497
1,auto-block,0.99991274
1,auto-block,0.9996246
1,auto-block,0.9999436
1,auto-block,0.9999598
1,auto-block,0.99995625
1,auto-block,0.9998548
1,auto-block,0.99988186
1,auto-block,0.99989796
1,auto-block,0.99974483
1,auto-block,0.9998925
1,auto-block,0.9999436
1,auto-block,0.9998627
1,auto-block,0.99989724
1,auto-block,0.9999448
1,auto-block,0.9993643
1,auto-block,0.99996614
1,auto-block,0.99991107
1,auto-block,0.99993587
1,auto-block,0.9999597
1,auto-block,0.999915
1,auto-block,0.9999491
1,auto-block,0.9999423
1,auto-block,0.99994564
1,auto-block,0.9999633
1,auto-block,0.999966
1,auto-block,0.99993885
1,auto-block,0.9999434
1,auto-block,0.9999294
1,auto-block,0.9999294
1,auto-block,0.9999293
1,auto-block,0.9999355
1,auto-block,0.99975497
1,auto-block,0.9995541
1,auto-block,0.9998171
1,auto-block,0.99994564
1,auto-block,0.99995327
1,auto-block,0.99957293
1,auto-block,0.9998573
1,auto-block,0.99992824
1,auto-block,0.9998536
1,auto-block,0.999956
1,auto-block,0.99985754
1,auto-block,0.9997595
1,auto-block,0.99995935
1,auto-block,0.99985456
1,auto-block,0.9953614
1,auto-block,0.9999566
1,auto-block,0.99988127
1,auto-block,0.9999217
1,auto-block,0.9999423
1,auto-block,0.9999355
1,auto-block,0.9999094
1,auto-block,0.9995009
1,auto-block,0.99942553
1,auto-block,0.9999062
1,auto-block,0.99949956
1,auto-block,0.9999323
1,auto-block,0.9998965
1,auto-block,0.9999647
1,auto-block,0.99995327
1,auto-block,0.9999503
1,auto-block,0.99976414
1,auto-block,0.9998466
1,auto-block,0.99995506
1,auto-block,0.9997962
1,auto-block,0.99990916
1,auto-block,0.9995746
1,auto-block,0.999895
1,auto-block,0.9995802
1,auto-block,0.9999448
1,auto-block,0.9987556
1,auto-block,0.99976
1,auto-block,0.9995377
1,auto-block,0.9999485
1,auto-block,0.99974555
1,auto-block,0.9996302
1,auto-block,0.999923
1,auto-block,0.99992335
1,auto-block,0.99986565
1,auto-block,0.99991167
1,auto-block,0.99724257
1,auto-block,0.9999635
1,auto-block,0.99995744
1,auto-block,0.99978477
1,auto-block,0.9998084
1,auto-block,0.9999527
1,auto-block,0.9999627
1,auto-block,0.999948
1,auto-block,0.99984527
1,auto-block,0.9999387
1,auto-block,0.9999448
1,auto-block,0.9999697
1,auto-block,0.9999459
1,auto-block,0.9999386
1,auto-block,0.99989617
1,auto-block,0.9999459
1,auto-block,0.9998847
1,auto-block,0.99990094
1,auto-block,0.9997037
1,auto-block,0.99995494
1,auto-block,0.9998939
1,auto-block,0.9999659
1,auto-block,0.9999348
1,auto-block,0.9998859
1,auto-block,0.99994516
1,auto-block,0.9997706
1,auto-block,0.99996614
1,auto-block,0.99989736
1,auto-block,0.9999515
1,auto-block,0.9999573
1,auto-block,0.9999465
1,auto-block,0.99983156
1,auto-block,0.9999068
1,auto-block,0.99967515
1,auto-block,0.9998888
1,auto-block,0.99990237
1,auto-block,0.9999436
1,auto-block,0.9995915
1,auto-block,0.9999366
1,auto-block,0.99995124
1,auto-block,0.99940073
1,auto-block,0.99990535
1,auto-block,0.99994767
1,auto-block,0.9999082
1,auto-block,0.999796
1,auto-block,0.99987817
1,auto-block,0.9999596
1,auto-block,0.99995327
1,auto-block,0.999938
1,auto-block,0.99980515
1,auto-block,0.9999398
1,auto-block,0.99994135
1,auto-block,0.9997336
1,auto-block,0.9993174
1,auto-block,0.9999572
1,auto-block,0.9999502
1,auto-block,0.99995327
1,auto-block,0.99996376
1,auto-block,0.9994438
1,auto-block,0.9999318
1,auto-block,0.999948
1,auto-block,0.9999534
1,auto-block,0.99995697
1,auto-block,0.99994147
1,auto-block,0.99993443
1,auto-block,0.99984646
1,auto-block,0.9998621
1,auto-block,0.99996245
1,auto-block,0.99995244
1,auto-block,0.99995327
1,auto-block,0.9997992
1,auto-block,0.9998617
1,auto-block,0.9999579
1,auto-block,0.9936231
1,auto-block,0.99995005
1,auto-block,0.99962425
1,auto-block,0.9997507
1,auto-block,0.9998667
1,auto-block,0.9999397
1,auto-block,0.99984825
1,auto-block,0.99997187
1,auto-block,0.99982774
1,auto-block,0.9995859
1,auto-block,0.999967
1,auto-block,0.9999368
1,auto-block,0.9999677
1,auto-block,0.99996614
1,auto-block,0.9999025
1,auto-block,0.9999517
1,auto-block,0.9999616
1,auto-block,0.9996958
1,auto-block,0.9998543
1,auto-block,0.99899405
1,auto-block,0.9999362
1,auto-block,0.9998741
1,auto-block,0.9997631
1,auto-block,0.99985147
1,auto-block,0.9999125
1,auto-block,0.9997974
1,auto-block,0.9992867
1,auto-block,0.9999634
1,auto-block,0.99988127
1,auto-block,0.9999521
1,auto-block,0.99990726
1,auto-block,0.99984336
1,auto-block,0.9999211
1,auto-block,0.99666154
1,auto-block,0.999967
1,auto-block,0.99969363
1,auto-block,0.9998248
1,auto-block,0.99941444
1,auto-block,0.99984634
1,auto-block,0.99991107
1,auto-block,0.9999255
1,auto-block,0.99997187
1,auto-block,0.999946
1,auto-block,0.9994444
1,auto-block,0.99967515
1,auto-block,0.999908
1,auto-block,0.9998902
1,auto-block,0.99981004
1,auto-block,0.9999566
1,auto-block,0.9998091
1,auto-block,0.99991417
1,auto-block,0.99978393
1,auto-block,0.9999361
1,auto-block,0.9964689
1,auto-block,0.99970573
1,auto-block,0.9998486
1,auto-block,0.999818
1,auto-block,0.9997255
1,auto-block,0.9998667
1,auto-block,0.99996114
1,auto-block,0.9992495
1,auto-block,0.9999237
1,auto-block,0.99990904
1,auto-block,0.99986637
1,auto-block,0.99959964
1,auto-block,0.9999455
1,auto-block,0.99993336
1,auto-block,0.9999255
1,auto-block,0.99989176
1,auto-block,0.99991107
1,auto-block,0.999846
1,auto-block,0.99980086
1,auto-block,0.99978226
1,auto-block,0.9999213
1,auto-block,0.99995434
1,auto-block,0.9999318
1,auto-block,0.99990404
1,auto-block,0.9999337
1,auto-block,0.9999453
1,auto-block,0.99953496
1,auto-block,0.999912
1,auto-block,0.9997944
1,auto-block,0.9995851
1,auto-block,0.9999447
1,auto-block,0.9999366
1,auto-block,0.9998412
1,auto-block,0.99989724
1,auto-block,0.9999597
1,auto-block,0.99995685
1,auto-block,0.99970514
1,auto-block,0.99972194
1,auto-block,0.9999403
1,auto-block,0.9999368
1,auto-block,0.9999542
1,auto-block,0.9997522
1,auto-block,0.99995565
1,auto-block,0.999967
1,auto-block,0.9998677
1,auto-block,0.99996233
1,auto-block,0.9998739
1,auto-block,0.9999461
1,auto-block,0.99990153
1,auto-block,0.99989665
1,auto-block,0.99995327
1,auto-block,0.99995685
1,auto-block,0.9999423
1,auto-block,0.9999658
1,auto-block,0.9999083
1,auto-block,0.99994826
1,auto-block,0.9998815
1,auto-block,0.9999521
1,auto-block,0.9996263
1,auto-block,0.99996746
1,auto-block,0.9999361
1,auto-block,0.99997187
1,auto-block,0.9999486
1,auto-block,0.9997166
1,auto-block,0.99983954
1,auto-block,0.9999155
1,auto-block,0.99994564
1,auto-block,0.9999598
1,auto-block,0.9998871
1,auto-block,0.99996114
1,auto-block,0.9999366
1,auto-block,0.99980754
1,auto-block,0.9998709
1,auto-block,0.9999565
1,auto-block,0.9999373
1,auto-block,0.999956
1,auto-block,0.999964
1,auto-block,0.99974924
1,auto-block,0.9998503
1,auto-block,0.99996233
1,auto-block,0.99972683
1,auto-block,0.99979776
1,auto-block,0.99994373
1,auto-block,0.99972254
1,auto-block,0.9999647
1,auto-block,0.9999459
1,auto-block,0.99916816
1,auto-block,0.99991477
1,auto-block,0.999782
1,auto-block,0.9999347
1,auto-block,0.9997409
1,auto-block,0.99963844
1,auto-block,0.9999441
1,auto-block,0.9999044
1,auto-block,0.9999647
1,auto-block,0.9997471
1,auto-block,0.9999647
1,auto-block,0.99984527
1,auto-block,0.9998882
1,auto-block,0.9999124
1,auto-block,0.999905
1,auto-block,0.9992111
1,auto-block,0.9999509
1,auto-block,0.9996673
1,auto-block,0.9998721
1,auto-block,0.999938
1,auto-block,0.9999281
1,auto-block,0.99996233
1,auto-block,0.9998523
1,auto-block,0.9998729
1,auto-block,0.99993026
1,auto-block,0.9999361
1,auto-block,0.999355
1,auto-block,0.9993529
1,auto-block,0.99968255
1,auto-block,0.9999057
1,auto-block,0.99982005
1,auto-block,0.9997868
1,auto-block,0.9998709
1,auto-block,0.99948347
1,auto-block,0.9998951
1,auto-block,0.99996996
1,auto-block,0.9999422
1,auto-block,0.9997998
1,auto-block,0.999961
1,auto-block,0.9999676
1,auto-block,0.99993837
1,auto-block,0.99989617
1,auto-block,0.9999516
1,auto-block,0.9999701
1,auto-block,0.9999467
1,auto-block,0.999938
1,auto-block,0.9999658
1,auto-block,0.99873954
1,auto-block,0.9999528
1,auto-block,0.99993145
1,auto-block,0.9999106
1,auto-block,0.99992573
1,auto-block,0.999967
1,auto-block,0.9998946
1,auto-block,0.9998894
1,auto-block,0.99919707
1,auto-block,0.99995756
1,auto-block,0.99981433
1,auto-block,0.999961
1,auto-block,0.99995327
1,auto-block,0.99971515
1,auto-block,0.9999273
1,auto-block,0.99995434
1,auto-block,0.9998486
1,auto-block,0.999246
1,auto-block,0.9999131
1,auto-block,0.9999293
1,auto-block,0.99781597
1,auto-block,0.9999039
1,auto-block,0.99974555
1,auto-block,0.9999683
1,auto-block,0.9999517
1,auto-block,0.9998822
1,auto-block,0.9999392
1,auto-block,0.9998839
1,auto-block,0.99993277
1,auto-block,0.99983156
1,auto-block,0.9999629
1,auto-block,0.9993524
1,auto-block,0.9999269
1,auto-block,0.99802834
1,auto-block,0.99993503
1,auto-block,0.9999647
1,auto-block,0.9997727
1,auto-block,0.99988925
1,auto-block,0.99996364
1,auto-block,0.99974734
1,auto-block,0.999966
1,auto-block,0.9999006
1,auto-block,0.9997838
1,auto-block,0.99992955
1,auto-block,0.99984527
1,auto-block,0.99985933
1,auto-block,0.99962604
1,auto-block,0.9997731
1,auto-block,0.9999434
1,auto-block,0.9998622
1,auto-block,0.9999646
1,auto-block,0.9999186
1,auto-block,0.9997981
1,auto-block,0.9998161
1,auto-block,0.99982905
1,auto-block,0.99989116
1,auto-block,0.9996346
1,auto-block,0.9999485
1,auto-block,0.999928
1,auto-block,0.99987113
1,auto-block,0.9999206
1,auto-block,0.99975914
1,auto-block,0.99941766
1,auto-block,0.99995613
1,auto-block,0.9999528
1,auto-block,0.9999453
1,auto-block,0.99968123
1,auto-block,0.9998547
1,auto-block,0.99996936
1,auto-block,0.99994266
1,auto-block,0.9998301
1,auto-block,0.9999559
1,auto-block,0.9997496
1,auto-block,0.999966
1,auto-block,0.9999441
1,auto-block,0.99993443
1,auto-block,0.9999325
1,auto-block,0.99994195
1,auto-block,0.9998977
1,auto-block,0.9999652
1,auto-block,0.9998361
1,auto-block,0.99973685
1,auto-block,0.9999651
1,auto-block,0.9999201
1,auto-block,0.9999325
1,auto-block,0.9995136
1,auto-block,0.9999565
1,auto-block,0.99978274
1,auto-block,0.9947042
1,auto-block,0.9999275
1,auto-block,0.99983823
1,auto-block,0.99992144
1,auto-block,0.9999651
1,auto-block,0.9992341
1,auto-block,0.99996066
1,auto-block,0.99987257
1,auto-block,0.99990976
1,auto-block,0.99996257
1,auto-block,0.9998853
1,auto-block,0.999946
1,auto-block,0.9999591
1,auto-block,0.9998653
1,auto-block,0.999969
1,auto-block,0.9996363
1,auto-block,0.9999347
1,auto-block,0.9993216
1,auto-block,0.99986947
1,auto-block,0.9998043
1,auto-block,0.9999553
1,auto-block,0.99926096
1,auto-block,0.999902
1,auto-block,0.9998727
1,auto-block,0.99991035
1,auto-block,0.9998981
1,auto-block,0.999967
1,auto-block,0.9998456
1,auto-block,0.99995613
1,auto-block,0.9999064
1,auto-block,0.9999627
1,auto-block,0.9998945
1,auto-block,0.999936
1,auto-block,0.99964297
1,auto-block,0.99975866
1,auto-block,0.9999355
1,auto-block,0.9999335
1,auto-block,0.9998987
1,auto-block,0.999795
1,auto-block,0.9996432
1,auto-block,0.9998809
1,auto-block,0.999951
1,auto-block,0.9999292
1,auto-block,0.99996114
1,auto-block,0.9999368
1,auto-block,0.9999269
1,auto-block,0.9999423
1,auto-block,0.99992764
1,auto-block,0.99996173
1,auto-block,0.9999492
1,auto-block,0.99984527
1,auto-block,0.9998363
1,auto-block,0.9998241
1,auto-block,0.98918414
1,auto-block,0.99914956
1,auto-block,0.9999502
1,auto-block,0.9999678
1,auto-block,0.9999219
1,auto-block,0.9999342
1,auto-block,0.9998667
1,auto-block,0.99994934
1,auto-block,0.999948
1,auto-block,0.9999503
1,auto-block,0.99996424
1,auto-block,0.99995613
1,auto-block,0.99984145
1,auto-block,0.9998703
1,auto-block,0.9999442
1,auto-block,0.9998369
1,auto-block,0.99994564
1,auto-block,0.9999081
1,auto-block,0.9999405
1,auto-block,0.99995494
1,auto-block,0.9999026
1,auto-block,0.9999664
1,auto-block,0.99954945
1,auto-block,0.9999536
1,auto-block,0.9999467
1,auto-block,0.99995923
1,auto-block,0.9998609
1,auto-block,0.9999474
1,auto-block,0.99993837
1,auto-block,0.9998913
1,auto-block,0.99979776
1,auto-block,0.9999074
1,auto-block,0.9996619
1,auto-block,0.9997613
1,auto-block,0.9999504
1,auto-block,0.99985707
1,auto-block,0.999962
1,auto-block,0.9999286
1,auto-block,0.9998221
1,auto-block,0.99872017
1,auto-block,0.9999187
1,auto-block,0.9999224
1,auto-block,0.9998497
1,auto-block,0.99985147
1,auto-block,0.999608
1,auto-block,0.99993384
1,auto-block,0.9999205
1,auto-block,0.9998739
1,auto-block,0.9999633
1,auto-block,0.9999598
1,auto-block,0.9999416
1,auto-block,0.9999534
1,auto-block,0.99996686
1,auto-block,0.999944
1,auto-block,0.99971133
1,auto-block,0.9999701
1,auto-block,0.9999063
1,auto-block,0.99991775
1,auto-block,0.99983764
1,auto-block,0.9998596
1,auto-block,0.9999219
1,auto-block,0.99993074
1,auto-block,0.99996555
1,auto-block,0.999943
1,auto-block,0.9997305
1,auto-block,0.9999418
1,auto-block,0.99995565
1,auto-block,0.99996054
1,auto-block,0.9999553
1,auto-block,0.9998789
1,auto-block,0.995654
1,auto-block,0.99917406
1,auto-block,0.99865484
1,auto-block,0.9999385
1,auto-block,0.99996746
1,auto-block,0.9999485
1,auto-block,0.9999503
1,auto-block,0.999895
1,auto-block,0.9999356
1,auto-block,0.99992836
1,auto-block,0.9998884
1,auto-block,0.999691
1,auto-block,0.9998909
1,auto-block,0.99942625
1,auto-block,0.99993753
1,auto-block,0.9998696
1,auto-block,0.99942124
1,auto-block,0.9997814
1,auto-block,0.99900705
1,auto-block,0.99982053
1,auto-block,0.999961
1,auto-block,0.99985874
1,auto-block,0.99982005
1,auto-block,0.9999392
1,auto-block,0.9999391
1,auto-block,0.999966
1,auto-block,0.9998123
1,auto-block,0.99666435
1,auto-block,0.99994755
1,auto-block,0.9998516
1,auto-block,0.99990845
1,auto-block,0.9996983
1,auto-block,0.99991274
1,auto-block,0.9992785
1,auto-block,0.9999598
1,auto-block,0.99976605
1,auto-block,0.9998883
1,auto-block,0.9999571
1,auto-block,0.9999081
1,auto-block,0.9998784
1,auto-block,0.99975044
1,auto-block,0.9997366
1,auto-block,0.99995995
1,auto-block,0.9999485
1,auto-block,0.9998872
1,auto-block,0.9997173
1,auto-block,0.99992275
1,auto-block,0.9999534
1,auto-block,0.9999622
1,auto-block,0.99996006
1,auto-block,0.99995553
1,auto-block,0.9998648
1,auto-block,0.99995077
1,auto-block,0.9998746
1,auto-block,0.9999162
1,auto-block,0.999943
1,auto-block,0.9999298
1,auto-block,0.9998229
1,auto-block,0.9999646
1,auto-block,0.9999366
1,auto-block,0.9998944
1,auto-block,0.99995685
1,auto-block,0.9999287
1,auto-block,0.99994564
1,auto-block,0.99976724
1,auto-block,0.9999609
1,auto-block,0.9998884
1,auto-block,0.9999232
1,auto-block,0.9997613
1,auto-block,0.9999298
1,auto-block,0.99989355
1,auto-block,0.9997497
1,auto-block,0.99990463
1,auto-block,0.9998317
1,auto-block,0.99991155
1,auto-block,0.9997861
1,auto-block,0.99976414
1,auto-block,0.99992216
1,auto-block,0.9999527
1,auto-block,0.9996024
1,auto-block,0.99993694
1,auto-block,0.9997851
1,auto-block,0.99997187
1,auto-block,0.9999387
1,auto-block,0.9999441
1,auto-block,0.9994832
1,auto-block,0.9994954
1,auto-block,0.9998436
1,auto-block,0.9999212
1,auto-block,0.9999325
1,auto-block,0.99996126
1,auto-block,0.9999325
1,auto-block,0.99973196
1,auto-block,0.9999627
1,auto-block,0.99996746
1,auto-block,0.99994874
1,auto-block,0.99981743
1,auto-block,0.99900216
1,auto-block,0.99991703
1,auto-block,0.9999622
1,auto-block,0.99990904
1,auto-block,0.999954
1,auto-block,0.99982053
1,auto-block,0.9997564
1,auto-block,0.99985826
1,auto-block,0.99987495
1,auto-block,0.9999659
1,auto-block,0.99990165
1,auto-block,0.9999585
1,auto-block,0.9995285
1,auto-block,0.9999583
1,auto-block,0.9991296
1,auto-block,0.99961865
1,auto-block,0.999881
1,auto-block,0.9999665
1,auto-block,0.9996847
1,auto-block,0.999889
1,auto-block,0.9999578
1,auto-block,0.99994266
1,auto-block,0.9999548
1,auto-block,0.99933064
1,auto-block,0.9999223
1,auto-block,0.99991345
1,auto-block,0.99996614
1,auto-block,0.9996623
1,auto-block,0.999954
1,auto-block,0.99987876
1,auto-block,0.99988735
1,auto-block,0.9999659
1,auto-block,0.9999504
1,auto-block,0.9999659
1,auto-block,0.9998869
1,auto-block,0.99995637
1,auto-block,0.9999548
1,auto-block,0.99996614
1,auto-block,0.99996233
1,auto-block,0.99994993
1,auto-block,0.9999342
1,auto-block,0.9998356
1,auto-block,0.99996674
1,auto-block,0.9998104
1,auto-block,0.99995875
1,auto-block,0.99994445
1,auto-block,0.9999193
1,auto-block,0.99955744
1,auto-block,0.9999577
1,auto-block,0.9999355
1,auto-block,0.99977285
1,auto-block,0.99985445
1,auto-block,0.99995875
1,auto-block,0.99996424
1,auto-block,0.9999343
1,auto-block,0.99995697
1,auto-block,0.99987066
1,auto-block,0.99986506
1,auto-block,0.99996066
1,auto-block,0.99988854
1,auto-block,0.9996816
1,auto-block,0.9999496
1,auto-block,0.9997991
1,auto-block,0.99991035
1,auto-block,0.9999199
1,auto-block,0.9999094
1,auto-block,0.9999267
1,auto-block,0.9999132
1,auto-block,0.99995816
1,auto-block,0.9999416
1,auto-block,0.9999486
1,auto-block,0.99995685
1,auto-block,0.99995005
1,auto-block,0.99988294
1,auto-block,0.99988484
1,auto-block,0.99979585
1,auto-block,0.999938
1,auto-block,0.99996984
1,auto-block,0.99984705
1,auto-block,0.9999336
1,auto-block,0.9998274
1,auto-block,0.99995387
1,auto-block,0.9998017
1,auto-block,0.9999279
1,auto-block,0.99958605
1,auto-block,0.9999527
1,auto-block,0.99979573
1,auto-block,0.99975234
1,auto-block,0.99960786
1,auto-block,0.99991214
1,auto-block,0.99992
1,auto-block,0.9999355
1,auto-block,0.99960214
1,auto-block,0.99994266
1,auto-block,0.9999304
1,auto-block,0.9999306
1,auto-block,0.99996436
1,auto-block,0.99980944
1,auto-block,0.9999616
1,auto-block,0.999818
1,auto-block,0.9999503
1,auto-block,0.9999647
1,auto-block,0.99996233
1,auto-block,0.99988127
1,auto-block,0.9997651
1,auto-block,0.99991155
1,auto-block,0.9999646
1,auto-block,0.99991035
1,auto-block,0.99994254
1,auto-block,0.9999423
1,auto-block,0.998395
1,auto-block,0.99989116
1,auto-block,0.9999485
1,auto-block,0.99994266
1,auto-block,0.99996114
1,auto-block,0.9997347
1,auto-block,0.99996924
1,auto-block,0.9999652
1,auto-block,0.9999628
1,auto-block,0.9999049
1,auto-block,0.9999387
1,auto-block,0.99989426
1,auto-block,0.99994004
1,auto-block,0.9999225
1,auto-block,0.99995613
1,auto-block,0.99996805
1,auto-block,0.99991024
1,auto-block,0.9999186
1,auto-block,0.9998841
1,auto-block,0.9999546
1,auto-block,0.99991107
1,auto-block,0.99992085
1,auto-block,0.99979466
1,auto-block,0.9999318
1,auto-block,0.9999654
1,auto-block,0.9994861
1,auto-block,0.9999609
1,auto-block,0.99901414
1,auto-block,0.99962485
1,auto-block,0.9999167
1,auto-block,0.99983954
1,auto-block,0.99989736
1,auto-block,0.99995065
1,auto-block,0.99990356
1,auto-block,0.9999534
1,auto-block,0.9997538
1,auto-block,0.99983084
1,auto-block,0.9999356
1,auto-block,0.9999361
1,auto-block,0.99939644
1,auto-block,0.99996245
1,auto-block,0.99984527
1,auto-block,0.9999645
1,auto-block,0.99994326
1,auto-block,0.9999051
1,auto-block,0.99984753
1,auto-block,0.9999155
1,auto-block,0.9999635
1,auto-block,0.99994206
1,auto-block,0.9998312
1,auto-block,0.9998374
1,auto-block,0.9999124
1,auto-block,0.9999212
1,auto-block,0.99991167
1,auto-block,0.996236
1,auto-block,0.99995065
1,auto-block,0.99990034
1,auto-block,0.9999502
1,auto-block,0.9989759
1,auto-block,0.999925
1,auto-block,0.99994016
1,auto-block,0.99994695
1,auto-block,0.99993956
1,auto-block,0.999967
1,auto-block,0.9998747
1,auto-block,0.9999269
1,auto-block,0.9998148
1,auto-block,0.99995387
1,auto-block,0.99991417
1,auto-block,0.99995756
1,auto-block,0.9999349
1,auto-block,0.9994405
1,auto-block,0.9995254
1,auto-block,0.99990547
1,auto-block,0.9998692
1,auto-block,0.99987185
1,auto-block,0.9998099
1,auto-block,0.99996936
1,auto-block,0.9999652
1,auto-block,0.9997695
1,auto-block,0.9996289
1,auto-block,0.99979323
1,auto-block,0.99989104
1,auto-block,0.9998511
1,auto-block,0.99987507
1,auto-block,0.9999473
1,auto-block,0.9990539
1,auto-block,0.99994576
1,auto-block,0.99995446
1,auto-block,0.99996924
1,auto-block,0.9999187
1,auto-block,0.9998636
1,auto-block,0.9999496
1,auto-block,0.9999429
1,auto-block,0.9999459
1,auto-block,0.99989796
1,auto-block,0.999948
1,auto-block,0.999928
1,auto-block,0.99849117
1,auto-block,0.9999571
1,auto-block,0.9999362
1,auto-block,0.9999485
1,auto-block,0.99988437
1,auto-block,0.9994634
1,auto-block,0.99969494
1,auto-block,0.9999616
1,auto-block,0.99995005
1,auto-block,0.99992657
1,auto-block,0.9999428
1,auto-block,0.99993134
1,auto-block,0.99993265
1,auto-block,0.9999596
1,auto-block,0.9999473
1,auto-block,0.99977905
1,auto-block,0.9999416
1,auto-block,0.9998903
1,auto-block,0.99995625
1,auto-block,0.99995005
1,auto-block,0.9999436
1,auto-block,0.9999633
1,auto-block,0.9994031
1,auto-block,0.9999571
1,auto-block,0.99000436
1,auto-block,0.9996061
1,auto-block,0.9999428
1,auto-block,0.9999492
1,auto-block,0.9995171
1,auto-block,0.999969
1,auto-block,0.9989059
1,auto-block,0.9999583
1,auto-block,0.999158
1,auto-block,0.99996567
1,auto-block,0.9999291
1,auto-block,0.99996257
1,auto-block,0.99994075
1,auto-block,0.9997217
1,auto-block,0.99968433
1,auto-block,0.9999584
1,auto-block,0.9999523
1,auto-block,0.9999665
1,auto-block,0.9999492
1,auto-block,0.9999465
1,auto-block,0.99979895
1,auto-block,0.9998708
1,auto-block,0.9994778
1,auto-block,0.9998982
1,auto-block,0.99992895
1,auto-block,0.99996376
1,auto-block,0.999943
1,auto-block,0.99995244
1,auto-block,0.99993515
1,auto-block,0.99994874
1,auto-block,0.9999676
1,auto-block,0.9999274
1,auto-block,0.9999646
1,auto-block,0.9998821
1,auto-block,0.99988353
1,auto-block,0.9999465
1,auto-block,0.99990845
1,auto-block,0.9999505
1,auto-block,0.99996114
1,auto-block,0.9997129
1,auto-block,0.99992716
1,auto-block,0.9999223
1,auto-block,0.9999385
1,auto-block,0.999908
1,auto-block,0.9996556
1,auto-block,0.99946004
1,auto-block,0.9998312
1,auto-block,0.9999454
1,auto-block,0.9999168
1,auto-block,0.99996114
1,auto-block,0.99996924
1,auto-block,0.9999294
1,auto-block,0.9999443
1,auto-block,0.9998956
1,auto-block,0.9998739
1,auto-block,0.999845
1,auto-block,0.9999715
1,auto-block,0.999851
1,auto-block,0.9998398
1,auto-block,0.999967
1,auto-block,0.9999416
1,auto-block,0.9999337
1,auto-block,0.999956
1,auto-block,0.99971884
1,auto-block,0.99980885
1,auto-block,0.9999286
1,auto-block,0.9999696
1,auto-block,0.9999355
1,auto-block,0.9998541
1,auto-block,0.9998406
1,auto-block,0.99995446
1,auto-block,0.9998758
1,auto-block,0.99921775
1,auto-block,0.9999658
1,auto-block,0.99995565
1,auto-block,0.9998264
1,auto-block,0.9999385
1,auto-block,0.9994642
1,auto-block,0.9999465
1,auto-block,0.9997583
1,auto-block,0.9998543
1,auto-block,0.9999542
1,auto-block,0.9999368
1,auto-block,0.9998202
1,auto-block,0.99987614
1,auto-block,0.9999398
1,auto-block,0.99995303
1,auto-block,0.9999596
1,auto-block,0.9998029
1,auto-block,0.99980253
1,auto-block,0.999964
1,auto-block,0.9999106
1,auto-block,0.99975044
1,auto-block,0.99993503
1,auto-block,0.99980587
1,auto-block,0.9998343
1,auto-block,0.9998467
1,auto-block,0.9999113
1,auto-block,0.9999238
1,auto-block,0.99967337
1,auto-block,0.999923
1,auto-block,0.99973804
1,auto-block,0.9998192
1,auto-block,0.9998481
1,auto-block,0.999912
1,auto-block,0.9999163
1,auto-block,0.9999515
1,auto-block,0.9999505
1,auto-block,0.99862885
1,auto-block,0.99996924
1,auto-block,0.9999436
1,auto-block,0.9999144
1,auto-block,0.99987173
1,auto-block,0.999967
1,auto-block,0.99994874
1,auto-block,0.999879
1,auto-block,0.99993944
1,auto-block,0.9999403
1,auto-block,0.99996686
1,auto-block,0.9982135
1,auto-block,0.9999354
1,auto-block,0.9999254
1,auto-block,0.99994206
1,auto-block,0.99995315
1,auto-block,0.99995923
1,auto-block,0.99976724
1,auto-block,0.9999416
1,auto-block,0.99969363
1,auto-block,0.9998505
1,auto-block,0.9999336
1,auto-block,0.9999522
1,auto-block,0.9999261
1,auto-block,0.9999496
1,auto-block,0.9997894
1,auto-block,0.99992263
1,auto-block,0.99991095
1,auto-block,0.9999548
1,auto-block,0.99902844
1,auto-block,0.99946636
1,auto-block,0.9999001
1,auto-block,0.99986243
1,auto-block,0.999595
1,auto-block,0.9997359
1,auto-block,0.999099
1,auto-block,0.9999579
1,auto-block,0.99993813
1,auto-block,0.9998435
1,auto-block,0.999461
1,auto-block,0.99994564
1,auto-block,0.99993
1,auto-block,0.99993277
1,auto-block,0.9998841
1,auto-block,0.9995511
1,auto-block,0.9999465
1,auto-block,0.999887
1,auto-block,0.99811375
1,auto-block,0.9998184
1,auto-block,0.9998776
1,auto-block,0.9999304
1,auto-block,0.9998889
1,auto-block,0.9998436
1,auto-block,0.9998894
1,auto-block,0.99994016
1,auto-block,0.99996364
1,auto-block,0.9999633
1,auto-block,0.9999044
1,auto-block,0.9996655
1,auto-block,0.9998853
1,auto-block,0.99995697
1,auto-block,0.9996081
1,auto-block,0.99996364
1,auto-block,0.99986863
1,auto-block,0.9999063
1,auto-block,0.999967
1,auto-block,0.999967
1,auto-block,0.99993396
1,auto-block,0.9992724
1,auto-block,0.9999516
1,auto-block,0.9998512
1,auto-block,0.999846
1,auto-block,0.9999391
1,auto-block,0.9996784
1,auto-block,0.99970883
1,auto-block,0.99963975
1,auto-block,0.9999505
1,auto-block,0.99995446
1,auto-block,0.99916375
1,auto-block,0.9988814
1,auto-block,0.9999492
1,auto-block,0.9996369
1,auto-block,0.9997322
1,auto-block,0.9998629
1,auto-block,0.99994516
1,auto-block,0.9998361
1,auto-block,0.9983701
1,auto-block,0.9999573
1,auto-block,0.9997881
1,auto-block,0.99996305
1,auto-block,0.9997359
1,auto-block,0.9999585
1,auto-block,0.9999093
1,auto-block,0.999146
1,auto-block,0.9998443
1,auto-block,0.99982446
1,auto-block,0.9999534
1,auto-block,0.999956
1,auto-block,0.9999397
1,auto-block,0.99058527
1,auto-block,0.99970406
1,auto-block,0.99993813
1,auto-block,0.9999249
1,auto-block,0.99966836
1,auto-block,0.99987745
1,auto-block,0.9998567
1,auto-block,0.99894327
1,auto-block,0.999905
1,auto-block,0.99987054
1,auto-block,0.99973625
1,auto-block,0.99992657
1,auto-block,0.9998374
1,auto-block,0.99995434
1,auto-block,0.9998221
1,auto-block,0.9992874
1,auto-block,0.99991
1,auto-block,0.9999305
1,auto-block,0.9998945
1,auto-block,0.99995923
1,auto-block,0.99990714
1,auto-block,0.9999652
1,auto-block,0.99983525
1,auto-block,0.9999026
1,auto-block,0.9999263
1,auto-block,0.9997428
1,auto-block,0.9999603
1,auto-block,0.9996363
1,auto-block,0.9997173
1,auto-block,0.99995303
1,auto-block,0.9998265
1,auto-block,0.9999441
1,auto-block,0.9998797
1,auto-block,0.99978393
1,auto-block,0.9999298
1,auto-block,0.9997167
1,auto-block,0.999902
1,auto-block,0.99956554
1,auto-block,0.99991095
1,auto-block,0.99996173
1,auto-block,0.9998902
1,auto-block,0.99995816
1,auto-block,0.99976784
1,auto-block,0.9999436
1,auto-block,0.9998932
1,auto-block,0.9999505
1,auto-block,0.999843
1,auto-block,0.9996587
1,auto-block,0.9999459
1,auto-block,0.99927384
1,auto-block,0.9999465
1,auto-block,0.99993
1,auto-block,0.99995494
1,auto-block,0.9996449
1,auto-block,0.9996507
1,auto-block,0.99996567
1,auto-block,0.99980646
1,auto-block,0.9999393
1,auto-block,0.9999627
1,auto-block,0.99979717
1,auto-block,0.99984646
1,auto-block,0.99992204
1,auto-block,0.9999548
1,auto-block,0.99993205
1,auto-block,0.9992205
1,auto-block,0.9999347
1,auto-block,0.9998479
1,auto-block,0.99996805
1,auto-block,0.99989676
1,auto-block,0.9998996
1,auto-block,0.9999267
1,auto-block,0.99969244
1,auto-block,0.9999285
1,auto-block,0.9998658
1,auto-block,0.9996922
1,auto-block,0.995691
1,auto-block,0.99990153
1,auto-block,0.99992204
1,auto-block,0.9998528
1,auto-block,0.99986446
1,auto-block,0.99980146
1,auto-block,0.999943
1,auto-block,0.9997421
1,auto-block,0.9999509
1,auto-block,0.99976057
1,auto-block,0.99076265
1,auto-block,0.99986887
1,auto-block,0.99993706
1,auto-block,0.9999132
1,auto-block,0.9988066
1,auto-block,0.99993134
1,auto-block,0.99870074
1,auto-block,0.9999523
1,auto-block,0.9999162
1,auto-block,0.9994241
1,auto-block,0.999782
1,auto-block,0.9996941
1,auto-block,0.99994445
1,auto-block,0.99995315
1,auto-block,0.9999262
1,auto-block,0.99983037
1,auto-block,0.9999503
1,auto-block,0.99996233
1,auto-block,0.99993205
1,auto-block,0.999966
1,auto-block,0.9999478
1,auto-block,0.9999354
1,auto-block,0.99994564
1,auto-block,0.99986327
1,auto-block,0.99987626
1,auto-block,0.9998356
1,auto-block,0.99996114
1,auto-block,0.9999696
1,auto-block,0.9999622
1,auto-block,0.99983394
1,auto-block,0.9999542
1,auto-block,0.9997702
1,auto-block,0.99991715
1,auto-block,0.9999577
1,auto-block,0.99994636
1,auto-block,0.9999521
1,auto-block,0.9999647
1,auto-block,0.9998248
1,auto-block,0.99992263
1,auto-block,0.9992987
1,auto-block,0.9999231
1,auto-block,0.99994874
1,auto-block,0.9999136
1,auto-block,0.99993277
1,auto-block,0.9999012
1,auto-block,0.999964
1,auto-block,0.99994135
1,auto-block,0.99993205
1,auto-block,0.9999492
1,auto-block,0.9998925
1,auto-block,0.9997564
1,auto-block,0.9999323
1,auto-block,0.99987984
1,auto-block,0.9997149
1,auto-block,0.9999573
1,auto-block,0.99947685
1,auto-block,0.99994254
1,auto-block,0.999918
1,auto-block,0.9996408
1,auto-block,0.9998739
1,auto-block,0.9994936
1,auto-block,0.9997601
1,auto-block,0.9999565
1,auto-block,0.9998995
1,auto-block,0.9905912
1,auto-block,0.999899
1,auto-block,0.99984276
1,auto-block,0.99963975
1,auto-block,0.9996748
1,auto-block,0.99995375
1,auto-block,0.99995863
1,auto-block,0.99982244
1,auto-block,0.9999571
1,auto-block,0.9998234
1,auto-block,0.99987435
1,auto-block,0.99992836
1,auto-block,0.9999275
1,auto-block,0.99949205
1,auto-block,0.99990106
1,auto-block,0.9999559
1,auto-block,0.9999386
1,auto-block,0.9999
1,auto-block,0.9999616
1,auto-block,0.9998852
1,auto-block,0.99987173
1,auto-block,0.9999403
1,auto-block,0.9999168
1,auto-block,0.9998841
1,auto-block,0.9999403
1,auto-block,0.99983335
1,auto-block,0.9999647
1,auto-block,0.99996173
1,auto-block,0.9999484
1,auto-block,0.9999467
1,auto-block,0.99975556
1,auto-block,0.99986863
1,auto-block,0.999949
1,auto-block,0.99992573
1,auto-block,0.9999584
1,auto-block,0.99982053
1,auto-block,0.99995005
1,auto-block,0.9999219
1,auto-block,0.99845266
1,auto-block,0.99994946
1,auto-block,0.99992156
1,auto-block,0.99994004
1,auto-block,0.999907
1,auto-block,0.9998988
1,auto-block,0.9998282
1,auto-block,0.99984527
1,auto-block,0.9997583
1,auto-block,0.908766
1,auto-block,0.99996185
1,auto-block,0.99974436
1,auto-block,0.9999497
1,auto-block,0.9999577
1,auto-block,0.99984205
1,auto-block,0.99995685
1,auto-block,0.9999467
1,auto-block,0.9999095
1,auto-block,0.9999517
1,auto-block,0.99991
1,auto-block,0.9998801
1,auto-block,0.99986863
1,auto-block,0.9985625
1,auto-block,0.9999584
1,auto-block,0.9997571
1,auto-block,0.9996972
1,auto-block,0.99996054
1,auto-block,0.9989825
1,auto-block,0.9999559
1,auto-block,0.999954
1,auto-block,0.99995124
1,auto-block,0.99963427
1,auto-block,0.9999608
1,auto-block,0.9999503
1,auto-block,0.999905
1,auto-block,0.999892
1,auto-block,0.9999095
1,auto-block,0.9999577
1,auto-block,0.9996778
1,auto-block,0.99993944
1,auto-block,0.99996793
1,auto-block,0.9998387
1,auto-block,0.99995935
1,auto-block,0.9982614
1,auto-block,0.9999645
1,auto-block,0.99988806
1,auto-block,0.99996054
1,auto-block,0.9993486
1,auto-block,0.99986506
1,auto-block,0.99912065
1,auto-block,0.99959725
1,auto-block,0.99995387
1,auto-block,0.99991274
1,auto-block,0.9995931
1,auto-block,0.9999018
1,auto-block,0.999816
1,auto-block,0.9996228
1,auto-block,0.9997111
1,auto-block,0.9998635
1,auto-block,0.9997875
1,auto-block,0.99996316
1,auto-block,0.99987185
1,auto-block,0.99978596
1,auto-block,0.999864
1,auto-block,0.99993014
1,auto-block,0.9999521
1,auto-block,0.9999472
1,auto-block,0.99991906
1,auto-block,0.9999474
1,auto-block,0.999841
1,auto-block,0.9994832
1,auto-block,0.99994993
1,auto-block,0.99995375
1,auto-block,0.9999621
1,auto-block,0.99655616
1,auto-block,0.99996686
1,auto-block,0.9999181
1,auto-block,0.99996233
1,auto-block,0.9999018
1,auto-block,0.9999447
1,auto-block,0.9993079
1,auto-block,0.99996984
1,auto-block,0.9997266
1,auto-block,0.9999541
1,auto-block,0.9999598
1,auto-block,0.99995446
1,auto-block,0.9998963
1,auto-block,0.99996245
1,auto-block,0.99996364
1,auto-block,0.99995434
1,auto-block,0.99984837
1,auto-block,0.9999659
1,auto-block,0.9990852
1,auto-block,0.998312
1,auto-block,0.99995947
1,auto-block,0.99996126
1,auto-block,0.9992465
1,auto-block,0.99865544
1,auto-block,0.9999093
1,auto-block,0.99976724
1,auto-block,0.99992657
1,auto-block,0.999948
1,auto-block,0.9989604
1,auto-block,0.9998846
1,auto-block,0.99995875
1,auto-block,0.9999465
1,auto-block,0.9999223
1,auto-block,0.9998369
1,auto-block,0.99990976
1,auto-block,0.99993765
1,auto-block,0.99994016
1,auto-block,0.9999361
1,auto-block,0.9996269
1,auto-block,0.99986887
1,auto-block,0.9996648
1,auto-block,0.9999472
1,auto-block,0.9998336
1,auto-block,0.9999509
1,auto-block,0.9999132
1,auto-block,0.999915
1,auto-block,0.9999236
1,auto-block,0.9997173
1,auto-block,0.99985135
1,auto-block,0.9999387
1,auto-block,0.9999242
1,auto-block,0.9999033
1,auto-block,0.99995184
1,auto-block,0.9998605
1,auto-block,0.9998216
1,auto-block,0.9998683
1,auto-block,0.99980253
1,auto-block,0.9994961
1,auto-block,0.9998159
1,auto-block,0.9999298
1,auto-block,0.9999362
1,auto-block,0.9997464
1,auto-block,0.99995255
1,auto-block,0.9997862
1,auto-block,0.99996686
1,auto-block,0.9997706
1,auto-block,0.99995863
1,auto-block,0.9999627
1,auto-block,0.9998708
1,auto-block,0.9999362
1,auto-block,0.99929106
1,auto-block,0.99993837
1,auto-block,0.9999571
1,auto-block,0.9999324
1,auto-block,0.9999248
1,auto-block,0.9985177
1,auto-block,0.99996555
1,auto-block,0.99995196
1,auto-block,0.99960655
1,auto-block,0.9997193
1,auto-block,0.99994564
1,auto-block,0.9999436
1,auto-block,0.99995506
1,auto-block,0.9999093
1,auto-block,0.99993837
1,auto-block,0.99996126
1,auto-block,0.99992144
1,auto-block,0.9997758
1,auto-block,0.9991831
1,auto-block,0.9999447
1,auto-block,0.999954
1,auto-block,0.999923
1,auto-block,0.999967
1,auto-block,0.9999423
1,auto-block,0.9999597
1,auto-block,0.99993694
1,auto-block,0.9999231
1,auto-block,0.9999552
1,auto-block,0.9998111
1,auto-block,0.9999597
1,auto-block,0.9998671
1,auto-block,0.99996257
1,auto-block,0.99993277
1,auto-block,0.99990344
1,auto-block,0.999851
1,auto-block,0.99989617
1,auto-block,0.99996746
1,auto-block,0.9999647
1,auto-block,0.99996567
1,auto-block,0.99973804
1,auto-block,0.99977154
1,auto-block,0.99989426
1,auto-block,0.9999063
1,auto-block,0.99986005
1,auto-block,0.99993265
1,auto-block,0.99995744
1,auto-block,0.99994564
1,auto-block,0.9999181
1,auto-block,0.9997634
1,auto-block,0.99991345
1,auto-block,0.99985313
1,auto-block,0.9999523
1,auto-block,0.9999292
1,auto-block,0.9998722
1,auto-block,0.9998888
1,auto-block,0.9999385
1,auto-block,0.99995875
1,auto-block,0.99994564
1,auto-block,0.9999285
1,auto-block,0.99989307
1,auto-block,0.99975306
1,auto-block,0.9999292
1,auto-block,0.9999467
1,auto-block,0.9999604
1,auto-block,0.9998883
1,auto-block,0.99996567
1,auto-block,0.99989486
1,auto-block,0.9999534
1,auto-block,0.99987304
1,auto-block,0.9999695
1,auto-block,0.99986255
1,auto-block,0.9999213
1,auto-block,0.9999522
1,auto-block,0.9998957
1,auto-block,0.99983513
1,auto-block,0.9999577
1,auto-block,0.99991703
1,auto-block,0.9998777
1,auto-block,0.99996686
1,auto-block,0.9999621
1,auto-block,0.9999502
1,auto-block,0.99980813
1,auto-block,0.99967945
1,auto-block,0.99990535
1,auto-block,0.9998703
1,auto-block,0.9997712
1,auto-block,0.99867505
1,auto-block,0.99844944
1,auto-block,0.9998171
1,auto-block,0.9999051
1,auto-block,0.999966
1,auto-block,0.9999647
1,auto-block,0.99990284
1,auto-block,0.9998938
1,auto-block,0.9999666
1,auto-block,0.9998611
1,auto-block,0.99939764
1,auto-block,0.99993956
1,auto-block,0.99993634
1,auto-block,0.9999335
1,auto-block,0.9999536
1,auto-block,0.9999267
1,auto-block,0.99992275
1,auto-block,0.99993265
1,auto-block,0.9999217
1,auto-block,0.9998826
1,auto-block,0.99995923
1,auto-block,0.99985445
1,auto-block,0.9999211
1,auto-block,0.9996099
1,auto-block,0.99995065
1,auto-block,0.99993
1,auto-block,0.9999658
1,auto-block,0.99995506
1,auto-block,0.9999341
1,auto-block,0.9999515
1,auto-block,0.9997794
1,auto-block,0.9996314
1,auto-block,0.999938
1,auto-block,0.9999027
1,auto-block,0.99994874
1,auto-block,0.9994642
1,auto-block,0.99995875
1,auto-block,0.99993646
1,auto-block,0.99976903
1,auto-block,0.9999647
1,auto-block,0.9973853
1,auto-block,0.9997048
1,auto-block,0.9999143
1,auto-block,0.99996626
1,auto-block,0.9999491
1,auto-block,0.9999386
1,auto-block,0.9998135
1,auto-block,0.99967074
1,auto-block,0.9999422
1,auto-block,0.99989665
1,auto-block,0.9999639
1,auto-block,0.9999192
1,auto-block,0.99996436
1,auto-block,0.99950314
1,auto-block,0.9999335
1,auto-block,0.99983823
1,auto-block,0.9999577
1,auto-block,0.9999523
1,auto-block,0.9998154
1,auto-block,0.9999615
1,auto-block,0.99988234
1,auto-block,0.9999552
1,auto-block,0.9999567
1,auto-block,0.99960214
1,auto-block,0.999762
1,auto-block,0.99993503
1,auto-block,0.9999573
1,auto-block,0.999928
1,auto-block,0.999962
1,auto-block,0.9999552
1,auto-block,0.9996433
1,auto-block,0.99968684
1,auto-block,0.9999392
1,auto-block,0.99995756
1,auto-block,0.9999281
1,auto-block,0.9999598
1,auto-block,0.99956745
1,auto-block,0.99994576
1,auto-block,0.99989533
1,auto-block,0.9997763
1,auto-block,0.9999459
1,auto-block,0.9999598
1,auto-block,0.99994004
1,auto-block,0.99986374
1,auto-block,0.99994385
1,auto-block,0.9999237
1,auto-block,0.999923
1,auto-block,0.9997619
1,auto-block,0.9993166
1,auto-block,0.9999546
1,auto-block,0.99995553
1,auto-block,0.99983025
1,auto-block,0.99993527
1,auto-block,0.99967587
1,auto-block,0.99981636
1,auto-block,0.99989605
1,auto-block,0.9999571
1,auto-block,0.99994993
1,auto-block,0.9998485
1,auto-block,0.9996599
1,auto-block,0.9999652
1,auto-block,0.99995863
1,auto-block,0.999948
1,auto-block,0.999511
1,auto-block,0.999967
1,auto-block,0.99995685
1,auto-block,0.9996642
1,auto-block,0.99990404
1,auto-block,0.9999666
1,auto-block,0.9999094
1,auto-block,0.9999099
1,auto-block,0.99989426
1,auto-block,0.999941
1,auto-block,0.9998771
1,auto-block,0.99990094
1,auto-block,0.99992585
1,auto-block,0.9996487
1,auto-block,0.9999342
1,auto-block,0.99994993
1,auto-block,0.99988794
1,auto-block,0.9997813
1,auto-block,0.99983704
1,auto-block,0.99994254
1,auto-block,0.99994314
1,auto-block,0.9999291
1,auto-block,0.99978703
1,auto-block,0.9999082
1,auto-block,0.9999423
1,auto-block,0.99994564
1,auto-block,0.9999635
1,auto-block,0.99993634
1,auto-block,0.9998399
1,auto-block,0.9999069
1,auto-block,0.9984988
1,auto-block,0.99989104
1,auto-block,0.99990237
1,auto-block,0.9998956
1,auto-block,0.9999474
1,auto-block,0.99996483
1,auto-block,0.9998976
1,auto-block,0.9998505
1,auto-block,0.9999558
1,auto-block,0.999874
1,auto-block,0.9999267
1,auto-block,0.99991333
1,auto-block,0.99986446
1,auto-block,0.9999672
1,auto-block,0.99995005
1,auto-block,0.99976164
1,auto-block,0.9999517
1,auto-block,0.99996245
1,auto-block,0.9999442
1,auto-block,0.99993944
1,auto-block,0.999828
1,auto-block,0.9999409
1,auto-block,0.99984336
1,auto-block,0.99984026
1,auto-block,0.99987984
1,auto-block,0.99995685
1,auto-block,0.9997074
1,auto-block,0.999944
1,auto-block,0.99995875
1,auto-block,0.9999229
1,auto-block,0.99946994
1,auto-block,0.99985814
1,auto-block,0.9998324
1,auto-block,0.998877
1,auto-block,0.9999417
1,auto-block,0.99950516
1,auto-block,0.9999647
1,auto-block,0.9997528
1,auto-block,0.9995819
1,auto-block,0.9999304
1,auto-block,0.9999627
1,auto-block,0.99990714
1,auto-block,0.9998859
1,auto-block,0.99981767
1,auto-block,0.9997173
1,auto-block,0.9999062
1,auto-block,0.99991095
1,auto-block,0.9998739
1,auto-block,0.9999602
1,auto-block,0.99990165
1,auto-block,0.99995315
1,auto-block,0.99984884
1,auto-block,0.99988925
1,auto-block,0.99977463
1,auto-block,0.9998784
1,auto-block,0.9999511
1,auto-block,0.9999145
1,auto-block,0.99996257
1,auto-block,0.99993265
1,auto-block,0.999969
1,auto-block,0.999782
1,auto-block,0.9998826
1,auto-block,0.9999186
1,auto-block,0.99982363
1,auto-block,0.99995863
1,auto-block,0.9997446
1,auto-block,0.99994385
1,auto-block,0.99997115
1,auto-block,0.9999635
1,auto-block,0.99986804
1,auto-block,0.999926
1,auto-block,0.9993874
1,auto-block,0.9999449
1,auto-block,0.9999653
1,auto-block,0.99992335
1,auto-block,0.99996364
1,auto-block,0.9999521
1,auto-block,0.9999471
1,auto-block,0.9999627
1,auto-block,0.9997669
1,auto-block,0.9999517
1,auto-block,0.99976605
1,auto-block,0.9995548
1,auto-block,0.99994993
1,auto-block,0.9999515
1,auto-block,0.99996245
1,auto-block,0.9999385
1,auto-block,0.99967444
1,auto-block,0.9997576
1,auto-block,0.9998605
1,auto-block,0.9999447
1,auto-block,0.9999206
1,auto-block,0.9999423
1,auto-block,0.999951
1,auto-block,0.9999162
1,auto-block,0.9998141
1,auto-block,0.99988365
1,auto-block,0.9997497
1,auto-block,0.9998354
1,auto-block,0.99992
1,auto-block,0.99979275
1,auto-block,0.9999132
1,auto-block,0.99995613
1,auto-block,0.9999647
1,auto-block,0.99994826
1,auto-block,0.9998666
1,auto-block,0.9999002
1,auto-block,0.99992824
1,auto-block,0.99996245
1,auto-block,0.999841
1,auto-block,0.99994755
1,auto-block,0.99994814
1,auto-block,0.99990964
1,auto-block,0.99987006
1,auto-block,0.9999236
1,auto-block,0.9998481
1,auto-block,0.99986684
1,auto-block,0.99976975
1,auto-block,0.99896276
1,auto-block,0.99996746
1,auto-block,0.9999509
1,auto-block,0.9998031
1,auto-block,0.9999304
1,auto-block,0.9999521
1,auto-block,0.99918336
1,auto-block,0.99984646
1,auto-block,0.9999647
1,auto-block,0.9990213
1,auto-block,0.99981636
1,auto-block,0.99994457
1,auto-block,0.9999441
1,auto-block,0.99945575
1,auto-block,0.99996996
1,auto-block,0.99989605
1,auto-block,0.999902
1,auto-block,0.99981016
1,auto-block,0.9999614
1,auto-block,0.9999651
1,auto-block,0.99979395
1,auto-block,0.99987674
1,auto-block,0.9999678
1,auto-block,0.99992514
1,auto-block,0.99993634
1,auto-block,0.9998882
1,auto-block,0.999876
1,auto-block,0.99996257
1,auto-block,0.9999647
1,auto-block,0.9998275
1,auto-block,0.9999571
1,auto-block,0.9999647
1,auto-block,0.99986255
1,auto-block,0.9999312
1,auto-block,0.99971265
1,auto-block,0.9999465
1,auto-block,0.9998913
1,auto-block,0.99991167
1,auto-block,0.99996686
1,auto-block,0.9997298
1,auto-block,0.99942756
1,auto-block,0.9997979
1,auto-block,0.9999596
1,auto-block,0.9994568
1,auto-block,0.99979943
1,auto-block,0.9998808
1,auto-block,0.9999497
1,auto-block,0.99996436
1,auto-block,0.99960214
1,auto-block,0.9997824
1,auto-block,0.9998797
1,auto-block,0.99966204
1,auto-block,0.9997516
1,auto-block,0.9999529
1,auto-block,0.999027
1,auto-block,0.99996245
1,auto-block,0.9982291
1,auto-block,0.9999465
1,auto-block,0.99974304
1,auto-block,0.9998054
1,auto-block,0.9998807
1,auto-block,0.999925
1,auto-block,0.9996718
1,auto-block,0.9999503
1,auto-block,0.99987364
1,auto-block,0.9999318
1,auto-block,0.999355
1,auto-block,0.9999062
1,auto-block,0.99988186
1,auto-block,0.9999647
1,auto-block,0.9999502
1,auto-block,0.99991524
1,auto-block,0.9998696
1,auto-block,0.9996532
1,auto-block,0.9999298
1,auto-block,0.99993706
1,auto-block,0.99987435
1,auto-block,0.99992025
1,auto-block,0.9999622
1,auto-block,0.99974567
1,auto-block,0.99996734
1,auto-block,0.9999217
1,auto-block,0.9984841
1,auto-block,0.9999385
1,auto-block,0.99942756
1,auto-block,0.99984145
1,auto-block,0.9997557
1,auto-block,0.99987113
1,auto-block,0.9999713
1,auto-block,0.99971074
1,auto-block,0.9999509
1,auto-block,0.99983215
1,auto-block,0.99996805
1,auto-block,0.99993944
1,auto-block,0.99985766
1,auto-block,0.99975747
1,auto-block,0.9998592
1,auto-block,0.99981123
1,auto-block,0.9999335
1,auto-block,0.99988806
1,auto-block,0.9995436
1,auto-block,0.9998485
1,auto-block,0.99990356
1,auto-block,0.9999486
1,auto-block,0.99996436
1,auto-block,0.999326
1,auto-block,0.9999267
1,auto-block,0.99994195
1,auto-block,0.9998023
1,auto-block,0.99984765
1,auto-block,0.99995613
1,auto-block,0.99995005
1,auto-block,0.9998871
1,auto-block,0.9999534
1,auto-block,0.999912
1,auto-block,0.99983585
1,auto-block,0.9999528
1,auto-block,0.9999654
1,auto-block,0.9999665
1,auto-block,0.99984384
1,auto-block,0.99995184
1,auto-block,0.999723
1,auto-block,0.9998981
1,auto-block,0.99994564
1,auto-block,0.99996066
1,auto-block,0.9995664
1,auto-block,0.99987733
1,auto-block,0.99996483
1,auto-block,0.99997115
1,auto-block,0.9991924
1,auto-block,0.99991584
1,auto-block,0.9998405
1,auto-block,0.99974865
1,auto-block,0.9999149
1,auto-block,0.9999443
1,auto-block,0.99996114
1,auto-block,0.9998827
1,auto-block,0.9998228
1,auto-block,0.9999565
1,auto-block,0.99970895
1,auto-block,0.9999436
1,auto-block,0.9998066
1,auto-block,0.99990594
1,auto-block,0.99987984
1,auto-block,0.9999485
1,auto-block,0.9999521
1,auto-block,0.9999238
1,auto-block,0.9999498
1,auto-block,0.99899167
1,auto-block,0.9995303
1,auto-block,0.9999244
1,auto-block,0.9999621
1,auto-block,0.9999435
1,auto-block,0.9999486
1,auto-block,0.99996495
1,auto-block,0.9999114
1,auto-block,0.9999018
1,auto-block,0.99965525
1,auto-block,0.99992824
1,auto-block,0.9998629
1,auto-block,0.9997937
1,auto-block,0.99990547
1,auto-block,0.99992585
1,auto-block,0.9999467
1,auto-block,0.9999542
1,auto-block,0.9998944
1,auto-block,0.9994473
1,auto-block,0.9993882
1,auto-block,0.9999498
1,auto-block,0.999938
1,auto-block,0.9998894
1,auto-block,0.9988367
1,auto-block,0.99994564
1,auto-block,0.9999647
1,auto-block,0.99995255
1,auto-block,0.999627
1,auto-block,0.9999012
1,auto-block,0.99995255
1,auto-block,0.99952495
1,auto-block,0.99995875
1,auto-block,0.99988353
1,auto-block,0.9999646
1,auto-block,0.99996173
1,auto-block,0.9999405
1,auto-block,0.99983585
1,auto-block,0.9997695
1,auto-block,0.9998524
1,auto-block,0.99975246
1,auto-block,0.9998361
1,auto-block,0.9999659
1,auto-block,0.99994755
1,auto-block,0.9999063
1,auto-block,0.99807227
1,auto-block,0.9999486
1,auto-block,0.99996614
1,auto-block,0.9998648
1,auto-block,0.9998981
1,auto-block,0.9999467
1,auto-block,0.9999652
1,auto-block,0.9999527
1,auto-block,0.99993086
1,auto-block,0.99994457
1,auto-block,0.99991214
1,auto-block,0.9999292
1,auto-block,0.9999387
1,auto-block,0.99995005
1,auto-block,0.99956614
1,auto-block,0.99995327
1,auto-block,0.9999597
1,auto-block,0.9996227
1,auto-block,0.9999335
1,auto-block,0.9998901
1,auto-block,0.999961
1,auto-block,0.9999553
1,auto-block,0.9999335
1,auto-block,0.99939
1,auto-block,0.99860966
1,auto-block,0.9994954
1,auto-block,0.99993443
1,auto-block,0.99994934
1,auto-block,0.9996697
1,auto-block,0.9998653
1,auto-block,0.99986994
1,auto-block,0.9999101
1,auto-block,0.9999186
1,auto-block,0.99995434
1,auto-block,0.99919564
1,auto-block,0.9998801
1,auto-block,0.99995315
1,auto-block,0.9999418
1,auto-block,0.9998118
1,auto-block,0.99845076
1,auto-block,0.99994934
1,auto-block,0.999967
1,auto-block,0.9998078
1,auto-block,0.9999447
1,auto-block,0.99985456
1,auto-block,0.9995409
1,auto-block,0.9998203
1,auto-block,0.99987304
1,auto-block,0.999655
1,auto-block,0.999943
1,auto-block,0.9999336
1,auto-block,0.99996126
1,auto-block,0.99978167
1,auto-block,0.9999429
1,auto-block,0.99994195
1,auto-block,0.99996173
1,auto-block,0.9999088
1,auto-block,0.9967546
1,auto-block,0.9998573
1,auto-block,0.9991209
1,auto-block,0.9999546
1,auto-block,0.999907
1,auto-block,0.999592
1,auto-block,0.99995375
1,auto-block,0.99993956
1,auto-block,0.9998481
1,auto-block,0.9998927
1,auto-block,0.9999572
1,auto-block,0.99996376
1,auto-block,0.9999224
1,auto-block,0.99927384
1,auto-block,0.99992156
1,auto-block,0.99993587
1,auto-block,0.99991155
1,auto-block,0.9999492
1,auto-block,0.99995863
1,auto-block,0.99994516
1,auto-block,0.9999541
1,auto-block,0.9996785
0,auto-block,0.99964464
1,auto-block,0.99982244
1,auto-block,0.9999151
1,auto-block,0.9999448
1,auto-block,0.999882
1,auto-block,0.9997557
1,auto-block,0.9999542
1,auto-block,0.9999485
1,auto-block,0.99994445
1,auto-block,0.99926656
1,auto-block,0.9995486
1,auto-block,0.99993193
1,auto-block,0.9999677
1,auto-block,0.9999008
1,auto-block,0.9999547
1,auto-block,0.99995625
1,auto-block,0.9999404
1,auto-block,0.9999634
1,auto-block,0.99995553
1,auto-block,0.99980146
1,auto-block,0.999582
1,auto-block,0.99996936
1,auto-block,0.9998733
1,auto-block,0.9999188
1,auto-block,0.999775
1,auto-block,0.9999151
1,auto-block,0.99995446
1,auto-block,0.99995995
1,auto-block,0.99993455
1,auto-block,0.99989235
1,auto-block,0.99992883
1,auto-block,0.9997118
1,auto-block,0.99995255
1,auto-block,0.99978596
1,auto-block,0.9998641
1,auto-block,0.99986255
1,auto-block,0.9997497
1,auto-block,0.99994814
1,auto-block,0.9993358
1,auto-block,0.99963665
1,auto-block,0.9999063
1,auto-block,0.99986863
1,auto-block,0.9999658
1,auto-block,0.9998822
1,auto-block,0.99939764
1,auto-block,0.99993396
1,auto-block,0.9999604
1,auto-block,0.99986374
1,auto-block,0.99987566
1,auto-block,0.9994905
1,auto-block,0.9999529
1,auto-block,0.99991274
1,auto-block,0.9998976
1,auto-block,0.99989915
1,auto-block,0.9999696
1,auto-block,0.9999169
1,auto-block,0.99996614
1,auto-block,0.99933845
1,auto-block,0.9996575
1,auto-block,0.99994373
1,auto-block,0.99985206
1,auto-block,0.999821
1,auto-block,0.99996066
1,auto-block,0.9985929
1,auto-block,0.99971217
1,auto-block,0.9995345
1,auto-block,0.9997795
1,auto-block,0.99995565
1,auto-block,0.99996877
1,auto-block,0.9999486
1,auto-block,0.9998903
1,auto-block,0.99995327
1,auto-block,0.9998739
1,auto-block,0.99991775
1,auto-block,0.9998559
1,auto-block,0.9999647
1,auto-block,0.99996054
1,auto-block,0.9999099
1,auto-block,0.9997538
1,auto-block,0.9960608
1,auto-block,0.9999504
1,auto-block,0.999881
1,auto-block,0.9999571
1,auto-block,0.9996916
1,auto-block,0.9999485
1,auto-block,0.9999232
1,auto-block,0.99888474
1,auto-block,0.99977845
1,auto-block,0.9999113
1,auto-block,0.9999385
1,auto-block,0.99995303
1,auto-block,0.99962807
1,auto-block,0.99959534
1,auto-block,0.9999075
1,auto-block,0.9999515
1,auto-block,0.99995697
1,auto-block,0.9998728
1,auto-block,0.99993455
1,auto-block,0.9998766
1,auto-block,0.9981571
1,auto-block,0.99993634
1,auto-block,0.9998696
1,auto-block,0.99909914
1,auto-block,0.9999069
1,auto-block,0.9999312
1,auto-block,0.9999517
1,auto-block,0.9999292
1,auto-block,0.99992585
1,auto-block,0.9999434
1,auto-block,0.9998319
1,auto-block,0.9998765
1,auto-block,0.9999169
1,auto-block,0.99952817
1,auto-block,0.99995077
1,auto-block,0.99994314
1,auto-block,0.99993455
1,auto-block,0.9998516
1,auto-block,0.99972445
1,auto-block,0.9999012
1,auto-block,0.9998915
1,auto-block,0.99995303
1,auto-block,0.9999095
1,auto-block,0.99995565
1,auto-block,0.99993277
1,auto-block,0.9999517
1,auto-block,0.99991894
1,auto-block,0.9999043
1,auto-block,0.99996257
1,auto-block,0.99986184
1,auto-block,0.9999509
1,auto-block,0.9999598
1,auto-block,0.99996114
1,auto-block,0.996594
1,auto-block,0.9996106
1,auto-block,0.9999517
1,auto-block,0.9999342
1,auto-block,0.9999615
1,auto-block,0.9991147
1,auto-block,0.99958926
1,auto-block,0.9999715
1,auto-block,0.9999155
1,auto-block,0.9999665
1,auto-block,0.99958056
1,auto-block,0.9998708
1,auto-block,0.9998658
1,auto-block,0.99979097
1,auto-block,0.9998865
1,auto-block,0.9998518
1,auto-block,0.9997954
1,auto-block,0.9999565
1,auto-block,0.999956
1,auto-block,0.999813
1,auto-block,0.9999325
1,auto-block,0.99996424
1,auto-block,0.99996996
1,auto-block,0.9999355
1,auto-block,0.9999684
1,auto-block,0.999943
1,auto-block,0.99996567
1,auto-block,0.99987054
1,auto-block,0.9998938
1,auto-block,0.99990904
1,auto-block,0.9999335
1,auto-block,0.999933
1,auto-block,0.999969
1,auto-block,0.99989295
1,auto-block,0.9999511
1,auto-block,0.999918
1,auto-block,0.9999672
1,auto-block,0.99991477
1,auto-block,0.99987805
1,auto-block,0.9998362
1,auto-block,0.99955577
1,auto-block,0.99973387
1,auto-block,0.998789
1,auto-block,0.99995375
1,auto-block,0.99994636
1,auto-block,0.99987876
1,auto-block,0.99993706
1,auto-block,0.99970776
1,auto-block,0.9999598
1,auto-block,0.9963876
1,auto-block,0.99993503
1,auto-block,0.9999385
1,auto-block,0.9999535
1,auto-block,0.9999267
1,auto-block,0.99983346
1,auto-block,0.99986374
1,auto-block,0.99796706
1,auto-block,0.99990964
1,auto-block,0.9999167
1,auto-block,0.9998171
1,auto-block,0.99994373
1,auto-block,0.99996424
1,auto-block,0.999908
1,auto-block,0.99995923
1,auto-block,0.9998099
1,auto-block,0.99995697
1,auto-block,0.9997737
1,auto-block,0.9999572
1,auto-block,0.99996245
1,auto-block,0.9998455
1,auto-block,0.99977785
1,auto-block,0.99991953
1,auto-block,0.99992466
1,auto-block,0.9999486
1,auto-block,0.9997582
1,auto-block,0.9999566
1,auto-block,0.9998462
1,auto-block,0.9998853
1,auto-block,0.99982435
1,auto-block,0.99996936
1,auto-block,0.9999498
1,auto-block,0.99996865
1,auto-block,0.9999579
1,auto-block,0.9999014
1,auto-block,0.9999387
1,auto-block,0.9999447
1,auto-block,0.99991345
1,auto-block,0.9999312
1,auto-block,0.9999201
1,auto-block,0.9998666
1,auto-block,0.99987626
1,auto-block,0.994645
1,auto-block,0.9999685
1,auto-block,0.99993944
1,auto-block,0.9999187
1,auto-block,0.9999095
1,auto-block,0.99996257
1,auto-block,0.99977213
1,auto-block,0.9999558
1,auto-block,0.9999602
1,auto-block,0.9998646
1,auto-block,0.9999107
1,auto-block,0.99993885
1,auto-block,0.9999466
1,auto-block,0.9999509
1,auto-block,0.9999174
1,auto-block,0.9997038
1,auto-block,0.99996626
1,auto-block,0.9999492
1,auto-block,0.9999509
1,auto-block,0.9999428
1,auto-block,0.9999521
1,auto-block,0.99993026
1,auto-block,0.9997682
1,auto-block,0.9998387
1,auto-block,0.9999546
1,auto-block,0.9995814
1,auto-block,0.99957424
1,auto-block,0.99989307
1,auto-block,0.984985
1,auto-block,0.99994254
1,auto-block,0.99994564
1,auto-block,0.99995494
1,auto-block,0.99995244
1,auto-block,0.9998105
1,auto-block,0.9999386
1,auto-block,0.99992955
1,auto-block,0.99990857
1,auto-block,0.99994147
1,auto-block,0.99975413
1,auto-block,0.99983037
1,auto-block,0.9999398
1,auto-block,0.99990964
1,auto-block,0.9998739
1,auto-block,0.99994564
1,auto-block,0.99995935
1,auto-block,0.9999534
1,auto-block,0.99995494
1,auto-block,0.9999125
1,auto-block,0.9999156
1,auto-block,0.99992514
1,auto-block,0.99994695
1,auto-block,0.999814
1,auto-block,0.99996734
1,auto-block,0.99993086
1,auto-block,0.99985445
1,auto-block,0.99992657
1,auto-block,0.99925274
1,auto-block,0.999956
1,auto-block,0.9999248
1,auto-block,0.9998987
1,auto-block,0.99996567
1,auto-block,0.99978846
1,auto-block,0.9998661
1,auto-block,0.99965227
1,auto-block,0.9999404
1,auto-block,0.99989796
1,auto-block,0.9998667
1,auto-block,0.99994373
1,auto-block,0.9999405
1,auto-block,0.99989045
1,auto-block,0.99995077
1,auto-block,0.999863
1,auto-block,0.9998653
1,auto-block,0.9999627
1,auto-block,0.9999652
1,auto-block,0.9999232
1,auto-block,0.99991393
1,auto-block,0.9962244
1,auto-block,0.99987006
1,auto-block,0.9999639
1,auto-block,0.9988914
1,auto-block,0.99966025
1,auto-block,0.9999217
1,auto-block,0.9999498
1,auto-block,0.99987674
1,auto-block,0.9998659
1,auto-block,0.99992585
1,auto-block,0.9999169
1,auto-block,0.999967
1,auto-block,0.999923
1,auto-block,0.9999416
1,auto-block,0.99994993
1,auto-block,0.99990857
1,auto-block,0.99994385
1,auto-block,0.9999224
1,auto-block,0.99992275
1,auto-block,0.9999387
1,auto-block,0.9999474
1,auto-block,0.9999212
1,auto-block,0.99994564
1,auto-block,0.9999248
1,auto-block,0.9999293
1,auto-block,0.9998461
1,auto-block,0.99994385
1,auto-block,0.9998964
1,auto-block,0.99992275
1,auto-block,0.99947685
1,auto-block,0.9999366
1,auto-block,0.9999448
1,auto-block,0.99993694
1,auto-block,0.9999107
1,auto-block,0.9995857
1,auto-block,0.9998049
1,auto-block,0.9999572
1,auto-block,0.9997658
1,auto-block,0.9999558
1,auto-block,0.9997756
1,auto-block,0.9999267
1,auto-block,0.99991274
1,auto-block,0.9997757
1,auto-block,0.99987936
1,auto-block,0.99986374
1,auto-block,0.99996233
1,auto-block,0.99996686
1,auto-block,0.99996066
1,auto-block,0.9999485
1,auto-block,0.9998764
1,auto-block,0.99993217
1,auto-block,0.9999459
1,auto-block,0.99995816
1,auto-block,0.9998216
1,auto-block,0.99994564
1,auto-block,0.99994755
1,auto-block,0.9999212
1,auto-block,0.99993
1,auto-block,0.99896264
1,auto-block,0.99994814
1,auto-block,0.99792176
1,auto-block,0.9999335
1,auto-block,0.9999479
1,auto-block,0.9999167
1,auto-block,0.99946684
1,auto-block,0.9996655
1,auto-block,0.9999652
1,auto-block,0.99935716
1,auto-block,0.9999677
1,auto-block,0.9999238
1,auto-block,0.99993694
1,auto-block,0.9999597
1,auto-block,0.99993825
1,auto-block,0.9999652
1,auto-block,0.99988914
1,auto-block,0.999964
1,auto-block,0.99989676
1,auto-block,0.9999212
1,auto-block,0.9999647
1,auto-block,0.99993086
1,auto-block,0.9999163
1,auto-block,0.99996436
1,auto-block,0.99981815
1,auto-block,0.99993694
1,auto-block,0.9999536
1,auto-block,0.9998716
1,auto-block,0.9996101
1,auto-block,0.99989986
1,auto-block,0.99961936
1,auto-block,0.9999347
1,auto-block,0.9997626
1,auto-block,0.99992704
1,auto-block,0.99995935
1,auto-block,0.9997048
1,auto-block,0.999959
1,auto-block,0.99932694
1,auto-block,0.9999671
1,auto-block,0.9999596
1,auto-block,0.9999502
1,auto-block,0.9999255
1,auto-block,0.9999484
1,auto-block,0.9999201
1,auto-block,0.9999244
1,auto-block,0.99977
1,auto-block,0.999905
1,auto-block,0.99990165
1,auto-block,0.99976474
1,auto-block,0.9998764
1,auto-block,0.9995035
1,auto-block,0.9996942
1,auto-block,0.9999479
1,auto-block,0.9999223
1,auto-block,0.99992716
1,auto-block,0.9999473
1,auto-block,0.999946
1,auto-block,0.99984777
1,auto-block,0.99989295
1,auto-block,0.9999385
1,auto-block,0.99989367
1,auto-block,0.99995005
1,auto-block,0.9997495
1,auto-block,0.9999647
1,auto-block,0.99992645
1,auto-block,0.9994735
1,auto-block,0.9999026
1,auto-block,0.99988365
1,auto-block,0.99966645
1,auto-block,0.9999583
1,auto-block,0.9999387
1,auto-block,0.9999366
1,auto-block,0.9993112
1,auto-block,0.99996996
1,auto-block,0.99991655
1,auto-block,0.99993503
1,auto-block,0.99993575
1,auto-block,0.9999701
1,auto-block,0.99992585
1,auto-block,0.99994564
1,auto-block,0.99993384
1,auto-block,0.99993396
1,auto-block,0.99993575
1,auto-block,0.9999652
1,auto-block,0.999933
1,auto-block,0.9998109
1,auto-block,0.9999485
1,auto-block,0.9998417
1,auto-block,0.9993173
1,auto-block,0.99970967
1,auto-block,0.99991345
1,auto-block,0.9998884
1,auto-block,0.9994506
1,auto-block,0.99968386
1,auto-block,0.9999224
1,auto-block,0.9999502
1,auto-block,0.99995923
1,auto-block,0.9999424
1,auto-block,0.9999672
1,auto-block,0.9999492
1,auto-block,0.99995506
1,auto-block,0.9998616
1,auto-block,0.9999639
1,auto-block,0.9998228
1,auto-block,0.9999627
1,auto-block,0.99990475
1,auto-block,0.99984384
1,auto-block,0.9999498
1,auto-block,0.9999484
1,auto-block,0.99994564
1,auto-block,0.99996674
1,auto-block,0.999902
1,auto-block,0.99747306
1,auto-block,0.9999516
1,auto-block,0.99995005
1,auto-block,0.99994445
1,auto-block,0.99992704
1,auto-block,0.99995196
1,auto-block,0.9999378
1,auto-block,0.9998778
1,auto-block,0.99995005
1,auto-block,0.99995446
1,auto-block,0.99984074
1,auto-block,0.9997882
1,auto-block,0.99996376
1,auto-block,0.99987745
1,auto-block,0.9998098
1,auto-block,0.9999262
1,auto-block,0.999959
1,auto-block,0.9999219
1,auto-block,0.99990404
1,auto-block,0.9997689
1,auto-block,0.9999515
1,auto-block,0.99984646
1,auto-block,0.99982494
1,auto-block,0.99994695
1,auto-block,0.9999566
1,auto-block,0.9999523
1,auto-block,0.99995697
1,auto-block,0.99987006
1,auto-block,0.99994886
1,auto-block,0.99991715
1,auto-block,0.9998275
1,auto-block,0.999961
1,auto-block,0.9996147
1,auto-block,0.9997756
1,auto-block,0.9999114
1,auto-block,0.99993885
1,auto-block,0.99995756
1,auto-block,0.9999585
1,auto-block,0.99977523
1,auto-block,0.99992967
1,auto-block,0.9999242
1,auto-block,0.9999201
1,auto-block,0.9998908
1,auto-block,0.9999169
1,auto-block,0.99976796
1,auto-block,0.9998845
1,auto-block,0.99995315
1,auto-block,0.9998975
1,auto-block,0.9999521
1,auto-block,0.99994755
1,auto-block,0.9999554
1,auto-block,0.99982554
1,auto-block,0.9999459
1,auto-block,0.99995923
1,auto-block,0.99993706
1,auto-block,0.9999523
1,auto-block,0.99979705
1,auto-block,0.99994934
1,auto-block,0.9998832
1,auto-block,0.9999486
1,auto-block,0.9998273
1,auto-block,0.9992918
1,auto-block,0.99982435
1,auto-block,0.9999423
1,auto-block,0.9997218
1,auto-block,0.9999589
1,auto-block,0.99986804
1,auto-block,0.9992539
1,auto-block,0.9999082
1,auto-block,0.99988747
1,auto-block,0.99901426
1,auto-block,0.9999368
1,auto-block,0.9999006
1,auto-block,0.99989307
1,auto-block,0.99996567
1,auto-block,0.9999325
1,auto-block,0.999967
1,auto-block,0.9998739
1,auto-block,0.9997787
1,auto-block,0.9999206
1,auto-block,0.999964
1,auto-block,0.99939966
1,auto-block,0.99995327
1,auto-block,0.9999516
1,auto-block,0.9999348
1,auto-block,0.99995744
1,auto-block,0.99985623
1,auto-block,0.9998611
1,auto-block,0.9999256
1,auto-block,0.9999658
1,auto-block,0.9999652
1,auto-block,0.99990165
1,auto-block,0.99983263
1,auto-block,0.9999304
1,auto-block,0.99992347
1,auto-block,0.9999528
1,auto-block,0.9998696
1,auto-block,0.99984646
1,auto-block,0.99992514
1,auto-block,0.9999305
1,auto-block,0.99989617
1,auto-block,0.9999386
1,auto-block,0.9997968
1,auto-block,0.9999614
1,auto-block,0.9999585
1,auto-block,0.99851483
1,auto-block,0.99995327
1,auto-block,0.99983215
1,auto-block,0.99996674
1,auto-block,0.99972135
1,auto-block,0.99994075
1,auto-block,0.99982244
1,auto-block,0.9999343
1,auto-block,0.9999627
1,auto-block,0.9996848
1,auto-block,0.99996245
1,auto-block,0.9999521
1,auto-block,0.9999267
1,auto-block,0.9999385
1,auto-block,0.9998883
1,auto-block,0.99994683
1,auto-block,0.9994717
1,auto-block,0.9999422
1,auto-block,0.99962735
1,auto-block,0.99974626
1,auto-block,0.99994123
1,auto-block,0.99966514
1,auto-block,0.999782
1,auto-block,0.99992263
1,auto-block,0.99996006
1,auto-block,0.9996878
1,auto-block,0.9997205
1,auto-block,0.99996805
1,auto-block,0.9999634
1,auto-block,0.9997048
1,auto-block,0.9999578
1,auto-block,0.99973863
1,auto-block,0.99995685
1,auto-block,0.99995613
1,auto-block,0.9999658
1,auto-block,0.99984074
1,auto-block,0.9994778
1,auto-block,0.99986887
1,auto-block,0.9999454
1,auto-block,0.9999517
1,auto-block,0.9998417
1,auto-block,0.99917394
1,auto-block,0.9998838
1,auto-block,0.9997578
1,auto-block,0.99989665
1,auto-block,0.99994576
1,auto-block,0.9998565
1,auto-block,0.9998579
1,auto-block,0.99994624
1,auto-block,0.9996921
1,auto-block,0.99992645
1,auto-block,0.99997306
1,auto-block,0.99996686
1,auto-block,0.99991465
1,auto-block,0.99995065
1,auto-block,0.999948
1,auto-block,0.9999083
1,auto-block,0.99983513
1,auto-block,0.99985254
1,auto-block,0.99992085
1,auto-block,0.99967813
1,auto-block,0.99884605
1,auto-block,0.9999008
1,auto-block,0.9997075
1,auto-block,0.99994564
1,auto-block,0.9995814
1,auto-block,0.99985754
1,auto-block,0.9999521
1,auto-block,0.99961877
1,auto-block,0.9999615
1,auto-block,0.99995506
1,auto-block,0.99982005
1,auto-block,0.9998852
1,auto-block,0.9998368
1,auto-block,0.99995196
1,auto-block,0.99978393
1,auto-block,0.9998615
1,auto-block,0.99993706
1,auto-block,0.9999411
1,auto-block,0.9999536
1,auto-block,0.9999616
1,auto-block,0.99995446
1,auto-block,0.9987589
1,auto-block,0.9999267
1,auto-block,0.999923
1,auto-block,0.99991167
1,auto-block,0.999967
1,auto-block,0.9997929
1,auto-block,0.9999496
1,auto-block,0.99980897
1,auto-block,0.999966
1,auto-block,0.9999094
1,auto-block,0.9999137
1,auto-block,0.99947864
1,auto-block,0.9999416
1,auto-block,0.9999516
1,auto-block,0.99987173
1,auto-block,0.9994487
1,auto-block,0.99989605
1,auto-block,0.99993145
1,auto-block,0.9995197
1,auto-block,0.9999535
1,auto-block,0.9999652
1,auto-block,0.9999684
1,auto-block,0.9999713
1,auto-block,0.9999634
1,auto-block,0.99996233
1,auto-block,0.99981254
1,auto-block,0.9998312
1,auto-block,0.99962604
1,auto-block,0.9999583
1,auto-block,0.99993265
1,auto-block,0.99830973
1,auto-block,0.9998857
1,auto-block,0.9997234
1,auto-block,0.9996469
1,auto-block,0.9996902
1,auto-block,0.9997272
1,auto-block,0.99991596
1,auto-block,0.9999614
1,auto-block,0.9997564
1,auto-block,0.9996586
1,auto-block,0.9999658
1,auto-block,0.99991405
1,auto-block,0.99995685
1,auto-block,0.9981018
1,auto-block,0.9999379
1,auto-block,0.9997625
1,auto-block,0.99982244
1,auto-block,0.99993825
1,auto-block,0.9999589
1,auto-block,0.9998704
1,auto-block,0.9993048
1,auto-block,0.9999169
1,auto-block,0.99996305
1,auto-block,0.99993956
1,auto-block,0.99974054
1,auto-block,0.9999248
1,auto-block,0.99975425
1,auto-block,0.99968266
1,auto-block,0.9998839
1,auto-block,0.9996798
1,auto-block,0.9999677
1,auto-block,0.9999291
1,auto-block,0.99995434
1,auto-block,0.9998964
1,auto-block,0.9998248
1,auto-block,0.9999591
1,auto-block,0.99991524
1,auto-block,0.9998733
1,auto-block,0.9997352
1,auto-block,0.99991214
1,auto-block,0.9999515
1,auto-block,0.99994874
1,auto-block,0.9999647
1,auto-block,0.9999627
1,auto-block,0.9999423
1,auto-block,0.99972886
1,auto-block,0.9998746
1,auto-block,0.99993145
1,auto-block,0.99982053
1,auto-block,0.9999447
1,auto-block,0.9999523
1,auto-block,0.99970645
1,auto-block,0.9999007
1,auto-block,0.9997981
1,auto-block,0.9999099
1,auto-block,0.99995697
1,auto-block,0.9999534
1,auto-block,0.9997677
1,auto-block,0.99992764
1,auto-block,0.99996686
1,auto-block,0.9997931
1,auto-block,0.9997607
1,auto-block,0.99995565
1,auto-block,0.9999585
1,auto-block,0.9999641
1,auto-block,0.99992764
1,auto-block,0.99984527
1,auto-block,0.9996282
1,auto-block,0.9998721
1,auto-block,0.999969
1,auto-block,0.9999627
1,auto-block,0.99993646
1,auto-block,0.9999478
1,auto-block,0.9999635
1,auto-block,0.9996959
1,auto-block,0.9996197
1,auto-block,0.9999598
1,auto-block,0.99961877
1,auto-block,0.999747
1,auto-block,0.9999554
1,auto-block,0.9999523
1,auto-block,0.9999647
1,auto-block,0.9999627
1,auto-block,0.99989665
1,auto-block,0.999368
1,auto-block,0.9996809
1,auto-block,0.9999646
1,auto-block,0.9997105
1,auto-block,0.9999287
1,auto-block,0.9998447
1,auto-block,0.99995995
1,auto-block,0.99985635
1,auto-block,0.9999597
1,auto-block,0.999961
1,auto-block,0.9999417
1,auto-block,0.99968195
1,auto-block,0.9999416
1,auto-block,0.99976844
1,auto-block,0.99939764
1,auto-block,0.9999293
1,auto-block,0.9998839
1,auto-block,0.99995756
1,auto-block,0.99984527
1,auto-block,0.999967
1,auto-block,0.9999434
1,auto-block,0.99991107
1,auto-block,0.9999361
1,auto-block,0.99996305
1,auto-block,0.99995947
1,auto-block,0.99994683
1,auto-block,0.9999677
1,auto-block,0.9999646
1,auto-block,0.9999521
1,auto-block,0.99948126
1,auto-block,0.99991524
1,auto-block,0.99969983
1,auto-block,0.9999542
1,auto-block,0.9999647
1,auto-block,0.99996376
1,auto-block,0.9999385
1,auto-block,0.9998398
1,auto-block,0.9999378
1,auto-block,0.9999387
1,auto-block,0.99990356
1,auto-block,0.9998528
1,auto-block,0.99993587
1,auto-block,0.99975175
1,auto-block,0.9999559
1,auto-block,0.99995923
1,auto-block,0.9999553
1,auto-block,0.999574
1,auto-block,0.9999622
1,auto-block,0.9999125
1,auto-block,0.99990594
1,auto-block,0.99987173
1,auto-block,0.99984026
1,auto-block,0.9999217
1,auto-block,0.99995744
1,auto-block,0.99988246
1,auto-block,0.999954
1,auto-block,0.9998344
1,auto-block,0.99988365
1,auto-block,0.9997497
1,auto-block,0.9998745
1,auto-block,0.9999527
1,auto-block,0.99975914
1,auto-block,0.9998493
1,auto-block,0.99996245
1,auto-block,0.999385
1,auto-block,0.9998553
1,auto-block,0.9999168
1,auto-block,0.9998698
1,auto-block,0.9996834
1,auto-block,0.9997602
1,auto-block,0.9996618
1,auto-block,0.99993765
1,auto-block,0.9996712
1,auto-block,0.9998554
1,auto-block,0.9999422
1,auto-block,0.99996245
1,auto-block,0.9999505
1,auto-block,0.9998704
1,auto-block,0.9999517
1,auto-block,0.99979466
1,auto-block,0.99994886
1,auto-block,0.9998129
1,auto-block,0.99962425
1,auto-block,0.99985015
1,auto-block,0.9989318
1,auto-block,0.9999641
1,auto-block,0.99989533
1,auto-block,0.99992764
1,auto-block,0.9999559
1,auto-block,0.99966216
1,auto-block,0.9999292
1,auto-block,0.9999479
1,auto-block,0.9999057
1,auto-block,0.99906296
1,auto-block,0.99916303
1,auto-block,0.9999429
1,auto-block,0.9997421
1,auto-block,0.99986863
1,auto-block,0.99995124
1,auto-block,0.9999186
1,auto-block,0.9996598
1,auto-block,0.99982613
1,auto-block,0.99995244
1,auto-block,0.9999238
1,auto-block,0.9999379
1,auto-block,0.9999156
1,auto-block,0.9996178
1,auto-block,0.99995434
1,auto-block,0.99988747
1,auto-block,0.9999677
1,auto-block,0.99963844
1,auto-block,0.99990296
1,auto-block,0.99971336
1,auto-block,0.9999449
1,auto-block,0.9999037
1,auto-block,0.9997507
1,auto-block,0.9999517
1,auto-block,0.9998803
1,auto-block,0.999848
1,auto-block,0.99992895
1,auto-block,0.9997049
1,auto-block,0.99970454
1,auto-block,0.9998778
1,auto-block,0.9997912
1,auto-block,0.9993179
1,auto-block,0.9998534
1,auto-block,0.999944
1,auto-block,0.9999583
1,auto-block,0.9999583
1,auto-block,0.99991536
1,auto-block,0.9999647
1,auto-block,0.9994338
1,auto-block,0.9999616
1,auto-block,0.99987125
1,auto-block,0.99987495
1,auto-block,0.99995613
1,auto-block,0.99997187
1,auto-block,0.9998652
1,auto-block,0.99984646
1,auto-block,0.99987173
1,auto-block,0.99988353
1,auto-block,0.9999527
1,auto-block,0.9995303
1,auto-block,0.9999471
1,auto-block,0.9999242
1,auto-block,0.99988997
1,auto-block,0.9999366
1,auto-block,0.99994564
1,auto-block,0.999966
1,auto-block,0.9998939
1,auto-block,0.9998417
1,auto-block,0.9999305
1,auto-block,0.9997689
1,auto-block,0.9999627
1,auto-block,0.9994147
1,auto-block,0.9998832
1,auto-block,0.99988484
1,auto-block,0.9999474
1,auto-block,0.99979526
1,auto-block,0.99989414
1,auto-block,0.99996793
1,auto-block,0.99904853
1,auto-block,0.999956
1,auto-block,0.9999193
1,auto-block,0.9999293
1,auto-block,0.99992955
1,auto-block,0.9999496
1,auto-block,0.9999726
1,auto-block,0.9997173
1,auto-block,0.99993205
1,auto-block,0.99994314
1,auto-block,0.9999299
1,auto-block,0.99996674
1,auto-block,0.99982387
1,auto-block,0.9997024
1,auto-block,0.99990225
1,auto-block,0.99996126
1,auto-block,0.9998957
1,auto-block,0.999874
1,auto-block,0.9998982
1,auto-block,0.99979204
1,auto-block,0.9999119
1,auto-block,0.9999436
1,auto-block,0.9998605
1,auto-block,0.99943787
1,auto-block,0.999931
1,auto-block,0.9999474
1,auto-block,0.9999131
1,auto-block,0.9999571
1,auto-block,0.99976355
1,auto-block,0.99924004
1,auto-block,0.99964654
1,auto-block,0.9983463
1,auto-block,0.9999465
1,auto-block,0.99995756
1,auto-block,0.9995388
1,auto-block,0.99996245
1,auto-block,0.999951
1,auto-block,0.99949133
1,auto-block,0.9999335
1,auto-block,0.9998838
1,auto-block,0.9999521
1,auto-block,0.99996114
1,auto-block,0.99976426
1,auto-block,0.99996805
1,auto-block,0.99993944
1,auto-block,0.9999505
1,auto-block,0.9999646
1,auto-block,0.9999356
1,auto-block,0.9999552
1,auto-block,0.9999274
1,auto-block,0.999881
1,auto-block,0.9999478
1,auto-block,0.9999267
1,auto-block,0.999866
1,auto-block,0.9995117
1,auto-block,0.99937695
1,auto-block,0.9999653
1,auto-block,0.999833
1,auto-block,0.99985147
1,auto-block,0.999964
1,auto-block,0.9999218
1,auto-block,0.99987566
1,auto-block,0.999951
1,auto-block,0.9999647
1,auto-block,0.9997876
1,auto-block,0.999967
1,auto-block,0.99995947
1,auto-block,0.97520727
1,auto-block,0.99958974
1,auto-block,0.99995697
1,auto-block,0.99994993
1,auto-block,0.9998739
1,auto-block,0.99989414
1,auto-block,0.9999682
1,auto-block,0.99994314
1,auto-block,0.99987817
1,auto-block,0.99995196
1,auto-block,0.9999548
1,auto-block,0.99963975
1,auto-block,0.9999459
1,auto-block,0.99971324
1,auto-block,0.9999634
1,auto-block,0.9999249
1,auto-block,0.9998561
1,auto-block,0.9999522
1,auto-block,0.9999422
1,auto-block,0.99988663
1,auto-block,0.99991703
1,auto-block,0.9999434
1,auto-block,0.9999255
1,auto-block,0.9999237
1,auto-block,0.99976724
1,auto-block,0.9999391
1,auto-block,0.9999647
1,auto-block,0.99986136
1,auto-block,0.99988866
1,auto-block,0.9999659
1,auto-block,0.99995327
1,auto-block,0.9998405
1,auto-block,0.99995506
1,auto-block,0.9999424
1,auto-block,0.9998153
1,auto-block,0.9999614
1,auto-block,0.9998597
1,auto-block,0.999964
1,auto-block,0.999949
1,auto-block,0.9999609
1,auto-block,0.99995005
1,auto-block,0.9999378
1,auto-block,0.9999509
1,auto-block,0.9996693
1,auto-block,0.99985397
1,auto-block,0.9999677
1,auto-block,0.999864
1,auto-block,0.99980813
1,auto-block,0.9999423
1,auto-block,0.999951
1,auto-block,0.99994814
1,auto-block,0.9998777
1,auto-block,0.9999609
1,auto-block,0.99994826
1,auto-block,0.9998789
1,auto-block,0.9999547
1,auto-block,0.9999434
1,auto-block,0.99993265
1,auto-block,0.9999589
1,auto-block,0.9999335
1,auto-block,0.99953604
1,auto-block,0.99988925
1,auto-block,0.9997954
1,auto-block,0.9999589
1,auto-block,0.9999167
1,auto-block,0.9999547
1,auto-block,0.9998647
1,auto-block,0.9999654
1,auto-block,0.99979705
1,auto-block,0.999845
1,auto-block,0.9999385
1,auto-block,0.9998221
1,auto-block,0.9999579
1,auto-block,0.999964
1,auto-block,0.9988524
1,auto-block,0.9995932
1,auto-block,0.9999273
1,auto-block,0.9999213
1,auto-block,0.9999306
1,auto-block,0.9999635
1,auto-block,0.9999659
1,auto-block,0.99992585
1,auto-block,0.9999522
1,auto-block,0.9999114
1,auto-block,0.99993
1,auto-block,0.9999435
1,auto-block,0.99983835
1,auto-block,0.9999536
1,auto-block,0.999966
1,auto-block,0.9998154
1,auto-block,0.9999665
1,auto-block,0.99972147
1,auto-block,0.99987006
1,auto-block,0.9998696
1,auto-block,0.99995947
1,auto-block,0.99980897
1,auto-block,0.99996793
1,auto-block,0.99994814
1,auto-block,0.9997768
1,auto-block,0.99996924
1,auto-block,0.9999007
1,auto-block,0.9999652
1,auto-block,0.9998442
1,auto-block,0.9998097
1,auto-block,0.9999602
1,auto-block,0.99955803
1,auto-block,0.9999443
1,auto-block,0.9999107
1,auto-block,0.9995066
1,auto-block,0.9999639
1,auto-block,0.99995947
1,auto-block,0.99995875
1,auto-block,0.999969
1,auto-block,0.9999057
1,auto-block,0.9999268
1,auto-block,0.99978596
1,auto-block,0.99995625
1,auto-block,0.99996483
1,auto-block,0.99962354
1,auto-block,0.99977213
1,auto-block,0.9997229
1,auto-block,0.9998989
1,auto-block,0.999967
1,auto-block,0.99973315
1,auto-block,0.99984527
1,auto-block,0.9999018
1,auto-block,0.9999577
1,auto-block,0.9999602
1,auto-block,0.99957377
1,auto-block,0.999936
1,auto-block,0.9999298
1,auto-block,0.9999136
1,auto-block,0.9999521
1,auto-block,0.99966633
1,auto-block,0.99983096
1,auto-block,0.99967086
1,auto-block,0.99996924
1,auto-block,0.9999391
1,auto-block,0.99995196
1,auto-block,0.9999608
1,auto-block,0.9999509
1,auto-block,0.99995446
1,auto-block,0.9998747
1,auto-block,0.9993486
1,auto-block,0.99997187
1,auto-block,0.99945587
1,auto-block,0.99983394
1,auto-block,0.99995613
1,auto-block,0.9999559
1,auto-block,0.99988353
1,auto-block,0.99995744
1,auto-block,0.99993014
1,auto-block,0.9999478
1,auto-block,0.9998766
1,auto-block,0.99993837
1,auto-block,0.99744946
1,auto-block,0.999967
1,auto-block,0.99983585
1,auto-block,0.99995756
1,auto-block,0.99994826
1,auto-block,0.9999647
1,auto-block,0.99993503
1,auto-block,0.99979776
1,auto-block,0.99868256
1,auto-block,0.9997594
1,auto-block,0.9999274
1,auto-block,0.99995255
1,auto-block,0.99968505
1,auto-block,0.99996054
1,auto-block,0.9999521
1,auto-block,0.9999428
1,auto-block,0.9999435
1,auto-block,0.999699
1,auto-block,0.99990785
1,auto-block,0.9998865
1,auto-block,0.99992836
1,auto-block,0.99995553
1,auto-block,0.9998454
1,auto-block,0.9999105
1,auto-block,0.999838
1,auto-block,0.9999659
1,auto-block,0.99811256
1,auto-block,0.9999089
1,auto-block,0.9999101
1,auto-block,0.99996054
1,auto-block,0.9999336
1,auto-block,0.99973005
1,auto-block,0.9990369
1,auto-block,0.99994266
1,auto-block,0.99989164
1,auto-block,0.99995387
1,auto-block,0.99930465
1,auto-block,0.999946
1,auto-block,0.9999479
1,auto-block,0.9995285
1,auto-block,0.99984527
1,auto-block,0.99996114
1,auto-block,0.9998405
1,auto-block,0.9999453
1,auto-block,0.9997706
1,auto-block,0.9997497
1,auto-block,0.9997559
1,auto-block,0.99956423
1,auto-block,0.9998808
1,auto-block,0.99992883
1,auto-block,0.9999291
1,auto-block,0.9999516
1,auto-block,0.99995756
1,auto-block,0.9999627
1,auto-block,0.99978215
1,auto-block,0.99995196
1,auto-block,0.9999634
1,auto-block,0.99995816
1,auto-block,0.99996233
1,auto-block,0.9997731
1,auto-block,0.9990785
1,auto-block,0.9998411
1,auto-block,0.99988234
1,auto-block,0.9996797
1,auto-block,0.99995565
1,auto-block,0.99994564
1,auto-block,0.99890614
1,auto-block,0.99995375
1,auto-block,0.99996436
1,auto-block,0.9999665
1,auto-block,0.99984574
1,auto-block,0.99988484
1,auto-block,0.99987984
1,auto-block,0.9999205
1,auto-block,0.9999479
1,auto-block,0.9992878
1,auto-block,0.99971646
1,auto-block,0.99994457
1,auto-block,0.9998696
1,auto-block,0.999967
1,auto-block,0.9999411
1,auto-block,0.9999659
1,auto-block,0.9999379
1,auto-block,0.9999627
1,auto-block,0.9999628
1,auto-block,0.99996567
1,auto-block,0.9999405
1,auto-block,0.9994246
1,auto-block,0.999114
1,auto-block,0.9998148
1,auto-block,0.9999646
1,auto-block,0.999967
1,auto-block,0.9989791
1,auto-block,0.999851
1,auto-block,0.99995315
1,auto-block,0.9999684
1,auto-block,0.9999362
1,auto-block,0.99979395
1,auto-block,0.9999491
1,auto-block,0.99996305
1,auto-block,0.9999527
1,auto-block,0.99996305
1,auto-block,0.9999523
1,auto-block,0.99997187
1,auto-block,0.9998857
1,auto-block,0.99984705
1,auto-block,0.99993587
1,auto-block,0.9999349
1,auto-block,0.9982383
1,auto-block,0.99992
1,auto-block,0.99974984
1,auto-block,0.9999652
1,auto-block,0.99995863
1,auto-block,0.99958533
1,auto-block,0.9995197
1,auto-block,0.9999521
1,auto-block,0.9999323
1,auto-block,0.99995613
1,auto-block,0.9999349
1,auto-block,0.9998765
1,auto-block,0.99994695
1,auto-block,0.99995387
1,auto-block,0.999894
1,auto-block,0.9999136
1,auto-block,0.9999516
1,auto-block,0.99985707
1,auto-block,0.9999634
1,auto-block,0.99983704
1,auto-block,0.9999651
1,auto-block,0.9998698
1,auto-block,0.9994604
1,auto-block,0.9998419
1,auto-block,0.99996054
1,auto-block,0.9998635
1,auto-block,0.99994063
1,auto-block,0.9999591
1,auto-block,0.9998976
1,auto-block,0.9999546
1,auto-block,0.9999354
1,auto-block,0.99995565
1,auto-block,0.99986064
1,auto-block,0.99985313
1,auto-block,0.99996924
1,auto-block,0.99995506
1,auto-block,0.9999535
1,auto-block,0.99973327
1,auto-block,0.9998294
1,auto-block,0.99982953
1,auto-block,0.9997873
1,auto-block,0.99995315
1,auto-block,0.9997205
1,auto-block,0.9998259
1,auto-block,0.9999198
1,auto-block,0.9999621
1,auto-block,0.99996424
1,auto-block,0.99911886
1,auto-block,0.99988365
1,auto-block,0.99961483
1,auto-block,0.9999627
1,auto-block,0.99995244
1,auto-block,0.9999527
1,auto-block,0.999967
1,auto-block,0.9999138
1,auto-block,0.9999701
1,auto-block,0.9999124
1,auto-block,0.9999286
1,auto-block,0.9998553
1,auto-block,0.9999442
1,auto-block,0.9999114
1,auto-block,0.9999058
1,auto-block,0.99990475
1,auto-block,0.9999571
1,auto-block,0.99982375
1,auto-block,0.9999627
1,auto-block,0.9999523
1,auto-block,0.9999422
1,auto-block,0.99995434
1,auto-block,0.99976414
1,auto-block,0.9999645
1,auto-block,0.99995923
1,auto-block,0.99994564
1,auto-block,0.9999622
1,auto-block,0.9998987
1,auto-block,0.99984133
1,auto-block,0.99995255
1,auto-block,0.9998622
1,auto-block,0.9999597
1,auto-block,0.99988866
1,auto-block,0.99990773
1,auto-block,0.99983704
1,auto-block,0.99995875
1,auto-block,0.9999434
1,auto-block,0.9999591
1,auto-block,0.9999325
1,auto-block,0.99992836
1,auto-block,0.99993753
1,auto-block,0.9999387
1,auto-block,0.9999318
1,auto-block,0.99976224
1,auto-block,0.99847835
1,auto-block,0.99994636
1,auto-block,0.99995303
1,auto-block,0.99990416
1,auto-block,0.99996495
1,auto-block,0.999572
1,auto-block,0.9999379
1,auto-block,0.9995621
1,auto-block,0.9999596
1,auto-block,0.99975127
1,auto-block,0.9999572
1,auto-block,0.9999449
1,auto-block,0.9997862
1,auto-block,0.9999492
1,auto-block,0.99969923
1,auto-block,0.99995387
1,auto-block,0.99852943
1,auto-block,0.9998802
1,auto-block,0.9999006
1,auto-block,0.9999659
1,auto-block,0.99993134
1,auto-block,0.99982846
1,auto-block,0.9998765
1,auto-block,0.9996873
1,auto-block,0.9997373
1,auto-block,0.99815995
1,auto-block,0.99990785
1,auto-block,0.9999306
1,auto-block,0.99991846
1,auto-block,0.99947697
1,auto-block,0.9998172
1,auto-block,0.999923
1,auto-block,0.9999449
1,auto-block,0.99978536
1,auto-block,0.9999591
1,auto-block,0.9999647
1,auto-block,0.999782
1,auto-block,0.9995177
1,auto-block,0.9998273
1,auto-block,0.99992704
1,auto-block,0.9984394
1,auto-block,0.9999318
1,auto-block,0.99995244
1,auto-block,0.999401
1,auto-block,0.9999206
1,auto-block,0.9996911
1,auto-block,0.9998648
1,auto-block,0.9999652
1,auto-block,0.9938992
1,auto-block,0.9998417
1,auto-block,0.99991226
1,auto-block,0.999782
1,auto-block,0.99986005
1,auto-block,0.99968076
