predicted_label,prediction_prob,defense_action
0,6.391874e-05,allow
0,0.0011318324,allow
0,1.213272e-05,allow
0,1.1733238e-05,allow
0,4.0776973e-05,allow
0,2.2829085e-05,allow
1,0.99986255,block_ip
0,0.00012372695,allow
1,0.9998435,block_ip
1,0.99996436,block_ip
0,4.2548796e-05,allow
1,0.99993825,block_ip
0,4.09773e-05,allow
1,0.9998055,block_ip
0,0.00082079554,allow
1,0.99997187,block_ip
0,0.00040681154,allow
1,0.9999293,block_ip
0,8.3633495e-05,allow
1,0.9999031,block_ip
0,2.5967012e-05,allow
1,0.99946254,block_ip
0,3.4705405e-05,allow
1,0.99995625,block_ip
1,0.99987566,block_ip
1,0.99990845,block_ip
1,0.99995387,block_ip
0,1.633291e-05,allow
0,0.0004515529,allow
0,3.2305477e-05,allow
0,2.3158285e-05,allow
1,0.9998659,block_ip
1,0.99993527,block_ip
0,1.18941525e-05,allow
1,0.99991953,block_ip
0,4.8217324e-05,allow
1,0.99992657,block_ip
1,0.999967,block_ip
0,1.0776938e-05,allow
1,0.99988294,block_ip
0,1.698612e-05,allow
1,0.9999012,block_ip
0,5.0011917e-05,allow
1,0.99991345,block_ip
1,0.9999361,block_ip
1,0.99989367,block_ip
1,0.9999205,block_ip
1,0.99991286,block_ip
1,0.99996316,block_ip
1,0.9999474,block_ip
0,0.0022344857,allow
1,0.99985695,block_ip
1,0.9999609,block_ip
1,0.9999423,block_ip
1,0.9999701,block_ip
0,6.3047e-05,allow
0,1.1848415e-05,allow
1,0.9999474,block_ip
0,0.0003747808,allow
1,0.99994314,block_ip
0,5.4624892e-05,allow
0,0.00047079858,allow
1,0.99993443,block_ip
0,1.4669948e-05,allow
0,6.191154e-05,allow
1,0.9999422,block_ip
1,0.9999448,block_ip
0,0.00014588455,allow
1,0.99922895,block_ip
1,0.99993443,block_ip
0,0.00011695057,allow
1,0.99991846,block_ip
1,0.9999603,block_ip
0,5.78775e-05,allow
0,0.00011736974,allow
0,2.3190994e-05,allow
1,0.9999651,block_ip
1,0.99991846,block_ip
0,4.8350394e-05,allow
1,0.9999502,block_ip
1,0.9998221,block_ip
1,0.99988043,block_ip
0,1.2085062e-05,allow
1,0.99968016,block_ip
1,0.9998336,block_ip
1,0.9996935,block_ip
0,0.00010124804,allow
0,0.00014126473,allow
1,0.99993014,block_ip
0,1.7852015e-05,allow
0,0.00017028334,allow
1,0.99996996,block_ip
1,0.9995778,block_ip
0,2.4287569e-05,allow
1,0.999969,block_ip
0,2.010713e-05,allow
1,0.999874,block_ip
0,4.3567365e-05,allow
1,0.9991616,block_ip
0,2.8794962e-05,allow
1,0.9998721,block_ip
0,9.83342e-05,allow
0,0.0001080577,allow
1,0.99978787,block_ip
0,1.8315817e-05,allow
0,0.00034860874,allow
0,0.0012070823,allow
1,0.9999665,block_ip
0,1.1827179e-05,allow
0,1.05972595e-05,allow
1,0.99868256,block_ip
1,0.99994373,block_ip
0,2.5106958e-05,allow
0,1.0937799e-05,allow
1,0.9999646,block_ip
1,0.9998368,block_ip
0,7.7640434e-05,allow
1,0.9999567,block_ip
0,0.00019208953,allow
0,3.9096747e-05,allow
1,0.9997658,block_ip
1,0.9999167,block_ip
0,4.8627513e-05,allow
1,0.9998338,block_ip
1,0.99993265,block_ip
0,1.0102235e-05,allow
1,0.99968874,block_ip
0,2.4419554e-05,allow
0,1.161454e-05,allow
1,0.9991474,block_ip
1,0.9998946,block_ip
1,0.999785,block_ip
0,5.2828054e-05,allow
1,0.9998036,block_ip
0,0.00011788458,allow
0,2.826018e-05,allow
0,6.568976e-05,allow
1,0.9991714,block_ip
0,1.041109e-05,allow
0,7.220475e-05,allow
1,0.9999043,block_ip
0,2.2703292e-05,allow
1,0.9998759,block_ip
0,1.03365155e-05,allow
0,7.536969e-06,allow
0,3.5190988e-05,allow
0,9.29137e-06,allow
0,1.33178655e-05,allow
0,0.00014847121,allow
1,0.9999621,block_ip
1,0.99905556,block_ip
0,3.6921512e-05,allow
0,7.0876677e-06,allow
0,6.657137e-05,allow
0,2.5049798e-05,allow
1,0.9999609,block_ip
1,0.99984527,block_ip
0,2.1631264e-05,allow
0,5.2550397e-05,allow
1,0.9999604,block_ip
0,1.6528396e-05,allow
1,0.9999554,block_ip
1,0.9999589,block_ip
1,0.999964,block_ip
1,0.99975365,block_ip
1,0.9999453,block_ip
0,3.6220394e-05,allow
1,0.9999505,block_ip
0,1.491478e-05,allow
1,0.9998969,block_ip
0,2.5757694e-05,allow
0,2.6271115e-05,allow
0,9.244211e-05,allow
0,2.4673067e-05,allow
1,0.99991107,block_ip
0,3.5166595e-05,allow
1,0.9999002,block_ip
1,0.9998735,block_ip
0,7.957924e-05,allow
1,0.9999486,block_ip
1,0.9998354,block_ip
0,1.8986684e-05,allow
0,3.504173e-05,allow
1,0.99994445,block_ip
0,9.670602e-05,allow
0,2.2081804e-05,allow
0,6.178821e-05,allow
0,0.00023615675,allow
1,0.9999583,block_ip
0,1.2869454e-05,allow
0,5.5700726e-05,allow
1,0.9997968,block_ip
0,4.780886e-05,allow
1,0.9999274,block_ip
1,0.9999497,block_ip
0,9.009406e-06,allow
1,0.99967206,block_ip
0,2.477138e-05,allow
1,0.9999473,block_ip
0,1.037901e-05,allow
1,0.9997569,block_ip
1,0.9999027,block_ip
1,0.99993074,block_ip
1,0.99995863,block_ip
0,0.00015190334,allow
1,0.9999516,block_ip
0,5.081282e-05,allow
0,0.0009071775,allow
0,5.7381792e-05,allow
1,0.9998754,block_ip
1,0.99876994,block_ip
0,7.578976e-05,allow
0,3.0630166e-05,allow
1,0.99994993,block_ip
1,0.99993324,block_ip
0,4.135685e-05,allow
1,0.9998154,block_ip
0,3.7269532e-05,allow
1,0.99994135,block_ip
1,0.99994874,block_ip
1,0.999645,block_ip
1,0.99995816,block_ip
1,0.99994063,block_ip
1,0.99994147,block_ip
1,0.99995196,block_ip
1,0.9999505,block_ip
0,2.635e-05,allow
1,0.9997948,block_ip
0,0.0056936196,allow
0,2.0742142e-05,allow
0,3.49219e-05,allow
1,0.99972624,block_ip
1,0.99942964,block_ip
0,5.066945e-05,allow
1,0.9994886,block_ip
1,0.9999343,block_ip
0,4.9548788e-05,allow
1,0.9999579,block_ip
0,1.1990605e-05,allow
1,0.99985015,block_ip
0,4.1558953e-05,allow
1,0.9999558,block_ip
0,3.2134456e-05,allow
0,4.1890962e-05,allow
0,8.70249e-06,allow
0,3.206463e-05,allow
1,0.99995625,block_ip
1,0.9997241,block_ip
0,3.6597427e-05,allow
0,0.00023553052,allow
0,8.3948935e-06,allow
1,0.99985564,block_ip
1,0.9999558,block_ip
1,0.9999263,block_ip
0,5.243091e-05,allow
1,0.99995303,block_ip
0,2.0184383e-05,allow
0,2.6695172e-05,allow
1,0.9999554,block_ip
1,0.99995327,block_ip
1,0.99994373,block_ip
0,4.8168058e-05,allow
0,2.1560048e-05,allow
1,0.9999337,block_ip
1,0.99989736,block_ip
1,0.99984527,block_ip
1,0.99995005,block_ip
0,4.8764687e-05,allow
1,0.99989367,block_ip
1,0.9997725,block_ip
1,0.99988484,block_ip
0,6.750168e-05,allow
0,8.241523e-05,allow
1,0.9997209,block_ip
1,0.9998229,block_ip
0,1.5546402e-05,allow
0,1.8892202e-05,allow
0,2.1458492e-05,allow
1,0.99991286,block_ip
0,1.7037677e-05,allow
1,0.999895,block_ip
1,0.99993896,block_ip
0,2.8320019e-05,allow
0,0.00011313184,allow
0,5.9192113e-05,allow
0,0.0006343485,allow
1,0.9999647,block_ip
0,7.307776e-05,allow
1,0.99919397,block_ip
0,5.8276484e-05,allow
1,0.9999162,block_ip
0,2.0019861e-05,allow
1,0.99993706,block_ip
0,1.0037921e-05,allow
0,6.0177263e-05,allow
1,0.99993074,block_ip
0,2.5452273e-05,allow
0,1.9030625e-05,allow
0,1.4603532e-05,allow
1,0.9997881,block_ip
1,0.9993918,block_ip
1,0.99993896,block_ip
1,0.99995005,block_ip
0,2.7782447e-05,allow
0,2.9505443e-05,allow
1,0.9999695,block_ip
0,8.000946e-06,allow
1,0.99989736,block_ip
0,3.6220394e-05,allow
0,6.0468217e-05,allow
0,9.770354e-06,allow
1,0.9999044,block_ip
0,3.2933265e-05,allow
0,5.1284544e-05,allow
0,0.0023926538,allow
1,0.999877,block_ip
0,8.195479e-05,allow
0,0.00010016368,allow
1,0.99994826,block_ip
1,0.99986863,block_ip
1,0.9998939,block_ip
0,1.1388082e-05,allow
1,0.9999062,block_ip
0,4.7081918e-05,allow
1,0.9998554,block_ip
0,2.283146e-05,allow
0,2.2776656e-05,allow
0,2.8062652e-05,allow
0,9.794582e-06,allow
1,0.99905723,block_ip
1,0.999241,block_ip
1,0.9998628,block_ip
0,0.00013597305,allow
1,0.99959546,block_ip
1,0.99975735,block_ip
1,0.99995244,block_ip
0,4.5825134e-05,allow
1,0.998774,block_ip
0,2.1116368e-05,allow
0,6.622028e-05,allow
1,0.99980885,block_ip
1,0.99934274,block_ip
1,0.99768317,block_ip
0,0.00056586677,allow
0,4.411744e-05,allow
0,4.357979e-05,allow
0,2.3285556e-05,allow
0,1.0268134e-05,allow
1,0.9998658,block_ip
1,0.9998739,block_ip
1,0.999889,block_ip
0,2.2365177e-05,allow
1,0.9999527,block_ip
0,2.43595e-05,allow
1,0.9996582,block_ip
0,1.9271867e-05,allow
0,7.894493e-06,allow
1,0.9999598,block_ip
1,0.99995744,block_ip
1,0.9999052,block_ip
0,2.0129157e-05,allow
1,0.99994826,block_ip
0,6.917808e-05,allow
0,0.00036928445,allow
1,0.99973077,block_ip
1,0.9998616,block_ip
1,0.999944,block_ip
1,0.9999529,block_ip
0,0.000101559504,allow
1,0.9987172,block_ip
0,3.7945516e-05,allow
0,9.182754e-05,allow
1,0.9999467,block_ip
0,1.1652727e-05,allow
1,0.9997564,block_ip
1,0.99993384,block_ip
0,1.5255108e-05,allow
0,6.712091e-05,allow
1,0.99963164,block_ip
0,0.0001547523,allow
1,0.99979657,block_ip
1,0.9997327,block_ip
0,1.850404e-05,allow
1,0.99994135,block_ip
0,2.6404108e-05,allow
0,2.1933965e-05,allow
1,0.99993134,block_ip
1,0.9998148,block_ip
0,1.3418683e-05,allow
0,3.7994978e-05,allow
0,0.006056503,allow
1,0.9999548,block_ip
0,1.6482183e-05,allow
1,0.99995553,block_ip
0,1.7380306e-05,allow
1,0.9999025,block_ip
1,0.99990165,block_ip
1,0.9999151,block_ip
0,2.679927e-05,allow
0,2.1983658e-05,allow
1,0.9998778,block_ip
1,0.99996436,block_ip
1,0.9999025,block_ip
1,0.99996376,block_ip
1,0.99975985,block_ip
0,0.00018066289,allow
0,5.9255424e-05,allow
1,0.9999325,block_ip
1,0.99992836,block_ip
1,0.99993527,block_ip
1,0.99996185,block_ip
0,2.5162137e-05,allow
0,1.2368993e-05,allow
0,2.5441985e-05,allow
1,0.9998061,block_ip
0,0.00012070568,allow
0,1.5238823e-05,allow
1,0.99982846,block_ip
0,4.0274568e-05,allow
0,9.062731e-06,allow
0,2.5803593e-05,allow
1,0.9999404,block_ip
0,0.00046748578,allow
0,1.6103864e-05,allow
1,0.9997261,block_ip
1,0.9975141,block_ip
0,4.5463203e-05,allow
1,0.9999212,block_ip
1,0.9998759,block_ip
1,0.9999448,block_ip
1,0.9999554,block_ip
0,0.000552545,allow
1,0.9999424,block_ip
1,0.99995565,block_ip
0,8.636678e-05,allow
0,4.317539e-05,allow
0,1.9711857e-05,allow
0,2.2186056e-05,allow
0,2.3953324e-05,allow
0,1.8186513e-05,allow
0,3.3769316e-05,allow
0,1.1510755e-05,allow
0,2.7575055e-05,allow
0,1.1246258e-05,allow
1,0.9999516,block_ip
1,0.99978906,block_ip
1,0.9995111,block_ip
0,1.3184154e-05,allow
0,3.6463513e-05,allow
1,0.99994683,block_ip
1,0.9999335,block_ip
0,5.041213e-05,allow
1,0.999959,block_ip
0,9.351062e-06,allow
0,3.287518e-05,allow
1,0.9989648,block_ip
1,0.9999435,block_ip
0,2.6226458e-05,allow
0,1.6082977e-05,allow
1,0.9999609,block_ip
0,3.6220394e-05,allow
1,0.9998883,block_ip
1,0.9999435,block_ip
1,0.9999281,block_ip
1,0.9999472,block_ip
1,0.9999523,block_ip
1,0.9999671,block_ip
0,3.9191826e-05,allow
0,4.8260703e-05,allow
0,2.2615774e-05,allow
1,0.9999298,block_ip
1,0.9999484,block_ip
1,0.99983346,block_ip
1,0.9999213,block_ip
0,1.913921e-05,allow
0,0.00014384586,allow
0,5.70444e-05,allow
1,0.99995434,block_ip
1,0.9999647,block_ip
1,0.99968123,block_ip
0,0.0006069089,allow
0,2.7029268e-05,allow
1,0.99965024,block_ip
1,0.99996483,block_ip
1,0.9999138,block_ip
1,0.9999553,block_ip
1,0.99970454,block_ip
1,0.9995672,block_ip
1,0.9993369,block_ip
0,0.0002831673,allow
1,0.9999033,block_ip
0,2.6774695e-05,allow
0,1.4506467e-05,allow
1,0.999938,block_ip
1,0.99956125,block_ip
1,0.9999126,block_ip
1,0.9999511,block_ip
1,0.99990916,block_ip
0,1.9958252e-05,allow
0,6.434801e-05,allow
1,0.9996778,block_ip
0,3.536249e-05,allow
1,0.99986374,block_ip
0,0.004922992,allow
0,2.949388e-05,allow
0,2.3628118e-05,allow
1,0.9999367,block_ip
1,0.999938,block_ip
1,0.9999615,block_ip
0,1.5929996e-05,allow
0,0.0002465152,allow
0,0.00017877755,allow
0,7.0744565e-05,allow
0,0.000117603995,allow
0,3.5103403e-05,allow
1,0.9998814,block_ip
1,0.99991715,block_ip
0,1.5241409e-05,allow
0,4.155305e-05,allow
1,0.9998621,block_ip
1,0.99987936,block_ip
1,0.9999528,block_ip
1,0.9993974,block_ip
1,0.99971515,block_ip
0,0.000109847024,allow
1,0.99995744,block_ip
0,2.1297128e-05,allow
1,0.99996257,block_ip
0,2.3457776e-05,allow
1,0.9999609,block_ip
1,0.99992406,block_ip
1,0.9998714,block_ip
1,0.99994683,block_ip
0,1.18242815e-05,allow
0,7.9244e-05,allow
0,9.173004e-05,allow
0,3.595108e-05,allow
1,0.99970144,block_ip
0,1.3966714e-05,allow
0,0.00036557953,allow
0,1.2963093e-05,allow
1,0.9999628,block_ip
1,0.99995553,block_ip
1,0.9998778,block_ip
0,1.497604e-05,allow
1,0.999915,block_ip
0,0.00031281798,allow
0,1.0365736e-05,allow
0,0.000106325395,allow
1,0.99996305,block_ip
1,0.9999422,block_ip
1,0.9998055,block_ip
0,7.6623284e-05,allow
0,1.4883719e-05,allow
1,0.9996793,block_ip
1,0.99985373,block_ip
1,0.9999006,block_ip
0,1.3383397e-05,allow
1,0.9999634,block_ip
1,0.9998529,block_ip
1,0.99985087,block_ip
0,0.00012934019,allow
1,0.9999677,block_ip
0,0.00011313184,allow
0,6.094529e-05,allow
0,2.542287e-05,allow
0,4.8143625e-05,allow
1,0.99995005,block_ip
0,2.8308974e-05,allow
0,1.2966097e-05,allow
0,2.5067673e-05,allow
1,0.99992263,block_ip
1,0.9999186,block_ip
0,0.0011193522,allow
0,2.5201569e-05,allow
1,0.999808,block_ip
0,0.00022011556,allow
1,0.9999138,block_ip
0,2.1881211e-05,allow
1,0.99994135,block_ip
1,0.9997702,block_ip
1,0.9999614,block_ip
0,4.961413e-05,allow
1,0.9999404,block_ip
0,1.8233191e-05,allow
0,7.848652e-05,allow
1,0.99985063,block_ip
1,0.9999031,block_ip
0,1.187621e-05,allow
1,0.999961,block_ip
0,3.1370095e-05,allow
1,0.9999521,block_ip
1,0.9999362,block_ip
0,2.2451917e-05,allow
0,4.612018e-05,allow
1,0.99979573,block_ip
0,4.2089217e-05,allow
0,3.060313e-05,allow
0,0.00014792998,allow
1,0.999961,block_ip
0,3.7239228e-05,allow
0,4.615683e-05,allow
0,2.2541231e-05,allow
1,0.99996114,block_ip
1,0.9998692,block_ip
1,0.9999466,block_ip
1,0.99957365,block_ip
1,0.9998648,block_ip
0,2.4672501e-05,allow
1,0.99965477,block_ip
0,3.6082354e-05,allow
0,0.00023453622,allow
0,9.01088e-05,allow
0,2.4328738e-05,allow
1,0.99995875,block_ip
1,0.99976426,block_ip
1,0.9999291,block_ip
1,0.99991703,block_ip
0,2.5055817e-05,allow
1,0.9977291,block_ip
0,2.2046328e-05,allow
0,0.00010122227,allow
0,7.9454385e-06,allow
1,0.9998933,block_ip
0,0.00013954662,allow
1,0.99994373,block_ip
1,0.99994445,block_ip
1,0.9999186,block_ip
0,8.6005406e-05,allow
0,2.0399337e-05,allow
1,0.9998776,block_ip
1,0.9999654,block_ip
0,8.884856e-05,allow
0,4.7038164e-05,allow
1,0.99995947,block_ip
1,0.99914014,block_ip
0,1.5199026e-05,allow
0,5.697182e-05,allow
0,2.9451045e-05,allow
0,6.2645224e-05,allow
0,2.6180005e-05,allow
1,0.9997148,block_ip
0,1.10625515e-05,allow
0,7.332655e-05,allow
1,0.99990857,block_ip
0,2.7572873e-05,allow
1,0.9999466,block_ip
0,0.00013285634,allow
1,0.99997187,block_ip
0,2.6907208e-05,allow
1,0.9997553,block_ip
1,0.9999621,block_ip
1,0.9999517,block_ip
0,2.5659258e-05,allow
1,0.99986196,block_ip
1,0.9997651,block_ip
0,1.939958e-05,allow
1,0.9998976,block_ip
1,0.9997944,block_ip
1,0.9998087,block_ip
1,0.99993074,block_ip
1,0.99993706,block_ip
1,0.99994266,block_ip
0,8.034081e-05,allow
1,0.9998542,block_ip
1,0.99994826,block_ip
1,0.99977535,block_ip
1,0.9998073,block_ip
1,0.9999567,block_ip
1,0.9999411,block_ip
1,0.99993587,block_ip
1,0.9999255,block_ip
0,2.3562414e-05,allow
0,9.155656e-06,allow
1,0.9999628,block_ip
0,7.37184e-06,allow
0,5.8918078e-05,allow
1,0.9998161,block_ip
1,0.9991335,block_ip
1,0.9999107,block_ip
1,0.99995923,block_ip
1,0.9998616,block_ip
0,7.375834e-05,allow
0,2.5241085e-05,allow
0,0.00070483104,allow
1,0.99995387,block_ip
0,1.6352298e-05,allow
0,1.5724556e-05,allow
0,1.4224384e-05,allow
0,3.7372392e-05,allow
0,4.5778834e-05,allow
1,0.999814,block_ip
0,1.9969086e-05,allow
0,3.648588e-05,allow
1,0.99937123,block_ip
1,0.99988127,block_ip
0,0.00027438925,allow
0,2.4829158e-05,allow
0,0.0005378175,allow
0,2.1741247e-05,allow
1,0.9999367,block_ip
0,2.1061664e-05,allow
1,0.9998647,block_ip
1,0.9994356,block_ip
1,0.99996805,block_ip
0,0.000120559474,allow
0,3.630079e-05,allow
0,2.5993424e-05,allow
0,4.1059993e-05,allow
0,8.287018e-05,allow
0,2.5067673e-05,allow
1,0.99992514,block_ip
1,0.9999635,block_ip
0,4.045186e-05,allow
1,0.9999534,block_ip
1,0.9998752,block_ip
1,0.9998723,block_ip
1,0.99970406,block_ip
1,0.99995625,block_ip
0,3.232224e-05,allow
1,0.9995933,block_ip
1,0.99993646,block_ip
1,0.99979717,block_ip
1,0.999948,block_ip
1,0.9997805,block_ip
0,8.905753e-06,allow
1,0.9997863,block_ip
0,3.080772e-05,allow
1,0.9998598,block_ip
0,8.256511e-06,allow
0,1.1266277e-05,allow
1,0.9999577,block_ip
0,2.5608997e-05,allow
1,0.99992144,block_ip
1,0.9996983,block_ip
1,0.9999145,block_ip
0,4.873154e-05,allow
0,3.8000777e-05,allow
1,0.99993134,block_ip
1,0.9999589,block_ip
0,1.0421997e-05,allow
1,0.99996233,block_ip
1,0.9999571,block_ip
0,1.0015537e-05,allow
0,1.7121054e-05,allow
1,0.99996436,block_ip
1,0.9999361,block_ip
0,2.4722247e-05,allow
1,0.9999294,block_ip
1,0.9999186,block_ip
0,2.4903715e-05,allow
0,5.619627e-05,allow
0,3.0591807e-05,allow
0,1.5943278e-05,allow
1,0.9999368,block_ip
1,0.99993145,block_ip
1,0.99996066,block_ip
0,4.102117e-05,allow
0,2.5504172e-05,allow
1,0.9999603,block_ip
0,0.0005281873,allow
0,0.00029832515,allow
0,1.4156909e-05,allow
0,1.2893187e-05,allow
0,2.2813241e-05,allow
1,0.999821,block_ip
1,0.99955887,block_ip
1,0.999508,block_ip
1,0.999828,block_ip
1,0.99991703,block_ip
1,0.9998312,block_ip
1,0.99995685,block_ip
1,0.9999114,block_ip
1,0.99980015,block_ip
1,0.9998853,block_ip
0,3.3039527e-05,allow
1,0.99995744,block_ip
0,3.51776e-05,allow
1,0.99996245,block_ip
0,3.0443876e-05,allow
0,1.6093732e-05,allow
1,0.9999497,block_ip
1,0.9998697,block_ip
1,0.9999627,block_ip
1,0.99997115,block_ip
0,5.916102e-05,allow
0,6.206772e-05,allow
0,3.4975557e-05,allow
1,0.9994962,block_ip
0,1.1142629e-05,allow
0,1.6523558e-05,allow
1,0.9999403,block_ip
1,0.99996924,block_ip
0,2.1989737e-05,allow
1,0.9998704,block_ip
0,1.5835525e-05,allow
0,1.8419285e-05,allow
0,8.0119025e-06,allow
0,4.0384795e-05,allow
1,0.99995744,block_ip
0,1.6516895e-05,allow
0,8.17054e-05,allow
1,0.9999416,block_ip
1,0.9999243,block_ip
1,0.999951,block_ip
0,3.2432097e-05,allow
0,5.212566e-05,allow
0,1.939958e-05,allow
0,1.4174145e-05,allow
1,0.99992514,block_ip
1,0.9995023,block_ip
0,5.262552e-05,allow
0,0.0004387556,allow
1,0.99992526,block_ip
0,0.00010044996,allow
0,2.0836651e-05,allow
0,2.4269808e-05,allow
0,1.0357237e-05,allow
1,0.9998685,block_ip
1,0.9995783,block_ip
1,0.9999484,block_ip
0,2.6301748e-05,allow
1,0.99984217,block_ip
0,3.071385e-05,allow
1,0.9999645,block_ip
0,3.403728e-05,allow
0,1.4857441e-05,allow
0,3.9596274e-05,allow
0,3.2432905e-05,allow
1,0.9999633,block_ip
0,0.00040940178,allow
1,0.99996245,block_ip
0,1.9035708e-05,allow
1,0.99989176,block_ip
0,4.024351e-05,allow
1,0.9999584,block_ip
1,0.99997115,block_ip
1,0.99996567,block_ip
0,9.611048e-05,allow
0,0.00017495257,allow
0,1.6861104e-05,allow
0,2.6677537e-05,allow
0,2.5993424e-05,allow
1,0.99994373,block_ip
0,0.00012349663,allow
1,0.99978274,block_ip
1,0.999959,block_ip
0,3.48518e-05,allow
1,0.9999627,block_ip
0,1.8151979e-05,allow
1,0.9999658,block_ip
0,2.6389911e-05,allow
1,0.9995135,block_ip
1,0.9998969,block_ip
1,0.9999615,block_ip
0,9.290633e-05,allow
0,2.1552605e-05,allow
1,0.9998472,block_ip
1,0.9999176,block_ip
1,0.9999083,block_ip
0,4.1888765e-05,allow
0,0.00012528028,allow
1,0.99996424,block_ip
0,0.0003031615,allow
1,0.9999521,block_ip
1,0.999956,block_ip
1,0.9997873,block_ip
0,0.00012737638,allow
0,1.7674738e-05,allow
1,0.99989986,block_ip
0,2.8747085e-05,allow
1,0.9999647,block_ip
0,4.140949e-05,allow
1,0.9999076,block_ip
0,4.47703e-05,allow
0,1.2954566e-05,allow
0,1.6173277e-05,allow
0,3.0543357e-05,allow
0,3.6061236e-05,allow
0,0.0001331196,allow
1,0.99969983,block_ip
0,6.143944e-05,allow
1,0.9999664,block_ip
1,0.9999267,block_ip
0,0.0031098379,allow
1,0.9998901,block_ip
0,0.00033359666,allow
1,0.99987674,block_ip
1,0.99993014,block_ip
0,0.0003413258,allow
0,0.019659566,allow
0,2.3270926e-05,allow
0,5.4057255e-05,allow
0,1.1710389e-05,allow
0,0.000104816085,allow
0,4.405064e-05,allow
1,0.99984825,block_ip
0,1.705364e-05,allow
1,0.99995005,block_ip
0,4.0417315e-05,allow
1,0.9999492,block_ip
1,0.99993265,block_ip
1,0.9993155,block_ip
0,6.482039e-05,allow
0,8.671867e-05,allow
1,0.99585515,block_ip
1,0.99992,block_ip
1,0.99991524,block_ip
1,0.99985623,block_ip
0,1.0152467e-05,allow
1,0.99798703,block_ip
1,0.99980456,block_ip
1,0.9998417,block_ip
0,2.255611e-05,allow
1,0.99935335,block_ip
0,0.00011675033,allow
1,0.9999553,block_ip
0,0.00021978795,allow
1,0.9999161,block_ip
0,3.3635584e-05,allow
1,0.999741,block_ip
0,2.993928e-05,allow
1,0.9998203,block_ip
0,2.1255513e-05,allow
1,0.9998361,block_ip
1,0.99974686,block_ip
0,0.000119431395,allow
0,2.6545318e-05,allow
0,4.703565e-05,allow
0,1.29028795e-05,allow
0,0.00035168475,allow
0,0.00030018017,allow
0,3.3759818e-05,allow
1,0.99994767,block_ip
1,0.9996971,block_ip
1,0.9998647,block_ip
1,0.9999589,block_ip
1,0.9999286,block_ip
0,8.940012e-06,allow
1,0.99996376,block_ip
0,1.6322789e-05,allow
0,9.6725735e-06,allow
0,7.578976e-05,allow
1,0.9999398,block_ip
0,0.00093068084,allow
0,9.464358e-05,allow
0,1.939958e-05,allow
1,0.9999577,block_ip
1,0.99993,block_ip
0,3.409488e-05,allow
1,0.999726,block_ip
1,0.99995565,block_ip
1,0.99995875,block_ip
1,0.9999423,block_ip
1,0.9999651,block_ip
0,3.322316e-05,allow
0,4.5537094e-05,allow
0,2.6816526e-05,allow
1,0.99983513,block_ip
1,0.9998956,block_ip
1,0.99995005,block_ip
1,0.999941,block_ip
0,2.6947524e-05,allow
0,3.896576e-05,allow
0,2.59901e-05,allow
1,0.9999511,block_ip
0,5.408587e-05,allow
1,0.99995816,block_ip
0,0.0009871903,allow
1,0.9998903,block_ip
1,0.99994934,block_ip
0,2.2438304e-05,allow
0,1.0367624e-05,allow
0,1.9369227e-05,allow
1,0.9996586,block_ip
0,4.3920318e-05,allow
1,0.9999503,block_ip
0,0.0009782917,allow
0,3.083597e-05,allow
0,2.9422863e-05,allow
0,5.795101e-05,allow
1,0.99986076,block_ip
0,1.7211898e-05,allow
0,9.438559e-06,allow
1,0.9999269,block_ip
0,0.0007230572,allow
1,0.9999342,block_ip
0,2.0394124e-05,allow
0,7.966052e-06,allow
1,0.99983,block_ip
0,1.4528743e-05,allow
0,1.5199721e-05,allow
1,0.99995005,block_ip
0,2.4290672e-05,allow
0,3.6389418e-05,allow
1,0.99976665,block_ip
0,3.8751095e-05,allow
0,2.306349e-05,allow
0,6.197965e-05,allow
1,0.99995303,block_ip
0,0.00039685296,allow
0,4.6221405e-05,allow
1,0.9999267,block_ip
0,1.9567062e-05,allow
1,0.99951565,block_ip
0,1.2484504e-05,allow
0,3.914562e-05,allow
1,0.9999615,block_ip
0,0.00015794222,allow
0,2.448676e-05,allow
0,1.4257087e-05,allow
1,0.9998405,block_ip
0,2.16057e-05,allow
1,0.999967,block_ip
1,0.99995446,block_ip
1,0.9997594,block_ip
0,0.00016611606,allow
0,0.00033894874,allow
0,6.517735e-05,allow
0,8.868343e-06,allow
1,0.9999471,block_ip
0,3.6556194e-05,allow
1,0.9998473,block_ip
1,0.9997708,block_ip
1,0.99992275,block_ip
0,4.9926053e-05,allow
1,0.99973184,block_ip
0,1.1074416e-05,allow
1,0.99996805,block_ip
0,0.009281648,allow
0,0.00016633891,allow
1,0.9998017,block_ip
0,1.8598726e-05,allow
1,0.9998554,block_ip
0,1.9694739e-05,allow
0,2.1890542e-05,allow
1,0.99993646,block_ip
1,0.9999263,block_ip
1,0.9999367,block_ip
1,0.99968374,block_ip
1,0.9998178,block_ip
0,0.000114839815,allow
0,3.84329e-05,allow
0,5.5296547e-05,allow
0,9.815369e-06,allow
1,0.9753709,block_ip
0,2.5970181e-05,allow
1,0.99992585,block_ip
1,0.99994826,block_ip
1,0.9999517,block_ip
1,0.9999517,block_ip
0,1.6892425e-05,allow
1,0.9999409,block_ip
0,1.5126105e-05,allow
1,0.9996933,block_ip
1,0.9999089,block_ip
0,1.5923404e-05,allow
0,8.254574e-06,allow
0,4.0268926e-05,allow
1,0.9999547,block_ip
0,4.147854e-05,allow
1,0.9998448,block_ip
0,5.5445875e-05,allow
1,0.99995875,block_ip
1,0.9999715,block_ip
0,4.0911662e-05,allow
0,4.4513254e-05,allow
1,0.99993145,block_ip
1,0.9996847,block_ip
0,9.650271e-05,allow
0,6.353134e-05,allow
1,0.99990356,block_ip
1,0.9999497,block_ip
1,0.9990689,block_ip
1,0.9998889,block_ip
1,0.99945766,block_ip
1,0.9999651,block_ip
1,0.9996178,block_ip
0,2.0722115e-05,allow
1,0.99923944,block_ip
1,0.9999099,block_ip
0,3.5097713e-05,allow
0,1.30535045e-05,allow
0,4.843863e-05,allow
0,1.5605923e-05,allow
0,2.3825858e-05,allow
1,0.9999534,block_ip
0,0.00056956307,allow
0,3.59837e-05,allow
1,0.99994564,block_ip
0,9.755778e-05,allow
0,3.4907614e-05,allow
0,1.2803021e-05,allow
0,1.8083128e-05,allow
1,0.99990475,block_ip
0,1.6060048e-05,allow
0,1.6680951e-05,allow
1,0.9998388,block_ip
0,2.9139963e-05,allow
0,2.0989422e-05,allow
1,0.9997626,block_ip
0,4.7982427e-05,allow
0,2.2375012e-05,allow
0,1.6103864e-05,allow
1,0.99955136,block_ip
1,0.99995553,block_ip
0,3.576042e-05,allow
1,0.9999652,block_ip
0,4.9612856e-05,allow
1,0.9995846,block_ip
0,2.6086671e-05,allow
0,2.8340984e-05,allow
1,0.9999368,block_ip
1,0.9992754,block_ip
1,0.999845,block_ip
0,2.5075491e-05,allow
0,7.980088e-06,allow
0,2.359988e-05,allow
0,5.9377264e-05,allow
0,7.565263e-06,allow
0,5.730977e-05,allow
0,2.445773e-05,allow
0,2.7956905e-05,allow
1,0.99995875,block_ip
0,2.8986613e-05,allow
0,0.00015151319,allow
0,1.7975186e-05,allow
1,0.99992955,block_ip
1,0.99979764,block_ip
0,9.264013e-05,allow
0,1.9694251e-05,allow
1,0.9999676,block_ip
0,1.01221885e-05,allow
1,0.999713,block_ip
1,0.9997464,block_ip
1,0.9995621,block_ip
0,0.00011039242,allow
1,0.9999193,block_ip
1,0.9999621,block_ip
0,3.7606274e-05,allow
0,2.9611658e-05,allow
0,1.5540814e-05,allow
0,9.935369e-06,allow
1,0.9999169,block_ip
1,0.99975127,block_ip
0,7.578976e-05,allow
0,0.0004827437,allow
0,1.4604647e-05,allow
1,0.9999199,block_ip
0,2.529873e-05,allow
1,0.9999355,block_ip
0,2.3677856e-05,allow
1,0.99995565,block_ip
0,2.4471681e-05,allow
1,0.9999192,block_ip
1,0.9992884,block_ip
1,0.99979705,block_ip
1,0.9995561,block_ip
0,1.7894014e-05,allow
0,0.00016219498,allow
1,0.9999621,block_ip
0,5.5797696e-05,allow
1,0.99981266,block_ip
0,0.0001309882,allow
0,2.9692588e-05,allow
0,4.5844103e-05,allow
1,0.99994874,block_ip
0,2.7311695e-05,allow
1,0.9999249,block_ip
1,0.99994683,block_ip
0,4.980014e-05,allow
1,0.9997063,block_ip
1,0.999956,block_ip
0,0.00014356304,allow
0,3.0310877e-05,allow
1,0.99995947,block_ip
0,2.3661536e-05,allow
1,0.99996424,block_ip
0,2.3745784e-05,allow
0,8.010267e-05,allow
0,6.0541206e-05,allow
0,3.9353054e-05,allow
1,0.99976987,block_ip
1,0.9999627,block_ip
1,0.9999335,block_ip
0,0.00015170936,allow
0,1.7549892e-05,allow
1,0.99992645,block_ip
0,3.6368427e-05,allow
0,1.7218677e-05,allow
1,0.9999585,block_ip
1,0.9999404,block_ip
0,2.0138834e-05,allow
1,0.999961,block_ip
0,0.00010364773,allow
1,0.9998062,block_ip
1,0.9998597,block_ip
0,1.8932604e-05,allow
1,0.9999647,block_ip
1,0.9983937,block_ip
0,2.5452273e-05,allow
1,0.9999026,block_ip
1,0.9999579,block_ip
0,2.8459366e-05,allow
1,0.9999485,block_ip
0,2.196195e-05,allow
0,0.00011713036,allow
1,0.9999584,block_ip
1,0.9998919,block_ip
1,0.9998815,block_ip
0,0.0004941784,allow
1,0.9998098,block_ip
1,0.9999695,block_ip
0,8.7437686e-05,allow
0,4.618708e-05,allow
1,0.9999523,block_ip
0,1.5334908e-05,allow
1,0.99967754,block_ip
1,0.99994326,block_ip
1,0.99993217,block_ip
0,1.6103864e-05,allow
0,5.212034e-05,allow
0,8.358186e-06,allow
1,0.9999603,block_ip
1,0.9998253,block_ip
0,1.8670005e-05,allow
1,0.9999405,block_ip
0,6.0869206e-05,allow
1,0.99995995,block_ip
0,3.398237e-05,allow
1,0.99991155,block_ip
0,1.3640669e-05,allow
0,2.1597563e-05,allow
0,1.705024e-05,allow
0,1.4506674e-05,allow
0,1.977797e-05,allow
0,2.5696896e-05,allow
0,7.876522e-05,allow
0,8.944431e-05,allow
0,2.2637912e-05,allow
1,0.9999291,block_ip
1,0.9999577,block_ip
1,0.99975103,block_ip
0,1.2337327e-05,allow
0,3.9215527e-05,allow
1,0.9999659,block_ip
0,0.0024179306,allow
0,2.2244316e-05,allow
1,0.9999435,block_ip
0,3.0023395e-05,allow
1,0.9998609,block_ip
1,0.9999114,block_ip
1,0.9999635,block_ip
1,0.9998418,block_ip
1,0.99992275,block_ip
1,0.9999627,block_ip
0,2.6107975e-05,allow
1,0.9999354,block_ip
0,2.9493936e-05,allow
0,5.858121e-05,allow
0,4.7278132e-05,allow
0,0.00027949884,allow
1,0.99996185,block_ip
0,0.00043688228,allow
1,0.999948,block_ip
1,0.99993956,block_ip
1,0.9998354,block_ip
1,0.99987507,block_ip
1,0.9997255,block_ip
1,0.99995625,block_ip
0,2.4268676e-05,allow
1,0.9999368,block_ip
1,0.99996054,block_ip
1,0.9999242,block_ip
1,0.9999486,block_ip
1,0.9999534,block_ip
0,0.00011313184,allow
0,8.1845305e-05,allow
0,3.848377e-05,allow
1,0.9999038,block_ip
0,7.340084e-05,allow
1,0.99992955,block_ip
1,0.999899,block_ip
0,4.195369e-05,allow
1,0.9999081,block_ip
0,7.836851e-05,allow
0,7.770354e-05,allow
1,0.9973573,block_ip
1,0.99996793,block_ip
1,0.9996991,block_ip
1,0.99977344,block_ip
1,0.9999647,block_ip
1,0.9997291,block_ip
0,7.342451e-05,allow
1,0.9999459,block_ip
0,0.00023437705,allow
1,0.99989223,block_ip
0,2.1256223e-05,allow
1,0.9999542,block_ip
1,0.9999118,block_ip
1,0.9999355,block_ip
0,3.096191e-05,allow
1,0.99979514,block_ip
0,5.9378854e-05,allow
1,0.9999304,block_ip
0,2.3307128e-05,allow
0,3.4434677e-05,allow
0,1.0450551e-05,allow
1,0.9999286,block_ip
1,0.9995053,block_ip
1,0.9999627,block_ip
0,0.00024347949,allow
1,0.9999652,block_ip
0,4.5137218e-05,allow
0,2.7618611e-05,allow
1,0.99995375,block_ip
1,0.9998908,block_ip
1,0.9999449,block_ip
0,9.291299e-06,allow
1,0.9999361,block_ip
0,1.0579507e-05,allow
0,2.3961436e-05,allow
1,0.99995804,block_ip
0,8.749791e-05,allow
0,6.778835e-05,allow
1,0.99991703,block_ip
1,0.9999516,block_ip
1,0.9997882,block_ip
0,6.415513e-05,allow
1,0.9999604,block_ip
0,4.8617727e-05,allow
1,0.9999428,block_ip
1,0.999943,block_ip
0,7.795492e-06,allow
0,1.1740111e-05,allow
1,0.99971765,block_ip
0,1.7978151e-05,allow
0,4.6493635e-05,allow
1,0.99996436,block_ip
1,0.999897,block_ip
1,0.9999629,block_ip
1,0.9999685,block_ip
1,0.99993396,block_ip
0,0.0007718377,allow
0,2.6440719e-05,allow
1,0.9997336,block_ip
1,0.9995041,block_ip
1,0.9997049,block_ip
1,0.99973315,block_ip
1,0.9998952,block_ip
1,0.9998374,block_ip
1,0.9999392,block_ip
1,0.9999348,block_ip
0,1.9369227e-05,allow
1,0.9999664,block_ip
0,1.3855514e-05,allow
0,0.0001331361,allow
1,0.9999361,block_ip
1,0.999132,block_ip
1,0.99994504,block_ip
1,0.9997521,block_ip
0,7.3339e-05,allow
0,1.6921027e-05,allow
1,0.9999658,block_ip
1,0.99991846,block_ip
0,3.4974324e-05,allow
0,3.5834222e-05,allow
1,0.9999461,block_ip
0,0.00021081792,allow
0,1.0785853e-05,allow
0,2.7445796e-05,allow
0,1.4433646e-05,allow
0,1.7869525e-05,allow
1,0.99993193,block_ip
0,2.7212462e-05,allow
0,2.3602242e-05,allow
0,2.767899e-05,allow
0,1.1403058e-05,allow
0,6.9831665e-05,allow
1,0.9999616,block_ip
1,0.99994326,block_ip
1,0.9999646,block_ip
0,4.1705098e-05,allow
1,0.99888533,block_ip
0,1.4058426e-05,allow
1,0.99991083,block_ip
0,0.00053058815,allow
1,0.999967,block_ip
0,2.672072e-05,allow
0,0.00011736974,allow
1,0.99992,block_ip
1,0.99993634,block_ip
0,0.00024288085,allow
0,2.324256e-05,allow
0,3.627041e-05,allow
1,0.99995315,block_ip
0,1.1562575e-05,allow
1,0.99996805,block_ip
1,0.9997923,block_ip
1,0.999961,block_ip
0,8.824675e-06,allow
0,1.6790518e-05,allow
0,3.7046117e-05,allow
1,0.99919957,block_ip
1,0.9999467,block_ip
0,2.9912508e-05,allow
0,2.0196956e-05,allow
0,1.67395e-05,allow
0,0.00012249737,allow
0,2.4731891e-05,allow
0,5.012828e-05,allow
1,0.9999634,block_ip
0,2.6492007e-05,allow
0,3.5736724e-05,allow
0,2.1234664e-05,allow
0,6.7843575e-05,allow
0,2.0970874e-05,allow
1,0.9997019,block_ip
0,8.011497e-05,allow
1,0.9998821,block_ip
1,0.9994991,block_ip
0,3.252719e-05,allow
1,0.99993515,block_ip
0,2.3952867e-05,allow
0,3.9116363e-05,allow
0,9.435288e-05,allow
1,0.99995065,block_ip
1,0.9999254,block_ip
0,6.71485e-05,allow
1,0.9996308,block_ip
1,0.9996456,block_ip
0,3.0182233e-05,allow
0,3.279527e-05,allow
0,0.0007409878,allow
0,1.7211898e-05,allow
0,2.847291e-05,allow
1,0.9999589,block_ip
0,9.923371e-06,allow
1,0.99984384,block_ip
0,3.878071e-05,allow
1,0.9998299,block_ip
0,2.9837125e-05,allow
0,0.0018007237,allow
0,1.939958e-05,allow
1,0.9999126,block_ip
0,2.8582632e-05,allow
1,0.9997247,block_ip
1,0.9999368,block_ip
1,0.9999167,block_ip
1,0.9997652,block_ip
0,1.4031369e-05,allow
1,0.9999317,block_ip
0,0.0019523668,allow
1,0.99983287,block_ip
1,0.99995816,block_ip
1,0.99991703,block_ip
0,6.535199e-05,allow
0,3.6478992e-05,allow
0,2.002013e-05,allow
1,0.99993765,block_ip
1,0.9999579,block_ip
0,2.5865185e-05,allow
0,0.000119788034,allow
0,1.03182265e-05,allow
1,0.9998944,block_ip
1,0.9999491,block_ip
0,2.5721756e-05,allow
1,0.9996991,block_ip
0,0.00016766648,allow
0,2.8452961e-05,allow
0,3.8292746e-05,allow
0,8.958669e-06,allow
0,1.2565429e-05,allow
0,6.0823022e-05,allow
0,2.1206475e-05,allow
1,0.9999646,block_ip
1,0.99994254,block_ip
0,8.7951645e-05,allow
0,0.00018688498,allow
1,0.9999521,block_ip
0,4.8199898e-05,allow
0,2.4225179e-05,allow
1,0.99954295,block_ip
0,1.4076858e-05,allow
0,2.4018791e-05,allow
1,0.99976546,block_ip
1,0.99911886,block_ip
1,0.99952924,block_ip
1,0.99995005,block_ip
1,0.99996686,block_ip
0,1.38077385e-05,allow
0,4.109819e-05,allow
1,0.99977463,block_ip
1,0.99996257,block_ip
0,1.2240408e-05,allow
0,0.00018312511,allow
1,0.9999298,block_ip
1,0.9999368,block_ip
1,0.9998938,block_ip
1,0.99948126,block_ip
1,0.9997619,block_ip
1,0.999864,block_ip
0,1.0729775e-05,allow
1,0.99996364,block_ip
1,0.999943,block_ip
1,0.9999522,block_ip
0,1.9988805e-05,allow
0,2.5162137e-05,allow
1,0.9998466,block_ip
1,0.99992216,block_ip
0,5.111093e-05,allow
1,0.988755,block_ip
0,0.00013941708,allow
1,0.99993587,block_ip
1,0.99996006,block_ip
1,0.9999677,block_ip
1,0.99980146,block_ip
1,0.99995124,block_ip
0,1.3141563e-05,allow
0,3.6307716e-05,allow
0,1.908382e-05,allow
0,9.394492e-05,allow
1,0.99981874,block_ip
1,0.99994564,block_ip
0,0.04478387,allow
0,1.5632288e-05,allow
1,0.9999647,block_ip
0,1.5164958e-05,allow
0,2.2375012e-05,allow
0,2.1706546e-05,allow
0,3.6220394e-05,allow
1,0.9999411,block_ip
1,0.9997942,block_ip
1,0.9999299,block_ip
0,2.1332009e-05,allow
0,9.735883e-06,allow
1,0.999925,block_ip
1,0.9999621,block_ip
0,8.237878e-06,allow
0,3.419305e-05,allow
0,3.5470297e-05,allow
1,0.9999418,block_ip
0,1.3462802e-05,allow
1,0.99922,block_ip
0,0.00049282925,allow
0,0.00064598286,allow
1,0.9998029,block_ip
0,0.0002516763,allow
0,2.9342975e-05,allow
0,3.2935306e-05,allow
0,1.9658355e-05,allow
1,0.99993026,block_ip
0,2.4231465e-05,allow
0,1.4049138e-05,allow
1,0.9998067,block_ip
1,0.9998914,block_ip
1,0.9997584,block_ip
0,0.000106612715,allow
1,0.9999603,block_ip
0,2.600324e-05,allow
0,1.542067e-05,allow
1,0.9999031,block_ip
0,2.0640146e-05,allow
0,2.3437453e-05,allow
1,0.9999318,block_ip
1,0.99981266,block_ip
0,6.0869206e-05,allow
1,0.99995613,block_ip
1,0.99966455,block_ip
0,2.6370615e-05,allow
1,0.9999676,block_ip
0,0.0012060698,allow
0,2.1695432e-05,allow
0,0.00011908318,allow
0,3.561934e-05,allow
1,0.9998796,block_ip
0,1.2951355e-05,allow
0,2.3882798e-05,allow
0,1.44841e-05,allow
0,3.3502954e-05,allow
1,0.9996908,block_ip
0,2.003092e-05,allow
1,0.9998267,block_ip
0,0.00028099804,allow
0,2.5269408e-05,allow
0,1.2003385e-05,allow
0,2.3929031e-05,allow
0,0.0058987895,allow
1,0.999746,block_ip
0,2.294772e-05,allow
0,8.775362e-06,allow
1,0.99933165,block_ip
0,0.00095463847,allow
0,0.0005546768,allow
1,0.9999455,block_ip
0,2.7684326e-05,allow
0,0.000264157,allow
1,0.99995804,block_ip
1,0.99991906,block_ip
1,0.9999472,block_ip
0,0.00012087672,allow
1,0.99992514,block_ip
0,7.698664e-05,allow
1,0.99984527,block_ip
1,0.99948967,block_ip
1,0.9998801,block_ip
0,4.096425e-05,allow
1,0.9999652,block_ip
0,1.2461238e-05,allow
0,2.1471285e-05,allow
1,0.9999558,block_ip
0,2.4732928e-05,allow
1,0.99986136,block_ip
0,1.1016092e-05,allow
0,2.3268907e-05,allow
1,0.9999199,block_ip
1,0.9999454,block_ip
0,6.1774306e-05,allow
1,0.9999429,block_ip
0,0.000108690976,allow
1,0.9998387,block_ip
1,0.999882,block_ip
0,2.4471658e-05,allow
1,0.99996614,block_ip
0,2.6799014e-05,allow
1,0.99996257,block_ip
0,9.682015e-06,allow
0,0.00010915797,allow
0,0.00022967592,allow
1,0.99980146,block_ip
1,0.99981076,block_ip
1,0.9999541,block_ip
0,2.7559518e-05,allow
0,0.00011941112,allow
0,3.789955e-05,allow
1,0.9997409,block_ip
0,5.2299576e-05,allow
1,0.99995863,block_ip
1,0.99996924,block_ip
1,0.99995613,block_ip
1,0.99996936,block_ip
1,0.99993086,block_ip
0,4.344986e-05,allow
1,0.9999143,block_ip
0,1.9636564e-05,allow
0,3.3866614e-05,allow
0,9.859236e-06,allow
0,8.947193e-06,allow
0,1.689091e-05,allow
0,1.1231497e-05,allow
0,2.462326e-05,allow
1,0.99993503,block_ip
0,0.00010059268,allow
1,0.99967134,block_ip
1,0.9999558,block_ip
1,0.9999645,block_ip
1,0.99988556,block_ip
0,0.007901462,allow
0,2.2984425e-05,allow
0,1.5664014e-05,allow
1,0.99967587,block_ip
0,3.1026877e-05,allow
1,0.99973565,block_ip
0,8.059853e-06,allow
0,2.6357642e-05,allow
0,0.0059946133,allow
0,0.00034734563,allow
0,0.4104764,allow
0,0.00012127793,allow
0,1.4975297e-05,allow
0,3.6680198e-05,allow
1,0.99980813,block_ip
1,0.9997166,block_ip
1,0.99928576,block_ip
0,3.595797e-05,allow
1,0.99995494,block_ip
0,2.5165205e-05,allow
0,2.0269448e-05,allow
0,9.080144e-05,allow
1,0.9997708,block_ip
0,1.5834437e-05,allow
1,0.9998161,block_ip
1,0.99995816,block_ip
1,0.99993074,block_ip
0,0.0010337973,allow
1,0.9998977,block_ip
1,0.99988294,block_ip
0,7.568078e-05,allow
1,0.9999517,block_ip
0,1.9634672e-05,allow
1,0.99994457,block_ip
1,0.9999547,block_ip
0,1.1533226e-05,allow
0,0.00015718112,allow
0,1.8500548e-05,allow
1,0.999967,block_ip
0,4.599281e-05,allow
0,1.1394471e-05,allow
0,0.00011675033,allow
1,0.9999502,block_ip
1,0.99990773,block_ip
1,0.999966,block_ip
0,5.9965878e-05,allow
0,0.00043427866,allow
1,0.99995494,block_ip
0,1.8655055e-05,allow
0,2.0623087e-05,allow
0,3.7712147e-05,allow
1,0.99992967,block_ip
1,0.99995494,block_ip
1,0.99994016,block_ip
0,4.4986256e-05,allow
0,0.00021011836,allow
0,2.5638783e-05,allow
1,0.99991286,block_ip
1,0.99983907,block_ip
0,4.8337257e-05,allow
1,0.99986494,block_ip
0,2.7329075e-05,allow
0,1.6572385e-05,allow
0,1.2622019e-05,allow
1,0.99976426,block_ip
0,5.705528e-05,allow
1,0.99980575,block_ip
0,0.0021155514,allow
1,0.9999379,block_ip
0,0.0003507424,allow
1,0.9995708,block_ip
0,8.662372e-06,allow
0,9.910689e-05,allow
1,0.9997907,block_ip
1,0.9997819,block_ip
1,0.99972254,block_ip
1,0.9999645,block_ip
0,2.6638361e-05,allow
1,0.99994683,block_ip
0,2.3064857e-05,allow
1,0.99996257,block_ip
1,0.999938,block_ip
0,2.6343392e-05,allow
0,4.597812e-05,allow
0,2.8427656e-05,allow
1,0.99990916,block_ip
0,0.00020962309,allow
0,3.663465e-05,allow
1,0.99993515,block_ip
0,2.0195646e-05,allow
1,0.9998091,block_ip
1,0.99963486,block_ip
1,0.99993086,block_ip
0,1.965174e-05,allow
0,1.3229773e-05,allow
1,0.99994934,block_ip
0,8.5203224e-05,allow
1,0.99995434,block_ip
1,0.9998903,block_ip
0,9.584506e-05,allow
0,9.612122e-06,allow
1,0.99993145,block_ip
1,0.99995935,block_ip
1,0.9997271,block_ip
0,1.8794106e-05,allow
1,0.9998884,block_ip
1,0.999959,block_ip
1,0.9999634,block_ip
1,0.9999093,block_ip
1,0.9999368,block_ip
1,0.9999318,block_ip
1,0.9999436,block_ip
1,0.99994993,block_ip
0,9.583656e-06,allow
0,2.4848583e-05,allow
0,2.7157836e-05,allow
0,1.247145e-05,allow
0,9.128858e-05,allow
0,1.9128553e-05,allow
0,2.8886358e-05,allow
1,0.9998907,block_ip
1,0.9999442,block_ip
0,2.0231328e-05,allow
0,4.0370818e-05,allow
1,0.9999583,block_ip
0,3.011613e-05,allow
0,3.6220394e-05,allow
0,1.7975186e-05,allow
1,0.99996936,block_ip
1,0.99992514,block_ip
1,0.9999585,block_ip
1,0.9997814,block_ip
1,0.9999627,block_ip
1,0.99978703,block_ip
0,1.8550756e-05,allow
0,5.5083605e-05,allow
0,3.4815857e-05,allow
0,8.895801e-05,allow
0,7.709303e-06,allow
0,9.0384e-06,allow
1,0.9998908,block_ip
0,2.3307439e-05,allow
0,1.52550065e-05,allow
0,3.877893e-05,allow
1,0.9999342,block_ip
1,0.99994195,block_ip
0,2.2244316e-05,allow
1,0.99994373,block_ip
1,0.99994206,block_ip
1,0.99994814,block_ip
1,0.99930096,block_ip
1,0.99992466,block_ip
1,0.99951863,block_ip
0,5.840021e-05,allow
1,0.99801135,block_ip
0,1.5478146e-05,allow
0,2.9546356e-05,allow
1,0.9999459,block_ip
0,1.7391265e-05,allow
1,0.99982446,block_ip
0,1.627861e-05,allow
0,9.091557e-06,allow
1,0.9999416,block_ip
0,1.3874105e-05,allow
0,5.5247474e-05,allow
0,1.5789894e-05,allow
1,0.9999013,block_ip
1,0.9999653,block_ip
0,1.7395976e-05,allow
1,0.99995923,block_ip
1,0.99995875,block_ip
1,0.9998908,block_ip
0,4.3528118e-05,allow
0,6.703936e-05,allow
1,0.9999337,block_ip
0,8.050812e-06,allow
1,0.99984527,block_ip
1,0.99995685,block_ip
1,0.99988806,block_ip
0,1.4053599e-05,allow
1,0.9999465,block_ip
1,0.9999081,block_ip
0,5.3051903e-05,allow
0,2.006055e-05,allow
0,2.1134138e-05,allow
1,0.9999305,block_ip
0,3.3873206e-05,allow
1,0.9999653,block_ip
1,0.9998764,block_ip
0,4.097812e-05,allow
0,0.00013555348,allow
1,0.99996793,block_ip
1,0.99891186,block_ip
1,0.999966,block_ip
0,2.0922753e-05,allow
1,0.9999378,block_ip
1,0.9994118,block_ip
0,0.00064385094,allow
0,4.08172e-05,allow
0,3.2088614e-05,allow
0,0.00014993416,allow
0,0.0002634309,allow
0,3.6236597e-05,allow
1,0.99971145,block_ip
1,0.99975663,block_ip
1,0.9999423,block_ip
0,2.7459382e-05,allow
1,0.9999639,block_ip
1,0.9999517,block_ip
1,0.9999449,block_ip
1,0.99990344,block_ip
1,0.9997501,block_ip
1,0.99731255,block_ip
1,0.9999615,block_ip
1,0.9999554,block_ip
0,2.4381276e-05,allow
1,0.99991584,block_ip
1,0.99990904,block_ip
0,4.0120467e-05,allow
0,2.637142e-05,allow
0,1.9184785e-05,allow
1,0.9996731,block_ip
1,0.9999231,block_ip
0,2.9509803e-05,allow
0,9.9710205e-06,allow
1,0.9998816,block_ip
0,2.6805354e-05,allow
0,7.499619e-05,allow
1,0.9999515,block_ip
1,0.99990165,block_ip
0,2.2144899e-05,allow
0,2.5200678e-05,allow
0,1.2371755e-05,allow
1,0.9999026,block_ip
0,2.1351447e-05,allow
1,0.99993134,block_ip
1,0.999967,block_ip
0,1.63467e-05,allow
0,5.0279566e-05,allow
0,0.00012063906,allow
1,0.9999175,block_ip
0,1.2961609e-05,allow
0,2.9953042e-05,allow
0,1.0755705e-05,allow
1,0.999967,block_ip
1,0.999835,block_ip
0,0.00015958931,allow
0,5.1170573e-05,allow
0,2.4780878e-05,allow
1,0.9998797,block_ip
1,0.999723,block_ip
0,2.5636951e-05,allow
1,0.9999502,block_ip
0,2.1418256e-05,allow
1,0.99993265,block_ip
1,0.9998098,block_ip
0,3.1919255e-05,allow
1,0.99992216,block_ip
1,0.9997851,block_ip
1,0.9999325,block_ip
0,2.5151796e-05,allow
1,0.9999558,block_ip
0,0.0001557465,allow
0,1.27027215e-05,allow
0,1.1882101e-05,allow
1,0.99994457,block_ip
1,0.9997497,block_ip
1,0.99995947,block_ip
0,1.9035708e-05,allow
0,2.224718e-05,allow
0,0.00011230401,allow
1,0.99989176,block_ip
1,0.9999428,block_ip
1,0.99986196,block_ip
0,4.8794598e-05,allow
0,2.8386019e-05,allow
0,1.1941251e-05,allow
1,0.9999509,block_ip
1,0.99994075,block_ip
0,2.055082e-05,allow
1,0.99984646,block_ip
0,3.7457383e-05,allow
1,0.999967,block_ip
0,2.1478556e-05,allow
0,3.5283934e-05,allow
0,7.171227e-05,allow
0,7.387887e-06,allow
1,0.9999635,block_ip
0,8.0676045e-06,allow
1,0.999946,block_ip
1,0.9999161,block_ip
0,3.6013946e-05,allow
1,0.9999038,block_ip
0,1.6713835e-05,allow
0,2.4093464e-05,allow
1,0.9929301,block_ip
1,0.999902,block_ip
1,0.99995685,block_ip
0,0.00038222887,allow
0,5.9766466e-05,allow
0,2.6301748e-05,allow
1,0.9996946,block_ip
0,0.00011313184,allow
1,0.99987614,block_ip
1,0.9993216,block_ip
0,1.9384841e-05,allow
1,0.9998554,block_ip
1,0.9999163,block_ip
1,0.99995375,block_ip
0,4.0147297e-05,allow
0,3.8655613e-05,allow
1,0.9999126,block_ip
1,0.9999616,block_ip
1,0.9999528,block_ip
1,0.9999012,block_ip
0,1.6372755e-05,allow
1,0.9994716,block_ip
1,0.9997694,block_ip
1,0.999899,block_ip
0,2.0909089e-05,allow
0,0.0001349122,allow
0,3.5256624e-05,allow
0,5.222497e-05,allow
0,2.8721572e-05,allow
1,0.9997968,block_ip
0,1.939958e-05,allow
1,0.99994934,block_ip
1,0.9993636,block_ip
0,2.6526137e-05,allow
0,8.304849e-05,allow
1,0.9998783,block_ip
1,0.9999335,block_ip
0,9.053859e-06,allow
0,3.0643314e-05,allow
0,2.7663105e-05,allow
0,2.3744948e-05,allow
1,0.9965166,block_ip
1,0.9999639,block_ip
1,0.99995816,block_ip
1,0.9998319,block_ip
1,0.999782,block_ip
0,2.2594562e-05,allow
1,0.99984705,block_ip
1,0.99984753,block_ip
0,1.432041e-05,allow
1,0.9999379,block_ip
0,7.578976e-05,allow
0,3.9709113e-05,allow
1,0.99995327,block_ip
1,0.9999292,block_ip
1,0.9998733,block_ip
0,2.3872368e-05,allow
1,0.9996092,block_ip
0,3.9561175e-05,allow
1,0.9999335,block_ip
0,1.8538554e-05,allow
1,0.9996482,block_ip
0,2.1312793e-05,allow
0,2.8317589e-05,allow
1,0.99994195,block_ip
0,2.4485571e-05,allow
1,0.9999267,block_ip
0,1.2684901e-05,allow
1,0.9998971,block_ip
1,0.999941,block_ip
0,3.0010657e-05,allow
0,1.255842e-05,allow
1,0.99986327,block_ip
1,0.99995124,block_ip
0,2.1364218e-05,allow
1,0.9998479,block_ip
1,0.9999577,block_ip
1,0.99992275,block_ip
0,2.2144479e-05,allow
1,0.9999491,block_ip
1,0.9998441,block_ip
1,0.99975723,block_ip
1,0.99987936,block_ip
1,0.999894,block_ip
0,0.00017453117,allow
1,0.99995947,block_ip
1,0.99996746,block_ip
0,5.0936585e-05,allow
0,3.755757e-05,allow
1,0.9997265,block_ip
0,0.00046494312,allow
1,0.99832433,block_ip
0,0.00018957835,allow
0,0.0002628115,allow
1,0.99989295,block_ip
0,2.1089e-05,allow
1,0.9999399,block_ip
1,0.9994166,block_ip
0,2.896517e-05,allow
0,3.478851e-05,allow
0,3.399994e-05,allow
1,0.99977857,block_ip
1,0.9998406,block_ip
0,0.00017446197,allow
1,0.9999589,block_ip
0,0.08497331,allow
0,2.4419554e-05,allow
1,0.9998815,block_ip
0,1.1774589e-05,allow
1,0.9997533,block_ip
1,0.9999553,block_ip
0,0.0008009158,allow
0,2.1999576e-05,allow
0,2.456884e-05,allow
1,0.9999368,block_ip
0,1.0081322e-05,allow
1,0.99995315,block_ip
0,1.6024554e-05,allow
0,4.8591446e-05,allow
0,3.3955388e-05,allow
0,2.2214172e-05,allow
0,2.9207824e-05,allow
1,0.99994075,block_ip
1,0.9999422,block_ip
1,0.999943,block_ip
0,1.1967003e-05,allow
0,2.6441148e-05,allow
0,1.8547415e-05,allow
0,2.2073404e-05,allow
1,0.99996924,block_ip
0,3.836775e-05,allow
0,2.6989652e-05,allow
0,5.7239096e-05,allow
1,0.99994993,block_ip
0,2.325451e-05,allow
0,1.1310749e-05,allow
0,2.9336512e-05,allow
1,0.99991095,block_ip
0,4.342981e-05,allow
0,7.188679e-05,allow
1,0.99988484,block_ip
0,3.7918206e-05,allow
0,2.4419554e-05,allow
1,0.9998055,block_ip
0,1.216675e-05,allow
1,0.9996697,block_ip
1,0.99994326,block_ip
1,0.9998863,block_ip
0,1.8538554e-05,allow
1,0.9998209,block_ip
1,0.99994636,block_ip
0,0.0003260013,allow
1,0.99974924,block_ip
0,0.0006328766,allow
0,0.0001369752,allow
0,2.8119553e-05,allow
1,0.99995756,block_ip
0,0.00014318134,allow
0,2.3428804e-05,allow
0,9.302177e-06,allow
1,0.9992895,block_ip
1,0.999468,block_ip
0,2.5993424e-05,allow
0,2.3295952e-05,allow
0,3.8704227e-05,allow
1,0.9999509,block_ip
0,8.443912e-06,allow
1,0.99993575,block_ip
1,0.99971944,block_ip
1,0.999782,block_ip
1,0.9999039,block_ip
0,2.0531368e-05,allow
1,0.9999232,block_ip
1,0.9999534,block_ip
1,0.9999335,block_ip
0,8.721549e-06,allow
1,0.9998988,block_ip
1,0.99954826,block_ip
0,0.0007498958,allow
1,0.9999652,block_ip
0,6.988103e-05,allow
1,0.99995255,block_ip
0,2.1888058e-05,allow
1,0.99965775,block_ip
1,0.9999523,block_ip
1,0.9995616,block_ip
1,0.9998585,block_ip
0,2.8752705e-05,allow
0,0.00010059527,allow
0,7.5999365e-06,allow
1,0.99993825,block_ip
0,1.3489534e-05,allow
0,1.9408628e-05,allow
0,8.683543e-05,allow
1,0.9999449,block_ip
1,0.9999726,block_ip
0,1.166853e-05,allow
1,0.9999479,block_ip
0,5.5313314e-05,allow
0,9.719797e-06,allow
1,0.9997397,block_ip
0,3.545697e-05,allow
0,0.00011675033,allow
1,0.9999534,block_ip
0,1.4746209e-05,allow
0,0.000115963565,allow
0,0.00042336824,allow
1,0.9999652,block_ip
1,0.9963676,block_ip
1,0.99994934,block_ip
0,1.0859411e-05,allow
1,0.99977297,block_ip
1,0.99993527,block_ip
0,4.735484e-05,allow
1,0.99994206,block_ip
1,0.9999232,block_ip
0,2.7659149e-05,allow
1,0.9999418,block_ip
1,0.999943,block_ip
0,0.00064749265,allow
0,1.6103864e-05,allow
0,7.352744e-05,allow
1,0.99996746,block_ip
1,0.99985945,block_ip
0,2.8377573e-05,allow
0,2.7560938e-05,allow
0,1.5083854e-05,allow
1,0.9999081,block_ip
0,3.7703627e-05,allow
0,2.5162137e-05,allow
0,9.313752e-06,allow
0,2.5993424e-05,allow
0,0.00015108184,allow
1,0.9999665,block_ip
0,5.854368e-05,allow
1,0.9999509,block_ip
0,2.0094862e-05,allow
1,0.999959,block_ip
0,2.9639345e-05,allow
1,0.99995613,block_ip
1,0.99993396,block_ip
1,0.999961,block_ip
1,0.9998652,block_ip
0,2.4211093e-05,allow
0,1.4691255e-05,allow
1,0.99950814,block_ip
1,0.99995065,block_ip
1,0.9999343,block_ip
0,1.8474524e-05,allow
0,1.1100247e-05,allow
1,0.9999647,block_ip
1,0.99994993,block_ip
0,6.006174e-05,allow
0,2.5452273e-05,allow
0,1.5377422e-05,allow
0,0.00097633695,allow
0,6.04455e-05,allow
1,0.99988973,block_ip
1,0.9999368,block_ip
1,0.9999188,block_ip
0,9.910122e-06,allow
0,4.270017e-05,allow
1,0.9999548,block_ip
0,2.1257805e-05,allow
1,0.9999281,block_ip
1,0.99995005,block_ip
0,3.6662852e-05,allow
1,0.9998166,block_ip
0,5.2351523e-05,allow
1,0.99990046,block_ip
1,0.9998852,block_ip
0,0.0011763514,allow
0,1.6747977e-05,allow
1,0.9992403,block_ip
1,0.99980384,block_ip
0,2.795349e-05,allow
0,3.8679875e-05,allow
0,2.1590993e-05,allow
0,9.642199e-06,allow
1,0.99978083,block_ip
1,0.9999548,block_ip
1,0.99981636,block_ip
1,0.99984086,block_ip
1,0.999967,block_ip
1,0.99986124,block_ip
0,8.429654e-06,allow
0,0.0008978131,allow
1,0.9998123,block_ip
1,0.99996674,block_ip
0,0.000100203986,allow
0,3.9882318e-05,allow
0,4.2468087e-05,allow
0,4.2511565e-05,allow
1,0.9998517,block_ip
1,0.99994326,block_ip
1,0.9996778,block_ip
1,0.9998122,block_ip
0,2.7700196e-05,allow
0,2.1279526e-05,allow
1,0.9999454,block_ip
0,2.7567168e-05,allow
0,7.845221e-06,allow
1,0.9998734,block_ip
1,0.999949,block_ip
1,0.9999405,block_ip
0,4.056981e-05,allow
0,2.1557396e-05,allow
0,1.7259714e-05,allow
1,0.99994874,block_ip
1,0.99996257,block_ip
0,2.0703941e-05,allow
1,0.99990404,block_ip
1,0.9993691,block_ip
1,0.999782,block_ip
0,6.829198e-05,allow
1,0.9999424,block_ip
0,7.8722565e-05,allow
0,1.9975369e-05,allow
1,0.9999547,block_ip
0,4.0313957e-05,allow
0,0.00015880057,allow
1,0.99996185,block_ip
1,0.9997973,block_ip
1,0.9999267,block_ip
1,0.99995613,block_ip
1,0.9993432,block_ip
1,0.99995697,block_ip
0,3.5283934e-05,allow
1,0.9995548,block_ip
0,5.6481338e-05,allow
1,0.9990766,block_ip
0,0.00042826825,allow
1,0.99996066,block_ip
0,0.00011313184,allow
1,0.99978906,block_ip
1,0.999923,block_ip
0,8.0484744e-05,allow
1,0.99986017,block_ip
1,0.999936,block_ip
0,4.2010703e-05,allow
1,0.9999603,block_ip
0,1.1396513e-05,allow
1,0.9999411,block_ip
0,2.5757694e-05,allow
1,0.9999137,block_ip
1,0.99994755,block_ip
1,0.9999325,block_ip
1,0.9999535,block_ip
1,0.99977213,block_ip
1,0.9997286,block_ip
1,0.9999535,block_ip
1,0.99976903,block_ip
1,0.9998779,block_ip
0,0.001144529,allow
0,1.5158856e-05,allow
0,7.172971e-05,allow
0,0.00038555625,allow
0,1.9273191e-05,allow
0,3.124148e-05,allow
0,3.2088614e-05,allow
1,0.9998883,block_ip
0,0.38794434,allow
1,0.99995315,block_ip
0,3.2115982e-05,allow
1,0.9977906,block_ip
1,0.99988997,block_ip
0,2.9280583e-05,allow
1,0.99985504,block_ip
0,0.0003375986,allow
0,0.00015501076,allow
0,0.00016690658,allow
1,0.99973196,block_ip
1,0.9996587,block_ip
0,1.1497568e-05,allow
0,2.4290672e-05,allow
1,0.9998814,block_ip
0,8.86234e-06,allow
0,3.0065912e-05,allow
1,0.9999405,block_ip
1,0.9999229,block_ip
0,0.0034668678,allow
1,0.99965906,block_ip
0,4.797538e-05,allow
0,0.0001987072,allow
1,0.99994683,block_ip
0,4.0777868e-05,allow
1,0.9999062,block_ip
1,0.99766964,block_ip
1,0.99996126,block_ip
1,0.9998971,block_ip
1,0.99980444,block_ip
0,3.3405806e-05,allow
0,3.0518582e-05,allow
0,3.4683268e-05,allow
0,3.529524e-05,allow
0,5.923057e-05,allow
1,0.99995625,block_ip
0,5.5328772e-05,allow
0,3.1051e-05,allow
0,0.00035076463,allow
0,0.0008981233,allow
0,0.00014484512,allow
1,0.9997888,block_ip
1,0.99978346,block_ip
0,2.9666775e-05,allow
0,0.0006641273,allow
0,5.7134173e-05,allow
0,2.0273528e-05,allow
1,0.9999646,block_ip
0,1.8196713e-05,allow
1,0.9999633,block_ip
0,1.3434535e-05,allow
0,2.330995e-05,allow
0,2.8244256e-05,allow
0,1.5867618e-05,allow
0,6.9690235e-05,allow
1,0.9996834,block_ip
1,0.9999219,block_ip
1,0.9998652,block_ip
0,5.934658e-05,allow
0,8.346151e-06,allow
0,4.099442e-05,allow
0,0.0017977238,allow
0,0.00028619927,allow
0,1.9424331e-05,allow
0,5.205502e-05,allow
0,2.775017e-05,allow
1,0.9998996,block_ip
0,1.9932591e-05,allow
1,0.9999441,block_ip
1,0.9999367,block_ip
1,0.999731,block_ip
1,0.99995935,block_ip
1,0.9998882,block_ip
1,0.9998055,block_ip
0,5.4815675e-05,allow
1,0.9999268,block_ip
1,0.9998778,block_ip
1,0.9999566,block_ip
1,0.9999429,block_ip
0,0.00015686415,allow
1,0.999744,block_ip
1,0.9999068,block_ip
0,0.0005460253,allow
1,0.99978834,block_ip
1,0.9999521,block_ip
0,5.7572375e-05,allow
0,5.2249477e-05,allow
1,0.9995289,block_ip
1,0.99994373,block_ip
0,2.5198515e-05,allow
0,5.9685644e-05,allow
0,2.7074957e-05,allow
1,0.99996924,block_ip
1,0.9999627,block_ip
1,0.9999486,block_ip
1,0.9999093,block_ip
1,0.99993193,block_ip
0,2.2736984e-05,allow
0,2.164703e-05,allow
0,1.7908747e-05,allow
0,9.7176824e-05,allow
0,8.20642e-05,allow
0,2.5067673e-05,allow
0,1.18881535e-05,allow
1,0.99996305,block_ip
0,3.580519e-05,allow
0,6.0533068e-05,allow
1,0.9998927,block_ip
0,2.6799014e-05,allow
0,8.301776e-06,allow
1,0.9999616,block_ip
1,0.9997639,block_ip
0,0.0001668221,allow
0,1.8658828e-05,allow
0,1.9075378e-05,allow
0,1.7507733e-05,allow
1,0.9997497,block_ip
0,0.00013736564,allow
0,2.5106958e-05,allow
0,2.1217196e-05,allow
0,1.28218e-05,allow
0,8.764237e-05,allow
0,2.3437697e-05,allow
0,3.1474196e-05,allow
0,5.9321465e-05,allow
1,0.99962664,block_ip
0,1.47689525e-05,allow
0,2.951549e-05,allow
1,0.99994826,block_ip
0,4.0482737e-05,allow
0,1.390969e-05,allow
0,3.32281e-05,allow
1,0.9999169,block_ip
0,1.9926643e-05,allow
1,0.9998865,block_ip
0,2.5165205e-05,allow
0,5.3521482e-05,allow
0,0.00037284236,allow
0,2.0983016e-05,allow
0,1.3184707e-05,allow
1,0.99996746,block_ip
1,0.99993455,block_ip
1,0.99994206,block_ip
0,8.003563e-06,allow
0,6.0075945e-05,allow
0,3.515268e-05,allow
0,1.1491693e-05,allow
1,0.999554,block_ip
1,0.99993753,block_ip
0,1.7456667e-05,allow
0,1.6242895e-05,allow
1,0.999925,block_ip
1,0.9999455,block_ip
1,0.9999536,block_ip
0,1.7688413e-05,allow
1,0.99988425,block_ip
0,2.305373e-05,allow
1,0.9991141,block_ip
1,0.9999423,block_ip
1,0.9997967,block_ip
0,6.210449e-05,allow
0,9.168833e-05,allow
0,1.9565401e-05,allow
0,5.6739387e-05,allow
1,0.999967,block_ip
1,0.999967,block_ip
1,0.999572,block_ip
0,5.3131946e-05,allow
0,0.0006281078,allow
1,0.9999256,block_ip
0,1.7390634e-05,allow
0,0.00014343004,allow
0,0.0004159838,allow
0,9.908213e-06,allow
1,0.9999484,block_ip
0,0.00020455488,allow
0,1.4035961e-05,allow
1,0.99991417,block_ip
1,0.9996112,block_ip
1,0.99980015,block_ip
0,0.0032243733,allow
1,0.99986815,block_ip
1,0.9993875,block_ip
1,0.9999503,block_ip
1,0.9999367,block_ip
0,0.0003046778,allow
0,1.30273875e-05,allow
1,0.99987674,block_ip
1,0.9999651,block_ip
1,0.9999641,block_ip
1,0.9997733,block_ip
0,4.2698255e-05,allow
0,1.2386877e-05,allow
1,0.9999194,block_ip
1,0.99969625,block_ip
1,0.9999521,block_ip
1,0.99993336,block_ip
1,0.9999385,block_ip
1,0.9999012,block_ip
0,6.826144e-05,allow
1,0.9998418,block_ip
1,0.9995802,block_ip
0,1.1650572e-05,allow
0,2.976559e-05,allow
0,0.00017800377,allow
0,1.0160458e-05,allow
1,0.99994123,block_ip
0,3.896922e-05,allow
0,3.5093195e-05,allow
0,1.8266923e-05,allow
1,0.99969184,block_ip
1,0.9999652,block_ip
1,0.99995375,block_ip
0,0.00023978698,allow
1,0.9999597,block_ip
0,1.8063358e-05,allow
1,0.9999144,block_ip
0,9.531056e-06,allow
0,9.305209e-05,allow
0,5.7022266e-05,allow
1,0.99995685,block_ip
0,1.5019462e-05,allow
0,1.2861307e-05,allow
1,0.9999584,block_ip
1,0.99991965,block_ip
1,0.99983156,block_ip
0,6.1333245e-05,allow
0,1.1127782e-05,allow
1,0.9999665,block_ip
1,0.9999194,block_ip
0,1.5617044e-05,allow
0,2.3140357e-05,allow
1,0.9999635,block_ip
1,0.9999647,block_ip
1,0.99990404,block_ip
0,3.053369e-05,allow
0,7.337509e-05,allow
0,8.032227e-05,allow
1,0.9999249,block_ip
0,1.7095324e-05,allow
1,0.99993944,block_ip
0,2.7770418e-05,allow
1,0.999516,block_ip
1,0.99995875,block_ip
0,2.068395e-05,allow
0,2.5749538e-05,allow
0,8.560899e-06,allow
0,0.00011313184,allow
0,4.03353e-05,allow
0,2.1348189e-05,allow
1,0.9999523,block_ip
0,3.0149982e-05,allow
0,0.00010011335,allow
0,2.5331925e-05,allow
0,2.5165205e-05,allow
1,0.99995005,block_ip
0,2.0843907e-05,allow
0,0.0001301014,allow
0,9.62984e-06,allow
1,0.9999434,block_ip
0,2.5788515e-05,allow
1,0.99992216,block_ip
1,0.9999589,block_ip
0,1.08569775e-05,allow
0,1.161968e-05,allow
1,0.970619,block_ip
0,3.383385e-05,allow
0,0.0005372989,allow
1,0.99994385,block_ip
0,2.8644574e-05,allow
0,9.636013e-06,allow
1,0.99993694,block_ip
1,0.9999528,block_ip
1,0.99984586,block_ip
0,1.8419303e-05,allow
0,0.00010788011,allow
1,0.9995328,block_ip
1,0.99988484,block_ip
1,0.9999378,block_ip
1,0.9997466,block_ip
1,0.99993825,block_ip
1,0.99989736,block_ip
1,0.99988353,block_ip
1,0.9984351,block_ip
1,0.999936,block_ip
1,0.9994344,block_ip
1,0.9999627,block_ip
0,0.00032554567,allow
1,0.9993819,block_ip
1,0.99995005,block_ip
0,3.1212e-05,allow
0,0.00030016672,allow
1,0.99995446,block_ip
0,2.1999576e-05,allow
0,7.128803e-05,allow
1,0.9990538,block_ip
0,3.459649e-05,allow
1,0.9999355,block_ip
0,5.3705287e-05,allow
0,1.8893139e-05,allow
0,5.474343e-05,allow
0,1.9395991e-05,allow
0,3.709345e-05,allow
1,0.99986804,block_ip
0,4.8950355e-05,allow
1,0.9989786,block_ip
0,2.5387597e-05,allow
1,0.99996936,block_ip
1,0.99989414,block_ip
1,0.9998952,block_ip
1,0.9999521,block_ip
1,0.99991417,block_ip
0,7.952177e-06,allow
0,0.000267246,allow
0,9.552486e-06,allow
0,8.082693e-05,allow
1,0.9917339,block_ip
1,0.99977845,block_ip
0,2.469941e-05,allow
1,0.99994814,block_ip
1,0.99990845,block_ip
1,0.99985445,block_ip
0,1.6259479e-05,allow
1,0.9995902,block_ip
1,0.99981266,block_ip
0,0.0002185017,allow
0,0.00029909404,allow
0,4.0335337e-05,allow
1,0.9999677,block_ip
0,0.000120277015,allow
0,0.00021011836,allow
1,0.9996275,block_ip
1,0.99983895,block_ip
1,0.99997187,block_ip
1,0.9998159,block_ip
0,2.4110359e-05,allow
0,3.5192865e-05,allow
0,2.4250421e-05,allow
1,0.9996309,block_ip
1,0.9995461,block_ip
0,5.3118165e-05,allow
1,0.9998234,block_ip
0,1.26810555e-05,allow
0,0.0001432025,allow
1,0.9999504,block_ip
1,0.99994564,block_ip
1,0.999853,block_ip
0,9.534451e-05,allow
1,0.9999558,block_ip
1,0.9999465,block_ip
0,1.5470796e-05,allow
1,0.9999212,block_ip
0,0.0001307567,allow
1,0.99991024,block_ip
1,0.99995303,block_ip
0,7.706508e-05,allow
0,3.4616984e-05,allow
0,5.498787e-05,allow
0,2.7286496e-05,allow
1,0.9997291,block_ip
1,0.9999374,block_ip
1,0.9999628,block_ip
1,0.9999634,block_ip
0,1.9050616e-05,allow
1,0.99989533,block_ip
1,0.9999449,block_ip
0,1.5399728e-05,allow
0,2.5295858e-05,allow
0,2.3897743e-05,allow
1,0.99990094,block_ip
1,0.9998784,block_ip
0,3.0428782e-05,allow
1,0.9994905,block_ip
0,1.9988805e-05,allow
1,0.9996697,block_ip
0,2.547612e-05,allow
1,0.9991585,block_ip
1,0.9999212,block_ip
1,0.99995923,block_ip
0,8.956105e-06,allow
1,0.99990904,block_ip
1,0.9999335,block_ip
0,1.6061917e-05,allow
1,0.9995116,block_ip
0,2.180936e-05,allow
1,0.9998361,block_ip
1,0.999537,block_ip
0,2.885434e-05,allow
1,0.99959797,block_ip
0,2.0504756e-05,allow
1,0.99974865,block_ip
0,3.3243952e-05,allow
1,0.99996066,block_ip
0,2.5233407e-05,allow
0,2.5967012e-05,allow
0,9.780154e-05,allow
1,0.99995303,block_ip
1,0.99970955,block_ip
0,0.0004282462,allow
1,0.9999193,block_ip
0,2.2131051e-05,allow
1,0.9999124,block_ip
0,1.5274949e-05,allow
1,0.9998872,block_ip
1,0.9994867,block_ip
1,0.99963784,block_ip
0,0.00016235265,allow
1,0.9999639,block_ip
0,1.4444263e-05,allow
0,9.567914e-05,allow
0,1.9897629e-05,allow
1,0.9999659,block_ip
1,0.99996424,block_ip
0,0.0015992398,allow
1,0.9995914,block_ip
0,0.0010152681,allow
1,0.99961746,block_ip
1,0.9999294,block_ip
1,0.99996114,block_ip
1,0.9999479,block_ip
1,0.9996221,block_ip
1,0.9996753,block_ip
0,3.7388363e-05,allow
0,2.3965433e-05,allow
1,0.9997764,block_ip
0,1.097349e-05,allow
1,0.9997391,block_ip
1,0.99991953,block_ip
1,0.9996842,block_ip
0,2.0615715e-05,allow
1,0.9999584,block_ip
0,3.6214005e-05,allow
0,5.8852213e-05,allow
0,2.080405e-05,allow
1,0.99993944,block_ip
0,3.35361e-05,allow
1,0.9999386,block_ip
0,1.6030532e-05,allow
0,6.684982e-05,allow
1,0.99991167,block_ip
1,0.9998503,block_ip
0,1.2003396e-05,allow
0,9.042573e-06,allow
1,0.99976677,block_ip
0,0.00015309762,allow
1,0.9998264,block_ip
0,9.972114e-06,allow
0,2.1447278e-05,allow
0,0.00018265583,allow
0,3.097969e-05,allow
1,0.99993515,block_ip
0,2.5067673e-05,allow
0,2.2448172e-05,allow
0,6.002e-05,allow
0,4.4883327e-05,allow
0,1.705364e-05,allow
1,0.99994624,block_ip
1,0.99994946,block_ip
1,0.9999504,block_ip
1,0.9997904,block_ip
0,1.7121054e-05,allow
0,1.9369227e-05,allow
1,0.9998772,block_ip
0,2.390513e-05,allow
0,2.5709494e-05,allow
0,0.0012936778,allow
0,4.7000187e-05,allow
0,3.4397555e-05,allow
1,0.99996495,block_ip
0,2.6116466e-05,allow
0,1.9245475e-05,allow
1,0.99994254,block_ip
0,2.5241301e-05,allow
1,0.99994826,block_ip
0,1.0503236e-05,allow
0,0.00017224475,allow
1,0.9998807,block_ip
1,0.99995434,block_ip
1,0.99980384,block_ip
0,2.5597083e-05,allow
0,2.5167103e-05,allow
1,0.99992704,block_ip
0,9.295525e-05,allow
1,0.9999558,block_ip
1,0.99970585,block_ip
1,0.9992046,block_ip
1,0.99982363,block_ip
0,3.9367544e-05,allow
1,0.9999496,block_ip
1,0.9999509,block_ip
1,0.9999465,block_ip
1,0.9999517,block_ip
0,3.4970457e-05,allow
1,0.99995244,block_ip
0,1.5006734e-05,allow
1,0.99991417,block_ip
0,2.3554214e-05,allow
0,3.2733657e-05,allow
0,1.6103864e-05,allow
1,0.9999224,block_ip
0,4.8950355e-05,allow
1,0.9998386,block_ip
0,3.332416e-05,allow
0,2.8631026e-05,allow
0,8.002998e-05,allow
1,0.9999255,block_ip
0,0.00026093767,allow
0,9.1502814e-05,allow
0,0.00011313184,allow
0,2.4219153e-05,allow
1,0.9999573,block_ip
0,2.213388e-05,allow
1,0.99992585,block_ip
0,9.966809e-06,allow
1,0.9998956,block_ip
0,1.6145861e-05,allow
0,5.2063657e-05,allow
0,0.0035433315,allow
0,4.821401e-05,allow
0,7.625834e-06,allow
0,1.3297521e-05,allow
1,0.99995124,block_ip
1,0.99971646,block_ip
0,1.6103864e-05,allow
1,0.9996327,block_ip
1,0.99996316,block_ip
1,0.99982065,block_ip
1,0.9997875,block_ip
0,0.000112618225,allow
1,0.9999659,block_ip
0,1.891454e-05,allow
0,4.8910744e-05,allow
0,2.6612131e-05,allow
1,0.99990714,block_ip
0,0.00041814783,allow
0,2.9676876e-05,allow
0,3.409488e-05,allow
0,1.071365e-05,allow
0,9.184297e-06,allow
0,0.00042890888,allow
0,2.9496918e-05,allow
0,1.9417941e-05,allow
1,0.99973446,block_ip
1,0.9999486,block_ip
1,0.9999585,block_ip
1,0.9999219,block_ip
1,0.9999075,block_ip
0,3.1047064e-05,allow
0,1.0610952e-05,allow
1,0.9999542,block_ip
1,0.9999032,block_ip
0,7.908675e-05,allow
0,1.8943658e-05,allow
1,0.99995613,block_ip
0,2.0530408e-05,allow
0,1.1471556e-05,allow
0,4.0943356e-05,allow
0,5.4288124e-05,allow
1,0.9999573,block_ip
1,0.9997253,block_ip
1,0.99997306,block_ip
1,0.99993694,block_ip
1,0.9999647,block_ip
1,0.9998361,block_ip
1,0.99990606,block_ip
0,8.831968e-05,allow
0,0.00011289972,allow
1,0.9998777,block_ip
1,0.9999516,block_ip
1,0.9999201,block_ip
1,0.99991727,block_ip
1,0.9999471,block_ip
0,1.0061671e-05,allow
1,0.99996114,block_ip
0,5.0227427e-05,allow
1,0.9999188,block_ip
0,2.3820403e-05,allow
0,2.294494e-05,allow
0,2.5452273e-05,allow
1,0.9997037,block_ip
0,1.0460143e-05,allow
0,6.511983e-05,allow
0,9.037779e-06,allow
1,0.9997247,block_ip
1,0.99973994,block_ip
1,0.9999331,block_ip
0,2.2180913e-05,allow
1,0.9998704,block_ip
0,7.7516816e-05,allow
1,0.9998658,block_ip
1,0.9999715,block_ip
0,1.2773932e-05,allow
0,2.3929877e-05,allow
1,0.99995947,block_ip
1,0.9998832,block_ip
0,0.00074284617,allow
1,0.9996284,block_ip
1,0.999967,block_ip
0,0.00036591603,allow
0,3.4845983e-05,allow
1,0.999811,block_ip
0,1.8310839e-05,allow
0,3.2800024e-05,allow
0,0.00020052178,allow
1,0.99983585,block_ip
0,2.2330545e-05,allow
1,0.99951315,block_ip
0,6.216504e-05,allow
0,6.104977e-05,allow
0,2.4443669e-05,allow
1,0.9998753,block_ip
1,0.99992454,block_ip
0,0.00010975049,allow
1,0.99994206,block_ip
1,0.9997409,block_ip
0,2.9065279e-05,allow
0,1.6758411e-05,allow
1,0.99990714,block_ip
1,0.9999615,block_ip
1,0.99973315,block_ip
1,0.9999248,block_ip
1,0.9999515,block_ip
0,1.1210322e-05,allow
1,0.99953294,block_ip
0,1.0576692e-05,allow
0,2.73168e-05,allow
1,0.99876934,block_ip
1,0.99990857,block_ip
0,2.0420865e-05,allow
1,0.9999467,block_ip
0,2.4408053e-05,allow
0,7.6527765e-05,allow
0,1.8298166e-05,allow
1,0.99987984,block_ip
1,0.9996675,block_ip
0,2.0875616e-05,allow
1,0.99879384,block_ip
0,2.4290672e-05,allow
1,0.99994636,block_ip
1,0.999848,block_ip
0,1.7893193e-05,allow
0,2.0972853e-05,allow
1,0.99995613,block_ip
1,0.99989915,block_ip
0,2.4021723e-05,allow
1,0.99972004,block_ip
1,0.9999479,block_ip
1,0.999966,block_ip
1,0.99993896,block_ip
1,0.99995136,block_ip
1,0.99991477,block_ip
0,1.102409e-05,allow
1,0.92474705,block_ip
1,0.9998611,block_ip
1,0.99993694,block_ip
1,0.9999361,block_ip
1,0.99994254,block_ip
1,0.99974877,block_ip
0,1.820942e-05,allow
1,0.99988997,block_ip
1,0.99945956,block_ip
0,2.5226767e-05,allow
0,0.0005957102,allow
0,4.3131895e-05,allow
1,0.9999635,block_ip
1,0.99994266,block_ip
0,2.7056474e-05,allow
0,2.6251357e-05,allow
0,5.546681e-05,allow
1,0.99977535,block_ip
1,0.99986017,block_ip
1,0.99932396,block_ip
0,7.1509174e-05,allow
0,2.267644e-05,allow
1,0.9999591,block_ip
0,0.0027137052,allow
0,1.6368009e-05,allow
1,0.9999175,block_ip
1,0.999936,block_ip
0,0.0001018018,allow
1,0.9998344,block_ip
0,0.00042311245,allow
1,0.9999056,block_ip
0,0.0015491247,allow
1,0.9999647,block_ip
0,9.5481955e-06,allow
1,0.999918,block_ip
0,0.00017760825,allow
0,5.413236e-05,allow
0,0.00016899532,allow
1,0.9998498,block_ip
1,0.99995196,block_ip
0,4.0919702e-05,allow
0,4.8519814e-05,allow
0,2.3895602e-05,allow
0,1.4371893e-05,allow
1,0.99987507,block_ip
1,0.99837327,block_ip
1,0.99932206,block_ip
0,2.0710024e-05,allow
1,0.9999492,block_ip
0,1.4688706e-05,allow
1,0.99978703,block_ip
1,0.99988174,block_ip
0,9.1911905e-05,allow
1,0.9997528,block_ip
1,0.9999299,block_ip
1,0.9999169,block_ip
1,0.9998023,block_ip
0,2.0737652e-05,allow
1,0.9999156,block_ip
1,0.99863595,block_ip
1,0.9998789,block_ip
0,0.00011125964,allow
0,2.0886728e-05,allow
1,0.99941826,block_ip
1,0.99994695,block_ip
0,2.7582999e-05,allow
1,0.999926,block_ip
0,1.6098767e-05,allow
0,1.5368083e-05,allow
0,8.510998e-06,allow
0,1.1016417e-05,allow
1,0.9983895,block_ip
0,1.3134809e-05,allow
0,6.437206e-05,allow
1,0.9999585,block_ip
1,0.999936,block_ip
1,0.9997857,block_ip
1,0.99993324,block_ip
1,0.99990404,block_ip
0,1.5389407e-05,allow
1,0.99971145,block_ip
1,0.99971956,block_ip
1,0.9999206,block_ip
1,0.99993694,block_ip
0,0.00026939414,allow
1,0.99993706,block_ip
0,2.5970181e-05,allow
1,0.99993646,block_ip
1,0.9998548,block_ip
1,0.99985516,block_ip
0,0.00023084544,allow
0,5.9177833e-05,allow
0,1.8503371e-05,allow
0,7.2943454e-05,allow
0,0.00042884858,allow
0,2.9006329e-05,allow
1,0.9999063,block_ip
1,0.9997067,block_ip
0,1.2787071e-05,allow
0,0.0006487456,allow
0,2.9228886e-05,allow
1,0.99994767,block_ip
0,1.7452772e-05,allow
0,2.2722787e-05,allow
0,2.9664228e-05,allow
1,0.99995947,block_ip
1,0.9999565,block_ip
1,0.9999356,block_ip
0,3.207931e-05,allow
0,1.5094113e-05,allow
1,0.9997863,block_ip
0,2.7892964e-05,allow
1,0.99987113,block_ip
1,0.999453,block_ip
0,0.00017156565,allow
0,1.7586366e-05,allow
0,5.3935837e-05,allow
1,0.9996884,block_ip
0,3.6697937e-05,allow
1,0.9999565,block_ip
0,2.7338094e-05,allow
0,0.00019287725,allow
1,0.999969,block_ip
1,0.999851,block_ip
1,0.9997744,block_ip
1,0.9999236,block_ip
0,9.294071e-05,allow
1,0.9999435,block_ip
0,0.0011376386,allow
0,8.156691e-05,allow
0,3.0236395e-05,allow
0,4.1027e-05,allow
1,0.9999546,block_ip
1,0.9998325,block_ip
1,0.99983585,block_ip
1,0.99995744,block_ip
0,1.6144768e-05,allow
1,0.9999527,block_ip
0,0.00014918517,allow
1,0.99994195,block_ip
1,0.9996131,block_ip
0,3.377154e-05,allow
0,0.00036591603,allow
1,0.99994814,block_ip
1,0.9999536,block_ip
0,2.030375e-05,allow
0,2.7441032e-05,allow
1,0.9999547,block_ip
1,0.99970645,block_ip
1,0.99988663,block_ip
1,0.9996885,block_ip
1,0.99995697,block_ip
1,0.9997632,block_ip
1,0.999954,block_ip
1,0.99973375,block_ip
0,2.4259652e-05,allow
0,6.010958e-05,allow
1,0.999894,block_ip
0,2.8190032e-05,allow
0,2.7802935e-05,allow
0,3.6894442e-05,allow
1,0.9999566,block_ip
1,0.9999516,block_ip
1,0.995782,block_ip
0,6.474589e-05,allow
1,0.99992764,block_ip
1,0.99988866,block_ip
0,0.00090332894,allow
0,0.00044299202,allow
1,0.99995685,block_ip
0,2.1494314e-05,allow
0,2.3134202e-05,allow
0,3.3068496e-05,allow
1,0.9999598,block_ip
0,3.9704228e-05,allow
1,0.9999517,block_ip
0,4.2760068e-05,allow
0,1.1783991e-05,allow
0,0.000113263,allow
1,0.99993825,block_ip
1,0.9998802,block_ip
0,1.9127823e-05,allow
0,5.7031397e-05,allow
0,1.1141226e-05,allow
1,0.9999471,block_ip
1,0.9998764,block_ip
1,0.99980694,block_ip
0,1.0669339e-05,allow
0,4.4676384e-05,allow
1,0.99977666,block_ip
0,1.4268417e-05,allow
0,1.1265547e-05,allow
1,0.99980253,block_ip
0,1.9792422e-05,allow
0,1.3315325e-05,allow
1,0.9997669,block_ip
0,1.4850287e-05,allow
1,0.9998248,block_ip
0,1.38392725e-05,allow
0,1.1637469e-05,allow
0,2.326163e-05,allow
0,9.49839e-06,allow
1,0.9994789,block_ip
1,0.99992657,block_ip
1,0.99968135,block_ip
1,0.9989772,block_ip
1,0.99989617,block_ip
1,0.9999517,block_ip
1,0.9998148,block_ip
1,0.99959856,block_ip
0,1.5849017e-05,allow
1,0.9999392,block_ip
0,0.0003049393,allow
0,1.1341868e-05,allow
1,0.9999243,block_ip
0,2.6228408e-05,allow
1,0.99996614,block_ip
0,1.9815727e-05,allow
0,2.7992037e-05,allow
1,0.99989045,block_ip
1,0.9999535,block_ip
0,1.4768769e-05,allow
1,0.99995995,block_ip
0,3.9630915e-05,allow
0,1.8718247e-05,allow
1,0.9998599,block_ip
1,0.9998909,block_ip
1,0.9999379,block_ip
1,0.9999677,block_ip
1,0.9999348,block_ip
1,0.9999119,block_ip
1,0.99993587,block_ip
1,0.99992454,block_ip
0,8.616571e-06,allow
0,2.5587318e-05,allow
1,0.9998417,block_ip
0,7.137646e-05,allow
1,0.9995944,block_ip
1,0.999782,block_ip
1,0.9999565,block_ip
0,8.18549e-05,allow
1,0.99994075,block_ip
0,2.138144e-05,allow
1,0.9999175,block_ip
1,0.9999628,block_ip
1,0.99828255,block_ip
0,1.7121054e-05,allow
0,0.00011212681,allow
1,0.99979275,block_ip
1,0.99996245,block_ip
1,0.999938,block_ip
0,2.7847114e-05,allow
1,0.9999347,block_ip
1,0.99963284,block_ip
1,0.99994767,block_ip
1,0.9999521,block_ip
0,3.3776243e-05,allow
1,0.99993145,block_ip
0,1.920219e-05,allow
1,0.9998883,block_ip
1,0.9998191,block_ip
1,0.9998779,block_ip
0,1.0836961e-05,allow
0,0.000465694,allow
1,0.99995196,block_ip
0,1.6892425e-05,allow
1,0.9998939,block_ip
1,0.99994874,block_ip
0,3.443399e-05,allow
0,2.3638418e-05,allow
1,0.99995697,block_ip
0,1.44050155e-05,allow
0,7.3255933e-06,allow
0,0.00021719416,allow
0,8.778861e-06,allow
1,0.9996908,block_ip
1,0.99996245,block_ip
0,2.3388844e-05,allow
0,3.4183107e-05,allow
1,0.99983954,block_ip
0,1.0388557e-05,allow
1,0.99995434,block_ip
1,0.99994457,block_ip
1,0.9993587,block_ip
1,0.99949694,block_ip
0,3.0763505e-05,allow
1,0.9999193,block_ip
1,0.9988312,block_ip
0,4.1059993e-05,allow
0,1.5018101e-05,allow
0,1.47170285e-05,allow
0,4.6309648e-05,allow
1,0.9999578,block_ip
1,0.99990165,block_ip
1,0.9996879,block_ip
1,0.99988997,block_ip
1,0.99994564,block_ip
0,2.0067459e-05,allow
1,0.99994195,block_ip
1,0.99996126,block_ip
1,0.99981004,block_ip
0,2.0280451e-05,allow
0,2.0211794e-05,allow
1,0.9999335,block_ip
0,2.2334336e-05,allow
1,0.9999558,block_ip
0,2.5067386e-05,allow
0,8.5813954e-05,allow
0,4.36024e-05,allow
1,0.9999293,block_ip
0,2.487853e-05,allow
1,0.9999126,block_ip
1,0.9998461,block_ip
0,6.358334e-05,allow
1,0.99980265,block_ip
1,0.9996954,block_ip
1,0.9998348,block_ip
0,1.6137688e-05,allow
1,0.99989605,block_ip
1,0.9999393,block_ip
1,0.9997696,block_ip
0,1.974821e-05,allow
0,4.0246847e-05,allow
0,0.000115639144,allow
0,3.1242555e-05,allow
0,6.903139e-05,allow
1,0.99995434,block_ip
1,0.99989176,block_ip
1,0.9998294,block_ip
0,0.00011548058,allow
0,1.3468748e-05,allow
1,0.99989414,block_ip
0,4.1665622e-05,allow
0,3.307146e-05,allow
0,1.9369227e-05,allow
1,0.9994215,block_ip
1,0.9999691,block_ip
1,0.99989724,block_ip
1,0.9999652,block_ip
1,0.9998024,block_ip
0,4.032911e-05,allow
0,8.194408e-06,allow
0,3.7837654e-05,allow
1,0.99994814,block_ip
0,2.122343e-05,allow
0,0.0009868866,allow
0,2.0805657e-05,allow
0,2.254237e-05,allow
0,2.0683476e-05,allow
1,0.9999418,block_ip
0,9.144846e-05,allow
1,0.99994683,block_ip
1,0.9998658,block_ip
0,3.0101892e-05,allow
0,3.0899435e-05,allow
0,2.9374864e-05,allow
1,0.99996376,block_ip
1,0.99996305,block_ip
1,0.9999442,block_ip
1,0.997072,block_ip
0,2.5805859e-05,allow
1,0.99984753,block_ip
1,0.9998566,block_ip
0,9.0132135e-06,allow
1,0.9998361,block_ip
1,0.9999244,block_ip
0,7.698944e-06,allow
0,1.7121054e-05,allow
0,7.3193783e-06,allow
0,3.6240606e-05,allow
1,0.99991894,block_ip
0,4.3111537e-05,allow
1,0.9998921,block_ip
1,0.99993026,block_ip
0,1.29602495e-05,allow
1,0.9999201,block_ip
1,0.9999474,block_ip
1,0.99982053,block_ip
1,0.99991226,block_ip
0,1.8489101e-05,allow
1,0.9998118,block_ip
0,7.803101e-06,allow
1,0.9999058,block_ip
1,0.9999474,block_ip
1,0.9998765,block_ip
0,5.2247688e-05,allow
1,0.9999212,block_ip
0,0.0003112149,allow
1,0.9999243,block_ip
0,0.00016424073,allow
1,0.9997867,block_ip
0,2.6507094e-05,allow
0,2.733103e-05,allow
0,8.514643e-06,allow
1,0.999923,block_ip
0,7.369134e-05,allow
0,2.631497e-05,allow
1,0.9999132,block_ip
1,0.9998832,block_ip
0,2.2735467e-05,allow
1,0.99994195,block_ip
1,0.9996933,block_ip
1,0.99946314,block_ip
1,0.9999057,block_ip
1,0.99994254,block_ip
0,1.5968248e-05,allow
1,0.9999647,block_ip
1,0.9999392,block_ip
0,2.5993424e-05,allow
1,0.9999571,block_ip
1,0.9999715,block_ip
0,2.6929236e-05,allow
1,0.9999423,block_ip
1,0.99996006,block_ip
1,0.999382,block_ip
0,1.1720311e-05,allow
0,2.1013215e-05,allow
1,0.9994836,block_ip
0,0.00045285578,allow
1,0.99994123,block_ip
1,0.9996463,block_ip
1,0.999731,block_ip
0,2.6760656e-05,allow
1,0.99971145,block_ip
1,0.9999416,block_ip
1,0.9999342,block_ip
1,0.9999465,block_ip
1,0.9998994,block_ip
0,2.3013685e-05,allow
0,1.9747098e-05,allow
1,0.9999391,block_ip
1,0.9999479,block_ip
0,8.623264e-05,allow
1,0.9999534,block_ip
0,4.1866562e-05,allow
0,8.656285e-05,allow
1,0.99984527,block_ip
0,1.1310771e-05,allow
1,0.9999467,block_ip
0,9.212197e-05,allow
0,2.1695805e-05,allow
1,0.9999361,block_ip
1,0.9993155,block_ip
0,1.811138e-05,allow
0,1.2624885e-05,allow
0,4.1704618e-05,allow
1,0.9999043,block_ip
1,0.9997845,block_ip
0,1.23360915e-05,allow
0,3.817887e-05,allow
0,3.610466e-05,allow
1,0.9999317,block_ip
0,9.714802e-06,allow
1,0.9999486,block_ip
1,0.99989986,block_ip
1,0.9997366,block_ip
1,0.9999366,block_ip
0,2.1559452e-05,allow
1,0.9996443,block_ip
1,0.9999585,block_ip
0,2.6847538e-05,allow
0,3.4290035e-05,allow
0,2.6571126e-05,allow
0,1.0638299e-05,allow
1,0.9999422,block_ip
1,0.9998286,block_ip
1,0.9999267,block_ip
1,0.9994785,block_ip
0,1.7211898e-05,allow
1,0.99985206,block_ip
1,0.99988914,block_ip
1,0.9996257,block_ip
1,0.9998456,block_ip
1,0.99994266,block_ip
0,2.422897e-05,allow
0,0.00015162317,allow
0,2.4290672e-05,allow
0,2.9999383e-05,allow
1,0.9995956,block_ip
1,0.9999293,block_ip
1,0.99994993,block_ip
0,3.5097713e-05,allow
1,0.99969447,block_ip
1,0.99987125,block_ip
1,0.99995625,block_ip
1,0.999951,block_ip
0,0.0008311776,allow
1,0.999897,block_ip
0,8.0626465e-05,allow
1,0.9999434,block_ip
0,3.499037e-05,allow
1,0.9998692,block_ip
0,1.0290436e-05,allow
0,1.1125299e-05,allow
1,0.999913,block_ip
0,2.1244854e-05,allow
0,2.0333979e-05,allow
1,0.99878687,block_ip
0,2.5067673e-05,allow
1,0.99992716,block_ip
1,0.9999584,block_ip
1,0.99980515,block_ip
1,0.99993193,block_ip
0,2.34236e-05,allow
1,0.98918414,block_ip
0,1.1087477e-05,allow
0,2.7087353e-05,allow
1,0.9999422,block_ip
0,6.2916675e-05,allow
0,5.4943004e-05,allow
0,2.5452273e-05,allow
0,3.0066343e-05,allow
0,2.5771304e-05,allow
1,0.99995434,block_ip
1,0.99995565,block_ip
1,0.9999535,block_ip
1,0.99984646,block_ip
1,0.99973553,block_ip
0,7.632342e-05,allow
0,2.140184e-05,allow
1,0.99994266,block_ip
0,1.1181269e-05,allow
0,2.5103198e-05,allow
1,0.99996746,block_ip
0,3.536249e-05,allow
1,0.99996185,block_ip
0,8.963027e-06,allow
1,0.99990594,block_ip
1,0.999943,block_ip
1,0.99986565,block_ip
0,1.6136502e-05,allow
0,7.460346e-05,allow
1,0.9996933,block_ip
0,2.1450287e-05,allow
1,0.9999603,block_ip
1,0.9998411,block_ip
1,0.9998883,block_ip
1,0.999874,block_ip
0,5.3612817e-05,allow
1,0.99992716,block_ip
0,6.3077736e-05,allow
1,0.99985206,block_ip
1,0.99995196,block_ip
0,1.6103864e-05,allow
1,0.9999355,block_ip
1,0.9998419,block_ip
1,0.9999459,block_ip
1,0.99994874,block_ip
0,4.7918773e-05,allow
1,0.99990463,block_ip
0,1.6458167e-05,allow
0,1.8171031e-05,allow
1,0.9999566,block_ip
1,0.9998739,block_ip
0,3.7057704e-05,allow
0,2.4608915e-05,allow
1,0.9998969,block_ip
0,8.309935e-06,allow
0,0.0001901856,allow
0,9.3501e-05,allow
1,0.9999566,block_ip
0,3.8813487e-05,allow
0,2.9645365e-05,allow
0,1.5167893e-05,allow
0,7.258811e-06,allow
0,7.532969e-05,allow
1,0.99876666,block_ip
0,3.356384e-05,allow
1,0.9996933,block_ip
0,1.8489101e-05,allow
0,3.9551516e-05,allow
0,1.7722014e-05,allow
0,3.8255625e-05,allow
0,1.8995195e-05,allow
0,6.210626e-05,allow
1,0.9998739,block_ip
1,0.99964786,block_ip
1,0.9999181,block_ip
0,0.00014910212,allow
0,0.00031199027,allow
1,0.9999653,block_ip
0,0.00023635048,allow
0,3.8339334e-05,allow
1,0.99843484,block_ip
1,0.99995565,block_ip
0,0.0003163419,allow
1,0.9999268,block_ip
0,4.4097043e-05,allow
0,6.0520888e-05,allow
1,0.999757,block_ip
1,0.9992091,block_ip
0,4.63081e-05,allow
0,7.808474e-05,allow
1,0.99938166,block_ip
0,3.9225026e-05,allow
1,0.999908,block_ip
1,0.9999591,block_ip
0,3.447348e-05,allow
1,0.9999107,block_ip
0,1.310097e-05,allow
0,4.1146384e-05,allow
0,1.2521956e-05,allow
1,0.99991906,block_ip
1,0.9994141,block_ip
1,0.9999267,block_ip
1,0.9996966,block_ip
1,0.9998739,block_ip
1,0.99970645,block_ip
1,0.99924695,block_ip
1,0.99921846,block_ip
1,0.9999577,block_ip
1,0.9999554,block_ip
1,0.9999645,block_ip
1,0.9999523,block_ip
1,0.9999585,block_ip
0,0.00017504634,allow
0,6.3625615e-05,allow
1,0.99986696,block_ip
0,0.0012424055,allow
0,1.4224723e-05,allow
0,3.0305793e-05,allow
1,0.9998785,block_ip
1,0.99994266,block_ip
0,0.00017280159,allow
1,0.999969,block_ip
0,6.205079e-05,allow
1,0.99994266,block_ip
0,0.0012569634,allow
1,0.99972874,block_ip
0,9.2808405e-06,allow
1,0.9995276,block_ip
1,0.9775595,block_ip
0,0.00037808513,allow
1,0.9999243,block_ip
0,4.9276146e-05,allow
1,0.99994814,block_ip
0,0.00012813276,allow
1,0.99961627,block_ip
0,0.0001580849,allow
0,0.00011675033,allow
1,0.9998603,block_ip
0,0.004758744,allow
0,0.00012472743,allow
0,1.2418007e-05,allow
0,5.2724175e-05,allow
1,0.9999535,block_ip
0,5.6189147e-05,allow
0,2.9271287e-05,allow
1,0.9999299,block_ip
0,2.6904821e-05,allow
0,3.593912e-05,allow
0,5.855222e-05,allow
1,0.99986506,block_ip
0,4.3453714e-05,allow
0,1.4597781e-05,allow
1,0.99995506,block_ip
0,1.31606885e-05,allow
0,2.1471285e-05,allow
0,8.177306e-05,allow
0,1.9297247e-05,allow
0,0.00453428,allow
1,0.9998331,block_ip
0,1.9035708e-05,allow
0,9.970659e-06,allow
0,2.335699e-05,allow
1,0.9983096,block_ip
1,0.999944,block_ip
0,9.921441e-06,allow
1,0.9998785,block_ip
1,0.9996043,block_ip
1,0.9999043,block_ip
1,0.99996436,block_ip
0,2.7478847e-05,allow
0,1.4553412e-05,allow
1,0.99948597,block_ip
0,2.6492007e-05,allow
0,5.2722917e-05,allow
1,0.999923,block_ip
1,0.9998896,block_ip
0,8.264058e-06,allow
1,0.999897,block_ip
0,4.74815e-05,allow
1,0.9999558,block_ip
1,0.9999429,block_ip
0,0.00014728494,allow
1,0.9997274,block_ip
1,0.99990296,block_ip
1,0.99987745,block_ip
0,1.600122e-05,allow
0,8.667651e-05,allow
0,2.7659149e-05,allow
1,0.99975747,block_ip
0,8.922423e-06,allow
0,1.9703437e-05,allow
0,5.2063657e-05,allow
0,0.00012019686,allow
0,1.7721844e-05,allow
0,3.822718e-05,allow
1,0.9999447,block_ip
1,0.9999652,block_ip
1,0.9999188,block_ip
0,8.903532e-05,allow
0,5.8867707e-05,allow
1,0.9999474,block_ip
0,2.1893422e-05,allow
0,2.3641258e-05,allow
0,9.047939e-05,allow
1,0.9997781,block_ip
1,0.99996185,block_ip
1,0.9999536,block_ip
1,0.9999701,block_ip
1,0.9999528,block_ip
0,9.891078e-06,allow
1,0.99994063,block_ip
1,0.9999355,block_ip
1,0.99821717,block_ip
0,9.697345e-06,allow
1,0.99981207,block_ip
0,0.00010559528,allow
0,3.696858e-05,allow
1,0.99996996,block_ip
1,0.99981266,block_ip
1,0.9997243,block_ip
1,0.9999188,block_ip
0,5.5445875e-05,allow
0,1.6354308e-05,allow
0,1.0728414e-05,allow
0,4.122867e-05,allow
1,0.9998103,block_ip
0,0.00020432878,allow
1,0.9999572,block_ip
1,0.99996626,block_ip
0,8.817922e-05,allow
1,0.99995744,block_ip
1,0.9999001,block_ip
0,8.1845305e-05,allow
1,0.99995434,block_ip
0,0.00062959775,allow
0,3.6401598e-05,allow
0,8.1335376e-05,allow
1,0.9999616,block_ip
0,0.00036591603,allow
0,1.0342047e-05,allow
1,0.9998857,block_ip
0,1.8974357e-05,allow
1,0.9999665,block_ip
0,1.7211898e-05,allow
0,4.4214867e-05,allow
0,9.88033e-06,allow
1,0.99995565,block_ip
0,1.0861845e-05,allow
1,0.9999201,block_ip
1,0.9999517,block_ip
0,0.0002050894,allow
1,0.99994206,block_ip
0,4.8067515e-05,allow
1,0.99995446,block_ip
1,0.99986947,block_ip
1,0.99323773,block_ip
1,0.99992466,block_ip
1,0.99992645,block_ip
1,0.99993,block_ip
0,4.250066e-05,allow
0,6.5399865e-05,allow
0,0.00010570902,allow
0,1.0254297e-05,allow
1,0.9998759,block_ip
1,0.9997067,block_ip
0,1.2043965e-05,allow
1,0.9997216,block_ip
1,0.9999473,block_ip
1,0.9999542,block_ip
1,0.99996173,block_ip
1,0.99983466,block_ip
0,1.7121054e-05,allow
1,0.9998944,block_ip
1,0.9999018,block_ip
0,1.9009547e-05,allow
0,5.0400016e-05,allow
1,0.9998566,block_ip
1,0.99992955,block_ip
1,0.99995995,block_ip
1,0.9994692,block_ip
0,4.9025475e-05,allow
1,0.9999535,block_ip
1,0.9995951,block_ip
0,1.0908319e-05,allow
0,2.204761e-05,allow
1,0.9999484,block_ip
1,0.99995816,block_ip
0,1.4752172e-05,allow
0,5.3132706e-05,allow
0,1.1175054e-05,allow
1,0.99991333,block_ip
0,1.7666092e-05,allow
0,0.00011713036,allow
1,0.9999155,block_ip
1,0.9999608,block_ip
0,1.3950461e-05,allow
0,0.00020060707,allow
0,3.9613835e-05,allow
0,8.515276e-06,allow
1,0.9998772,block_ip
0,0.00025447915,allow
1,0.9997435,block_ip
0,2.0920197e-05,allow
0,1.9530578e-05,allow
1,0.9999318,block_ip
0,3.1056952e-05,allow
1,0.99963474,block_ip
0,1.2053433e-05,allow
1,0.9999585,block_ip
1,0.99981076,block_ip
0,1.2982245e-05,allow
0,2.3190994e-05,allow
0,2.0564954e-05,allow
1,0.99994195,block_ip
1,0.9999577,block_ip
1,0.99989843,block_ip
0,0.0018011471,allow
0,6.024076e-05,allow
1,0.9997181,block_ip
0,2.7087353e-05,allow
0,0.00014617,allow
1,0.9999187,block_ip
0,1.2297401e-05,allow
1,0.99970645,block_ip
1,0.9999354,block_ip
0,0.00043621607,allow
1,0.99994874,block_ip
0,2.935428e-05,allow
0,8.560924e-06,allow
1,0.99995387,block_ip
0,2.214564e-05,allow
0,8.548311e-06,allow
1,0.9998735,block_ip
0,0.00020731303,allow
0,5.5413206e-05,allow
0,1.2176617e-05,allow
0,2.5895346e-05,allow
1,0.9999261,block_ip
1,0.9999547,block_ip
0,5.0949315e-05,allow
0,3.878071e-05,allow
0,4.7858535e-05,allow
0,1.0683094e-05,allow
0,0.00011675033,allow
0,2.8662473e-05,allow
0,3.500923e-05,allow
0,1.9014644e-05,allow
1,0.99754614,block_ip
1,0.9999285,block_ip
0,2.462812e-05,allow
1,0.99995816,block_ip
0,0.0010488969,allow
0,0.00016002252,allow
0,4.6024266e-05,allow
1,0.99985945,block_ip
0,1.2594112e-05,allow
0,0.00019733832,allow
0,1.5570216e-05,allow
0,1.1135532e-05,allow
1,0.999782,block_ip
1,0.99982786,block_ip
1,0.99937785,block_ip
0,3.757867e-05,allow
0,2.1469523e-05,allow
1,0.99996233,block_ip
0,5.014898e-05,allow
0,7.957924e-05,allow
0,1.458733e-05,allow
0,2.9576266e-05,allow
1,0.99991155,block_ip
1,0.9999622,block_ip
0,5.545592e-05,allow
0,6.008746e-05,allow
1,0.99993837,block_ip
0,1.2806903e-05,allow
1,0.9999455,block_ip
0,2.9957557e-05,allow
0,1.0672463e-05,allow
0,9.762673e-05,allow
1,0.99989974,block_ip
0,3.6890397e-05,allow
1,0.9998572,block_ip
1,0.9999474,block_ip
1,0.9999385,block_ip
1,0.9999596,block_ip
1,0.99929905,block_ip
0,4.346097e-05,allow
0,2.1266238e-05,allow
0,3.603782e-05,allow
1,0.9999466,block_ip
0,3.8831146e-05,allow
0,8.349773e-06,allow
1,0.9999523,block_ip
1,0.99995077,block_ip
0,9.234824e-06,allow
0,1.0554284e-05,allow
1,0.9995609,block_ip
1,0.9999342,block_ip
1,0.9999608,block_ip
0,0.000119421034,allow
1,0.9999658,block_ip
0,1.9471996e-05,allow
0,4.561916e-05,allow
0,1.9842562e-05,allow
0,9.274576e-05,allow
1,0.9999279,block_ip
0,1.3435354e-05,allow
0,3.0917534e-05,allow
0,3.3243698e-05,allow
0,7.625132e-05,allow
0,1.0162367e-05,allow
0,0.000138377,allow
0,1.3241449e-05,allow
1,0.9999194,block_ip
0,1.8929715e-05,allow
1,0.999741,block_ip
1,0.9999604,block_ip
1,0.9998636,block_ip
0,4.1366235e-05,allow
0,3.2232332e-05,allow
0,0.00012595441,allow
0,1.9560663e-05,allow
0,7.6906435e-05,allow
1,0.9994611,block_ip
1,0.9998405,block_ip
1,0.99986446,block_ip
0,9.655785e-05,allow
0,2.8222556e-05,allow
1,0.9996586,block_ip
0,1.339724e-05,allow
1,0.99996984,block_ip
0,8.576368e-06,allow
1,0.9999665,block_ip
0,1.7121054e-05,allow
0,2.4328738e-05,allow
1,0.99990416,block_ip
1,0.9997968,block_ip
1,0.99987435,block_ip
1,0.9999057,block_ip
1,0.9999045,block_ip
0,2.8845949e-05,allow
0,3.253892e-05,allow
1,0.9999455,block_ip
1,0.99888605,block_ip
0,2.5067673e-05,allow
0,0.00019697176,allow
0,2.1541735e-05,allow
0,2.1184847e-05,allow
0,3.7712973e-05,allow
0,2.2426688e-05,allow
1,0.9991387,block_ip
1,0.9998925,block_ip
1,0.9999349,block_ip
0,1.4583728e-05,allow
1,0.99994135,block_ip
1,0.9998518,block_ip
0,1.7671333e-05,allow
0,0.00011675033,allow
0,2.623924e-05,allow
1,0.99982613,block_ip
1,0.99988997,block_ip
1,0.99965036,block_ip
1,0.99994624,block_ip
1,0.99939466,block_ip
0,0.00023099272,allow
0,1.626427e-05,allow
1,0.9999548,block_ip
1,0.99992406,block_ip
1,0.99986506,block_ip
1,0.9999528,block_ip
0,1.5320686e-05,allow
0,5.2002524e-05,allow
0,9.292336e-06,allow
0,2.2545079e-05,allow
0,7.035738e-05,allow
0,4.516064e-05,allow
1,0.9999651,block_ip
0,3.2464934e-05,allow
0,1.3320647e-05,allow
1,0.99996257,block_ip
0,1.5116689e-05,allow
1,0.9997446,block_ip
0,8.8601344e-05,allow
0,0.00036149216,allow
0,1.5191852e-05,allow
1,0.9998903,block_ip
0,0.00010348577,allow
1,0.99994874,block_ip
0,2.549092e-05,allow
0,0.00017876033,allow
0,3.0443876e-05,allow
1,0.999967,block_ip
1,0.9999435,block_ip
0,1.8032275e-05,allow
1,0.99979705,block_ip
1,0.9993826,block_ip
0,1.1292944e-05,allow
1,0.99991703,block_ip
0,4.440065e-05,allow
0,3.230058e-05,allow
0,4.8217324e-05,allow
0,1.939958e-05,allow
1,0.9999362,block_ip
1,0.99990094,block_ip
0,4.1156745e-05,allow
1,0.99992836,block_ip
0,0.00023201536,allow
0,0.00016915992,allow
1,0.99993825,block_ip
1,0.9999604,block_ip
1,0.99993646,block_ip
1,0.9957312,block_ip
0,0.00030402665,allow
0,1.4840929e-05,allow
0,3.7287915e-05,allow
1,0.99888366,block_ip
1,0.9998485,block_ip
0,0.00019332614,allow
1,0.99995375,block_ip
1,0.99996805,block_ip
1,0.99996054,block_ip
0,2.254237e-05,allow
1,0.9999609,block_ip
0,2.6315825e-05,allow
0,8.0261634e-05,allow
0,1.8552915e-05,allow
0,4.2455613e-05,allow
1,0.999602,block_ip
0,1.665436e-05,allow
0,0.00010921231,allow
0,1.9131854e-05,allow
1,0.99993646,block_ip
0,1.4795863e-05,allow
1,0.99992347,block_ip
1,0.9999627,block_ip
1,0.99995923,block_ip
0,1.3782768e-05,allow
1,0.9998048,block_ip
1,0.9999242,block_ip
0,3.8173992e-05,allow
0,0.00013648746,allow
1,0.9999218,block_ip
1,0.9999484,block_ip
1,0.9999677,block_ip
0,2.7505903e-05,allow
1,0.9997049,block_ip
1,0.99996305,block_ip
0,4.7642057e-05,allow
1,0.99994373,block_ip
0,6.703801e-05,allow
0,2.3351158e-05,allow
1,0.99993265,block_ip
0,0.00010600671,allow
0,1.4604647e-05,allow
0,4.368131e-05,allow
1,0.99995756,block_ip
0,4.5820892e-05,allow
0,2.0184383e-05,allow
0,0.0002780694,allow
0,2.7463102e-05,allow
1,0.9999498,block_ip
1,0.9999416,block_ip
1,0.9997105,block_ip
1,0.9999279,block_ip
0,8.99952e-05,allow
1,0.9998883,block_ip
1,0.99994373,block_ip
0,1.11993795e-05,allow
1,0.9999571,block_ip
0,3.4183107e-05,allow
0,7.353719e-05,allow
1,0.99991906,block_ip
0,1.3860445e-05,allow
0,6.142203e-05,allow
0,1.1499641e-05,allow
1,0.99992657,block_ip
0,3.4478213e-05,allow
0,1.1814599e-05,allow
0,2.0804942e-05,allow
1,0.999936,block_ip
0,4.4893946e-05,allow
0,0.00018080902,allow
1,0.99995005,block_ip
0,1.3033427e-05,allow
0,0.0006477581,allow
1,0.99972826,block_ip
1,0.9998908,block_ip
1,0.9999466,block_ip
1,0.99993694,block_ip
1,0.99977463,block_ip
0,2.2428207e-05,allow
1,0.9986035,block_ip
0,3.305557e-05,allow
0,1.4790474e-05,allow
0,9.84934e-06,allow
1,0.9998553,block_ip
0,5.414171e-05,allow
0,8.388941e-05,allow
1,0.9999521,block_ip
0,9.5972006e-05,allow
0,0.00025404544,allow
0,0.00015444745,allow
0,4.1918338e-05,allow
0,2.2985083e-05,allow
0,6.077113e-05,allow
0,0.00010782415,allow
0,1.0412668e-05,allow
0,2.6492007e-05,allow
1,0.9999285,block_ip
0,1.4433247e-05,allow
1,0.9999391,block_ip
1,0.99977845,block_ip
0,0.0003520635,allow
1,0.99996924,block_ip
0,3.9771076e-05,allow
0,2.8302738e-05,allow
1,0.99959713,block_ip
0,2.7918351e-05,allow
0,1.300652e-05,allow
0,5.2371997e-05,allow
0,1.0046426e-05,allow
0,2.2150729e-05,allow
0,0.00011129369,allow
0,7.357436e-05,allow
1,0.9997166,block_ip
1,0.9999627,block_ip
0,4.603186e-05,allow
1,0.9999553,block_ip
0,0.00010970456,allow
1,0.99986506,block_ip
1,0.99995387,block_ip
1,0.99967,block_ip
1,0.9999517,block_ip
0,8.263747e-05,allow
0,2.0394124e-05,allow
0,0.0001450274,allow
1,0.99994874,block_ip
0,2.9666775e-05,allow
0,3.404715e-05,allow
1,0.9997539,block_ip
1,0.999907,block_ip
0,9.4378614e-05,allow
0,2.2252696e-05,allow
0,3.5846904e-05,allow
0,0.0028961322,allow
1,0.99992836,block_ip
1,0.9998462,block_ip
0,3.0628646e-05,allow
1,0.9999603,block_ip
0,5.2002524e-05,allow
0,0.00010612444,allow
0,1.0576794e-05,allow
0,0.00029207623,allow
0,2.0966156e-05,allow
1,0.9999038,block_ip
0,1.7024164e-05,allow
0,0.00024795617,allow
1,0.99988985,block_ip
0,1.9988805e-05,allow
0,3.061206e-05,allow
1,0.99993956,block_ip
1,0.9999627,block_ip
1,0.99990463,block_ip
0,0.00011972101,allow
0,5.4676384e-05,allow
0,1.2562073e-05,allow
0,1.9159224e-05,allow
1,0.9999443,block_ip
1,0.9997954,block_ip
1,0.9997373,block_ip
1,0.9997334,block_ip
0,1.526946e-05,allow
0,2.3569404e-05,allow
1,0.99996495,block_ip
1,0.9999387,block_ip
1,0.9999565,block_ip
1,0.9999306,block_ip
1,0.9999647,block_ip
1,0.99979573,block_ip
1,0.9999622,block_ip
1,0.999708,block_ip
0,0.00011692804,allow
1,0.9999554,block_ip
0,9.966476e-06,allow
0,2.3633076e-05,allow
0,0.00014375961,allow
1,0.9999573,block_ip
0,3.45223e-05,allow
0,1.9471996e-05,allow
0,1.1495178e-05,allow
0,2.6014503e-05,allow
0,9.774072e-06,allow
0,4.8950355e-05,allow
0,1.8931754e-05,allow
0,7.794763e-06,allow
1,0.99993694,block_ip
0,9.369039e-06,allow
0,1.8271905e-05,allow
1,0.9999566,block_ip
1,0.9999598,block_ip
0,0.0013817877,allow
0,2.4085975e-05,allow
0,3.825822e-05,allow
1,0.99989104,block_ip
1,0.99989426,block_ip
1,0.99994564,block_ip
1,0.9997677,block_ip
1,0.9997271,block_ip
0,5.8486094e-05,allow
0,1.8826648e-05,allow
0,0.00019070877,allow
0,4.063137e-05,allow
1,0.99985373,block_ip
1,0.999508,block_ip
0,7.2802195e-06,allow
1,0.9999256,block_ip
1,0.9973827,block_ip
0,3.6302834e-05,allow
0,0.00019210712,allow
1,0.99880385,block_ip
1,0.99987066,block_ip
1,0.999948,block_ip
1,0.99994004,block_ip
1,0.99982953,block_ip
1,0.9999515,block_ip
1,0.99986744,block_ip
0,8.3937666e-05,allow
1,0.9999635,block_ip
1,0.9999273,block_ip
0,3.8912996e-05,allow
0,2.2380218e-05,allow
0,2.8001274e-05,allow
0,5.1389798e-05,allow
0,6.883274e-05,allow
0,2.7599814e-05,allow
1,0.9999511,block_ip
1,0.9997652,block_ip
1,0.9997621,block_ip
1,0.99992394,block_ip
0,4.5682977e-05,allow
0,3.2309763e-05,allow
0,2.8029837e-05,allow
0,2.1124404e-05,allow
0,6.389741e-05,allow
0,7.445676e-05,allow
0,4.0442683e-05,allow
1,0.9999287,block_ip
1,0.99993694,block_ip
1,0.9998338,block_ip
0,3.624216e-05,allow
1,0.99995863,block_ip
1,0.999782,block_ip
1,0.99996805,block_ip
1,0.9999664,block_ip
1,0.9996861,block_ip
0,3.349158e-05,allow
1,0.9999168,block_ip
1,0.99986815,block_ip
0,2.9524357e-05,allow
0,0.00018196243,allow
0,5.9793485e-05,allow
0,0.00024449517,allow
0,0.00021011836,allow
0,1.6046362e-05,allow
0,0.00011437263,allow
1,0.9998098,block_ip
0,1.9527486e-05,allow
0,0.00054292445,allow
0,4.5679666e-05,allow
0,1.939958e-05,allow
1,0.99938774,block_ip
0,5.8292433e-05,allow
1,0.9999566,block_ip
1,0.99994373,block_ip
0,1.9897761e-05,allow
0,4.4780718e-05,allow
1,0.999969,block_ip
0,4.1936928e-05,allow
0,8.105702e-05,allow
0,2.8576009e-05,allow
0,5.736407e-05,allow
0,2.1046486e-05,allow
1,0.99906653,block_ip
0,1.4968044e-05,allow
0,0.00030231898,allow
0,0.00021015904,allow
0,1.3278463e-05,allow
0,4.543715e-05,allow
1,0.9970504,block_ip
1,0.9997843,block_ip
1,0.999782,block_ip
0,9.170004e-05,allow
1,0.99996865,block_ip
0,3.530386e-05,allow
0,0.0001206019,allow
1,0.99996567,block_ip
1,0.9998857,block_ip
0,9.8738865e-06,allow
0,2.6492007e-05,allow
0,2.3163651e-05,allow
0,5.389393e-05,allow
1,0.9998246,block_ip
0,1.6478834e-05,allow
0,2.0785865e-05,allow
1,0.9999472,block_ip
0,2.5452273e-05,allow
1,0.9999149,block_ip
1,0.99993026,block_ip
1,0.99995947,block_ip
0,2.3738156e-05,allow
1,0.99976474,block_ip
0,2.597214e-05,allow
1,0.9998275,block_ip
1,0.9999074,block_ip
1,0.9999404,block_ip
1,0.9999659,block_ip
0,4.1486728e-05,allow
0,9.468222e-05,allow
0,6.311648e-05,allow
1,0.99988353,block_ip
0,3.657119e-05,allow
0,9.958985e-05,allow
0,4.4541535e-05,allow
1,0.9999207,block_ip
0,7.429994e-05,allow
0,2.1805867e-05,allow
0,0.00013091802,allow
1,0.9998609,block_ip
1,0.99984837,block_ip
0,6.503207e-05,allow
0,1.972188e-05,allow
1,0.99996614,block_ip
0,3.1142667e-05,allow
0,0.0020026441,allow
1,0.9994137,block_ip
0,8.559577e-06,allow
0,0.00026275287,allow
0,0.00010931651,allow
1,0.9998252,block_ip
1,0.9999466,block_ip
1,0.9999337,block_ip
1,0.99956757,block_ip
1,0.99993205,block_ip
0,2.2078244e-05,allow
1,0.999782,block_ip
1,0.9997008,block_ip
0,1.9369227e-05,allow
0,4.954439e-05,allow
1,0.9998778,block_ip
1,0.9999323,block_ip
1,0.99987185,block_ip
0,6.437206e-05,allow
1,0.99948394,block_ip
0,3.1919255e-05,allow
0,0.00021011836,allow
0,2.0948846e-05,allow
1,0.99993014,block_ip
0,1.9051273e-05,allow
0,3.3243952e-05,allow
0,4.8541286e-05,allow
0,5.8637208e-05,allow
0,0.00011313184,allow
0,1.7975186e-05,allow
0,6.250995e-05,allow
1,0.99983835,block_ip
1,0.99898845,block_ip
0,0.0023902114,allow
1,0.9998896,block_ip
0,1.1222344e-05,allow
1,0.99995697,block_ip
1,0.99976295,block_ip
1,0.9999558,block_ip
1,0.99972445,block_ip
1,0.9999615,block_ip
1,0.99993587,block_ip
0,0.00019814566,allow
1,0.9999527,block_ip
1,0.998044,block_ip
0,1.7394914e-05,allow
0,5.713603e-05,allow
0,0.00012573793,allow
0,0.00011867158,allow
1,0.99990964,block_ip
0,2.3337687e-05,allow
1,0.9991953,block_ip
0,0.0024742372,allow
1,0.9993173,block_ip
1,0.9996201,block_ip
0,3.8206443e-05,allow
0,2.4565561e-05,allow
1,0.9999342,block_ip
0,2.5897298e-05,allow
0,2.1224258e-05,allow
0,6.562853e-05,allow
1,0.9998512,block_ip
0,3.5926954e-05,allow
0,4.744334e-05,allow
0,0.00016322204,allow
0,3.5947174e-05,allow
1,0.9999584,block_ip
0,1.8589772e-05,allow
0,8.374439e-06,allow
1,0.99989176,block_ip
1,0.9999578,block_ip
0,4.8866452e-05,allow
0,2.417072e-05,allow
1,0.9999361,block_ip
0,0.00010363608,allow
0,2.4390927e-05,allow
0,0.00015870687,allow
1,0.9999535,block_ip
1,0.99994123,block_ip
1,0.9999064,block_ip
1,0.9998976,block_ip
1,0.99992776,block_ip
1,0.999967,block_ip
1,0.9999536,block_ip
1,0.999746,block_ip
1,0.9999341,block_ip
0,1.9776668e-05,allow
1,0.99995136,block_ip
1,0.99994683,block_ip
1,0.99987173,block_ip
0,0.1790762,allow
0,7.181368e-05,allow
0,5.8447396e-05,allow
0,3.995217e-05,allow
0,3.558108e-05,allow
1,0.999913,block_ip
0,1.2817374e-05,allow
0,2.1458492e-05,allow
1,0.99996364,block_ip
0,0.00011522988,allow
1,0.99954826,block_ip
0,2.7836495e-05,allow
0,2.819272e-05,allow
0,2.8524768e-05,allow
0,0.00033098503,allow
1,0.9997018,block_ip
1,0.9999646,block_ip
1,0.99988663,block_ip
0,5.3501633e-05,allow
1,0.99990547,block_ip
1,0.9999584,block_ip
0,2.9541454e-05,allow
0,1.5780515e-05,allow
1,0.999946,block_ip
0,2.5807432e-05,allow
0,2.1046486e-05,allow
0,0.000985703,allow
1,0.999453,block_ip
0,0.00011071301,allow
1,0.99992466,block_ip
1,0.9999453,block_ip
0,6.419748e-05,allow
0,0.0022743358,allow
0,3.4026212e-05,allow
0,4.123559e-05,allow
0,4.922293e-05,allow
0,2.6407684e-05,allow
0,0.00037404464,allow
0,2.7494887e-05,allow
0,1.1369701e-05,allow
0,3.222763e-05,allow
0,1.4702551e-05,allow
1,0.99996483,block_ip
1,0.9999279,block_ip
0,7.729843e-06,allow
1,0.9999589,block_ip
0,2.9422863e-05,allow
1,0.9998995,block_ip
1,0.9998665,block_ip
0,0.0014300606,allow
0,2.7587128e-05,allow
0,9.145901e-06,allow
1,0.9999348,block_ip
0,2.0426083e-05,allow
0,1.1855423e-05,allow
1,0.99928135,block_ip
0,2.7134278e-05,allow
1,0.9999696,block_ip
1,0.9998572,block_ip
1,0.99927694,block_ip
0,2.2514527e-05,allow
0,4.5237837e-05,allow
0,1.3529227e-05,allow
1,0.99993706,block_ip
1,0.9999497,block_ip
1,0.9998354,block_ip
0,1.7767568e-05,allow
0,9.140697e-05,allow
0,3.6299443e-05,allow
0,9.756978e-05,allow
0,3.0372483e-05,allow
0,0.00046269552,allow
0,0.00011675033,allow
1,0.99992883,block_ip
0,1.7296805e-05,allow
0,7.2236086e-05,allow
0,2.9760624e-05,allow
1,0.9998246,block_ip
1,0.9991634,block_ip
0,4.0263472e-05,allow
0,2.6386058e-05,allow
0,1.783044e-05,allow
0,2.5452273e-05,allow
1,0.9999083,block_ip
1,0.9999013,block_ip
0,4.066269e-05,allow
1,0.99995005,block_ip
0,0.00012850705,allow
0,1.9400226e-05,allow
0,2.3158218e-05,allow
0,2.8170496e-05,allow
1,0.9999062,block_ip
1,0.999933,block_ip
0,0.00023457737,allow
0,0.0003494404,allow
1,0.99965763,block_ip
0,7.463576e-05,allow
1,0.9999517,block_ip
1,0.9999435,block_ip
0,2.3687184e-05,allow
0,1.2620419e-05,allow
1,0.99995625,block_ip
1,0.99986994,block_ip
1,0.9998919,block_ip
1,0.99995136,block_ip
1,0.99993634,block_ip
0,1.9627203e-05,allow
1,0.99995387,block_ip
0,5.405658e-05,allow
0,1.3589162e-05,allow
1,0.9998739,block_ip
0,0.0005287598,allow
1,0.99996054,block_ip
0,0.00044067495,allow
1,0.9999523,block_ip
0,9.8847695e-06,allow
0,1.861349e-05,allow
1,0.99995565,block_ip
0,7.445974e-05,allow
0,5.512916e-05,allow
1,0.9998374,block_ip
0,2.0603235e-05,allow
1,0.9999672,block_ip
0,3.4603716e-05,allow
0,0.015706155,allow
1,0.99991024,block_ip
0,5.0015497e-05,allow
0,0.00016487842,allow
0,1.00561165e-05,allow
0,0.00053578004,allow
1,0.9993319,block_ip
0,2.0426083e-05,allow
1,0.999782,block_ip
0,6.4571446e-05,allow
0,0.0002496942,allow
0,2.0487576e-05,allow
0,3.6423335e-05,allow
1,0.99995446,block_ip
1,0.99995434,block_ip
0,7.8208075e-05,allow
1,0.99995446,block_ip
0,0.0001468029,allow
0,2.9012941e-05,allow
0,9.961316e-06,allow
0,2.4290672e-05,allow
0,3.7328045e-05,allow
1,0.99985826,block_ip
1,0.99993503,block_ip
1,0.9999254,block_ip
1,0.999923,block_ip
0,0.00010663661,allow
0,1.8907722e-05,allow
1,0.9999037,block_ip
0,1.462254e-05,allow
0,2.0395757e-05,allow
1,0.9999256,block_ip
1,0.99995863,block_ip
0,1.6955417e-05,allow
1,0.9999466,block_ip
1,0.9999429,block_ip
0,2.8270933e-05,allow
0,0.00011584144,allow
1,0.9999597,block_ip
1,0.9999455,block_ip
0,2.002013e-05,allow
1,0.9999565,block_ip
1,0.9999355,block_ip
1,0.99969673,block_ip
0,0.00010187901,allow
0,0.00033014768,allow
0,2.6492007e-05,allow
1,0.99992,block_ip
0,3.8183858e-05,allow
0,2.198479e-05,allow
1,0.99920255,block_ip
1,0.99984014,block_ip
0,2.3440334e-05,allow
0,2.1424345e-05,allow
0,1.7121054e-05,allow
0,2.1534855e-05,allow
1,0.999969,block_ip
0,4.6784287e-05,allow
1,0.9998828,block_ip
1,0.9998809,block_ip
1,0.99992263,block_ip
0,4.545579e-05,allow
0,0.00011313184,allow
0,2.678169e-05,allow
0,2.6151483e-05,allow
1,0.9999062,block_ip
0,2.776118e-05,allow
1,0.9999436,block_ip
0,2.151716e-05,allow
1,0.9996941,block_ip
1,0.9999511,block_ip
1,0.99991703,block_ip
1,0.9988424,block_ip
1,0.9999571,block_ip
1,0.99996424,block_ip
0,2.6390868e-05,allow
0,3.1667456e-05,allow
1,0.99996483,block_ip
1,0.99996114,block_ip
1,0.99972624,block_ip
1,0.9998971,block_ip
0,1.7121054e-05,allow
1,0.9999622,block_ip
0,1.705364e-05,allow
0,2.6107975e-05,allow
0,7.343425e-05,allow
1,0.9997743,block_ip
0,1.539434e-05,allow
1,0.99995923,block_ip
1,0.99990916,block_ip
1,0.9999589,block_ip
0,2.2244316e-05,allow
0,3.418816e-05,allow
0,6.3093976e-05,allow
1,0.9999558,block_ip
1,0.9998338,block_ip
1,0.9990722,block_ip
1,0.99972755,block_ip
1,0.9999523,block_ip
1,0.9999471,block_ip
1,0.999258,block_ip
1,0.99916327,block_ip
1,0.99976724,block_ip
0,0.00011485055,allow
0,5.6002824e-05,allow
1,0.9999168,block_ip
1,0.99976176,block_ip
0,2.359988e-05,allow
0,3.0289495e-05,allow
1,0.9999237,block_ip
0,5.481489e-05,allow
0,2.2632756e-05,allow
0,2.988967e-05,allow
0,0.00014126473,allow
1,0.9998994,block_ip
0,1.7575903e-05,allow
1,0.9999387,block_ip
1,0.999925,block_ip
0,3.2687643e-05,allow
0,4.3422646e-05,allow
0,0.00013592094,allow
0,0.00018395444,allow
1,0.9999397,block_ip
0,2.3775627e-05,allow
1,0.99994445,block_ip
0,3.260819e-05,allow
1,0.9999651,block_ip
1,0.99990296,block_ip
0,1.13462065e-05,allow
0,1.9870133e-05,allow
1,0.9998615,block_ip
1,0.99984753,block_ip
0,2.5993424e-05,allow
1,0.9999579,block_ip
1,0.9999411,block_ip
0,3.1899934e-05,allow
0,8.327793e-06,allow
1,0.9999558,block_ip
0,8.692205e-06,allow
1,0.99979466,block_ip
1,0.9999057,block_ip
1,0.9982497,block_ip
1,0.99996686,block_ip
0,2.6616826e-05,allow
0,1.8463357e-05,allow
1,0.9999567,block_ip
1,0.9994393,block_ip
0,1.325124e-05,allow
0,3.481028e-05,allow
0,2.6507094e-05,allow
0,4.246428e-05,allow
1,0.99970585,block_ip
0,1.4782338e-05,allow
0,1.08728e-05,allow
0,4.099035e-05,allow
1,0.9999726,block_ip
0,5.6119e-05,allow
1,0.9997609,block_ip
0,0.0013365466,allow
0,9.3990806e-05,allow
1,0.999967,block_ip
0,3.6984446e-05,allow
1,0.99991083,block_ip
0,2.8912982e-05,allow
0,1.0553781e-05,allow
1,0.99990296,block_ip
1,0.9999585,block_ip
1,0.9999584,block_ip
1,0.99624914,block_ip
0,7.772436e-05,allow
1,0.9999634,block_ip
1,0.99975985,block_ip
1,0.99993193,block_ip
0,4.0252606e-05,allow
0,1.15528865e-05,allow
1,0.9999273,block_ip
0,4.5778834e-05,allow
1,0.9999163,block_ip
1,0.9999337,block_ip
1,0.99996126,block_ip
0,4.3085853e-05,allow
0,0.00011373206,allow
1,0.99995005,block_ip
0,0.0025511927,allow
0,1.553791e-05,allow
0,2.6866312e-05,allow
1,0.9998776,block_ip
0,2.4290672e-05,allow
0,1.7536275e-05,allow
1,0.99996436,block_ip
1,0.9977982,block_ip
1,0.9998858,block_ip
0,4.1654894e-05,allow
0,3.4344685e-05,allow
1,0.99995387,block_ip
0,2.3235114e-05,allow
1,0.99972206,block_ip
0,0.000105460334,allow
0,8.113823e-05,allow
0,2.111782e-05,allow
1,0.99988127,block_ip
0,6.292891e-05,allow
0,3.4793124e-05,allow
1,0.99995327,block_ip
0,2.6823047e-05,allow
0,0.0001675837,allow
0,8.74648e-06,allow
1,0.99995756,block_ip
1,0.99994934,block_ip
1,0.9999144,block_ip
1,0.99992144,block_ip
0,1.1719572e-05,allow
1,0.9999534,block_ip
0,7.880338e-05,allow
1,0.9999057,block_ip
0,4.2832184e-05,allow
1,0.9998543,block_ip
1,0.9988029,block_ip
0,2.7286496e-05,allow
0,3.9286908e-05,allow
0,8.509788e-06,allow
1,0.9998393,block_ip
0,3.4460005e-05,allow
1,0.9999658,block_ip
0,3.697454e-05,allow
0,1.2123143e-05,allow
1,0.9999428,block_ip
1,0.9999647,block_ip
0,1.6440927e-05,allow
0,2.3165818e-05,allow
1,0.99387884,block_ip
0,2.6801827e-05,allow
1,0.99992204,block_ip
0,3.0923165e-05,allow
0,2.5096879e-05,allow
0,3.3388736e-05,allow
0,9.934715e-06,allow
1,0.999713,block_ip
0,1.0032199e-05,allow
1,0.9999647,block_ip
0,3.780548e-05,allow
0,9.970356e-06,allow
1,0.99995327,block_ip
0,9.109406e-05,allow
1,0.9999471,block_ip
0,8.470721e-06,allow
1,0.99385506,block_ip
1,0.9999008,block_ip
0,8.346571e-05,allow
1,0.9991429,block_ip
1,0.9998764,block_ip
1,0.9999646,block_ip
1,0.99991155,block_ip
0,3.171496e-05,allow
1,0.9999534,block_ip
0,3.199459e-05,allow
0,4.4488854e-05,allow
1,0.9999312,block_ip
1,0.99962306,block_ip
1,0.9999658,block_ip
1,0.9998203,block_ip
0,2.0617148e-05,allow
0,1.4595193e-05,allow
1,0.99991035,block_ip
0,8.565208e-05,allow
1,0.999969,block_ip
0,0.000110733694,allow
0,5.103222e-05,allow
0,5.728726e-05,allow
0,3.6295736e-05,allow
0,4.2004613e-05,allow
0,1.1350081e-05,allow
1,0.9999517,block_ip
0,2.3740397e-05,allow
1,0.9996674,block_ip
0,2.3107765e-05,allow
0,7.2177354e-05,allow
1,0.9998332,block_ip
1,0.99988174,block_ip
1,0.9999596,block_ip
1,0.9991787,block_ip
1,0.9997305,block_ip
1,0.99995863,block_ip
1,0.9998258,block_ip
1,0.9999517,block_ip
1,0.99994993,block_ip
0,4.1670788e-05,allow
1,0.9997478,block_ip
0,2.8999662e-05,allow
0,2.960855e-05,allow
0,9.662395e-06,allow
1,0.99996746,block_ip
1,0.99991894,block_ip
1,0.9999542,block_ip
0,2.2941811e-05,allow
0,3.8505867e-05,allow
1,0.999879,block_ip
1,0.9999552,block_ip
0,2.492529e-05,allow
1,0.99975234,block_ip
0,1.3919655e-05,allow
0,3.515268e-05,allow
0,4.6225636e-05,allow
1,0.99993765,block_ip
1,0.99990237,block_ip
1,0.9999498,block_ip
1,0.9999312,block_ip
0,5.6421264e-05,allow
1,0.99988174,block_ip
0,8.949575e-05,allow
1,0.99992263,block_ip
0,8.0358586e-05,allow
0,2.6799014e-05,allow
1,0.9999627,block_ip
0,5.1572722e-05,allow
1,0.99994767,block_ip
1,0.99984264,block_ip
0,0.0004928408,allow
0,5.3809457e-05,allow
1,0.99995756,block_ip
0,2.0912377e-05,allow
1,0.99982387,block_ip
1,0.9998079,block_ip
1,0.9999554,block_ip
1,0.99980253,block_ip
1,0.999848,block_ip
0,2.1676033e-05,allow
1,0.99992394,block_ip
1,0.99989164,block_ip
0,0.00011373206,allow
1,0.9998287,block_ip
0,2.6747746e-05,allow
1,0.99992096,block_ip
0,5.433365e-05,allow
1,0.99907506,block_ip
1,0.9999571,block_ip
1,0.99972683,block_ip
0,5.9154983e-05,allow
0,0.00034810015,allow
1,0.9998956,block_ip
1,0.9998148,block_ip
0,5.7869613e-05,allow
0,0.00013955608,allow
1,0.99994373,block_ip
0,1.6214079e-05,allow
1,0.99964833,block_ip
0,1.4381092e-05,allow
0,2.6386058e-05,allow
0,4.2684453e-05,allow
0,5.316479e-05,allow
0,3.2131084e-05,allow
0,0.00019958311,allow
0,2.1510574e-05,allow
0,5.1291143e-05,allow
1,0.99987006,block_ip
1,0.9999082,block_ip
0,1.4710981e-05,allow
1,0.99799204,block_ip
1,0.99994576,block_ip
0,4.566055e-05,allow
1,0.99986565,block_ip
1,0.99983895,block_ip
1,0.9999424,block_ip
0,1.793919e-05,allow
0,0.00095952203,allow
1,0.9995534,block_ip
0,1.0681698e-05,allow
0,3.2511343e-05,allow
0,3.214141e-05,allow
0,0.00040615318,allow
0,0.00044266044,allow
0,9.6179516e-05,allow
0,6.5423264e-05,allow
1,0.9999616,block_ip
0,0.00013856278,allow
1,0.9998148,block_ip
1,0.99994826,block_ip
1,0.9999347,block_ip
0,7.024221e-05,allow
0,0.00011313184,allow
0,2.9140132e-05,allow
0,0.00026997417,allow
0,3.6154892e-05,allow
0,1.734067e-05,allow
0,1.0935891e-05,allow
1,0.9998342,block_ip
0,9.499794e-06,allow
0,1.0100174e-05,allow
1,0.99993086,block_ip
1,0.99977547,block_ip
0,6.7131215e-05,allow
1,0.99990606,block_ip
1,0.99995923,block_ip
0,0.00013233756,allow
0,1.5875641e-05,allow
1,0.9998791,block_ip
1,0.99984777,block_ip
0,8.0726946e-05,allow
1,0.99991775,block_ip
0,5.36051e-05,allow
0,6.439964e-05,allow
1,0.99996984,block_ip
0,4.9210073e-05,allow
0,8.0349084e-05,allow
1,0.9999654,block_ip
0,8.180369e-06,allow
0,1.1919554e-05,allow
0,5.880262e-05,allow
1,0.9998673,block_ip
0,0.00032807468,allow
0,0.00010943937,allow
1,0.99947435,block_ip
0,6.087107e-05,allow
1,0.9999659,block_ip
1,0.999908,block_ip
0,1.138855e-05,allow
0,3.5585865e-05,allow
0,1.5541704e-05,allow
1,0.9998153,block_ip
1,0.9998704,block_ip
0,0.00011092763,allow
0,4.5335786e-05,allow
0,2.1557047e-05,allow
0,2.8197672e-05,allow
1,0.9999001,block_ip
0,9.155656e-06,allow
1,0.9999379,block_ip
1,0.99974614,block_ip
1,0.99994767,block_ip
1,0.9992231,block_ip
0,3.0954234e-05,allow
1,0.99995744,block_ip
0,2.7789629e-05,allow
1,0.99994636,block_ip
0,2.1984413e-05,allow
0,0.0038082027,allow
0,5.9183876e-05,allow
1,0.9999621,block_ip
1,0.9999094,block_ip
1,0.9998808,block_ip
1,0.999967,block_ip
0,1.6103864e-05,allow
0,4.3190958e-05,allow
1,0.99994445,block_ip
0,3.9551516e-05,allow
0,4.007397e-05,allow
0,0.000104173385,allow
0,2.1511887e-05,allow
0,1.1697743e-05,allow
0,3.3804114e-05,allow
0,2.0873205e-05,allow
1,0.9992969,block_ip
0,2.2513732e-05,allow
1,0.9998503,block_ip
1,0.9995072,block_ip
0,4.5072695e-05,allow
1,0.9999726,block_ip
1,0.9999144,block_ip
1,0.9999248,block_ip
1,0.99991465,block_ip
0,6.9037975e-05,allow
1,0.99992275,block_ip
1,0.9999583,block_ip
0,2.3700944e-05,allow
1,0.99981636,block_ip
0,8.998261e-06,allow
1,0.99988127,block_ip
0,2.1052669e-05,allow
1,0.9999181,block_ip
1,0.99991167,block_ip
0,2.3212457e-05,allow
1,0.9999584,block_ip
1,0.9999254,block_ip
0,3.3891556e-05,allow
0,3.1891203e-05,allow
1,0.9995491,block_ip
0,7.779488e-05,allow
1,0.9997185,block_ip
0,0.0002497849,allow
1,0.99994135,block_ip
1,0.9999596,block_ip
1,0.9999354,block_ip
0,1.6992584e-05,allow
0,3.1354273e-05,allow
0,0.00012109096,allow
0,1.9369227e-05,allow
1,0.9999652,block_ip
0,1.1295529e-05,allow
1,0.99981314,block_ip
0,1.9369227e-05,allow
0,3.5766898e-05,allow
1,0.9998405,block_ip
0,1.1878385e-05,allow
0,9.8592645e-06,allow
0,6.793771e-05,allow
0,1.0982808e-05,allow
1,0.99978596,block_ip
1,0.9991667,block_ip
1,0.9998554,block_ip
0,1.8328765e-05,allow
0,5.1723237e-05,allow
1,0.9999434,block_ip
0,3.3872686e-05,allow
1,0.9999523,block_ip
1,0.9999466,block_ip
1,0.9999503,block_ip
0,2.7413018e-05,allow
0,2.1334228e-05,allow
1,0.99995816,block_ip
1,0.99984527,block_ip
1,0.999882,block_ip
0,8.8975656e-05,allow
1,0.9998678,block_ip
0,7.002739e-05,allow
0,6.8292495e-05,allow
1,0.99964106,block_ip
1,0.99994946,block_ip
1,0.999951,block_ip
0,1.532732e-05,allow
0,4.4295895e-05,allow
0,5.151114e-05,allow
0,1.11995605e-05,allow
0,0.00025353825,allow
1,0.9997447,block_ip
0,7.890535e-05,allow
0,2.4731891e-05,allow
0,5.7537683e-05,allow
1,0.99995434,block_ip
0,2.486155e-05,allow
1,0.99991024,block_ip
0,2.5712485e-05,allow
1,0.9998406,block_ip
0,2.789376e-05,allow
0,0.004418863,allow
1,0.999882,block_ip
0,3.2161985e-05,allow
0,1.7548018e-05,allow
1,0.99996114,block_ip
0,9.355244e-06,allow
0,8.506454e-06,allow
1,0.99987173,block_ip
0,0.011352923,allow
1,0.99996305,block_ip
1,0.9995535,block_ip
1,0.99993014,block_ip
1,0.9999368,block_ip
0,6.483307e-05,allow
0,0.00010739769,allow
1,0.99994457,block_ip
0,1.0414932e-05,allow
0,2.5167103e-05,allow
0,0.0001056396,allow
1,0.9998109,block_ip
0,0.000101753765,allow
0,0.00035169348,allow
0,0.00045131752,allow
1,0.9999708,block_ip
1,0.9997762,block_ip
0,0.00014700193,allow
0,4.0001276e-05,allow
1,0.9999553,block_ip
0,3.682326e-05,allow
1,0.9996288,block_ip
1,0.9998846,block_ip
1,0.99993706,block_ip
1,0.99992216,block_ip
1,0.99985874,block_ip
1,0.9999534,block_ip
1,0.99992657,block_ip
1,0.9999285,block_ip
0,2.6492007e-05,allow
1,0.99989676,block_ip
1,0.9998739,block_ip
0,2.8409879e-05,allow
1,0.99990857,block_ip
0,2.1692784e-05,allow
1,0.9999106,block_ip
0,7.078843e-05,allow
0,4.0285824e-05,allow
1,0.9999584,block_ip
0,0.00020875069,allow
1,0.9993825,block_ip
0,2.0519603e-05,allow
0,1.7121054e-05,allow
0,6.186326e-05,allow
1,0.99981815,block_ip
0,1.3637066e-05,allow
0,2.8962602e-05,allow
0,1.1633917e-05,allow
0,9.804488e-05,allow
0,5.4602606e-05,allow
1,0.9999076,block_ip
0,1.1908577e-05,allow
1,0.9999342,block_ip
1,0.9999604,block_ip
1,0.9998802,block_ip
0,2.3862443e-05,allow
0,1.8016375e-05,allow
1,0.99996996,block_ip
1,0.99995697,block_ip
0,0.0006182286,allow
0,9.723014e-06,allow
0,1.641121e-05,allow
1,0.9999392,block_ip
0,2.4211093e-05,allow
0,2.670159e-05,allow
1,0.99956554,block_ip
0,2.1477983e-05,allow
1,0.9999578,block_ip
0,7.783154e-05,allow
0,3.7451988e-05,allow
1,0.99990165,block_ip
0,2.5830182e-05,allow
0,3.3332934e-05,allow
1,0.99994755,block_ip
1,0.99987996,block_ip
1,0.9999454,block_ip
1,0.9999604,block_ip
1,0.99995303,block_ip
1,0.99994814,block_ip
0,4.531098e-05,allow
0,2.5923835e-05,allow
0,1.7132079e-05,allow
1,0.99995875,block_ip
1,0.99995124,block_ip
1,0.999828,block_ip
0,8.2994266e-05,allow
0,3.8339334e-05,allow
1,0.99918216,block_ip
0,1.9567062e-05,allow
0,8.991405e-05,allow
1,0.9990934,block_ip
1,0.9999652,block_ip
1,0.99989665,block_ip
1,0.99982786,block_ip
1,0.9998435,block_ip
0,9.856581e-05,allow
1,0.9999453,block_ip
1,0.999948,block_ip
1,0.999401,block_ip
0,3.376542e-05,allow
1,0.99997115,block_ip
0,1.694171e-05,allow
1,0.99996126,block_ip
1,0.9999684,block_ip
1,0.99992657,block_ip
1,0.999819,block_ip
0,1.8369783e-05,allow
1,0.99967074,block_ip
0,1.4983639e-05,allow
0,3.4012748e-05,allow
0,2.6526059e-05,allow
1,0.99952364,block_ip
1,0.99980634,block_ip
1,0.99985945,block_ip
1,0.99929416,block_ip
1,0.9999665,block_ip
1,0.99987614,block_ip
0,8.130872e-06,allow
0,3.554191e-05,allow
0,1.6402104e-05,allow
0,0.0010357373,allow
1,0.99966216,block_ip
0,0.00031146422,allow
0,4.440065e-05,allow
0,0.000117945965,allow
1,0.9999213,block_ip
1,0.9999193,block_ip
0,1.9140485e-05,allow
0,5.348725e-05,allow
0,1.4066056e-05,allow
1,0.9960674,block_ip
1,0.99985135,block_ip
0,9.546898e-05,allow
1,0.9997303,block_ip
1,0.9999206,block_ip
1,0.9999387,block_ip
0,0.0013708416,allow
0,1.6044296e-05,allow
0,2.5452273e-05,allow
1,0.9998184,block_ip
1,0.99990904,block_ip
1,0.9999291,block_ip
0,1.5364463e-05,allow
1,0.9996667,block_ip
1,0.99984527,block_ip
1,0.99990165,block_ip
0,1.1141066e-05,allow
1,0.9999279,block_ip
1,0.9999652,block_ip
0,2.7403243e-05,allow
1,0.99987376,block_ip
0,0.0008266182,allow
0,1.6432572e-05,allow
0,4.2074127e-05,allow
1,0.9994306,block_ip
0,1.9117828e-05,allow
0,1.8390605e-05,allow
1,0.99986744,block_ip
0,0.0002854398,allow
1,0.99979144,block_ip
0,2.798726e-05,allow
1,0.99995756,block_ip
0,3.4478213e-05,allow
1,0.9999633,block_ip
1,0.999858,block_ip
1,0.9997607,block_ip
0,3.6864196e-05,allow
0,0.00014627834,allow
0,6.974662e-05,allow
0,0.00025496582,allow
1,0.99996114,block_ip
1,0.9995875,block_ip
0,3.9822728e-05,allow
1,0.99979836,block_ip
0,4.8391124e-05,allow
1,0.9999114,block_ip
1,0.99995494,block_ip
0,0.001997624,allow
1,0.9999658,block_ip
0,1.4897068e-05,allow
0,3.5097713e-05,allow
1,0.99993134,block_ip
1,0.99997187,block_ip
0,4.7820853e-05,allow
0,2.4085975e-05,allow
1,0.9998293,block_ip
0,0.00047563532,allow
0,0.00031730544,allow
1,0.9999205,block_ip
0,8.435726e-06,allow
0,9.579069e-06,allow
0,1.155086e-05,allow
1,0.9998148,block_ip
1,0.9995671,block_ip
0,1.1953066e-05,allow
0,6.3512925e-05,allow
0,3.308114e-05,allow
0,5.821683e-05,allow
1,0.99995506,block_ip
1,0.995342,block_ip
1,0.9999083,block_ip
1,0.9997527,block_ip
0,2.1631264e-05,allow
1,0.9999387,block_ip
1,0.9999627,block_ip
1,0.99995553,block_ip
1,0.9999596,block_ip
0,2.3272569e-05,allow
1,0.9998073,block_ip
0,0.00011313184,allow
0,1.2241587e-05,allow
1,0.99992144,block_ip
0,1.1966604e-05,allow
1,0.99993324,block_ip
0,2.4290672e-05,allow
1,0.9999217,block_ip
1,0.9999548,block_ip
1,0.9999372,block_ip
1,0.99982053,block_ip
0,3.3297256e-05,allow
0,5.37122e-05,allow
1,0.999853,block_ip
0,2.5165205e-05,allow
1,0.9999143,block_ip
0,9.474615e-06,allow
0,3.874629e-05,allow
1,0.99987435,block_ip
0,1.0879013e-05,allow
1,0.99994934,block_ip
1,0.99996567,block_ip
1,0.9999485,block_ip
1,0.9999447,block_ip
1,0.99981636,block_ip
0,8.634306e-06,allow
1,0.9999528,block_ip
0,1.1510228e-05,allow
0,1.7689763e-05,allow
1,0.99974686,block_ip
0,1.6893891e-05,allow
0,0.00015392083,allow
0,2.1997917e-05,allow
0,1.7124092e-05,allow
0,0.00017074998,allow
0,1.4550762e-05,allow
0,1.6558279e-05,allow
0,1.1164583e-05,allow
1,0.99990857,block_ip
0,0.00010531482,allow
0,1.1901244e-05,allow
1,0.99990165,block_ip
0,1.9471996e-05,allow
1,0.9999168,block_ip
0,2.5725854e-05,allow
0,4.0836512e-05,allow
0,1.7348593e-05,allow
1,0.99987984,block_ip
1,0.9997124,block_ip
1,0.9999311,block_ip
0,0.00012087672,allow
1,0.9999368,block_ip
0,1.6227707e-05,allow
0,0.0018409543,allow
1,0.9995511,block_ip
1,0.9999647,block_ip
0,2.3966304e-05,allow
1,0.999943,block_ip
1,0.9999677,block_ip
0,2.5434198e-05,allow
1,0.99996495,block_ip
0,2.4482839e-05,allow
1,0.99980074,block_ip
0,1.17486e-05,allow
1,0.99892175,block_ip
0,0.00011675033,allow
1,0.9999664,block_ip
1,0.99995375,block_ip
0,3.8077826e-05,allow
1,0.9999578,block_ip
0,1.5264755e-05,allow
0,2.4323865e-05,allow
0,2.6135103e-05,allow
1,0.9998172,block_ip
1,0.9995802,block_ip
1,0.9998783,block_ip
0,0.00012319283,allow
0,2.7953329e-05,allow
0,1.5072552e-05,allow
0,2.5720135e-05,allow
0,2.9808796e-05,allow
1,0.99990845,block_ip
0,2.0862839e-05,allow
0,2.0469568e-05,allow
1,0.9999299,block_ip
0,2.8622373e-05,allow
1,0.9999269,block_ip
0,2.25511e-05,allow
1,0.9997178,block_ip
0,0.00018581303,allow
0,7.707772e-05,allow
1,0.9999584,block_ip
0,0.00040439222,allow
1,0.99991834,block_ip
0,4.286818e-05,allow
1,0.9999012,block_ip
1,0.9992411,block_ip
0,3.359378e-05,allow
0,5.5873843e-05,allow
0,9.614155e-05,allow
1,0.9999653,block_ip
0,3.7221154e-05,allow
1,0.99995947,block_ip
0,0.00036414023,allow
1,0.99995935,block_ip
1,0.9999255,block_ip
0,2.0763871e-05,allow
0,0.00010961829,allow
0,4.1890962e-05,allow
1,0.9998355,block_ip
1,0.99993145,block_ip
0,1.4530876e-05,allow
0,2.8797187e-05,allow
0,0.00014663431,allow
0,1.1025688e-05,allow
0,0.00024948883,allow
1,0.99985397,block_ip
1,0.9996666,block_ip
0,2.2663231e-05,allow
1,0.9999299,block_ip
0,2.3637562e-05,allow
1,0.99991035,block_ip
0,6.205576e-05,allow
0,1.9029882e-05,allow
0,2.5672229e-05,allow
0,5.5946777e-05,allow
0,2.8406843e-05,allow
1,0.99994564,block_ip
0,4.2200987e-05,allow
1,0.99994993,block_ip
1,0.99995196,block_ip
0,3.2595784e-05,allow
1,0.9999199,block_ip
1,0.9998336,block_ip
1,0.9999187,block_ip
0,3.5097713e-05,allow
0,1.6359707e-05,allow
0,4.5482368e-05,allow
1,0.9998659,block_ip
0,3.250198e-05,allow
1,0.99988186,block_ip
0,3.0731313e-05,allow
1,0.99994946,block_ip
0,3.927687e-05,allow
1,0.9992574,block_ip
0,3.3759723e-05,allow
1,0.9999635,block_ip
0,4.9612856e-05,allow
1,0.9998522,block_ip
0,0.00014968803,allow
1,0.9999652,block_ip
0,1.973646e-05,allow
1,0.99965703,block_ip
0,2.2316559e-05,allow
0,6.1190054e-05,allow
1,0.99991894,block_ip
0,2.5106958e-05,allow
1,0.9999523,block_ip
0,3.324208e-05,allow
1,0.99988604,block_ip
1,0.99992776,block_ip
0,9.280547e-05,allow
1,0.9999219,block_ip
0,0.00015939631,allow
0,2.1393067e-05,allow
0,1.6224967e-05,allow
0,1.408775e-05,allow
0,7.578976e-05,allow
0,0.0011654156,allow
0,3.4131477e-05,allow
0,2.641932e-05,allow
0,9.081817e-06,allow
1,0.9993741,block_ip
1,0.9999652,block_ip
1,0.9996896,block_ip
1,0.99996614,block_ip
0,2.655514e-05,allow
1,0.9999291,block_ip
1,0.99992883,block_ip
1,0.999907,block_ip
1,0.9999392,block_ip
0,4.7649693e-05,allow
1,0.99991906,block_ip
0,0.00010642857,allow
0,1.20933055e-05,allow
1,0.9997042,block_ip
1,0.9999503,block_ip
0,9.607595e-06,allow
0,1.4377129e-05,allow
0,0.00045747877,allow
1,0.9999157,block_ip
1,0.9998958,block_ip
0,3.1042444e-05,allow
0,0.00010365258,allow
1,0.99996805,block_ip
0,8.713236e-06,allow
0,6.7147164e-05,allow
1,0.99996614,block_ip
1,0.9999331,block_ip
1,0.99993217,block_ip
1,0.999874,block_ip
0,0.00012168998,allow
0,2.0397547e-05,allow
1,0.9999578,block_ip
0,1.5309775e-05,allow
1,0.9999659,block_ip
0,1.26577e-05,allow
1,0.99991834,block_ip
0,0.063071415,allow
1,0.9999434,block_ip
1,0.999951,block_ip
1,0.996445,block_ip
1,0.9998129,block_ip
1,0.9999292,block_ip
1,0.9999281,block_ip
1,0.9999378,block_ip
1,0.99995005,block_ip
1,0.98759717,block_ip
0,4.8874885e-05,allow
0,1.5839543e-05,allow
1,0.9999217,block_ip
1,0.9999416,block_ip
1,0.99983823,block_ip
1,0.9996326,block_ip
1,0.99996233,block_ip
1,0.9999546,block_ip
1,0.99996567,block_ip
0,2.3265757e-05,allow
0,3.950206e-05,allow
0,2.5874142e-05,allow
1,0.9999404,block_ip
0,2.6989652e-05,allow
0,4.4373475e-05,allow
0,2.5895346e-05,allow
0,1.0752526e-05,allow
1,0.99993134,block_ip
0,3.4419343e-05,allow
1,0.9999647,block_ip
1,0.9998023,block_ip
1,0.99993503,block_ip
0,7.501035e-05,allow
0,7.330334e-05,allow
1,0.9998846,block_ip
1,0.9999182,block_ip
1,0.9999665,block_ip
0,2.1458492e-05,allow
0,3.3611854e-05,allow
0,1.2658232e-05,allow
1,0.99987006,block_ip
0,0.00046725522,allow
0,1.1286226e-05,allow
1,0.9998275,block_ip
0,1.326988e-05,allow
1,0.9999285,block_ip
1,0.99988186,block_ip
1,0.99989426,block_ip
1,0.99991393,block_ip
0,2.6374688e-05,allow
0,1.1338245e-05,allow
1,0.9993911,block_ip
1,0.999967,block_ip
1,0.9999609,block_ip
0,2.2362341e-05,allow
1,0.9995759,block_ip
1,0.99979466,block_ip
0,2.3047793e-05,allow
1,0.9998122,block_ip
0,1.611963e-05,allow
1,0.99991524,block_ip
0,2.180936e-05,allow
1,0.9999428,block_ip
0,3.24571e-05,allow
1,0.9999374,block_ip
1,0.99990916,block_ip
1,0.9999281,block_ip
1,0.9996915,block_ip
1,0.99973375,block_ip
1,0.99996114,block_ip
1,0.9999498,block_ip
0,0.001092394,allow
1,0.9998635,block_ip
0,1.4664253e-05,allow
1,0.9999577,block_ip
1,0.9999392,block_ip
1,0.999843,block_ip
1,0.99989283,block_ip
1,0.9998903,block_ip
1,0.9999504,block_ip
1,0.99984336,block_ip
1,0.9997291,block_ip
1,0.9977181,block_ip
0,1.1294085e-05,allow
0,5.8041376e-05,allow
0,6.1051745e-05,allow
1,0.9999335,block_ip
1,0.99993885,block_ip
1,0.9999615,block_ip
0,3.0717074e-05,allow
1,0.99994576,block_ip
1,0.9998561,block_ip
1,0.99981755,block_ip
0,2.5333833e-05,allow
0,2.5165205e-05,allow
0,1.6956485e-05,allow
1,0.999665,block_ip
0,3.434279e-05,allow
0,0.00031810233,allow
1,0.9999658,block_ip
1,0.9999527,block_ip
0,2.0502332e-05,allow
0,2.0769696e-05,allow
1,0.99991834,block_ip
0,8.2481765e-06,allow
0,1.8350294e-05,allow
0,0.004404943,allow
0,2.4768475e-05,allow
1,0.99995744,block_ip
0,2.626533e-05,allow
0,1.05512545e-05,allow
1,0.999027,block_ip
1,0.999874,block_ip
1,0.9999478,block_ip
1,0.9998739,block_ip
0,3.458468e-05,allow
1,0.99995434,block_ip
0,2.394387e-05,allow
0,1.2908763e-05,allow
1,0.99971575,block_ip
1,0.9999422,block_ip
0,3.3068496e-05,allow
0,1.4413275e-05,allow
0,5.0759452e-05,allow
0,2.8903829e-05,allow
1,0.99993,block_ip
0,3.347954e-05,allow
1,0.9997831,block_ip
1,0.9998964,block_ip
1,0.999933,block_ip
1,0.9999523,block_ip
0,1.5547173e-05,allow
1,0.9999548,block_ip
1,0.9998839,block_ip
0,2.5206087e-05,allow
0,0.00023516362,allow
0,3.8678216e-05,allow
0,2.7013319e-05,allow
0,0.00016552978,allow
1,0.99992216,block_ip
1,0.9999291,block_ip
0,1.6325856e-05,allow
0,2.1438815e-05,allow
0,0.0002929265,allow
0,0.000562015,allow
1,0.9999206,block_ip
1,0.9999355,block_ip
0,0.0061503826,allow
0,5.7608897e-05,allow
1,0.9999436,block_ip
1,0.9999465,block_ip
0,0.000119726035,allow
1,0.9999553,block_ip
1,0.999962,block_ip
1,0.99988735,block_ip
0,1.2683837e-05,allow
0,1.863267e-05,allow
0,2.5106958e-05,allow
1,0.9996691,block_ip
0,0.00021610121,allow
1,0.99986947,block_ip
0,8.316325e-05,allow
0,8.800513e-06,allow
0,0.0026118327,allow
0,3.5007124e-05,allow
0,2.5165205e-05,allow
0,2.305995e-05,allow
1,0.9999511,block_ip
1,0.9997763,block_ip
0,9.27126e-06,allow
1,0.9999577,block_ip
1,0.9999597,block_ip
1,0.9999229,block_ip
1,0.99993575,block_ip
0,0.00012479346,allow
0,2.6153604e-05,allow
1,0.9995315,block_ip
1,0.9998234,block_ip
0,0.0002715621,allow
0,0.00010623459,allow
0,1.6103864e-05,allow
1,0.9999685,block_ip
1,0.9999237,block_ip
1,0.9999341,block_ip
0,3.8606613e-05,allow
1,0.99987805,block_ip
0,2.8490378e-05,allow
0,2.3966304e-05,allow
1,0.9999279,block_ip
1,0.99996424,block_ip
1,0.9998702,block_ip
0,2.0757498e-05,allow
1,0.9997489,block_ip
0,4.3178152e-05,allow
0,1.6498176e-05,allow
1,0.999969,block_ip
0,1.2913724e-05,allow
1,0.999966,block_ip
0,0.0048588836,allow
0,2.002013e-05,allow
1,0.9999199,block_ip
1,0.9999615,block_ip
1,0.9997423,block_ip
0,1.6702139e-05,allow
0,0.00032930681,allow
0,5.047274e-05,allow
0,2.2605296e-05,allow
1,0.999964,block_ip
1,0.99975103,block_ip
1,0.9999478,block_ip
0,0.00036582205,allow
0,1.6965203e-05,allow
0,1.0176477e-05,allow
1,0.99985063,block_ip
0,2.9585744e-05,allow
0,3.230551e-05,allow
1,0.999579,block_ip
0,0.00021530037,allow
0,6.0004375e-05,allow
1,0.99982613,block_ip
1,0.9993507,block_ip
0,1.8743773e-05,allow
0,3.3502954e-05,allow
0,2.0696578e-05,allow
1,0.9999652,block_ip
0,2.8465663e-05,allow
1,0.9998683,block_ip
0,1.8108374e-05,allow
1,0.99991214,block_ip
1,0.99987674,block_ip
0,4.230349e-05,allow
1,0.9999548,block_ip
0,2.2594562e-05,allow
0,0.0047297785,allow
0,3.5840854e-05,allow
0,1.0152157e-05,allow
0,0.019196624,allow
1,0.9999224,block_ip
1,0.9999578,block_ip
1,0.99967396,block_ip
1,0.99996054,block_ip
1,0.9999429,block_ip
0,2.4715268e-05,allow
0,3.0623945e-05,allow
1,0.9999244,block_ip
1,0.9999492,block_ip
1,0.99992085,block_ip
1,0.99991524,block_ip
0,1.3170657e-05,allow
1,0.9998919,block_ip
1,0.9999436,block_ip
1,0.9998543,block_ip
0,2.820087e-05,allow
0,0.0003589316,allow
0,5.4299617e-05,allow
1,0.99927837,block_ip
1,0.99996257,block_ip
1,0.9998086,block_ip
1,0.9998629,block_ip
1,0.99996865,block_ip
1,0.9999536,block_ip
0,2.5067673e-05,allow
1,0.999589,block_ip
0,2.5238198e-05,allow
1,0.99991786,block_ip
0,1.9278154e-05,allow
0,0.0011784357,allow
1,0.9997491,block_ip
0,3.5475034e-05,allow
0,7.794741e-05,allow
1,0.9999337,block_ip
1,0.99995935,block_ip
1,0.9998165,block_ip
0,1.4504806e-05,allow
0,2.010295e-05,allow
1,0.9999659,block_ip
1,0.9998778,block_ip
1,0.9999026,block_ip
1,0.9999521,block_ip
0,1.7121054e-05,allow
1,0.99981576,block_ip
1,0.99993837,block_ip
0,0.00072964135,allow
1,0.99994814,block_ip
1,0.9999521,block_ip
0,1.6895985e-05,allow
1,0.999851,block_ip
1,0.9989631,block_ip
1,0.9999174,block_ip
1,0.9999647,block_ip
0,1.0698356e-05,allow
1,0.9999379,block_ip
0,7.8544705e-05,allow
1,0.9995746,block_ip
1,0.99996114,block_ip
1,0.9997658,block_ip
1,0.9999213,block_ip
0,1.8489101e-05,allow
0,2.2069593e-05,allow
0,0.00030400086,allow
0,3.8336188e-05,allow
0,1.463479e-05,allow
0,1.7121054e-05,allow
0,3.449956e-05,allow
0,2.6254584e-05,allow
0,3.791289e-05,allow
0,0.0033936857,allow
0,2.5806326e-05,allow
1,0.9999597,block_ip
0,3.663465e-05,allow
1,0.9999684,block_ip
0,1.2150065e-05,allow
1,0.9999269,block_ip
0,2.302253e-05,allow
1,0.99879634,block_ip
1,0.9999484,block_ip
0,0.017794278,allow
1,0.9999056,block_ip
0,1.2411933e-05,allow
1,0.9999068,block_ip
1,0.9999517,block_ip
1,0.99995923,block_ip
1,0.9998387,block_ip
0,1.2746358e-05,allow
1,0.99985564,block_ip
0,2.1492118e-05,allow
0,2.1439018e-05,allow
0,2.1386722e-05,allow
0,0.0012138799,allow
1,0.9991653,block_ip
1,0.9999628,block_ip
1,0.9999534,block_ip
1,0.99913055,block_ip
0,2.0012665e-05,allow
0,5.7446785e-05,allow
1,0.9998994,block_ip
0,3.6122325e-05,allow
1,0.9999534,block_ip
1,0.9999306,block_ip
1,0.9990119,block_ip
0,7.242922e-05,allow
0,3.1648586e-05,allow
1,0.99979633,block_ip
0,0.00035534427,allow
1,0.9999312,block_ip
1,0.9999541,block_ip
0,1.09147395e-05,allow
0,0.00011669992,allow
0,2.5934072e-05,allow
1,0.999775,block_ip
0,3.065711e-05,allow
0,0.0005281714,allow
0,2.2490942e-05,allow
0,2.6827422e-05,allow
1,0.9999008,block_ip
0,0.00043630152,allow
0,2.5559393e-05,allow
1,0.99996066,block_ip
0,4.7927184e-05,allow
0,3.3093198e-05,allow
1,0.99996424,block_ip
1,0.9998921,block_ip
1,0.99962425,block_ip
1,0.9999219,block_ip
0,0.0001704461,allow
1,0.99982977,block_ip
0,1.2277749e-05,allow
0,0.00012572798,allow
0,3.2088614e-05,allow
0,4.3239055e-05,allow
0,1.6818707e-05,allow
1,0.99992955,block_ip
0,3.3866614e-05,allow
1,0.999889,block_ip
1,0.9999418,block_ip
0,9.575808e-06,allow
1,0.99996185,block_ip
1,0.9999479,block_ip
0,2.2031196e-05,allow
0,2.3152765e-05,allow
1,0.9978003,block_ip
1,0.99986506,block_ip
0,1.9988805e-05,allow
0,0.0001787968,allow
1,0.9999646,block_ip
0,3.0351954e-05,allow
0,1.6302642e-05,allow
0,2.1905182e-05,allow
0,1.0843454e-05,allow
0,1.5500806e-05,allow
0,1.6079144e-05,allow
0,7.7942204e-05,allow
0,4.450311e-05,allow
0,9.470558e-06,allow
1,0.9999664,block_ip
0,0.00015734922,allow
0,5.408943e-05,allow
0,8.045469e-06,allow
0,9.6091435e-06,allow
1,0.999954,block_ip
1,0.99990165,block_ip
1,0.9992969,block_ip
0,1.2552241e-05,allow
1,0.99982846,block_ip
1,0.9994842,block_ip
1,0.9998307,block_ip
1,0.9999244,block_ip
1,0.99995565,block_ip
1,0.99996233,block_ip
1,0.9999647,block_ip
0,4.391081e-05,allow
0,1.8440342e-05,allow
0,1.977797e-05,allow
1,0.9998702,block_ip
0,0.0003221323,allow
1,0.9998202,block_ip
0,1.956934e-05,allow
1,0.9999287,block_ip
1,0.99990714,block_ip
0,0.00028504603,allow
0,5.4263746e-05,allow
0,2.2957853e-05,allow
1,0.9997924,block_ip
1,0.99993193,block_ip
1,0.9999647,block_ip
0,2.9528044e-05,allow
1,0.9999579,block_ip
0,1.1611505e-05,allow
1,0.9997638,block_ip
1,0.9999652,block_ip
0,4.6807185e-05,allow
0,2.7900332e-05,allow
0,1.6606844e-05,allow
1,0.99993217,block_ip
0,1.144437e-05,allow
1,0.99992275,block_ip
1,0.99961096,block_ip
1,0.99971014,block_ip
1,0.9996685,block_ip
1,0.9999646,block_ip
0,2.921423e-05,allow
1,0.9999571,block_ip
1,0.9998355,block_ip
1,0.99995613,block_ip
0,2.0264637e-05,allow
0,3.9483606e-05,allow
1,0.9999602,block_ip
1,0.99979645,block_ip
0,4.0730025e-05,allow
0,7.0420414e-05,allow
1,0.99995303,block_ip
1,0.99993765,block_ip
1,0.99975747,block_ip
0,5.2063657e-05,allow
0,2.3186925e-05,allow
1,0.999925,block_ip
1,0.99975187,block_ip
1,0.9997923,block_ip
0,0.00018649764,allow
0,6.973997e-05,allow
1,0.9998901,block_ip
0,0.0002577281,allow
1,0.99993527,block_ip
1,0.9998677,block_ip
1,0.9999677,block_ip
0,2.1915084e-05,allow
1,0.99994814,block_ip
1,0.99996114,block_ip
1,0.9999124,block_ip
1,0.99995065,block_ip
1,0.9999521,block_ip
0,0.000119293094,allow
1,0.99980456,block_ip
0,2.006809e-05,allow
1,0.99983466,block_ip
0,0.000108847285,allow
1,0.9997278,block_ip
1,0.9999652,block_ip
1,0.9999335,block_ip
0,3.0731313e-05,allow
0,9.3858784e-05,allow
1,0.9992119,block_ip
0,3.3457552e-05,allow
1,0.999843,block_ip
0,0.022561677,allow
1,0.9999604,block_ip
0,2.9833966e-05,allow
0,2.4749941e-05,allow
0,0.00017224475,allow
1,0.9999466,block_ip
1,0.9999037,block_ip
1,0.9999492,block_ip
0,1.6571326e-05,allow
0,3.8527392e-05,allow
1,0.99990094,block_ip
1,0.9999187,block_ip
0,2.4932899e-05,allow
1,0.999853,block_ip
1,0.9999267,block_ip
0,3.8362923e-05,allow
0,2.784438e-05,allow
0,5.4624892e-05,allow
0,0.00013921104,allow
1,0.9999019,block_ip
0,2.9245088e-05,allow
0,4.7838323e-05,allow
0,0.00031496602,allow
0,2.167649e-05,allow
1,0.99975675,block_ip
1,0.9995371,block_ip
0,1.298996e-05,allow
1,0.9999274,block_ip
1,0.99983656,block_ip
0,1.215462e-05,allow
0,6.0491522e-05,allow
1,0.99991584,block_ip
0,0.000108717104,allow
1,0.99996006,block_ip
0,0.0020729129,allow
1,0.9999466,block_ip
1,0.9998963,block_ip
1,0.9972357,block_ip
0,0.00013671306,allow
0,2.1531137e-05,allow
0,1.722257e-05,allow
1,0.99938464,block_ip
1,0.9998473,block_ip
1,0.9999027,block_ip
1,0.9999312,block_ip
1,0.9999242,block_ip
1,0.99994874,block_ip
1,0.9999505,block_ip
1,0.999915,block_ip
0,3.5538116e-05,allow
0,1.0828665e-05,allow
0,4.7605863e-05,allow
0,9.343986e-05,allow
1,0.9999653,block_ip
1,0.99993634,block_ip
1,0.99971765,block_ip
1,0.99974734,block_ip
1,0.9999064,block_ip
1,0.9999248,block_ip
0,2.128377e-05,allow
0,1.8026996e-05,allow
0,1.394961e-05,allow
0,1.5182597e-05,allow
1,0.9998228,block_ip
1,0.99996483,block_ip
0,9.374813e-06,allow
0,0.00016903979,allow
1,0.9999647,block_ip
1,0.99996114,block_ip
1,0.99984586,block_ip
1,0.99993694,block_ip
1,0.9999069,block_ip
0,0.0016473297,allow
0,1.1475485e-05,allow
1,0.9998889,block_ip
1,0.99994636,block_ip
1,0.9999651,block_ip
1,0.9999548,block_ip
0,0.00011675033,allow
0,1.7837687e-05,allow
0,4.2200987e-05,allow
1,0.99985373,block_ip
1,0.9998964,block_ip
0,2.1079468e-05,allow
1,0.99987483,block_ip
0,5.164039e-05,allow
1,0.9999292,block_ip
1,0.9999094,block_ip
1,0.999969,block_ip
1,0.9998198,block_ip
0,3.806381e-05,allow
1,0.9995826,block_ip
0,0.00045747877,allow
0,7.3564183e-06,allow
0,5.228063e-05,allow
0,2.4186631e-05,allow
0,0.0003016174,allow
1,0.99905246,block_ip
0,3.0051753e-05,allow
1,0.99962604,block_ip
1,0.999908,block_ip
1,0.9999484,block_ip
0,0.00022818227,allow
0,1.9978075e-05,allow
1,0.9996983,block_ip
1,0.9999521,block_ip
0,2.6883536e-05,allow
0,2.6436282e-05,allow
1,0.99981254,block_ip
1,0.9998323,block_ip
0,0.00026138112,allow
1,0.99995565,block_ip
0,0.00035223606,allow
0,2.4637142e-05,allow
0,5.8628266e-05,allow
0,2.0922753e-05,allow
0,5.5715285e-05,allow
0,0.000100261146,allow
0,1.0444284e-05,allow
0,2.8793618e-05,allow
0,2.9715391e-05,allow
1,0.999967,block_ip
1,0.9999397,block_ip
1,0.99955696,block_ip
1,0.9999409,block_ip
0,3.322316e-05,allow
0,1.8043214e-05,allow
0,0.00013648746,allow
0,2.4864157e-05,allow
0,4.6945403e-05,allow
0,2.4836689e-05,allow
0,8.747838e-06,allow
1,0.9997886,block_ip
1,0.99995506,block_ip
0,1.9369227e-05,allow
1,0.9996302,block_ip
1,0.99978787,block_ip
1,0.9999646,block_ip
1,0.9995408,block_ip
0,1.2962907e-05,allow
1,0.99992466,block_ip
0,0.000105006664,allow
1,0.9999231,block_ip
0,0.00023487612,allow
0,7.4678115e-05,allow
1,0.9997696,block_ip
1,0.99996793,block_ip
1,0.99995005,block_ip
0,2.5867332e-05,allow
1,0.99995816,block_ip
1,0.99987423,block_ip
0,5.4680506e-05,allow
0,2.8019305e-05,allow
0,2.2634697e-05,allow
0,5.3497297e-05,allow
1,0.99988294,block_ip
0,0.18453951,allow
0,0.00021011836,allow
0,0.00032793146,allow
1,0.99996316,block_ip
1,0.99975663,block_ip
0,1.159619e-05,allow
0,4.5733148e-05,allow
1,0.9998405,block_ip
1,0.99928916,block_ip
1,0.9997267,block_ip
0,2.2262397e-05,allow
0,5.6628574e-05,allow
0,1.9657005e-05,allow
0,4.3347347e-05,allow
0,8.782827e-05,allow
1,0.99994564,block_ip
1,0.99991465,block_ip
1,0.99990845,block_ip
0,2.8009981e-05,allow
0,2.032632e-05,allow
0,1.5089177e-05,allow
0,0.00011313184,allow
1,0.9998747,block_ip
1,0.9998411,block_ip
1,0.99980456,block_ip
1,0.9999616,block_ip
0,1.756925e-05,allow
0,1.1212042e-05,allow
0,0.000120051845,allow
1,0.9984201,block_ip
1,0.9999219,block_ip
0,2.8579361e-05,allow
1,0.99994147,block_ip
1,0.9996797,block_ip
0,8.935496e-05,allow
1,0.9999672,block_ip
1,0.99970645,block_ip
1,0.9998379,block_ip
0,1.0576794e-05,allow
0,3.5283967e-05,allow
1,0.9999573,block_ip
0,3.4482982e-05,allow
1,0.99982125,block_ip
1,0.9998758,block_ip
1,0.9999305,block_ip
0,1.0980063e-05,allow
0,4.021719e-05,allow
1,0.99984086,block_ip
1,0.99992275,block_ip
0,0.00012055522,allow
0,0.0007351586,allow
1,0.99994946,block_ip
1,0.9999589,block_ip
0,0.00011313184,allow
0,6.574968e-05,allow
0,1.1120474e-05,allow
0,2.9695051e-05,allow
1,0.99988353,block_ip
1,0.99997187,block_ip
0,4.514006e-05,allow
0,1.52297425e-05,allow
0,1.0980797e-05,allow
1,0.9999492,block_ip
1,0.9999306,block_ip
0,0.00044061488,allow
0,0.0029500858,allow
1,0.9999546,block_ip
0,4.384792e-05,allow
0,1.872355e-05,allow
0,5.515614e-05,allow
0,0.00021011836,allow
1,0.9999434,block_ip
1,0.999959,block_ip
1,0.99995506,block_ip
0,3.2872234e-05,allow
1,0.99995124,block_ip
0,8.3651044e-05,allow
1,0.9997626,block_ip
0,4.4994064e-05,allow
1,0.9999492,block_ip
1,0.9999683,block_ip
1,0.99975306,block_ip
0,4.9581402e-05,allow
1,0.9998747,block_ip
0,2.1354705e-05,allow
0,2.710663e-05,allow
0,0.000111818765,allow
1,0.9998385,block_ip
1,0.9998006,block_ip
1,0.9998728,block_ip
0,1.9369227e-05,allow
1,0.99996686,block_ip
1,0.9999466,block_ip
1,0.99995196,block_ip
0,1.8967825e-05,allow
1,0.99994755,block_ip
1,0.999964,block_ip
1,0.999966,block_ip
0,2.0843907e-05,allow
1,0.99995065,block_ip
0,1.9713907e-05,allow
1,0.9999163,block_ip
0,3.0855914e-05,allow
0,2.2244316e-05,allow
1,0.9998983,block_ip
1,0.999954,block_ip
0,3.6753027e-05,allow
1,0.99993837,block_ip
0,4.3997996e-05,allow
1,0.9957854,block_ip
0,9.528971e-05,allow
0,6.315315e-05,allow
1,0.999967,block_ip
1,0.999946,block_ip
1,0.99994254,block_ip
0,3.7411257e-05,allow
1,0.9999591,block_ip
1,0.9999502,block_ip
0,3.5276535e-05,allow
0,2.222076e-05,allow
0,2.3657023e-05,allow
0,2.254237e-05,allow
0,2.6107975e-05,allow
1,0.99993134,block_ip
0,3.0843203e-05,allow
0,1.5434338e-05,allow
1,0.9990627,block_ip
0,5.0692408e-05,allow
0,4.0702573e-05,allow
1,0.99988663,block_ip
0,4.35397e-05,allow
0,2.2362341e-05,allow
0,1.6103864e-05,allow
0,2.5857986e-05,allow
0,7.169223e-05,allow
1,0.99994874,block_ip
1,0.99990475,block_ip
1,0.9999621,block_ip
0,0.00014579097,allow
0,3.7380803e-05,allow
1,0.99995494,block_ip
0,3.309118e-05,allow
0,1.544868e-05,allow
1,0.99982506,block_ip
0,4.5713048e-05,allow
1,0.9999504,block_ip
0,1.1278941e-05,allow
0,0.00032138047,allow
1,0.9996629,block_ip
0,2.692813e-05,allow
1,0.99980015,block_ip
1,0.99996316,block_ip
0,0.0003316702,allow
1,0.99987435,block_ip
0,2.366894e-05,allow
1,0.9997631,block_ip
0,0.00019029627,allow
0,3.2363263e-05,allow
1,0.9999355,block_ip
0,3.1919255e-05,allow
0,1.9957472e-05,allow
1,0.9998952,block_ip
1,0.9999542,block_ip
0,7.976733e-06,allow
1,0.9999573,block_ip
1,0.9999422,block_ip
1,0.99971145,block_ip
1,0.99959165,block_ip
1,0.9998846,block_ip
0,3.2614065e-05,allow
1,0.99993634,block_ip
1,0.9998965,block_ip
1,0.9999548,block_ip
1,0.9995832,block_ip
0,5.8201003e-05,allow
0,2.2537704e-05,allow
0,2.6069336e-05,allow
1,0.9998586,block_ip
0,1.6594004e-05,allow
1,0.9999509,block_ip
0,8.707175e-05,allow
0,0.0018028377,allow
0,7.811356e-05,allow
1,0.9999201,block_ip
0,3.9551516e-05,allow
1,0.99994683,block_ip
0,1.35518385e-05,allow
1,0.9996075,block_ip
0,9.053203e-06,allow
1,0.9999484,block_ip
0,1.936882e-05,allow
0,2.119006e-05,allow
0,4.4565073e-05,allow
1,0.9999335,block_ip
1,0.9999652,block_ip
1,0.99995005,block_ip
0,4.0076266e-05,allow
1,0.99974877,block_ip
1,0.9999279,block_ip
1,0.99994564,block_ip
0,4.6324527e-05,allow
1,0.999553,block_ip
1,0.99992156,block_ip
0,1.03154125e-05,allow
0,0.0002264633,allow
1,0.99990165,block_ip
1,0.9996991,block_ip
1,0.99976164,block_ip
1,0.99993634,block_ip
1,0.99991214,block_ip
0,1.7576323e-05,allow
1,0.99954873,block_ip
0,1.0786716e-05,allow
1,0.99995756,block_ip
1,0.9999571,block_ip
1,0.999949,block_ip
1,0.9999647,block_ip
1,0.9998783,block_ip
1,0.99996316,block_ip
1,0.99994373,block_ip
0,1.8990197e-05,allow
1,0.999198,block_ip
0,0.00022414094,allow
1,0.9999479,block_ip
1,0.9998416,block_ip
0,1.9818772e-05,allow
1,0.99995005,block_ip
0,9.2557375e-06,allow
1,0.9992261,block_ip
1,0.9998374,block_ip
0,9.939548e-06,allow
1,0.9999465,block_ip
1,0.9999368,block_ip
0,9.715145e-06,allow
0,0.00090711314,allow
1,0.99987006,block_ip
0,0.0020479916,allow
1,0.99988043,block_ip
0,8.1845305e-05,allow
0,8.2987935e-05,allow
0,9.845208e-06,allow
0,2.7394124e-05,allow
0,1.8893068e-05,allow
1,0.99991834,block_ip
1,0.9999212,block_ip
1,0.99996805,block_ip
0,3.256046e-05,allow
0,0.00011675033,allow
0,0.00022729288,allow
1,0.9999652,block_ip
0,4.913275e-05,allow
1,0.999946,block_ip
1,0.99971753,block_ip
0,0.00018397885,allow
1,0.9999409,block_ip
1,0.9997359,block_ip
0,2.782511e-05,allow
0,5.4441793e-05,allow
1,0.9997923,block_ip
1,0.9998702,block_ip
0,0.00018992375,allow
0,2.5840161e-05,allow
0,1.585597e-05,allow
0,5.7106936e-05,allow
1,0.9991736,block_ip
1,0.9999639,block_ip
0,0.00014196108,allow
1,0.9999074,block_ip
0,1.4078108e-05,allow
1,0.99755055,block_ip
0,7.6099964e-06,allow
1,0.99996483,block_ip
0,2.3139939e-05,allow
0,4.270017e-05,allow
1,0.999966,block_ip
1,0.99963534,block_ip
1,0.9999515,block_ip
1,0.99978846,block_ip
0,3.2059066e-05,allow
0,1.2237467e-05,allow
1,0.9998011,block_ip
0,3.4226392e-05,allow
1,0.9984993,block_ip
0,2.96545e-05,allow
0,1.0360379e-05,allow
0,9.295535e-06,allow
0,2.7772514e-05,allow
1,0.9998779,block_ip
1,0.9999527,block_ip
1,0.999944,block_ip
0,2.6384023e-05,allow
1,0.9998342,block_ip
0,1.16562505e-05,allow
0,3.515694e-05,allow
0,2.254237e-05,allow
1,0.9999492,block_ip
0,5.99166e-05,allow
0,1.1274231e-05,allow
1,0.99990773,block_ip
0,2.2647697e-05,allow
0,8.462797e-05,allow
1,0.99993074,block_ip
1,0.99994326,block_ip
1,0.99982244,block_ip
1,0.9999577,block_ip
0,1.7211898e-05,allow
1,0.999951,block_ip
1,0.9998267,block_ip
0,6.857834e-05,allow
0,1.06434245e-05,allow
0,2.5422243e-05,allow
0,1.2470712e-05,allow
1,0.99866855,block_ip
0,3.205656e-05,allow
1,0.99978024,block_ip
0,2.1244894e-05,allow
0,4.6771394e-05,allow
1,0.99979633,block_ip
0,0.00016703444,allow
1,0.9973016,block_ip
1,0.9998318,block_ip
1,0.9999356,block_ip
0,9.643437e-05,allow
0,1.8220748e-05,allow
0,5.248699e-05,allow
0,1.5178573e-05,allow
1,0.99978393,block_ip
1,0.99994946,block_ip
0,0.004007439,allow
1,0.9997905,block_ip
1,0.9999639,block_ip
0,1.4743285e-05,allow
1,0.99994457,block_ip
0,0.00032285086,allow
1,0.9999449,block_ip
0,6.748115e-05,allow
1,0.9997845,block_ip
0,1.8094444e-05,allow
0,2.6750653e-05,allow
0,2.0819034e-05,allow
0,0.00010236191,allow
1,0.99995685,block_ip
0,1.301528e-05,allow
0,1.8766093e-05,allow
0,6.481464e-05,allow
1,0.9985971,block_ip
0,3.5052857e-05,allow
1,0.9999449,block_ip
1,0.99996567,block_ip
1,0.9997008,block_ip
1,0.9988949,block_ip
0,5.0433384e-05,allow
1,0.9990552,block_ip
0,6.799338e-05,allow
1,0.99993336,block_ip
0,0.003922339,allow
1,0.9999106,block_ip
1,0.9999354,block_ip
0,2.596892e-05,allow
1,0.9999585,block_ip
1,0.99973625,block_ip
1,0.9999589,block_ip
0,5.3537922e-05,allow
0,3.7319965e-05,allow
0,1.1993624e-05,allow
0,0.0006961006,allow
0,0.00013508472,allow
0,2.962434e-05,allow
1,0.9998969,block_ip
1,0.99995863,block_ip
0,9.572988e-05,allow
1,0.9999392,block_ip
0,9.953293e-06,allow
0,0.0008524704,allow
1,0.9995303,block_ip
1,0.9994809,block_ip
0,2.6440719e-05,allow
1,0.9999726,block_ip
0,0.0015001505,allow
0,0.0027803855,allow
1,0.9998442,block_ip
0,6.637879e-05,allow
0,3.393001e-05,allow
1,0.99993503,block_ip
0,6.0331193e-05,allow
1,0.999863,block_ip
0,1.467637e-05,allow
1,0.99992454,block_ip
1,0.99993014,block_ip
1,0.999509,block_ip
0,2.353441e-05,allow
1,0.9997155,block_ip
0,9.2998336e-05,allow
0,1.1479458e-05,allow
1,0.99995327,block_ip
1,0.99989676,block_ip
0,1.722257e-05,allow
0,1.5994052e-05,allow
1,0.9999447,block_ip
0,1.0801509e-05,allow
0,1.2947637e-05,allow
0,9.6544136e-05,allow
0,0.00020806136,allow
1,0.9999609,block_ip
0,9.3778435e-06,allow
1,0.99995565,block_ip
0,1.134189e-05,allow
0,1.802825e-05,allow
0,7.024978e-05,allow
1,0.9999379,block_ip
1,0.9999423,block_ip
0,7.446803e-06,allow
1,0.9996147,block_ip
0,1.5811818e-05,allow
0,1.0614656e-05,allow
1,0.9999256,block_ip
0,5.4373562e-05,allow
1,0.9999182,block_ip
0,1.5586484e-05,allow
0,1.0731085e-05,allow
0,0.00014839026,allow
1,0.99953973,block_ip
1,0.9999474,block_ip
1,0.99991214,block_ip
0,1.1941273e-05,allow
0,2.9428558e-05,allow
0,0.00013736957,allow
0,4.665228e-05,allow
0,2.582149e-05,allow
1,0.9999635,block_ip
0,4.0004208e-05,allow
0,5.6623827e-05,allow
0,2.3753824e-05,allow
0,8.297162e-06,allow
1,0.9999486,block_ip
0,0.00019691353,allow
0,5.6902267e-05,allow
1,0.99991834,block_ip
0,7.618441e-06,allow
0,3.6255296e-05,allow
0,1.6778113e-05,allow
1,0.9998828,block_ip
1,0.9991636,block_ip
0,2.2262737e-05,allow
0,2.4787354e-05,allow
0,3.3816465e-05,allow
0,0.00010341504,allow
1,0.99994457,block_ip
0,8.579015e-05,allow
1,0.9999267,block_ip
1,0.9998425,block_ip
0,1.9369227e-05,allow
0,0.0001258135,allow
1,0.99994147,block_ip
0,3.4200908e-05,allow
1,0.99988174,block_ip
1,0.99995494,block_ip
0,1.9991017e-05,allow
0,0.0017530166,allow
1,0.99993694,block_ip
0,1.2624608e-05,allow
1,0.9999461,block_ip
1,0.99984336,block_ip
0,7.179061e-05,allow
1,0.9999279,block_ip
1,0.999966,block_ip
1,0.99993014,block_ip
1,0.9998754,block_ip
0,4.7309746e-05,allow
1,0.9999453,block_ip
0,1.3044793e-05,allow
0,2.674142e-05,allow
1,0.9984073,block_ip
1,0.999894,block_ip
0,2.4264464e-05,allow
1,0.9999635,block_ip
1,0.99989235,block_ip
1,0.9999106,block_ip
0,1.1215507e-05,allow
1,0.9997502,block_ip
1,0.9999635,block_ip
0,1.7101016e-05,allow
1,0.99995565,block_ip
0,1.5292804e-05,allow
0,2.0880732e-05,allow
0,2.9524357e-05,allow
1,0.9999472,block_ip
1,0.99994075,block_ip
0,3.8323175e-05,allow
0,0.00011700835,allow
1,0.9999658,block_ip
0,1.134823e-05,allow
0,2.7868049e-05,allow
1,0.999967,block_ip
1,0.9999442,block_ip
1,0.9999312,block_ip
1,0.99982953,block_ip
1,0.9998412,block_ip
0,5.8793485e-05,allow
1,0.9999342,block_ip
1,0.99996173,block_ip
1,0.9999609,block_ip
0,0.00013426873,allow
0,2.5608264e-05,allow
0,5.9677102e-05,allow
0,2.7294642e-05,allow
0,5.201448e-05,allow
0,0.00016690658,allow
1,0.9997296,block_ip
1,0.9999367,block_ip
0,4.124338e-05,allow
0,0.00025693147,allow
1,0.9998909,block_ip
1,0.99951744,block_ip
1,0.9999654,block_ip
1,0.99995065,block_ip
1,0.9999677,block_ip
1,0.99996614,block_ip
1,0.9997873,block_ip
1,0.9999075,block_ip
0,4.3181404e-05,allow
1,0.9998018,block_ip
1,0.99994445,block_ip
0,2.1204352e-05,allow
1,0.9999521,block_ip
1,0.9999199,block_ip
1,0.99959785,block_ip
1,0.9999516,block_ip
0,1.3076803e-05,allow
0,3.1336607e-05,allow
0,8.591545e-06,allow
0,6.1377716e-05,allow
0,0.0001221725,allow
1,0.9998778,block_ip
0,2.6304984e-05,allow
0,0.0003352523,allow
0,1.3604605e-05,allow
0,0.00020731303,allow
1,0.999902,block_ip
0,3.0355859e-05,allow
1,0.99959475,block_ip
0,9.30775e-06,allow
0,2.3208739e-05,allow
0,4.8357077e-05,allow
0,0.00011844457,allow
0,1.7390634e-05,allow
1,0.9999424,block_ip
1,0.9999652,block_ip
1,0.99995303,block_ip
1,0.9998074,block_ip
0,2.682489e-05,allow
0,4.1890962e-05,allow
0,2.7068296e-05,allow
1,0.9999654,block_ip
0,2.5599204e-05,allow
1,0.9997118,block_ip
0,3.822718e-05,allow
1,0.9999298,block_ip
0,3.289008e-05,allow
1,0.999938,block_ip
0,0.0001710588,allow
1,0.99986064,block_ip
1,0.99857247,block_ip
1,0.9999603,block_ip
0,1.3347504e-05,allow
0,2.5106958e-05,allow
0,3.135239e-05,allow
1,0.99991274,block_ip
0,1.13493015e-05,allow
0,1.12241e-05,allow
0,9.737973e-06,allow
0,1.8300068e-05,allow
1,0.99996126,block_ip
0,0.00016161468,allow
0,1.6014365e-05,allow
0,4.5010114e-05,allow
0,1.4713254e-05,allow
0,0.000506044,allow
1,0.9999304,block_ip
0,2.2837903e-05,allow
0,1.6103864e-05,allow
1,0.99993813,block_ip
1,0.9999634,block_ip
1,0.99995756,block_ip
1,0.9999293,block_ip
0,3.323983e-05,allow
1,0.99997175,block_ip
0,3.6648347e-05,allow
1,0.9998939,block_ip
1,0.9990779,block_ip
1,0.9999558,block_ip
0,0.00034782776,allow
0,3.514933e-05,allow
1,0.99994504,block_ip
1,0.999951,block_ip
0,3.0752068e-05,allow
0,0.0002536328,allow
0,3.0170231e-05,allow
0,2.0451345e-05,allow
0,0.0010619209,allow
0,2.3944554e-05,allow
0,6.9234165e-06,allow
0,4.0858795e-05,allow
1,0.9999162,block_ip
1,0.99969804,block_ip
0,4.189356e-05,allow
0,4.5511522e-05,allow
0,3.1919255e-05,allow
1,0.9999474,block_ip
0,4.981158e-05,allow
0,1.722817e-05,allow
0,5.588508e-05,allow
1,0.999861,block_ip
0,2.8582632e-05,allow
0,0.00015051731,allow
1,0.99963796,block_ip
0,2.9396273e-05,allow
0,1.4522911e-05,allow
0,9.099772e-06,allow
1,0.99986064,block_ip
1,0.9999528,block_ip
0,2.7338094e-05,allow
1,0.999938,block_ip
0,5.3003052e-05,allow
1,0.9996908,block_ip
1,0.9999616,block_ip
0,1.7266595e-05,allow
1,0.9998964,block_ip
1,0.9999629,block_ip
1,0.99990463,block_ip
1,0.999913,block_ip
0,8.327793e-06,allow
1,0.9999571,block_ip
0,9.16601e-05,allow
0,2.2432141e-05,allow
1,0.99993825,block_ip
0,2.2013113e-05,allow
1,0.9999392,block_ip
0,0.00014674145,allow
0,1.7121054e-05,allow
0,7.822629e-06,allow
1,0.9997305,block_ip
0,3.291383e-05,allow
0,2.4542589e-05,allow
1,0.998938,block_ip
0,1.8062497e-05,allow
1,0.9999292,block_ip
1,0.9999474,block_ip
0,3.9146555e-05,allow
0,3.9102004e-05,allow
1,0.9999609,block_ip
0,8.970313e-06,allow
1,0.9999299,block_ip
0,5.1800638e-05,allow
0,9.46925e-06,allow
0,5.9821374e-05,allow
1,0.9999492,block_ip
1,0.999967,block_ip
1,0.99993134,block_ip
1,0.9999454,block_ip
0,4.638633e-05,allow
1,0.9998908,block_ip
0,0.00015414937,allow
1,0.9998871,block_ip
0,1.3472191e-05,allow
0,3.409488e-05,allow
1,0.9997334,block_ip
1,0.99995565,block_ip
0,2.0889396e-05,allow
1,0.9999666,block_ip
0,1.3217767e-05,allow
0,0.00016855854,allow
1,0.9997986,block_ip
1,0.9999212,block_ip
1,0.9998983,block_ip
1,0.99993265,block_ip
1,0.99967074,block_ip
1,0.99996114,block_ip
1,0.9998399,block_ip
0,1.2158306e-05,allow
0,8.722e-05,allow
1,0.9999317,block_ip
1,0.999925,block_ip
0,0.0008391276,allow
0,2.9358787e-05,allow
0,2.7859254e-05,allow
0,2.5227633e-05,allow
0,3.8679875e-05,allow
0,8.3242994e-05,allow
1,0.9995116,block_ip
1,0.9999486,block_ip
1,0.99994874,block_ip
1,0.9988703,block_ip
1,0.9998319,block_ip
0,2.7001084e-05,allow
0,9.282468e-06,allow
0,3.252257e-05,allow
0,2.008875e-05,allow
0,2.2252167e-05,allow
1,0.9999291,block_ip
0,5.5775676e-05,allow
0,0.00055998925,allow
1,0.9998667,block_ip
1,0.99759835,block_ip
1,0.9999646,block_ip
1,0.99995816,block_ip
1,0.9999701,block_ip
0,6.937435e-05,allow
1,0.99986947,block_ip
1,0.9998468,block_ip
0,3.4419343e-05,allow
0,1.6722921e-05,allow
0,1.3088332e-05,allow
1,0.9999635,block_ip
0,3.0441697e-05,allow
1,0.99986625,block_ip
0,1.991988e-05,allow
0,1.3044656e-05,allow
0,1.1354021e-05,allow
0,0.00022389126,allow
0,1.8373268e-05,allow
1,0.9999554,block_ip
0,3.2856973e-05,allow
0,1.7435454e-05,allow
1,0.9999416,block_ip
1,0.9999218,block_ip
0,1.8933993e-05,allow
1,0.99991345,block_ip
1,0.99996555,block_ip
0,3.6411493e-05,allow
1,0.999811,block_ip
0,0.000101063415,allow
1,0.99996316,block_ip
1,0.9997851,block_ip
0,0.0008014308,allow
1,0.9998078,block_ip
1,0.99992514,block_ip
1,0.9999331,block_ip
1,0.9999589,block_ip
1,0.9998061,block_ip
1,0.999967,block_ip
1,0.99996126,block_ip
1,0.999699,block_ip
0,8.768726e-05,allow
0,0.0002835993,allow
0,3.2857068e-05,allow
0,8.557958e-05,allow
0,1.1234819e-05,allow
1,0.99991095,block_ip
1,0.9999132,block_ip
0,2.080405e-05,allow
1,0.9999471,block_ip
0,1.9817184e-05,allow
0,4.1202024e-05,allow
1,0.9999212,block_ip
0,1.8197668e-05,allow
0,6.844558e-05,allow
0,2.4290672e-05,allow
0,2.1492118e-05,allow
0,1.9265528e-05,allow
0,0.00015905744,allow
0,1.2764641e-05,allow
1,0.9999341,block_ip
0,3.6933692e-05,allow
0,2.5032366e-05,allow
1,0.99993145,block_ip
1,0.9999447,block_ip
1,0.99986637,block_ip
1,0.9998534,block_ip
1,0.9998592,block_ip
0,2.1042533e-05,allow
1,0.9999378,block_ip
0,1.0823214e-05,allow
1,0.9997062,block_ip
0,0.0006178469,allow
0,0.00011755959,allow
0,1.5419464e-05,allow
1,0.99943405,block_ip
0,5.177234e-05,allow
1,0.9999571,block_ip
1,0.99990237,block_ip
1,0.9999418,block_ip
0,0.00022975389,allow
0,1.6957132e-05,allow
0,1.4376676e-05,allow
1,0.9999534,block_ip
0,0.00040188347,allow
0,4.7315658e-05,allow
1,0.99987423,block_ip
0,1.9471996e-05,allow
1,0.9998716,block_ip
0,1.9898727e-05,allow
0,3.1919255e-05,allow
1,0.9999639,block_ip
1,0.9999454,block_ip
0,1.085468e-05,allow
1,0.99994385,block_ip
1,0.996236,block_ip
1,0.99995196,block_ip
0,1.8883971e-05,allow
1,0.999752,block_ip
1,0.9999515,block_ip
0,0.00011313184,allow
0,4.9173435e-05,allow
1,0.9999424,block_ip
1,0.9999516,block_ip
0,3.772326e-05,allow
0,7.250205e-06,allow
1,0.99995327,block_ip
0,4.6160705e-05,allow
1,0.99992883,block_ip
0,0.00040775715,allow
0,3.5011566e-05,allow
0,3.2254808e-05,allow
0,4.4488854e-05,allow
1,0.99949324,block_ip
1,0.99984777,block_ip
0,5.2769145e-05,allow
0,0.00024366248,allow
0,5.8793485e-05,allow
1,0.9996965,block_ip
0,1.4662883e-05,allow
0,1.4539097e-05,allow
0,0.00010335757,allow
0,1.5426613e-05,allow
0,1.939958e-05,allow
1,0.9999635,block_ip
0,2.8738039e-05,allow
1,0.99995244,block_ip
1,0.9999112,block_ip
0,7.741192e-05,allow
1,0.9997718,block_ip
0,7.265938e-05,allow
0,0.0009342631,allow
1,0.9998171,block_ip
0,1.4708469e-05,allow
0,4.445573e-05,allow
1,0.999918,block_ip
1,0.9998252,block_ip
0,2.1458492e-05,allow
0,3.7536265e-05,allow
1,0.99994814,block_ip
1,0.9992719,block_ip
0,2.6366517e-05,allow
1,0.99995005,block_ip
1,0.9998841,block_ip
1,0.99929464,block_ip
0,2.9190474e-05,allow
1,0.99994326,block_ip
1,0.99993074,block_ip
1,0.9998128,block_ip
0,6.3135325e-05,allow
0,0.0010883248,allow
1,0.99995184,block_ip
0,1.0884523e-05,allow
1,0.9998888,block_ip
1,0.999969,block_ip
0,0.00030029926,allow
0,1.4563047e-05,allow
1,0.99995756,block_ip
0,4.374534e-05,allow
0,5.1237905e-05,allow
0,6.208595e-05,allow
1,0.99994516,block_ip
1,0.9999573,block_ip
0,0.00019352532,allow
0,4.6567293e-05,allow
0,0.0013463047,allow
0,9.0488276e-05,allow
1,0.9999043,block_ip
0,6.5916356e-05,allow
0,0.00064857875,allow
0,8.453282e-06,allow
1,0.99995923,block_ip
1,0.99990916,block_ip
1,0.9999021,block_ip
1,0.9995171,block_ip
1,0.9999521,block_ip
1,0.9999453,block_ip
0,9.694248e-06,allow
1,0.9997507,block_ip
0,2.2388096e-05,allow
0,1.2431979e-05,allow
1,0.9981633,block_ip
0,3.355075e-05,allow
0,9.916824e-05,allow
0,1.1369321e-05,allow
1,0.99988306,block_ip
1,0.9999386,block_ip
0,1.9654568e-05,allow
0,0.00012485405,allow
1,0.99996936,block_ip
0,5.3965727e-05,allow
1,0.99994504,block_ip
0,9.971573e-06,allow
1,0.9998708,block_ip
0,7.623911e-05,allow
1,0.9999156,block_ip
0,1.4585814e-05,allow
0,1.9558742e-05,allow
0,1.7306538e-05,allow
1,0.9999269,block_ip
0,4.3097276e-05,allow
1,0.9981768,block_ip
1,0.9999484,block_ip
0,0.0005366875,allow
1,0.99995387,block_ip
1,0.9994708,block_ip
0,0.24037726,allow
0,1.4389845e-05,allow
1,0.99991167,block_ip
1,0.9999621,block_ip
1,0.9998882,block_ip
0,1.722257e-05,allow
1,0.9999641,block_ip
0,2.4083034e-05,allow
0,0.00013928555,allow
1,0.9999484,block_ip
1,0.9999037,block_ip
0,3.626588e-05,allow
1,0.9999652,block_ip
1,0.99995184,block_ip
1,0.99940753,block_ip
0,1.237212e-05,allow
1,0.99980384,block_ip
1,0.9999486,block_ip
0,3.503655e-05,allow
0,0.00023982585,allow
1,0.99960786,block_ip
0,1.939958e-05,allow
1,0.9998702,block_ip
1,0.9998957,block_ip
1,0.99140126,block_ip
1,0.99990964,block_ip
0,7.307776e-05,allow
0,7.585787e-05,allow
1,0.99991786,block_ip
1,0.9999521,block_ip
0,5.9007038e-05,allow
0,1.689974e-05,allow
0,1.9795121e-05,allow
0,0.00012461914,allow
0,0.00011885074,allow
1,0.99996555,block_ip
1,0.99982244,block_ip
1,0.9997991,block_ip
0,3.2010583e-05,allow
1,0.99981993,block_ip
1,0.99987185,block_ip
0,8.230566e-05,allow
0,5.1285373e-05,allow
0,1.6334016e-05,allow
1,0.9998864,block_ip
0,0.00016027279,allow
1,0.999967,block_ip
0,2.201706e-05,allow
0,4.79201e-05,allow
0,3.2210482e-05,allow
0,5.70518e-05,allow
0,1.0739286e-05,allow
1,0.99985397,block_ip
0,3.862919e-05,allow
0,4.6680096e-05,allow
1,0.99992275,block_ip
1,0.9999037,block_ip
1,0.9999434,block_ip
1,0.99995375,block_ip
0,9.743816e-06,allow
0,0.00043461248,allow
1,0.99995506,block_ip
0,8.948379e-06,allow
0,3.974169e-05,allow
1,0.999508,block_ip
1,0.999967,block_ip
0,1.0546034e-05,allow
0,3.623981e-05,allow
0,2.6370615e-05,allow
0,1.5593903e-05,allow
0,0.00011645435,allow
0,2.1099138e-05,allow
1,0.99973017,block_ip
1,0.99995315,block_ip
1,0.999966,block_ip
0,0.0001513962,allow
1,0.9998036,block_ip
0,5.6422396e-05,allow
0,0.0032335988,allow
0,1.0000704e-05,allow
0,1.8258475e-05,allow
1,0.99992096,block_ip
0,5.4590368e-05,allow
1,0.99980134,block_ip
0,2.27102e-05,allow
1,0.9999032,block_ip
0,5.940751e-05,allow
1,0.99990463,block_ip
1,0.99994135,block_ip
1,0.999949,block_ip
1,0.9998566,block_ip
0,1.5879608e-05,allow
0,6.831008e-05,allow
1,0.9999585,block_ip
1,0.9998703,block_ip
1,0.99991417,block_ip
0,1.550085e-05,allow
0,1.1362719e-05,allow
1,0.9999342,block_ip
1,0.9998136,block_ip
0,1.48048675e-05,allow
0,1.3146e-05,allow
1,0.9999635,block_ip
1,0.99994564,block_ip
0,1.1635182e-05,allow
1,0.9996037,block_ip
1,0.9997838,block_ip
0,0.00026702773,allow
1,0.9999701,block_ip
0,0.00022937545,allow
0,1.5144956e-05,allow
1,0.99985075,block_ip
1,0.9999336,block_ip
0,0.0002572658,allow
0,1.203579e-05,allow
0,0.0005369472,allow
1,0.9999589,block_ip
0,2.3765018e-05,allow
1,0.999542,block_ip
0,0.00010545993,allow
0,2.9114188e-05,allow
0,1.4302324e-05,allow
0,2.7089523e-05,allow
0,3.9639155e-05,allow
1,0.99985254,block_ip
0,1.8598726e-05,allow
0,1.891517e-05,allow
0,5.498787e-05,allow
1,0.99995387,block_ip
0,5.699731e-05,allow
1,0.9999672,block_ip
0,4.4022043e-05,allow
0,0.00016069943,allow
0,3.9909104e-05,allow
1,0.99992514,block_ip
1,0.9998795,block_ip
1,0.9999378,block_ip
0,0.0005299203,allow
0,9.742809e-05,allow
0,0.0012202372,allow
0,2.5623383e-05,allow
0,0.00030828928,allow
0,5.1464787e-05,allow
1,0.99992156,block_ip
1,0.99997115,block_ip
0,0.00017553188,allow
1,0.99995136,block_ip
0,0.00017269058,allow
0,2.1471285e-05,allow
0,2.5771282e-05,allow
0,2.4883893e-05,allow
0,0.0002062753,allow
1,0.9999391,block_ip
0,6.927803e-05,allow
0,3.4063094e-05,allow
1,0.99991035,block_ip
0,0.00047104168,allow
0,4.323361e-05,allow
0,2.1585209e-05,allow
1,0.999866,block_ip
0,0.00015450003,allow
0,2.1812126e-05,allow
0,2.3579496e-05,allow
0,5.3606178e-05,allow
0,4.1552656e-05,allow
1,0.99996173,block_ip
0,9.682395e-05,allow
0,1.6149696e-05,allow
0,1.9988805e-05,allow
1,0.9998299,block_ip
0,2.1046486e-05,allow
1,0.9999012,block_ip
1,0.9997594,block_ip
0,4.7945836e-05,allow
1,0.9999615,block_ip
1,0.99972516,block_ip
0,3.064483e-05,allow
0,1.2484194e-05,allow
1,0.9999641,block_ip
1,0.99861693,block_ip
1,0.9999306,block_ip
0,9.429657e-05,allow
1,0.99995005,block_ip
1,0.9999523,block_ip
0,2.230407e-05,allow
0,6.783555e-05,allow
1,0.9999192,block_ip
0,0.00015557343,allow
1,0.9998592,block_ip
1,0.999966,block_ip
0,7.7727775e-05,allow
0,4.0378058e-05,allow
1,0.99993336,block_ip
0,9.116192e-05,allow
1,0.9993783,block_ip
1,0.99996614,block_ip
0,2.1046486e-05,allow
1,0.99837816,block_ip
0,0.00011313184,allow
1,0.9997286,block_ip
0,8.8544664e-05,allow
1,0.99995327,block_ip
1,0.9999331,block_ip
1,0.99990475,block_ip
0,0.00032389903,allow
0,3.088756e-05,allow
1,0.99996054,block_ip
1,0.9999511,block_ip
1,0.9999031,block_ip
0,5.711418e-05,allow
1,0.9999491,block_ip
1,0.999959,block_ip
1,0.99995255,block_ip
0,8.815997e-05,allow
0,0.00016242635,allow
0,3.2472115e-05,allow
0,2.4270365e-05,allow
0,4.3799104e-05,allow
0,2.3391209e-05,allow
0,1.7125629e-05,allow
1,0.9995486,block_ip
0,2.5366662e-05,allow
1,0.9999349,block_ip
1,0.9997129,block_ip
1,0.99994373,block_ip
1,0.98885685,block_ip
1,0.9999163,block_ip
1,0.9997359,block_ip
0,2.2076225e-05,allow
0,4.3903776e-05,allow
1,0.999967,block_ip
0,8.5377105e-06,allow
1,0.99993145,block_ip
0,8.514497e-06,allow
1,0.99993837,block_ip
1,0.99991727,block_ip
0,2.5170822e-05,allow
0,1.0896134e-05,allow
0,1.7059756e-05,allow
1,0.9998696,block_ip
1,0.9998869,block_ip
0,1.2749884e-05,allow
1,0.9999577,block_ip
0,1.2881278e-05,allow
1,0.9998691,block_ip
0,1.1128271e-05,allow
1,0.9995987,block_ip
1,0.9998951,block_ip
0,0.00045242216,allow
0,0.0004310314,allow
1,0.9999647,block_ip
0,0.00011869648,allow
1,0.99995553,block_ip
0,2.9309162e-05,allow
1,0.999944,block_ip
1,0.99948525,block_ip
0,1.6737871e-05,allow
1,0.99993265,block_ip
1,0.9999652,block_ip
1,0.9999521,block_ip
1,0.9999511,block_ip
1,0.9998741,block_ip
1,0.99961615,block_ip
1,0.999782,block_ip
0,0.00035619762,allow
0,1.3527085e-05,allow
1,0.9998826,block_ip
0,0.00016690658,allow
0,2.4467809e-05,allow
0,3.4884255e-05,allow
0,2.9422863e-05,allow
1,0.99994195,block_ip
1,0.9999316,block_ip
0,1.5446869e-05,allow
0,3.780685e-05,allow
1,0.99942183,block_ip
0,3.4419343e-05,allow
1,0.9999186,block_ip
1,0.99996495,block_ip
1,0.9998989,block_ip
0,2.7558099e-05,allow
1,0.9999387,block_ip
0,0.00023269127,allow
0,1.2538818e-05,allow
0,4.0512088e-05,allow
1,0.9996195,block_ip
1,0.9999403,block_ip
0,5.5503213e-05,allow
1,0.99729794,block_ip
0,5.851242e-05,allow
0,3.5472935e-05,allow
0,9.523224e-06,allow
0,1.4877958e-05,allow
0,1.2802921e-05,allow
1,0.9999554,block_ip
0,0.00020018154,allow
0,9.667501e-06,allow
1,0.9999449,block_ip
0,0.00025360959,allow
1,0.99993634,block_ip
0,2.7384409e-05,allow
1,0.99375474,block_ip
1,0.99994814,block_ip
0,0.000119100114,allow
1,0.9999484,block_ip
1,0.99994874,block_ip
1,0.9999447,block_ip
0,0.00014194552,allow
1,0.9999441,block_ip
1,0.99980706,block_ip
1,0.9976609,block_ip
0,3.6774345e-05,allow
1,0.99993753,block_ip
1,0.9999336,block_ip
0,0.0003248088,allow
1,0.99994934,block_ip
0,2.0533678e-05,allow
0,0.00047878874,allow
1,0.9998982,block_ip
0,2.619821e-05,allow
1,0.99993527,block_ip
0,0.0003404128,allow
1,0.9999312,block_ip
0,7.81491e-05,allow
1,0.99984944,block_ip
0,3.4131866e-05,allow
1,0.99993765,block_ip
1,0.99993765,block_ip
1,0.99994254,block_ip
0,0.00018521973,allow
0,0.0004109882,allow
1,0.9999567,block_ip
1,0.99932027,block_ip
0,1.8468923e-05,allow
0,0.00022607454,allow
1,0.9992317,block_ip
1,0.99996567,block_ip
1,0.99924845,block_ip
1,0.9999659,block_ip
1,0.99996805,block_ip
0,1.7963637e-05,allow
0,2.9280583e-05,allow
1,0.9999558,block_ip
1,0.99996364,block_ip
0,4.4091412e-05,allow
1,0.9990042,block_ip
0,1.9603183e-05,allow
1,0.99980444,block_ip
1,0.99996305,block_ip
0,2.0511581e-05,allow
0,1.9988805e-05,allow
0,2.0097985e-05,allow
1,0.9998653,block_ip
1,0.99986994,block_ip
0,1.8762265e-05,allow
0,1.3883689e-05,allow
0,8.6741995e-05,allow
1,0.99987733,block_ip
1,0.99986434,block_ip
1,0.9989899,block_ip
1,0.99994874,block_ip
0,1.9507534e-05,allow
1,0.99994767,block_ip
1,0.9990565,block_ip
0,1.5638969e-05,allow
0,3.7897633e-05,allow
0,2.9975932e-05,allow
0,1.7300747e-05,allow
1,0.99995327,block_ip
0,2.5212337e-05,allow
1,0.99971,block_ip
0,0.0002800302,allow
0,0.0012202559,allow
0,4.1511463e-05,allow
0,2.025772e-05,allow
1,0.9999566,block_ip
1,0.99994624,block_ip
0,2.4066641e-05,allow
0,4.640726e-05,allow
1,0.9999602,block_ip
0,0.0003172171,allow
1,0.9998611,block_ip
1,0.99994826,block_ip
1,0.9999635,block_ip
0,1.9294173e-05,allow
1,0.9999405,block_ip
0,3.641257e-05,allow
1,0.9999496,block_ip
1,0.9998449,block_ip
0,4.80942e-05,allow
1,0.9999441,block_ip
1,0.999572,block_ip
1,0.9996848,block_ip
1,0.9999366,block_ip
0,3.2472548e-05,allow
0,1.0235792e-05,allow
0,2.427893e-05,allow
0,9.6998054e-05,allow
1,0.9998859,block_ip
1,0.9999659,block_ip
0,2.0972853e-05,allow
1,0.99993265,block_ip
1,0.9999051,block_ip
0,5.2591353e-05,allow
0,0.0001731174,allow
1,0.9999486,block_ip
0,1.9519499e-05,allow
1,0.9999521,block_ip
1,0.99975866,block_ip
0,2.4290672e-05,allow
1,0.99991846,block_ip
0,7.77931e-05,allow
0,3.1895917e-05,allow
1,0.9999598,block_ip
1,0.9998054,block_ip
1,0.9999151,block_ip
0,1.5050203e-05,allow
0,0.00014486708,allow
0,1.6297156e-05,allow
0,5.9781225e-05,allow
0,0.00012679023,allow
1,0.9997085,block_ip
0,7.1872623e-06,allow
1,0.99993694,block_ip
0,1.9369227e-05,allow
0,2.2916423e-05,allow
0,0.000985942,allow
0,2.8197672e-05,allow
0,1.5532769e-05,allow
0,0.00020731303,allow
0,0.00021615521,allow
0,4.304113e-05,allow
1,0.99994683,block_ip
1,0.9999405,block_ip
1,0.9999342,block_ip
0,1.1680007e-05,allow
1,0.9999243,block_ip
1,0.99758565,block_ip
1,0.99980193,block_ip
0,2.5820924e-05,allow
0,3.5490055e-05,allow
0,0.0012276242,allow
1,0.9999194,block_ip
0,1.339296e-05,allow
1,0.9995382,block_ip
0,1.4297716e-05,allow
1,0.9998629,block_ip
1,0.99976987,block_ip
1,0.9995473,block_ip
1,0.999946,block_ip
0,0.00023406597,allow
0,1.2351406e-05,allow
1,0.99995005,block_ip
0,1.3805395e-05,allow
1,0.99993694,block_ip
0,5.1678177e-05,allow
1,0.9999691,block_ip
1,0.9999058,block_ip
0,1.0206862e-05,allow
1,0.9999311,block_ip
0,1.278083e-05,allow
1,0.99995947,block_ip
1,0.9999461,block_ip
0,1.0607229e-05,allow
0,3.4419343e-05,allow
1,0.99963295,block_ip
1,0.99945575,block_ip
1,0.99996006,block_ip
0,2.2214826e-05,allow
0,0.0005747004,allow
1,0.9999627,block_ip
1,0.99981636,block_ip
0,2.4916852e-05,allow
1,0.99980396,block_ip
0,2.7659149e-05,allow
1,0.9998043,block_ip
0,4.876929e-05,allow
1,0.99965715,block_ip
1,0.9999579,block_ip
1,0.99980325,block_ip
0,6.76657e-05,allow
0,2.5254449e-05,allow
1,0.99915504,block_ip
0,0.01198124,allow
0,1.3095374e-05,allow
0,0.0048813364,allow
1,0.9999348,block_ip
1,0.9997516,block_ip
1,0.999648,block_ip
1,0.9999653,block_ip
1,0.99961156,block_ip
1,0.9998318,block_ip
0,0.00021244957,allow
0,4.745719e-05,allow
0,9.640637e-06,allow
1,0.99996114,block_ip
0,0.0003816909,allow
1,0.9999175,block_ip
1,0.9999635,block_ip
1,0.99995553,block_ip
0,4.1260373e-05,allow
1,0.999967,block_ip
0,2.2198627e-05,allow
0,7.692874e-06,allow
0,0.00016633353,allow
1,0.9997737,block_ip
0,3.268041e-05,allow
0,3.2432097e-05,allow
1,0.9996618,block_ip
1,0.99981076,block_ip
0,8.2642044e-05,allow
0,0.00018912519,allow
1,0.9999484,block_ip
1,0.99993503,block_ip
1,0.9998734,block_ip
0,1.9598194e-05,allow
1,0.9996573,block_ip
0,4.5496294e-05,allow
0,0.0003330993,allow
1,0.9992545,block_ip
1,0.99992347,block_ip
0,3.3032375e-05,allow
0,1.9369669e-05,allow
0,2.836816e-05,allow
0,2.3161752e-05,allow
1,0.9996655,block_ip
1,0.999954,block_ip
1,0.99993336,block_ip
0,3.218859e-05,allow
1,0.9999683,block_ip
1,0.999967,block_ip
0,0.0003204113,allow
0,2.619881e-05,allow
0,2.201706e-05,allow
0,1.928584e-05,allow
0,2.5353651e-05,allow
0,2.9531171e-05,allow
0,2.8925393e-05,allow
0,8.536237e-05,allow
0,0.0005968861,allow
1,0.999808,block_ip
1,0.99996066,block_ip
0,0.00017304314,allow
1,0.9999523,block_ip
1,0.9997924,block_ip
0,3.9014547e-05,allow
0,2.161143e-05,allow
1,0.99985385,block_ip
0,3.424167e-05,allow
1,0.9991578,block_ip
1,0.99995303,block_ip
0,2.3646355e-05,allow
0,1.0783528e-05,allow
1,0.98885685,block_ip
1,0.9998227,block_ip
0,2.6019761e-05,allow
1,0.9999484,block_ip
0,3.4861572e-05,allow
0,3.872767e-05,allow
1,0.9995753,block_ip
0,2.6160811e-05,allow
1,0.99994814,block_ip
1,0.99985754,block_ip
1,0.9999658,block_ip
0,7.578976e-05,allow
0,3.225779e-05,allow
1,0.99974173,block_ip
0,2.4406447e-05,allow
0,1.8886727e-05,allow
0,6.106187e-05,allow
0,3.7946458e-05,allow
0,1.5087538e-05,allow
1,0.9999558,block_ip
0,4.0004208e-05,allow
1,0.9999422,block_ip
0,4.610338e-05,allow
1,0.99995434,block_ip
0,0.0001290919,allow
0,1.9369227e-05,allow
0,6.921886e-05,allow
0,8.2642044e-05,allow
0,2.6492007e-05,allow
1,0.99988735,block_ip
0,0.00011185343,allow
0,0.00067315233,allow
0,1.1815636e-05,allow
1,0.9999323,block_ip
1,0.99997115,block_ip
1,0.99987507,block_ip
1,0.9964785,block_ip
1,0.9999474,block_ip
0,2.3013685e-05,allow
1,0.9998888,block_ip
0,1.421782e-05,allow
0,8.8187435e-06,allow
0,3.825756e-05,allow
0,1.9830133e-05,allow
0,2.2901131e-05,allow
0,6.0818493e-05,allow
1,0.9984212,block_ip
1,0.9987042,block_ip
1,0.9999584,block_ip
0,2.9974159e-05,allow
0,1.9988805e-05,allow
0,0.00011441496,allow
1,0.999884,block_ip
0,3.134746e-05,allow
0,1.9270563e-05,allow
1,0.99992883,block_ip
1,0.9999616,block_ip
0,2.1369577e-05,allow
0,1.2068432e-05,allow
0,2.4462162e-05,allow
0,1.3904119e-05,allow
1,0.99995995,block_ip
0,1.9180028e-05,allow
0,5.1000894e-05,allow
1,0.9998945,block_ip
1,0.9999566,block_ip
0,2.6243071e-05,allow
1,0.99994564,block_ip
0,0.00017935396,allow
0,3.2327636e-05,allow
0,1.4028011e-05,allow
1,0.999728,block_ip
1,0.999845,block_ip
1,0.99967074,block_ip
0,0.00014477567,allow
1,0.9998796,block_ip
0,0.00011186335,allow
1,0.99950135,block_ip
1,0.999967,block_ip
1,0.99994576,block_ip
1,0.99987733,block_ip
1,0.99995613,block_ip
1,0.99994135,block_ip
1,0.9998592,block_ip
1,0.99975604,block_ip
1,0.99995327,block_ip
1,0.9997433,block_ip
1,0.99982077,block_ip
0,0.00011675033,allow
1,0.99996984,block_ip
1,0.9999237,block_ip
0,2.426592e-05,allow
1,0.99987686,block_ip
0,1.299271e-05,allow
0,0.00011313184,allow
0,1.1542788e-05,allow
1,0.9999677,block_ip
0,1.233261e-05,allow
1,0.9998584,block_ip
1,0.9997942,block_ip
0,2.1977245e-05,allow
1,0.99966574,block_ip
1,0.9999553,block_ip
0,3.4143e-05,allow
1,0.9999548,block_ip
0,3.661275e-05,allow
1,0.99996305,block_ip
0,2.1703172e-05,allow
1,0.99973446,block_ip
0,3.0643314e-05,allow
0,4.440065e-05,allow
0,1.1252361e-05,allow
0,0.017196707,allow
0,1.937013e-05,allow
1,0.99995697,block_ip
0,2.5654634e-05,allow
0,7.02169e-05,allow
1,0.99993277,block_ip
0,2.6761598e-05,allow
0,3.0085073e-05,allow
0,4.147854e-05,allow
1,0.9999573,block_ip
0,0.00012185173,allow
1,0.99996984,block_ip
0,1.0508927e-05,allow
0,2.8009823e-05,allow
0,7.957924e-05,allow
1,0.9999355,block_ip
1,0.99969375,block_ip
0,1.1038239e-05,allow
1,0.9999466,block_ip
1,0.99966574,block_ip
1,0.99994385,block_ip
0,3.098761e-05,allow
0,0.00014757481,allow
1,0.9998952,block_ip
1,0.9998764,block_ip
0,2.578785e-05,allow
0,6.55186e-05,allow
1,0.99993145,block_ip
0,4.788666e-05,allow
1,0.9998684,block_ip
0,1.5999221e-05,allow
1,0.99977344,block_ip
0,2.193543e-05,allow
1,0.9999484,block_ip
0,1.7543016e-05,allow
1,0.9999615,block_ip
0,9.917108e-06,allow
1,0.9993819,block_ip
0,2.682489e-05,allow
1,0.99994564,block_ip
1,0.99963534,block_ip
1,0.99993134,block_ip
0,5.396645e-05,allow
0,6.650481e-05,allow
0,1.3944103e-05,allow
1,0.9997446,block_ip
1,0.999521,block_ip
0,7.8544705e-05,allow
0,0.00017006055,allow
1,0.99995744,block_ip
0,1.3242371e-05,allow
1,0.99953043,block_ip
1,0.99912006,block_ip
0,2.012524e-05,allow
0,2.5193733e-05,allow
0,1.9369227e-05,allow
1,0.9999572,block_ip
1,0.99996173,block_ip
1,0.9999622,block_ip
1,0.99894863,block_ip
0,0.00045135687,allow
0,4.3347347e-05,allow
1,0.99949014,block_ip
0,0.00011519143,allow
0,1.588494e-05,allow
0,1.4589041e-05,allow
1,0.9999392,block_ip
1,0.9999267,block_ip
1,0.9996101,block_ip
0,8.325038e-06,allow
1,0.99992883,block_ip
1,0.999946,block_ip
1,0.9996475,block_ip
1,0.9999411,block_ip
0,1.2178649e-05,allow
0,1.944368e-05,allow
1,0.99995005,block_ip
0,4.440065e-05,allow
0,1.7916707e-05,allow
1,0.99983,block_ip
0,1.2650918e-05,allow
1,0.9999087,block_ip
1,0.99991655,block_ip
1,0.99995005,block_ip
0,7.904581e-06,allow
0,1.2298972e-05,allow
0,2.6801827e-05,allow
0,7.4995996e-06,allow
1,0.99981934,block_ip
0,9.65759e-05,allow
0,3.4320557e-05,allow
0,9.82344e-06,allow
1,0.99991596,block_ip
1,0.9999348,block_ip
0,1.8791436e-05,allow
0,1.3377706e-05,allow
1,0.999681,block_ip
1,0.9998679,block_ip
1,0.99963117,block_ip
1,0.99989843,block_ip
1,0.9999685,block_ip
1,0.9982486,block_ip
1,0.99978787,block_ip
1,0.9994425,block_ip
1,0.9997025,block_ip
0,6.197681e-05,allow
1,0.99976045,block_ip
1,0.99993527,block_ip
0,2.901457e-05,allow
0,0.00039645858,allow
0,3.0310877e-05,allow
0,6.723603e-05,allow
0,5.835478e-05,allow
0,3.8616705e-05,allow
0,1.8674386e-05,allow
0,2.9313522e-05,allow
0,0.000110168745,allow
1,0.99997056,block_ip
0,4.2086205e-05,allow
0,6.505825e-05,allow
1,0.99991846,block_ip
1,0.9999486,block_ip
1,0.9999417,block_ip
1,0.9999604,block_ip
1,0.9996859,block_ip
0,2.338648e-05,allow
0,9.6472446e-05,allow
0,1.1410401e-05,allow
1,0.999966,block_ip
1,0.99979883,block_ip
0,3.800799e-05,allow
0,3.1555912e-05,allow
0,1.2647239e-05,allow
0,1.8781724e-05,allow
1,0.9988751,block_ip
1,0.9999548,block_ip
0,0.00029446906,allow
0,2.425123e-05,allow
0,4.3963857e-05,allow
0,8.99952e-05,allow
1,0.9999536,block_ip
0,2.6301748e-05,allow
0,1.3771627e-05,allow
1,0.9999492,block_ip
0,2.1218168e-05,allow
0,9.9003255e-06,allow
0,2.1998947e-05,allow
0,0.00021011836,allow
1,0.9999542,block_ip
1,0.9998648,block_ip
0,5.1392886e-05,allow
1,0.99989283,block_ip
0,4.0563813e-05,allow
0,1.2215406e-05,allow
0,0.0016126911,allow
1,0.99924845,block_ip
1,0.99947506,block_ip
1,0.99984074,block_ip
1,0.99993134,block_ip
0,2.348092e-05,allow
1,0.9999598,block_ip
0,2.5334146e-05,allow
0,8.987515e-06,allow
0,1.8162595e-05,allow
0,5.6113913e-05,allow
1,0.99929094,block_ip
0,0.00014256666,allow
0,5.634169e-05,allow
1,0.99995124,block_ip
0,1.8073215e-05,allow
0,0.00025693147,allow
1,0.9999106,block_ip
0,2.6771402e-05,allow
0,2.3825698e-05,allow
1,0.9999423,block_ip
0,0.00018933468,allow
0,2.180936e-05,allow
0,2.3540224e-05,allow
1,0.9996805,block_ip
0,3.4364934e-05,allow
1,0.9997584,block_ip
1,0.9999504,block_ip
0,7.347382e-05,allow
1,0.99989223,block_ip
0,3.3057146e-05,allow
1,0.999967,block_ip
1,0.99990714,block_ip
0,2.6225232e-05,allow
0,1.029016e-05,allow
1,0.9998148,block_ip
1,0.99996305,block_ip
0,0.00034508356,allow
0,2.8981802e-05,allow
0,4.649191e-05,allow
0,3.044228e-05,allow
0,0.00026963593,allow
1,0.9999306,block_ip
1,0.99995923,block_ip
1,0.9999471,block_ip
1,0.9999627,block_ip
1,0.99979764,block_ip
0,2.5646048e-05,allow
0,2.8223281e-05,allow
1,0.9992867,block_ip
1,0.99925524,block_ip
1,0.9995753,block_ip
0,0.0017466588,allow
0,1.8151062e-05,allow
0,2.546978e-05,allow
0,2.2535232e-05,allow
1,0.9998727,block_ip
0,2.9212333e-05,allow
1,0.9999546,block_ip
0,4.9908245e-05,allow
0,2.1643727e-05,allow
1,0.9999478,block_ip
0,1.18557045e-05,allow
0,1.5361138e-05,allow
1,0.9999411,block_ip
0,9.849134e-06,allow
1,0.99986327,block_ip
0,1.8538554e-05,allow
0,2.1099077e-05,allow
0,4.1719493e-05,allow
0,1.596307e-05,allow
0,1.7121054e-05,allow
0,0.00041590133,allow
1,0.9999548,block_ip
1,0.9999342,block_ip
1,0.9999634,block_ip
1,0.9996891,block_ip
1,0.9999565,block_ip
1,0.9999112,block_ip
1,0.99982846,block_ip
1,0.99996746,block_ip
0,0.00011076548,allow
1,0.99994576,block_ip
1,0.9999639,block_ip
1,0.99986017,block_ip
0,0.0015899894,allow
0,2.5067673e-05,allow
0,2.7317792e-05,allow
1,0.9999044,block_ip
0,4.6752313e-05,allow
1,0.9995833,block_ip
1,0.9997594,block_ip
1,0.99967706,block_ip
1,0.99993694,block_ip
1,0.9998435,block_ip
0,3.0750543e-05,allow
0,7.728228e-06,allow
0,3.182306e-05,allow
0,5.887248e-05,allow
0,3.641257e-05,allow
1,0.9999039,block_ip
0,2.5106958e-05,allow
0,1.9317169e-05,allow
0,0.000102208585,allow
1,0.9999521,block_ip
0,1.9883173e-05,allow
1,0.999944,block_ip
1,0.99996006,block_ip
0,0.000110384535,allow
0,1.4868624e-05,allow
1,0.9999014,block_ip
1,0.9999647,block_ip
0,8.387238e-05,allow
0,9.327975e-06,allow
1,0.9998938,block_ip
0,1.7390634e-05,allow
1,0.9999589,block_ip
1,0.999969,block_ip
1,0.99594384,block_ip
1,0.9999547,block_ip
1,0.9999187,block_ip
1,0.999918,block_ip
1,0.9998734,block_ip
1,0.99991703,block_ip
1,0.99822,block_ip
0,8.289303e-05,allow
1,0.9999597,block_ip
1,0.99942917,block_ip
0,2.7661548e-05,allow
0,1.6103864e-05,allow
0,5.128596e-05,allow
0,1.5485675e-05,allow
1,0.9998641,block_ip
0,2.7428447e-05,allow
0,6.780082e-05,allow
0,0.00013533431,allow
0,1.5415833e-05,allow
1,0.99994874,block_ip
1,0.9999465,block_ip
0,1.1310199e-05,allow
0,2.859171e-05,allow
1,0.9998124,block_ip
0,0.00016909235,allow
0,3.6220394e-05,allow
1,0.99993074,block_ip
1,0.9998859,block_ip
1,0.999969,block_ip
1,0.99994946,block_ip
0,2.8651457e-05,allow
0,1.9298846e-05,allow
1,0.9998834,block_ip
0,3.631859e-05,allow
1,0.9999374,block_ip
1,0.9995085,block_ip
0,3.6418405e-05,allow
0,2.2124805e-05,allow
0,8.375122e-05,allow
0,0.00064113864,allow
0,2.8385019e-05,allow
1,0.9996829,block_ip
0,0.00020873296,allow
1,0.99993,block_ip
0,1.9059522e-05,allow
0,8.4177655e-06,allow
1,0.9999553,block_ip
1,0.99994767,block_ip
0,8.026379e-06,allow
1,0.9999653,block_ip
1,0.99994886,block_ip
0,4.229228e-05,allow
0,4.272192e-05,allow
1,0.9999634,block_ip
1,0.9985299,block_ip
1,0.99993825,block_ip
1,0.9998497,block_ip
0,9.037755e-05,allow
0,3.0312844e-05,allow
0,0.0002693325,allow
1,0.9997582,block_ip
0,9.7324955e-06,allow
1,0.9998124,block_ip
1,0.99996066,block_ip
1,0.9999584,block_ip
1,0.9999473,block_ip
0,2.1987893e-05,allow
0,8.613082e-05,allow
1,0.9996493,block_ip
0,4.4127162e-05,allow
1,0.9998474,block_ip
1,0.99995315,block_ip
1,0.9994412,block_ip
1,0.996914,block_ip
0,1.4101622e-05,allow
1,0.9998548,block_ip
1,0.9998951,block_ip
0,6.3611056e-05,allow
0,1.2154029e-05,allow
1,0.99995255,block_ip
0,1.769987e-05,allow
1,0.9998764,block_ip
0,1.5044706e-05,allow
1,0.9999267,block_ip
0,0.00012528028,allow
1,0.9998678,block_ip
0,2.2179604e-05,allow
0,2.951622e-05,allow
0,8.0789556e-05,allow
0,0.00012323465,allow
1,0.9999405,block_ip
0,3.590839e-05,allow
0,1.3216481e-05,allow
1,0.99986637,block_ip
1,0.99996364,block_ip
0,6.379348e-05,allow
1,0.9999387,block_ip
1,0.9992974,block_ip
1,0.99995303,block_ip
0,1.9928715e-05,allow
1,0.9998765,block_ip
0,3.97459e-05,allow
1,0.99995327,block_ip
0,7.1105256e-05,allow
0,1.5293199e-05,allow
0,2.3295506e-05,allow
0,2.897271e-05,allow
1,0.9998437,block_ip
1,0.9999126,block_ip
1,0.9997719,block_ip
0,3.2876782e-05,allow
1,0.99995446,block_ip
0,3.2610864e-05,allow
0,4.32027e-05,allow
0,4.5334185e-05,allow
1,0.99995685,block_ip
1,0.9995173,block_ip
0,1.9235384e-05,allow
0,1.0883942e-05,allow
1,0.9998404,block_ip
1,0.9997831,block_ip
0,2.319628e-05,allow
0,1.2141806e-05,allow
0,9.1678185e-06,allow
0,6.1991e-05,allow
0,3.1526706e-05,allow
0,0.00010123076,allow
0,3.7483678e-05,allow
0,4.999304e-05,allow
0,2.795525e-05,allow
1,0.99995136,block_ip
0,7.9803795e-05,allow
0,2.6278432e-05,allow
1,0.9998921,block_ip
0,1.2296204e-05,allow
0,2.9161705e-05,allow
1,0.99980336,block_ip
1,0.9997409,block_ip
0,4.5372115e-05,allow
0,1.2912579e-05,allow
0,0.00014205561,allow
1,0.998933,block_ip
0,2.3589708e-05,allow
0,5.9801012e-05,allow
0,1.4138924e-05,allow
1,0.99996126,block_ip
0,2.1078946e-05,allow
0,1.2475316e-05,allow
1,0.9997392,block_ip
1,0.999778,block_ip
1,0.99997306,block_ip
0,0.00013687141,allow
0,2.0195646e-05,allow
0,4.267143e-05,allow
0,1.9988805e-05,allow
1,0.99927026,block_ip
1,0.99996233,block_ip
1,0.9997876,block_ip
1,0.999678,block_ip
1,0.99988353,block_ip
1,0.9998301,block_ip
0,2.847066e-05,allow
1,0.9999604,block_ip
1,0.99995923,block_ip
0,5.6921373e-05,allow
0,2.6968477e-05,allow
1,0.9992884,block_ip
1,0.9999585,block_ip
0,3.5560453e-05,allow
0,2.7796865e-05,allow
0,4.8652095e-05,allow
1,0.9999603,block_ip
0,9.030309e-06,allow
1,0.99994636,block_ip
0,1.1763467e-05,allow
1,0.9998584,block_ip
0,7.3867515e-05,allow
0,0.00011736974,allow
1,0.9998915,block_ip
1,0.99993193,block_ip
1,0.9999187,block_ip
1,0.99993,block_ip
0,4.625977e-05,allow
0,2.4290672e-05,allow
1,0.9998574,block_ip
1,0.9998989,block_ip
1,0.9999225,block_ip
0,1.1210139e-05,allow
1,0.9998802,block_ip
1,0.99995005,block_ip
0,3.358174e-05,allow
1,0.99994946,block_ip
0,1.7764789e-05,allow
1,0.99994946,block_ip
0,0.00018469895,allow
1,0.9999362,block_ip
0,0.00029282318,allow
1,0.999966,block_ip
0,6.143844e-05,allow
0,0.00015433306,allow
1,0.9999217,block_ip
1,0.9999653,block_ip
1,0.99977535,block_ip
1,0.9999435,block_ip
0,5.2534513e-05,allow
0,0.00018877837,allow
0,2.9574629e-05,allow
1,0.9999223,block_ip
0,9.264013e-05,allow
1,0.9996024,block_ip
0,1.9988805e-05,allow
1,0.9997807,block_ip
0,1.7008295e-05,allow
1,0.99949694,block_ip
0,1.9009658e-05,allow
0,3.8882135e-05,allow
1,0.9999497,block_ip
1,0.9999517,block_ip
1,0.9998134,block_ip
0,5.2371997e-05,allow
0,5.4724842e-05,allow
1,0.9998493,block_ip
0,7.94426e-05,allow
1,0.9997538,block_ip
1,0.99992,block_ip
0,1.238403e-05,allow
1,0.9999279,block_ip
0,1.8956453e-05,allow
1,0.9996008,block_ip
0,0.0008552599,allow
1,0.999923,block_ip
1,0.999808,block_ip
0,1.2301811e-05,allow
1,0.99989307,block_ip
1,0.99844223,block_ip
1,0.99995625,block_ip
0,6.608774e-05,allow
1,0.9999362,block_ip
0,2.8445422e-05,allow
1,0.9999466,block_ip
0,0.0001956178,allow
0,0.00014375414,allow
1,0.99995804,block_ip
0,1.9818675e-05,allow
1,0.99934655,block_ip
1,0.99989486,block_ip
0,2.6962356e-05,allow
0,1.7833978e-05,allow
0,6.0603765e-05,allow
0,0.00029611177,allow
1,0.9999647,block_ip
1,0.9998642,block_ip
1,0.99996734,block_ip
0,8.593708e-06,allow
1,0.99990034,block_ip
0,0.00014733465,allow
1,0.9999639,block_ip
0,1.1556976e-05,allow
1,0.999258,block_ip
1,0.9999299,block_ip
0,5.8333193e-05,allow
1,0.99971646,block_ip
1,0.99971265,block_ip
1,0.99983966,block_ip
0,7.462323e-05,allow
1,0.9994599,block_ip
1,0.9999473,block_ip
1,0.99992657,block_ip
0,0.00017652652,allow
0,1.0056202e-05,allow
1,0.9999267,block_ip
0,0.00020116426,allow
1,0.9998634,block_ip
0,0.0005074334,allow
1,0.999912,block_ip
1,0.9999057,block_ip
0,2.5624828e-05,allow
1,0.9999144,block_ip
1,0.99972254,block_ip
1,0.99951506,block_ip
1,0.99959856,block_ip
1,0.9999652,block_ip
0,1.1823435e-05,allow
0,1.7121054e-05,allow
0,5.9253223e-05,allow
1,0.9998037,block_ip
0,1.6767412e-05,allow
1,0.9999089,block_ip
0,3.252046e-05,allow
0,2.3823335e-05,allow
1,0.9999474,block_ip
1,0.99988866,block_ip
0,4.0302733e-05,allow
1,0.9997874,block_ip
0,0.00019230359,allow
0,2.1458492e-05,allow
0,6.902764e-05,allow
1,0.9999577,block_ip
0,1.1001531e-05,allow
0,6.78883e-05,allow
1,0.99996364,block_ip
0,3.6302834e-05,allow
1,0.9997559,block_ip
0,1.0495546e-05,allow
0,7.284477e-06,allow
1,0.9995957,block_ip
0,2.9871402e-05,allow
0,7.716399e-05,allow
0,2.5673064e-05,allow
0,0.0002526211,allow
1,0.9997788,block_ip
0,2.4323288e-05,allow
0,5.5176075e-05,allow
0,0.00010377393,allow
0,0.00011646169,allow
1,0.99993706,block_ip
1,0.99640685,block_ip
0,1.6707825e-05,allow
0,1.4188306e-05,allow
1,0.9996252,block_ip
0,8.237824e-06,allow
1,0.99994886,block_ip
1,0.999747,block_ip
1,0.9999474,block_ip
1,0.987948,block_ip
1,0.99996364,block_ip
1,0.9999517,block_ip
1,0.9998882,block_ip
1,0.9997497,block_ip
0,1.4260105e-05,allow
1,0.9999658,block_ip
0,0.00031924833,allow
0,3.2712094e-05,allow
1,0.99986243,block_ip
0,3.1655345e-05,allow
1,0.9998869,block_ip
0,1.1026024e-05,allow
0,0.0002565567,allow
1,0.9999589,block_ip
0,3.522755e-05,allow
1,0.99989855,block_ip
0,2.0410118e-05,allow
1,0.9998073,block_ip
0,0.00010610339,allow
0,0.0001101781,allow
1,0.9999443,block_ip
0,2.3382176e-05,allow
1,0.9996834,block_ip
1,0.99996793,block_ip
0,2.2916665e-05,allow
0,0.00019476764,allow
0,0.00010855011,allow
1,0.9999597,block_ip
1,0.9999174,block_ip
1,0.99992776,block_ip
0,0.0001385571,allow
0,5.0127517e-05,allow
1,0.99935836,block_ip
0,0.00013327632,allow
1,0.9998424,block_ip
0,4.1330786e-05,allow
1,0.9999436,block_ip
0,0.00013899736,allow
0,1.877134e-05,allow
0,2.539106e-05,allow
0,9.20881e-06,allow
1,0.9999299,block_ip
1,0.99977416,block_ip
0,8.6975115e-06,allow
0,3.8266353e-05,allow
0,3.5687888e-05,allow
0,1.6356213e-05,allow
1,0.9998374,block_ip
1,0.9997793,block_ip
0,2.7717453e-05,allow
1,0.99989593,block_ip
1,0.9999014,block_ip
1,0.99787676,block_ip
1,0.9997844,block_ip
1,0.99988925,block_ip
0,3.206292e-05,allow
1,0.99996674,block_ip
1,0.99995744,block_ip
0,1.5782984e-05,allow
1,0.9999305,block_ip
1,0.99981266,block_ip
1,0.99984384,block_ip
1,0.99995494,block_ip
1,0.9999559,block_ip
0,3.527465e-05,allow
0,0.00011636267,allow
1,0.999946,block_ip
0,0.00028304342,allow
1,0.99982387,block_ip
0,1.2278673e-05,allow
1,0.999961,block_ip
0,1.4619305e-05,allow
0,8.1276914e-05,allow
1,0.99948597,block_ip
0,4.2347325e-05,allow
0,3.1525204e-05,allow
1,0.99990654,block_ip
0,8.275051e-06,allow
0,2.3193912e-05,allow
1,0.9999472,block_ip
1,0.99994576,block_ip
1,0.99984145,block_ip
0,2.921423e-05,allow
1,0.9999627,block_ip
0,9.315921e-06,allow
0,2.1631264e-05,allow
1,0.99974734,block_ip
0,3.956159e-05,allow
1,0.99968076,block_ip
0,3.502065e-05,allow
0,0.00038343924,allow
0,1.534613e-05,allow
0,1.916158e-05,allow
0,2.1417542e-05,allow
0,0.0016218872,allow
1,0.9999522,block_ip
0,0.0047060177,allow
1,0.9998553,block_ip
0,5.9079783e-05,allow
0,2.435123e-05,allow
1,0.9999635,block_ip
1,0.9999665,block_ip
1,0.99995947,block_ip
0,0.00017987838,allow
1,0.9997594,block_ip
0,1.0258454e-05,allow
0,2.4031871e-05,allow
1,0.99987257,block_ip
0,2.9692872e-05,allow
1,0.99996126,block_ip
1,0.9999485,block_ip
0,1.4264213e-05,allow
0,0.00017224475,allow
1,0.9761041,block_ip
1,0.99993765,block_ip
0,1.4257523e-05,allow
0,6.733446e-05,allow
1,0.99990165,block_ip
1,0.99992967,block_ip
1,0.9999497,block_ip
1,0.99996483,block_ip
0,4.6215762e-05,allow
0,7.69137e-05,allow
1,0.99995756,block_ip
0,1.1472027e-05,allow
1,0.9998728,block_ip
0,2.2244316e-05,allow
1,0.99994195,block_ip
1,0.9999485,block_ip
0,9.437025e-05,allow
1,0.99851197,block_ip
0,2.5360278e-05,allow
0,2.887303e-05,allow
0,1.318701e-05,allow
0,3.2428667e-05,allow
0,1.4650317e-05,allow
0,1.8856366e-05,allow
1,0.99995923,block_ip
0,3.1142667e-05,allow
0,3.2334174e-05,allow
1,0.999728,block_ip
1,0.99982244,block_ip
1,0.9996087,block_ip
1,0.9997904,block_ip
1,0.9999281,block_ip
0,1.10711e-05,allow
0,9.958496e-06,allow
0,0.00012580653,allow
1,0.9999505,block_ip
0,1.6249387e-05,allow
1,0.9999219,block_ip
1,0.99995005,block_ip
1,0.999925,block_ip
1,0.99982315,block_ip
1,0.9999528,block_ip
1,0.9992041,block_ip
0,4.188485e-05,allow
0,0.00040336332,allow
0,3.82507e-05,allow
1,0.9998907,block_ip
1,0.9995591,block_ip
1,0.99987483,block_ip
0,3.8090755e-05,allow
0,0.00038555625,allow
1,0.99996257,block_ip
1,0.9997856,block_ip
0,1.7454951e-05,allow
0,1.9609093e-05,allow
1,0.9993211,block_ip
0,1.4620004e-05,allow
0,2.7879825e-05,allow
1,0.9999571,block_ip
0,1.1699372e-05,allow
1,0.9997557,block_ip
1,0.9998215,block_ip
0,3.5717745e-05,allow
0,2.143681e-05,allow
1,0.999635,block_ip
1,0.9999032,block_ip
1,0.9999386,block_ip
0,8.917595e-05,allow
0,1.9988805e-05,allow
1,0.99994874,block_ip
1,0.99991524,block_ip
1,0.9999045,block_ip
1,0.9997799,block_ip
0,1.9559526e-05,allow
1,0.9998827,block_ip
0,1.8984709e-05,allow
1,0.9999708,block_ip
0,1.267414e-05,allow
0,0.0010219797,allow
1,0.9999279,block_ip
1,0.99988794,block_ip
1,0.999874,block_ip
1,0.99878687,block_ip
1,0.9999503,block_ip
0,7.014722e-05,allow
1,0.9999579,block_ip
1,0.9999589,block_ip
1,0.9998186,block_ip
1,0.9997123,block_ip
1,0.9996885,block_ip
1,0.9999585,block_ip
0,2.8262335e-05,allow
0,5.1195413e-05,allow
0,4.1647585e-05,allow
0,2.9763974e-05,allow
1,0.9999645,block_ip
0,0.0004282462,allow
1,0.9999356,block_ip
1,0.99982685,block_ip
0,0.00047418824,allow
0,2.0559779e-05,allow
1,0.9999658,block_ip
1,0.99984086,block_ip
0,0.00026317357,allow
0,1.9885108e-05,allow
0,0.0003755542,allow
0,0.0013611815,allow
1,0.99995756,block_ip
0,0.00016690658,allow
1,0.99993265,block_ip
0,4.6635112e-05,allow
0,1.8592378e-05,allow
0,4.142624e-05,allow
1,0.9999069,block_ip
0,5.193874e-05,allow
1,0.9998739,block_ip
1,0.99994767,block_ip
1,0.9999435,block_ip
1,0.9999132,block_ip
1,0.9999509,block_ip
0,1.9988805e-05,allow
1,0.9999418,block_ip
0,3.0443876e-05,allow
0,4.3372238e-05,allow
1,0.9999459,block_ip
1,0.9999422,block_ip
0,4.2911048e-05,allow
0,0.00010370251,allow
1,0.9989604,block_ip
0,1.5076291e-05,allow
1,0.99995196,block_ip
0,4.145754e-05,allow
0,5.7581376e-05,allow
0,0.00064382213,allow
1,0.9998369,block_ip
1,0.9997123,block_ip
0,0.00019091526,allow
0,1.3670973e-05,allow
0,0.00010549021,allow
1,0.9998292,block_ip
0,3.173272e-05,allow
0,3.026051e-05,allow
1,0.99996674,block_ip
1,0.99994326,block_ip
0,9.599462e-06,allow
1,0.9999325,block_ip
1,0.99994624,block_ip
1,0.99946743,block_ip
1,0.9997142,block_ip
0,3.9561175e-05,allow
0,1.8772287e-05,allow
1,0.99979013,block_ip
1,0.999884,block_ip
0,8.375122e-05,allow
1,0.999967,block_ip
0,4.6930585e-05,allow
0,2.0718537e-05,allow
0,2.2431523e-05,allow
0,2.463674e-05,allow
0,0.00028773607,allow
1,0.9903077,block_ip
1,0.99993145,block_ip
1,0.99990976,block_ip
0,2.1441596e-05,allow
1,0.9999479,block_ip
1,0.9999571,block_ip
1,0.9995309,block_ip
0,2.5163265e-05,allow
0,1.2893667e-05,allow
0,0.00010129526,allow
0,0.00062805065,allow
1,0.9998228,block_ip
1,0.99993384,block_ip
1,0.9999647,block_ip
0,9.946802e-06,allow
0,7.755304e-05,allow
1,0.9995895,block_ip
1,0.999782,block_ip
0,5.3287622e-05,allow
1,0.99996674,block_ip
0,1.7791815e-05,allow
1,0.99996006,block_ip
0,3.6307716e-05,allow
1,0.9999577,block_ip
0,2.5514488e-05,allow
0,2.9349552e-05,allow
0,3.2191198e-05,allow
1,0.9998658,block_ip
1,0.99995255,block_ip
0,8.247435e-05,allow
0,1.2449205e-05,allow
0,0.00043228088,allow
1,0.99992526,block_ip
0,0.00016670061,allow
1,0.999951,block_ip
1,0.9998429,block_ip
0,1.9527486e-05,allow
1,0.9999486,block_ip
0,9.995622e-06,allow
0,2.7468182e-05,allow
1,0.9997694,block_ip
0,2.5623383e-05,allow
0,5.8045644e-05,allow
0,8.520199e-06,allow
1,0.9987797,block_ip
0,1.82952e-05,allow
0,2.8696004e-05,allow
1,0.99995947,block_ip
1,0.9999591,block_ip
1,0.9998753,block_ip
1,0.99994457,block_ip
1,0.9999144,block_ip
0,8.620335e-06,allow
0,2.8096449e-05,allow
0,0.00027696634,allow
1,0.9999198,block_ip
1,0.999969,block_ip
0,4.8972117e-05,allow
0,2.0426083e-05,allow
1,0.99991095,block_ip
0,4.2375403e-05,allow
1,0.9999237,block_ip
1,0.99990344,block_ip
1,0.999967,block_ip
1,0.9999654,block_ip
0,2.6296831e-05,allow
0,2.2637525e-05,allow
1,0.9998894,block_ip
1,0.9999647,block_ip
1,0.9999652,block_ip
1,0.9999534,block_ip
1,0.9999387,block_ip
1,0.9999329,block_ip
1,0.9998036,block_ip
0,2.2209597e-05,allow
1,0.9998511,block_ip
1,0.9999168,block_ip
1,0.9999318,block_ip
0,2.5970181e-05,allow
1,0.99989176,block_ip
1,0.9997063,block_ip
0,2.677947e-05,allow
0,1.2600901e-05,allow
0,2.5103436e-05,allow
0,3.039914e-05,allow
0,0.000117076204,allow
1,0.9999466,block_ip
1,0.9999591,block_ip
1,0.999959,block_ip
1,0.9999286,block_ip
0,8.209684e-06,allow
1,0.9999726,block_ip
0,4.93592e-05,allow
0,0.0008309393,allow
1,0.99994016,block_ip
0,4.0786384e-05,allow
0,1.930577e-05,allow
0,0.0001145193,allow
0,0.00012225256,allow
1,0.9998661,block_ip
0,2.329084e-05,allow
0,3.4980396e-05,allow
1,0.999795,block_ip
1,0.9999578,block_ip
1,0.9999471,block_ip
0,2.789376e-05,allow
0,1.0933294e-05,allow
1,0.9999399,block_ip
0,0.0003927548,allow
1,0.99863285,block_ip
1,0.9999715,block_ip
0,2.810221e-05,allow
1,0.99972373,block_ip
1,0.999894,block_ip
0,2.0948846e-05,allow
1,0.9999583,block_ip
0,3.4771925e-05,allow
0,1.6453003e-05,allow
0,1.511098e-05,allow
1,0.9999391,block_ip
1,0.99943286,block_ip
0,0.00015822757,allow
1,0.9998654,block_ip
0,9.359091e-06,allow
1,0.9999151,block_ip
0,2.1306596e-05,allow
1,0.999236,block_ip
1,0.9997327,block_ip
0,2.005617e-05,allow
1,0.9999366,block_ip
0,4.3634598e-05,allow
0,0.00013121121,allow
0,1.7722403e-05,allow
0,1.3138556e-05,allow
1,0.9998778,block_ip
0,2.5615005e-05,allow
0,1.5380341e-05,allow
0,1.2017073e-05,allow
0,0.0012492047,allow
0,9.661689e-05,allow
0,3.1089403e-05,allow
1,0.99984276,block_ip
0,1.2233336e-05,allow
0,0.00027113885,allow
0,0.0018781914,allow
0,5.571183e-05,allow
0,1.3016845e-05,allow
0,3.0643314e-05,allow
0,1.6885419e-05,allow
0,0.0044493005,allow
1,0.9999342,block_ip
0,2.491305e-05,allow
0,5.212506e-05,allow
0,1.2887778e-05,allow
0,1.3993792e-05,allow
1,0.99993896,block_ip
0,2.7410038e-05,allow
1,0.9999678,block_ip
1,0.9999659,block_ip
1,0.9999385,block_ip
0,7.900263e-06,allow
0,0.0003453518,allow
0,0.0006259063,allow
0,2.0922753e-05,allow
1,0.9999387,block_ip
1,0.999949,block_ip
1,0.9999523,block_ip
1,0.9996835,block_ip
1,0.9997327,block_ip
1,0.99985254,block_ip
0,2.6256763e-05,allow
0,9.793443e-06,allow
1,0.9999474,block_ip
0,4.808265e-05,allow
1,0.99988306,block_ip
0,3.7706464e-05,allow
1,0.9998679,block_ip
0,3.259482e-05,allow
0,4.6225723e-05,allow
1,0.9997111,block_ip
1,0.99996006,block_ip
1,0.99996686,block_ip
1,0.9999436,block_ip
0,1.7908747e-05,allow
1,0.99995756,block_ip
0,2.4565092e-05,allow
0,1.3042953e-05,allow
1,0.9999075,block_ip
1,0.9999542,block_ip
1,0.9999074,block_ip
0,6.5928674e-05,allow
0,2.7205324e-05,allow
0,1.49828675e-05,allow
0,2.2950584e-05,allow
1,0.999509,block_ip
0,2.5884607e-05,allow
0,1.5891788e-05,allow
0,1.832457e-05,allow
0,9.005666e-05,allow
0,9.0053945e-06,allow
1,0.9999083,block_ip
1,0.999777,block_ip
0,3.756355e-05,allow
1,0.9999579,block_ip
1,0.99991274,block_ip
1,0.99996305,block_ip
1,0.99994314,block_ip
1,0.9998933,block_ip
1,0.99990773,block_ip
0,5.6290668e-05,allow
0,3.2234606e-05,allow
0,3.3844597e-05,allow
1,0.99989545,block_ip
0,8.581694e-06,allow
0,2.5887124e-05,allow
1,0.9999291,block_ip
0,0.00012349497,allow
1,0.9999529,block_ip
1,0.9999497,block_ip
0,2.6588845e-05,allow
0,1.7390634e-05,allow
0,2.5165205e-05,allow
1,0.99995947,block_ip
0,2.1513159e-05,allow
0,1.1871171e-05,allow
1,0.99981517,block_ip
1,0.9998437,block_ip
1,0.9999417,block_ip
1,0.99969923,block_ip
1,0.999728,block_ip
1,0.9997049,block_ip
0,5.0658917e-05,allow
1,0.9987184,block_ip
1,0.9999572,block_ip
1,0.9998839,block_ip
1,0.9999647,block_ip
0,1.6961514e-05,allow
0,1.1348879e-05,allow
0,2.5452273e-05,allow
0,9.2107775e-06,allow
0,2.4732928e-05,allow
1,0.99985814,block_ip
1,0.99992037,block_ip
0,7.395872e-05,allow
0,2.5067673e-05,allow
1,0.99995935,block_ip
0,0.0001750854,allow
0,2.2918128e-05,allow
1,0.9999037,block_ip
1,0.9998925,block_ip
0,3.0398447e-05,allow
1,0.9999422,block_ip
1,0.99861085,block_ip
1,0.99987066,block_ip
0,1.5955371e-05,allow
1,0.9998658,block_ip
0,3.5840854e-05,allow
1,0.9999647,block_ip
1,0.9996823,block_ip
1,0.9998926,block_ip
1,0.99971825,block_ip
0,2.3063845e-05,allow
1,0.99995446,block_ip
0,2.7179418e-05,allow
0,4.9799757e-05,allow
1,0.9999589,block_ip
0,7.67752e-05,allow
0,2.0195646e-05,allow
1,0.99993646,block_ip
0,9.1520174e-05,allow
1,0.9997049,block_ip
1,0.9991709,block_ip
1,0.9999379,block_ip
0,1.8657474e-05,allow
1,0.9999616,block_ip
1,0.9999658,block_ip
1,0.9998481,block_ip
1,0.9997849,block_ip
0,0.00010070776,allow
0,1.6820055e-05,allow
1,0.9998696,block_ip
1,0.9999677,block_ip
1,0.9999379,block_ip
0,5.9262038e-05,allow
0,2.3596818e-05,allow
0,2.4483703e-05,allow
0,0.00047087556,allow
0,6.387085e-05,allow
0,0.00063108257,allow
1,0.99948597,block_ip
1,0.9999286,block_ip
0,2.110097e-05,allow
0,0.00027701625,allow
0,5.171081e-05,allow
0,3.7160582e-05,allow
0,1.0008174e-05,allow
1,0.9999652,block_ip
1,0.99981636,block_ip
0,3.5097713e-05,allow
1,0.99990916,block_ip
0,1.6001053e-05,allow
1,0.99963105,block_ip
1,0.99987006,block_ip
0,0.00076654623,allow
1,0.9999665,block_ip
1,0.999923,block_ip
1,0.9999659,block_ip
1,0.9999715,block_ip
1,0.99996173,block_ip
1,0.99980813,block_ip
0,5.6440418e-05,allow
1,0.99990344,block_ip
0,0.00032868233,allow
1,0.9998919,block_ip
0,3.1607746e-05,allow
0,1.2386003e-05,allow
1,0.99992514,block_ip
0,9.5220676e-05,allow
0,3.3463293e-05,allow
1,0.9999553,block_ip
1,0.9999527,block_ip
0,1.217354e-05,allow
0,2.5452273e-05,allow
0,0.00020019033,allow
1,0.99994385,block_ip
1,0.9992085,block_ip
1,0.9999149,block_ip
1,0.99995303,block_ip
0,4.1532727e-05,allow
0,9.662681e-06,allow
1,0.99985325,block_ip
0,6.752679e-05,allow
1,0.99984086,block_ip
1,0.99980396,block_ip
1,0.9999609,block_ip
1,0.999782,block_ip
1,0.9999274,block_ip
0,0.00034482032,allow
0,1.2030189e-05,allow
0,1.0784207e-05,allow
0,6.025754e-05,allow
0,1.9292684e-05,allow
0,3.34497e-05,allow
1,0.9998778,block_ip
1,0.9999639,block_ip
1,0.99992454,block_ip
1,0.99996495,block_ip
0,0.00016699191,allow
0,7.679379e-06,allow
1,0.99992204,block_ip
1,0.9999467,block_ip
1,0.99995995,block_ip
0,2.6437621e-05,allow
1,0.99994063,block_ip
0,6.809318e-05,allow
0,0.00017428174,allow
1,0.9999424,block_ip
0,5.257616e-05,allow
1,0.9999498,block_ip
1,0.9996586,block_ip
0,1.7268143e-05,allow
1,0.999964,block_ip
0,1.8102504e-05,allow
1,0.9999255,block_ip
0,3.8802864e-05,allow
1,0.9999387,block_ip
1,0.99973124,block_ip
1,0.9997023,block_ip
0,2.4290672e-05,allow
1,0.9996493,block_ip
1,0.9999517,block_ip
1,0.999943,block_ip
1,0.9999635,block_ip
0,1.1271296e-05,allow
1,0.9999018,block_ip
0,2.3924125e-05,allow
0,3.885159e-05,allow
1,0.9998252,block_ip
1,0.99921,block_ip
1,0.99995005,block_ip
0,0.42244616,allow
1,0.9957903,block_ip
1,0.99991,block_ip
1,0.99995553,block_ip
0,0.00030873666,allow
0,2.434879e-05,allow
1,0.99995506,block_ip
1,0.99965286,block_ip
0,4.9396636e-05,allow
0,3.681796e-05,allow
0,0.00013965924,allow
0,2.8791643e-05,allow
1,0.99991333,block_ip
1,0.9993962,block_ip
0,4.8514725e-05,allow
1,0.9999114,block_ip
1,0.99993944,block_ip
0,3.6962516e-05,allow
1,0.9999589,block_ip
1,0.9999434,block_ip
0,2.0587953e-05,allow
0,2.34925e-05,allow
0,8.327793e-06,allow
1,0.9996271,block_ip
1,0.999943,block_ip
0,7.616971e-05,allow
1,0.9997725,block_ip
0,1.0998865e-05,allow
1,0.9999627,block_ip
1,0.9997336,block_ip
0,3.1220454e-05,allow
0,6.127355e-05,allow
1,0.99987316,block_ip
0,2.5200317e-05,allow
1,0.9996371,block_ip
1,0.9999521,block_ip
0,1.3761123e-05,allow
0,1.9333756e-05,allow
0,0.00025812452,allow
0,0.00020944908,allow
0,0.000120973586,allow
1,0.9997329,block_ip
1,0.9999106,block_ip
1,0.99992156,block_ip
1,0.999954,block_ip
0,0.00013236103,allow
1,0.99993825,block_ip
1,0.99993813,block_ip
0,0.00011675033,allow
1,0.99996054,block_ip
0,3.500789e-05,allow
0,4.0836396e-05,allow
1,0.9999647,block_ip
0,4.830859e-05,allow
1,0.9999517,block_ip
1,0.99996245,block_ip
0,5.3521482e-05,allow
1,0.99996114,block_ip
1,0.9999571,block_ip
1,0.9992544,block_ip
1,0.9997087,block_ip
1,0.99976796,block_ip
1,0.9999378,block_ip
1,0.99938154,block_ip
1,0.9997359,block_ip
0,4.191054e-05,allow
0,0.000119857395,allow
0,4.348613e-05,allow
1,0.999858,block_ip
1,0.9993482,block_ip
1,0.9999393,block_ip
1,0.9995252,block_ip
0,8.949864e-06,allow
1,0.9998778,block_ip
0,1.1394274e-05,allow
1,0.9999566,block_ip
0,4.5496294e-05,allow
1,0.9997855,block_ip
1,0.9998091,block_ip
1,0.99885523,block_ip
0,2.8573364e-05,allow
1,0.99981195,block_ip
0,4.9888025e-05,allow
0,0.00011632727,allow
0,5.956391e-05,allow
0,3.8703787e-05,allow
1,0.999572,block_ip
0,1.3204917e-05,allow
1,0.9998865,block_ip
1,0.999897,block_ip
1,0.9999318,block_ip
1,0.99984634,block_ip
1,0.9992435,block_ip
1,0.99976224,block_ip
1,0.99992883,block_ip
1,0.99990594,block_ip
0,0.0003777429,allow
0,1.7588362e-05,allow
1,0.9992481,block_ip
1,0.99996746,block_ip
0,0.013603043,allow
1,0.9998419,block_ip
1,0.9998784,block_ip
0,0.00010229059,allow
1,0.9998833,block_ip
0,1.2146822e-05,allow
0,0.00020545893,allow
0,6.8154375e-05,allow
1,0.99978477,block_ip
1,0.9999572,block_ip
1,0.99978954,block_ip
1,0.9999386,block_ip
1,0.99994373,block_ip
0,2.4001869e-05,allow
0,6.8397494e-05,allow
0,2.6363901e-05,allow
1,0.9999167,block_ip
1,0.99996614,block_ip
1,0.9999528,block_ip
1,0.99878937,block_ip
1,0.9998319,block_ip
0,0.001078902,allow
0,1.1394025e-05,allow
0,4.3309086e-05,allow
0,5.859797e-05,allow
1,0.99932396,block_ip
1,0.9998441,block_ip
0,2.7611211e-05,allow
0,5.9600326e-05,allow
0,1.4769333e-05,allow
1,0.99951875,block_ip
0,7.205996e-05,allow
1,0.99996984,block_ip
1,0.9999647,block_ip
1,0.999731,block_ip
0,0.0005281873,allow
0,2.3779028e-05,allow
0,3.4579865e-05,allow
0,1.0641586e-05,allow
0,0.00059520593,allow
0,0.00027368878,allow
1,0.99955136,block_ip
1,0.999969,block_ip
1,0.9998109,block_ip
1,0.99987197,block_ip
0,3.0310877e-05,allow
1,0.9999523,block_ip
1,0.99996364,block_ip
0,6.839788e-05,allow
0,1.971088e-05,allow
1,0.9999089,block_ip
1,0.9998318,block_ip
1,0.9998977,block_ip
1,0.9999689,block_ip
1,0.9998411,block_ip
0,3.3149325e-05,allow
1,0.99940073,block_ip
0,0.0004510214,allow
0,0.000110842615,allow
1,0.999907,block_ip
0,7.477774e-05,allow
0,4.9461683e-05,allow
1,0.999762,block_ip
0,1.7368657e-05,allow
1,0.9999566,block_ip
0,5.4266646e-05,allow
0,7.97233e-06,allow
0,2.1311167e-05,allow
1,0.9999651,block_ip
0,1.7586131e-05,allow
0,2.2899754e-05,allow
0,0.000105409665,allow
1,0.99989283,block_ip
1,0.9998797,block_ip
1,0.9998559,block_ip
0,4.0475945e-05,allow
0,2.449573e-05,allow
0,1.080396e-05,allow
0,4.464317e-05,allow
0,5.302095e-05,allow
1,0.99996054,block_ip
1,0.9999527,block_ip
1,0.99995875,block_ip
0,2.209202e-05,allow
1,0.99984574,block_ip
1,0.9994686,block_ip
1,0.99990964,block_ip
1,0.9995732,block_ip
1,0.99975747,block_ip
1,0.9999684,block_ip
1,0.99995327,block_ip
1,0.99990726,block_ip
1,0.9999423,block_ip
1,0.9999467,block_ip
0,3.3950208e-05,allow
1,0.9997602,block_ip
1,0.99948347,block_ip
1,0.9995408,block_ip
0,1.7033535e-05,allow
0,9.65759e-05,allow
0,8.826721e-06,allow
1,0.99973816,block_ip
0,1.9988805e-05,allow
1,0.9999559,block_ip
1,0.9999646,block_ip
1,0.9994382,block_ip
1,0.99992335,block_ip
0,0.0007853564,allow
1,0.9999627,block_ip
1,0.99971265,block_ip
0,1.9369227e-05,allow
0,5.3584965e-05,allow
1,0.9999349,block_ip
1,0.99971646,block_ip
0,2.5756193e-05,allow
0,0.00016978155,allow
0,0.000472708,allow
0,1.8719944e-05,allow
0,2.549092e-05,allow
1,0.99977404,block_ip
0,2.2483951e-05,allow
1,0.9993486,block_ip
1,0.99989307,block_ip
1,0.9999571,block_ip
1,0.9999318,block_ip
1,0.9999584,block_ip
0,0.00012434411,allow
1,0.999956,block_ip
1,0.999647,block_ip
1,0.99992514,block_ip
1,0.9999665,block_ip
1,0.9999516,block_ip
0,1.3527085e-05,allow
0,2.882939e-05,allow
1,0.99996483,block_ip
1,0.99890506,block_ip
0,1.7704513e-05,allow
0,0.005645821,allow
1,0.99992466,block_ip
0,5.294031e-05,allow
1,0.9970427,block_ip
0,3.2236356e-05,allow
1,0.9998996,block_ip
0,2.4949286e-05,allow
0,5.0225703e-05,allow
0,1.2167598e-05,allow
0,4.766087e-05,allow
1,0.9998722,block_ip
0,4.6998797e-05,allow
1,0.999887,block_ip
1,0.9999443,block_ip
0,4.2109088e-05,allow
0,0.00031848167,allow
0,2.4328738e-05,allow
1,0.9996131,block_ip
0,8.406479e-05,allow
0,4.9835053e-05,allow
0,1.0162638e-05,allow
0,3.5845434e-05,allow
1,0.99996734,block_ip
1,0.9999591,block_ip
1,0.9997577,block_ip
1,0.99989927,block_ip
1,0.9999325,block_ip
1,0.9998498,block_ip
1,0.9999064,block_ip
0,0.0010956733,allow
0,6.860365e-05,allow
0,1.2996986e-05,allow
1,0.99995947,block_ip
1,0.9999511,block_ip
1,0.9996025,block_ip
1,0.999416,block_ip
1,0.99990046,block_ip
1,0.99992657,block_ip
0,3.6132144e-05,allow
1,0.99992764,block_ip
1,0.99987817,block_ip
1,0.99989176,block_ip
0,3.302453e-05,allow
1,0.9999249,block_ip
1,0.9998977,block_ip
0,2.9460934e-05,allow
0,0.00021870117,allow
0,7.528244e-05,allow
1,0.99990726,block_ip
0,3.2619635e-05,allow
1,0.99707377,block_ip
0,0.006521341,allow
1,0.9998822,block_ip
1,0.9998518,block_ip
1,0.99986815,block_ip
1,0.9999057,block_ip
0,8.357477e-06,allow
0,2.7522958e-05,allow
1,0.99996066,block_ip
0,8.304169e-05,allow
1,0.99995565,block_ip
0,1.120237e-05,allow
1,0.99993896,block_ip
1,0.99992657,block_ip
1,0.9999659,block_ip
1,0.9998814,block_ip
0,1.4349432e-05,allow
1,0.9998803,block_ip
0,7.995774e-06,allow
0,2.5993424e-05,allow
0,2.1271066e-05,allow
0,0.00011675033,allow
0,2.2144899e-05,allow
1,0.99983764,block_ip
1,0.9999547,block_ip
1,0.9999176,block_ip
1,0.9999012,block_ip
0,2.7286496e-05,allow
1,0.9999299,block_ip
1,0.99976796,block_ip
1,0.9998319,block_ip
1,0.999959,block_ip
1,0.99969876,block_ip
1,0.9997929,block_ip
1,0.9994729,block_ip
1,0.9999349,block_ip
1,0.99990165,block_ip
1,0.9999453,block_ip
0,9.6252916e-05,allow
1,0.9998939,block_ip
0,0.00017377165,allow
1,0.9997497,block_ip
0,3.6952402e-05,allow
1,0.9998472,block_ip
0,1.4822358e-05,allow
1,0.9998696,block_ip
1,0.99994373,block_ip
0,1.939958e-05,allow
0,7.561311e-05,allow
1,0.99936813,block_ip
0,9.551223e-05,allow
0,0.0003257214,allow
0,4.5575805e-05,allow
1,0.9999647,block_ip
0,0.00043184898,allow
1,0.99994564,block_ip
1,0.9999583,block_ip
0,0.00011725307,allow
0,9.829492e-05,allow
1,0.99992263,block_ip
0,8.721069e-05,allow
1,0.99992573,block_ip
0,4.620642e-05,allow
0,7.9764e-05,allow
1,0.9999038,block_ip
0,0.00021927536,allow
1,0.99986506,block_ip
1,0.9999523,block_ip
1,0.9999484,block_ip
1,0.99993193,block_ip
1,0.99763775,block_ip
0,0.00011762441,allow
1,0.99995625,block_ip
0,2.3676906e-05,allow
1,0.999894,block_ip
0,4.5903114e-05,allow
0,2.5568268e-05,allow
0,2.4714749e-05,allow
0,1.9053688e-05,allow
0,5.48392e-05,allow
1,0.9997162,block_ip
0,2.5923242e-05,allow
0,0.00012848916,allow
1,0.9997174,block_ip
0,4.450663e-05,allow
1,0.9998623,block_ip
0,1.31840925e-05,allow
0,9.507514e-05,allow
1,0.9999579,block_ip
0,9.994421e-06,allow
0,1.9369227e-05,allow
0,4.6425495e-05,allow
1,0.9998801,block_ip
0,3.5961333e-05,allow
0,2.7909646e-05,allow
1,0.99988353,block_ip
1,0.9999387,block_ip
0,5.7681398e-05,allow
1,0.9998528,block_ip
0,3.741472e-05,allow
0,3.2908778e-05,allow
0,0.00012244377,allow
0,7.298959e-05,allow
1,0.9997297,block_ip
0,2.6044612e-05,allow
1,0.99984825,block_ip
1,0.99966,block_ip
0,2.573633e-05,allow
0,4.1970256e-05,allow
1,0.9997873,block_ip
0,1.0775407e-05,allow
0,9.343986e-05,allow
0,2.3139764e-05,allow
0,1.986513e-05,allow
0,2.4290672e-05,allow
1,0.9999279,block_ip
0,2.0461195e-05,allow
1,0.9999554,block_ip
1,0.9999399,block_ip
0,7.882081e-05,allow
1,0.99863285,block_ip
1,0.99995005,block_ip
1,0.9999678,block_ip
0,1.9988805e-05,allow
0,1.9567062e-05,allow
1,0.99990356,block_ip
1,0.9999647,block_ip
0,5.3846157e-05,allow
1,0.9999646,block_ip
0,2.8051978e-05,allow
1,0.99984145,block_ip
0,3.1919255e-05,allow
0,0.0002770477,allow
1,0.99986446,block_ip
1,0.9999484,block_ip
1,0.99995005,block_ip
0,1.1061179e-05,allow
1,0.9999343,block_ip
0,2.1608565e-05,allow
0,0.00013747886,allow
0,1.8248675e-05,allow
1,0.99961203,block_ip
0,0.001873176,allow
1,0.9999155,block_ip
1,0.99794155,block_ip
1,0.9999616,block_ip
0,1.9988805e-05,allow
1,0.99987364,block_ip
1,0.999966,block_ip
1,0.9999317,block_ip
1,0.99993193,block_ip
0,2.1749729e-05,allow
1,0.999951,block_ip
0,2.6284197e-05,allow
0,0.011491573,allow
1,0.99993587,block_ip
0,2.7665956e-05,allow
1,0.99993026,block_ip
0,4.3095304e-05,allow
0,4.147854e-05,allow
1,0.99996936,block_ip
0,3.1667456e-05,allow
0,1.1266309e-05,allow
0,6.355097e-05,allow
1,0.9998405,block_ip
0,5.718901e-05,allow
1,0.9999708,block_ip
1,0.9999641,block_ip
1,0.9998927,block_ip
1,0.99990225,block_ip
0,2.595738e-05,allow
1,0.99994314,block_ip
0,2.4290672e-05,allow
0,1.9830586e-05,allow
1,0.99993753,block_ip
1,0.99996006,block_ip
0,2.181612e-05,allow
1,0.99990964,block_ip
0,0.00035462648,allow
1,0.9998267,block_ip
0,2.772369e-05,allow
1,0.99994993,block_ip
1,0.9999125,block_ip
0,2.6122094e-05,allow
1,0.99995744,block_ip
1,0.99989843,block_ip
0,1.9375248e-05,allow
1,0.99995303,block_ip
0,0.0018359753,allow
0,0.0003333493,allow
0,5.8534803e-05,allow
1,0.9999614,block_ip
1,0.99992824,block_ip
1,0.99988353,block_ip
1,0.99965155,block_ip
1,0.9999552,block_ip
0,1.3213093e-05,allow
1,0.9999113,block_ip
0,1.8377228e-05,allow
1,0.99975234,block_ip
0,1.51265085e-05,allow
1,0.9999616,block_ip
0,3.959484e-05,allow
1,0.99981207,block_ip
1,0.9989009,block_ip
0,3.341696e-05,allow
1,0.99996746,block_ip
1,0.99993503,block_ip
0,0.0009954975,allow
1,0.9998343,block_ip
1,0.99981195,block_ip
0,0.0002734723,allow
1,0.9999658,block_ip
0,1.2781439e-05,allow
1,0.99984515,block_ip
0,0.0014834624,allow
1,0.999912,block_ip
1,0.99978393,block_ip
0,3.235604e-05,allow
1,0.9998839,block_ip
0,5.907223e-05,allow
1,0.99992216,block_ip
0,2.3484637e-05,allow
1,0.99994385,block_ip
0,3.184416e-05,allow
0,2.0696578e-05,allow
1,0.99996316,block_ip
0,4.1438685e-05,allow
1,0.99993443,block_ip
1,0.99990463,block_ip
0,2.575887e-05,allow
0,3.7184363e-05,allow
1,0.99994123,block_ip
0,0.0009054957,allow
1,0.99982613,block_ip
1,0.9999379,block_ip
1,0.99995065,block_ip
0,4.4086322e-05,allow
1,0.9996457,block_ip
1,0.99980336,block_ip
0,1.1040882e-05,allow
1,0.9999418,block_ip
1,0.999954,block_ip
1,0.9995753,block_ip
1,0.99995863,block_ip
1,0.999966,block_ip
0,3.4497323e-05,allow
1,0.99931824,block_ip
1,0.99996686,block_ip
0,2.9398238e-05,allow
1,0.99769884,block_ip
0,3.5291305e-05,allow
1,0.9999528,block_ip
1,0.99982256,block_ip
1,0.9996811,block_ip
1,0.9999211,block_ip
0,2.9740053e-05,allow
1,0.9998405,block_ip
0,1.6844759e-05,allow
1,0.9996747,block_ip
0,4.076943e-05,allow
0,8.099729e-05,allow
1,0.9998536,block_ip
0,4.1016316e-05,allow
0,1.1152611e-05,allow
1,0.9999523,block_ip
1,0.99992394,block_ip
1,0.99993074,block_ip
1,0.99994004,block_ip
0,1.811036e-05,allow
1,0.99995625,block_ip
1,0.9997476,block_ip
1,0.9999641,block_ip
1,0.9998845,block_ip
1,0.999962,block_ip
0,1.8848437e-05,allow
0,2.9212333e-05,allow
0,0.00044646682,allow
0,0.00026901194,allow
1,0.99987066,block_ip
0,5.5503213e-05,allow
1,0.9999515,block_ip
1,0.99988127,block_ip
0,5.4720775e-05,allow
1,0.9998652,block_ip
0,3.2343793e-05,allow
0,3.7560756e-05,allow
1,0.9999192,block_ip
1,0.9997805,block_ip
0,1.9471996e-05,allow
1,0.9999162,block_ip
1,0.9999287,block_ip
0,2.3793002e-05,allow
0,5.396645e-05,allow
1,0.9999479,block_ip
0,9.153361e-05,allow
0,9.750133e-05,allow
0,7.956118e-05,allow
0,6.858795e-05,allow
1,0.99996483,block_ip
0,2.0885114e-05,allow
0,6.947366e-05,allow
0,2.2383485e-05,allow
1,0.9999534,block_ip
1,0.9999342,block_ip
1,0.99995196,block_ip
0,1.640578e-05,allow
1,0.9999267,block_ip
1,0.9999099,block_ip
1,0.99992144,block_ip
1,0.99954295,block_ip
0,1.2652402e-05,allow
1,0.9995467,block_ip
0,9.517495e-06,allow
1,0.99971753,block_ip
0,2.5993424e-05,allow
0,2.0318394e-05,allow
1,0.9999349,block_ip
0,1.7211898e-05,allow
1,0.9999281,block_ip
0,2.0580199e-05,allow
0,0.00012439689,allow
0,7.360622e-05,allow
0,1.6018703e-05,allow
1,0.99995613,block_ip
0,0.00021631601,allow
0,3.47158e-05,allow
1,0.9998679,block_ip
0,0.00012064308,allow
1,0.9999578,block_ip
1,0.999967,block_ip
0,7.706362e-06,allow
0,0.002229289,allow
0,4.1890962e-05,allow
1,0.99996364,block_ip
0,0.00037215912,allow
1,0.9998963,block_ip
1,0.9999385,block_ip
1,0.99995744,block_ip
0,0.00029614847,allow
1,0.99994767,block_ip
1,0.9998605,block_ip
1,0.99971,block_ip
0,4.4362052e-05,allow
1,0.99993,block_ip
1,0.9999726,block_ip
0,1.4171618e-05,allow
0,1.8218123e-05,allow
0,1.4809388e-05,allow
0,1.469267e-05,allow
0,3.2152264e-05,allow
0,1.1183615e-05,allow
0,8.211015e-06,allow
0,1.7517854e-05,allow
0,0.00011745549,allow
0,2.4990028e-05,allow
0,2.1475216e-05,allow
0,2.169355e-05,allow
0,1.9369227e-05,allow
1,0.9999484,block_ip
0,2.5766882e-05,allow
0,6.995538e-05,allow
0,2.9326413e-05,allow
0,3.506192e-05,allow
0,1.4090451e-05,allow
0,0.00016487762,allow
0,8.1845305e-05,allow
0,8.7951645e-05,allow
1,0.9995566,block_ip
0,8.777814e-06,allow
1,0.9999628,block_ip
1,0.99959797,block_ip
1,0.9999522,block_ip
1,0.9999449,block_ip
0,2.3591148e-05,allow
1,0.99994826,block_ip
1,0.999749,block_ip
0,8.782144e-06,allow
0,2.9589017e-05,allow
1,0.9997348,block_ip
0,4.7723406e-05,allow
0,2.7768754e-05,allow
1,0.99983823,block_ip
0,7.369134e-05,allow
0,1.6723385e-05,allow
0,2.8222556e-05,allow
1,0.9998103,block_ip
0,7.7147284e-05,allow
0,2.0195646e-05,allow
1,0.99990547,block_ip
1,0.99995005,block_ip
0,0.00015074009,allow
0,0.00010949135,allow
0,2.8144772e-05,allow
1,0.9999664,block_ip
1,0.9998517,block_ip
0,8.748022e-05,allow
1,0.999894,block_ip
1,0.9998436,block_ip
1,0.99995947,block_ip
0,1.9509858e-05,allow
1,0.9999232,block_ip
0,0.00047192728,allow
0,3.3502954e-05,allow
1,0.99990904,block_ip
0,0.000115893046,allow
1,0.9998348,block_ip
0,1.4722799e-05,allow
0,0.00011519143,allow
1,0.99990976,block_ip
1,0.99993277,block_ip
1,0.9998965,block_ip
0,9.9193685e-06,allow
1,0.99997187,block_ip
0,4.0208182e-05,allow
1,0.99994004,block_ip
0,6.01367e-05,allow
1,0.99996114,block_ip
0,2.9379908e-05,allow
0,1.2780525e-05,allow
0,3.296255e-05,allow
1,0.99994767,block_ip
0,9.918233e-06,allow
0,7.808303e-05,allow
0,2.5482681e-05,allow
1,0.99992776,block_ip
1,0.9997863,block_ip
1,0.99994373,block_ip
0,2.9282259e-05,allow
0,1.920873e-05,allow
0,7.528539e-05,allow
0,4.3267846e-05,allow
1,0.9528819,block_ip
1,0.99992526,block_ip
0,2.4457077e-05,allow
1,0.9999404,block_ip
1,0.99959475,block_ip
0,1.5045009e-05,allow
1,0.9999585,block_ip
1,0.9998554,block_ip
1,0.9998894,block_ip
0,1.2578964e-05,allow
0,3.0401836e-05,allow
1,0.99974436,block_ip
0,4.4461834e-05,allow
1,0.9999548,block_ip
1,0.9998636,block_ip
1,0.99995995,block_ip
1,0.99967575,block_ip
1,0.9998292,block_ip
1,0.99984145,block_ip
1,0.9999583,block_ip
0,2.6573913e-05,allow
1,0.99948776,block_ip
0,0.0005061443,allow
0,0.00068085216,allow
1,0.9999591,block_ip
1,0.9998758,block_ip
0,0.00011313184,allow
1,0.9999647,block_ip
0,1.3333153e-05,allow
0,0.00012368166,allow
1,0.9999552,block_ip
0,1.911351e-05,allow
1,0.99888784,block_ip
1,0.9995203,block_ip
0,1.754104e-05,allow
0,0.001123732,allow
1,0.9999335,block_ip
1,0.99994016,block_ip
0,0.00043474569,allow
0,1.8348474e-05,allow
0,0.0010085626,allow
0,0.00011250251,allow
0,0.00011334413,allow
0,5.5470413e-05,allow
0,1.2656566e-05,allow
0,0.0005197416,allow
0,2.193066e-05,allow
0,3.4965353e-05,allow
0,1.6137934e-05,allow
0,3.2125234e-05,allow
0,0.00024332658,allow
0,2.3105385e-05,allow
0,0.00028007396,allow
1,0.9999535,block_ip
0,1.0644713e-05,allow
0,2.0090129e-05,allow
1,0.9999186,block_ip
1,0.9994867,block_ip
0,2.183831e-05,allow
0,8.285106e-05,allow
0,4.385988e-05,allow
1,0.999959,block_ip
0,1.5656966e-05,allow
0,0.00024871028,allow
0,2.2703292e-05,allow
0,4.863377e-05,allow
0,2.2101922e-05,allow
1,0.9998789,block_ip
1,0.999969,block_ip
0,3.870061e-05,allow
0,0.00015479008,allow
1,0.9999484,block_ip
1,0.99975413,block_ip
0,4.1092193e-05,allow
0,1.6521935e-05,allow
1,0.9999566,block_ip
0,2.0431538e-05,allow
1,0.9999268,block_ip
0,4.4352873e-05,allow
1,0.9999609,block_ip
0,8.2148064e-05,allow
1,0.99883944,block_ip
0,1.5594112e-05,allow
0,0.0048313444,allow
0,1.1322513e-05,allow
1,0.9992318,block_ip
1,0.9998472,block_ip
1,0.9999571,block_ip
0,3.3355987e-05,allow
1,0.999749,block_ip
1,0.999826,block_ip
0,1.5035096e-05,allow
0,0.00014075956,allow
1,0.99598145,block_ip
1,0.9999385,block_ip
1,0.9999522,block_ip
1,0.99992263,block_ip
1,0.9996822,block_ip
1,0.9999217,block_ip
1,0.99982244,block_ip
1,0.99984074,block_ip
0,1.2081352e-05,allow
0,5.0635204e-05,allow
0,5.5107717e-05,allow
1,0.99995434,block_ip
0,8.3869945e-06,allow
1,0.9999368,block_ip
1,0.9998448,block_ip
0,7.518208e-05,allow
0,1.4562769e-05,allow
0,4.6309648e-05,allow
1,0.9999205,block_ip
0,0.00037026213,allow
0,2.0741609e-05,allow
1,0.9999516,block_ip
1,0.9999286,block_ip
0,1.5963087e-05,allow
1,0.99971133,block_ip
0,1.5747335e-05,allow
1,0.9999429,block_ip
0,3.611268e-05,allow
1,0.9998739,block_ip
1,0.9998348,block_ip
0,3.5097713e-05,allow
1,0.9998833,block_ip
0,1.4706338e-05,allow
0,0.00020081166,allow
1,0.9996623,block_ip
0,2.571099e-05,allow
1,0.9998945,block_ip
1,0.9998696,block_ip
1,0.9996387,block_ip
1,0.9999436,block_ip
0,1.6300046e-05,allow
1,0.9997818,block_ip
1,0.999742,block_ip
0,1.8141423e-05,allow
1,0.9999558,block_ip
0,9.132407e-06,allow
0,3.9918847e-05,allow
1,0.99943453,block_ip
1,0.99956805,block_ip
0,1.07609785e-05,allow
0,5.9839516e-05,allow
0,0.00036283766,allow
1,0.9998616,block_ip
1,0.9999536,block_ip
0,2.254237e-05,allow
0,2.1773241e-05,allow
1,0.99991524,block_ip
1,0.9999453,block_ip
0,0.00085667043,allow
0,3.6220394e-05,allow
1,0.99952435,block_ip
0,8.2590435e-05,allow
1,0.99988806,block_ip
1,0.99992967,block_ip
0,2.574544e-05,allow
1,0.99985325,block_ip
1,0.9999491,block_ip
0,8.146827e-05,allow
0,2.1236205e-05,allow
1,0.99981457,block_ip
0,0.0011937773,allow
0,0.004795688,allow
0,6.0854636e-05,allow
0,1.2977825e-05,allow
1,0.99996126,block_ip
0,3.2210482e-05,allow
0,0.002476716,allow
1,0.9997608,block_ip
0,1.8314402e-05,allow
0,0.00026702773,allow
0,3.713932e-05,allow
0,9.441449e-06,allow
0,5.802937e-05,allow
1,0.99995124,block_ip
1,0.9999622,block_ip
1,0.99993503,block_ip
0,1.646388e-05,allow
0,2.4290672e-05,allow
1,0.99996257,block_ip
1,0.9999491,block_ip
0,1.8469504e-05,allow
0,6.248497e-05,allow
0,1.967593e-05,allow
0,1.0483962e-05,allow
1,0.9993881,block_ip
1,0.99979883,block_ip
0,1.2512551e-05,allow
0,3.0671643e-05,allow
1,0.9999342,block_ip
1,0.99995387,block_ip
0,1.9266483e-05,allow
1,0.9999726,block_ip
1,0.9999509,block_ip
1,0.9999517,block_ip
1,0.99988854,block_ip
1,0.9999422,block_ip
1,0.9994673,block_ip
0,7.752573e-06,allow
1,0.9999578,block_ip
1,0.9995988,block_ip
1,0.9999658,block_ip
1,0.9999156,block_ip
1,0.99988663,block_ip
0,4.767319e-05,allow
0,7.557736e-05,allow
1,0.99996936,block_ip
0,2.1255513e-05,allow
0,3.485898e-05,allow
0,1.33656295e-05,allow
0,1.4188089e-05,allow
0,0.000103705475,allow
1,0.99995387,block_ip
0,7.4285244e-06,allow
0,2.7185823e-05,allow
1,0.99979705,block_ip
0,1.0858842e-05,allow
1,0.9999455,block_ip
1,0.99976104,block_ip
1,0.9997758,block_ip
0,8.630462e-06,allow
0,5.863766e-05,allow
1,0.9998853,block_ip
1,0.99983597,block_ip
1,0.99987984,block_ip
0,9.433551e-05,allow
1,0.999808,block_ip
1,0.9993351,block_ip
0,1.0419343e-05,allow
1,0.9999517,block_ip
1,0.9999039,block_ip
1,0.99983716,block_ip
1,0.9999286,block_ip
0,0.0007631705,allow
1,0.9999616,block_ip
0,4.416101e-05,allow
0,2.649413e-05,allow
1,0.9998523,block_ip
0,7.537698e-05,allow
0,1.5476713e-05,allow
0,1.939958e-05,allow
1,0.99989486,block_ip
1,0.9999088,block_ip
0,0.00010168025,allow
0,3.0591807e-05,allow
0,8.4771746e-05,allow
1,0.99994504,block_ip
0,1.7383305e-05,allow
1,0.99986815,block_ip
0,2.5067673e-05,allow
1,0.99996424,block_ip
0,0.0001112118,allow
1,0.99992037,block_ip
1,0.9999094,block_ip
0,7.919444e-05,allow
0,0.00013978822,allow
1,0.99755114,block_ip
0,1.2390883e-05,allow
1,0.9999312,block_ip
1,0.99976796,block_ip
0,6.9532914e-05,allow
0,5.9005066e-05,allow
0,2.3890361e-05,allow
0,3.377154e-05,allow
1,0.99978644,block_ip
0,2.5080682e-05,allow
1,0.99995685,block_ip
0,1.4722377e-05,allow
1,0.9997203,block_ip
1,0.9999598,block_ip
1,0.9996635,block_ip
0,2.2772072e-05,allow
0,2.6492007e-05,allow
0,1.6892876e-05,allow
1,0.9998822,block_ip
0,2.1046486e-05,allow
1,0.99826187,block_ip
0,1.0518232e-05,allow
0,1.3681316e-05,allow
1,0.9998388,block_ip
0,1.7094282e-05,allow
0,3.318317e-05,allow
1,0.99995244,block_ip
1,0.9987675,block_ip
0,2.0008812e-05,allow
0,2.83019e-05,allow
1,0.9999585,block_ip
0,2.562375e-05,allow
0,2.0215995e-05,allow
0,8.4954445e-06,allow
1,0.99894947,block_ip
0,7.673684e-05,allow
1,0.99979526,block_ip
0,0.022557834,allow
1,0.9998696,block_ip
1,0.99903023,block_ip
0,0.015431259,allow
1,0.9997497,block_ip
1,0.99992096,block_ip
0,9.66179e-05,allow
1,0.9998654,block_ip
0,8.6223925e-05,allow
1,0.9999542,block_ip
0,8.3223706e-05,allow
0,0.002260844,allow
1,0.9996525,block_ip
1,0.999967,block_ip
0,4.310118e-05,allow
0,2.5106958e-05,allow
1,0.9999542,block_ip
1,0.9999461,block_ip
1,0.9999356,block_ip
0,0.00020731006,allow
1,0.99957174,block_ip
0,2.3464423e-05,allow
1,0.99987197,block_ip
1,0.9999635,block_ip
0,2.8809853e-05,allow
1,0.99879897,block_ip
0,0.0022866293,allow
0,7.7258235e-05,allow
0,2.8284014e-05,allow
1,0.9999331,block_ip
0,0.0027518142,allow
0,2.3924378e-05,allow
1,0.9997626,block_ip
1,0.9999496,block_ip
1,0.9999063,block_ip
1,0.99983406,block_ip
1,0.9999521,block_ip
1,0.99994636,block_ip
0,0.00016971568,allow
0,3.803772e-05,allow
0,1.1170707e-05,allow
1,0.9999335,block_ip
1,0.9998795,block_ip
1,0.99946135,block_ip
0,3.6220394e-05,allow
0,0.00012546906,allow
1,0.99995947,block_ip
0,2.7405516e-05,allow
1,0.9998381,block_ip
1,0.999946,block_ip
0,5.666293e-05,allow
1,0.9999254,block_ip
1,0.99984527,block_ip
1,0.9999658,block_ip
0,9.176154e-05,allow
1,0.99988246,block_ip
1,0.99994195,block_ip
0,0.00073670753,allow
0,8.327793e-06,allow
1,0.9994436,block_ip
0,6.2553e-05,allow
0,4.7790127e-05,allow
0,0.00011947263,allow
1,0.9999385,block_ip
0,3.18383e-05,allow
0,0.00039440978,allow
0,1.4861579e-05,allow
0,1.5966147e-05,allow
1,0.9999405,block_ip
0,2.184685e-05,allow
0,2.3372746e-05,allow
0,5.0692408e-05,allow
1,0.9996216,block_ip
1,0.9999459,block_ip
1,0.99991965,block_ip
0,4.6500245e-05,allow
1,0.99964774,block_ip
0,1.7255516e-05,allow
1,0.999956,block_ip
1,0.99995553,block_ip
1,0.999739,block_ip
0,5.1316783e-05,allow
1,0.9983487,block_ip
0,8.683828e-06,allow
1,0.99996674,block_ip
0,0.00015550936,allow
0,2.8825298e-05,allow
1,0.99971145,block_ip
1,0.9998809,block_ip
0,3.400597e-05,allow
0,2.4013934e-05,allow
1,0.99983394,block_ip
0,0.00010555943,allow
1,0.9999318,block_ip
0,5.5019238e-05,allow
1,0.9989151,block_ip
1,0.99908626,block_ip
0,5.7027377e-05,allow
0,8.808195e-06,allow
1,0.9996766,block_ip
1,0.9999689,block_ip
0,7.5790624e-05,allow
1,0.9999558,block_ip
0,2.2246248e-05,allow
1,0.9999069,block_ip
1,0.9999118,block_ip
1,0.9998747,block_ip
0,1.1079222e-05,allow
1,0.99996114,block_ip
0,1.579768e-05,allow
1,0.9998184,block_ip
1,0.99993336,block_ip
0,1.9572419e-05,allow
0,8.576368e-06,allow
1,0.99989927,block_ip
1,0.999933,block_ip
1,0.9999459,block_ip
1,0.99916065,block_ip
0,4.241171e-05,allow
1,0.9999031,block_ip
1,0.9997327,block_ip
1,0.9997881,block_ip
0,7.668621e-06,allow
0,1.9493104e-05,allow
1,0.99978155,block_ip
1,0.99995005,block_ip
0,9.792135e-06,allow
1,0.9996001,block_ip
0,3.589185e-05,allow
1,0.99989736,block_ip
1,0.99995637,block_ip
0,4.6217923e-05,allow
0,2.5112393e-05,allow
0,3.1791787e-05,allow
1,0.9999347,block_ip
1,0.99995756,block_ip
1,0.99994564,block_ip
0,1.249047e-05,allow
1,0.99970895,block_ip
0,1.9988805e-05,allow
1,0.9998399,block_ip
0,2.213388e-05,allow
1,0.9994821,block_ip
0,4.246177e-05,allow
1,0.99995065,block_ip
0,0.0002293433,allow
1,0.9998802,block_ip
0,1.04725905e-05,allow
0,6.5182634e-05,allow
1,0.99994946,block_ip
0,1.5473483e-05,allow
1,0.9999604,block_ip
1,0.9999423,block_ip
1,0.9998016,block_ip
0,4.0090905e-05,allow
0,0.0001457829,allow
0,1.688125e-05,allow
1,0.9970042,block_ip
1,0.9998572,block_ip
0,2.3355344e-05,allow
0,0.00085086067,allow
0,4.6410667e-05,allow
1,0.9999367,block_ip
1,0.9999434,block_ip
1,0.99987173,block_ip
0,1.7433227e-05,allow
1,0.99996114,block_ip
1,0.9999335,block_ip
0,3.7010133e-05,allow
0,3.686244e-05,allow
1,0.9997607,block_ip
0,7.105625e-05,allow
0,2.6805354e-05,allow
1,0.99954885,block_ip
1,0.9999627,block_ip
0,2.0972853e-05,allow
0,1.8489101e-05,allow
1,0.99922657,block_ip
1,0.99995863,block_ip
1,0.99996173,block_ip
1,0.99995065,block_ip
0,8.723404e-06,allow
1,0.9995478,block_ip
1,0.99982196,block_ip
0,0.00010451099,allow
0,1.34895845e-05,allow
1,0.99989176,block_ip
1,0.99985886,block_ip
0,0.0001036767,allow
0,5.9056572e-05,allow
1,0.99994195,block_ip
0,1.6460725e-05,allow
0,1.4396062e-05,allow
0,2.5219888e-05,allow
0,0.00018113136,allow
1,0.99994564,block_ip
1,0.99994147,block_ip
1,0.99989593,block_ip
0,1.6278515e-05,allow
1,0.9999455,block_ip
1,0.9999378,block_ip
1,0.99993634,block_ip
0,0.0009187139,allow
0,0.0012818554,allow
0,1.41044875e-05,allow
1,0.99993753,block_ip
0,6.783012e-05,allow
1,0.99976104,block_ip
1,0.99953866,block_ip
1,0.9999101,block_ip
1,0.99988186,block_ip
1,0.999882,block_ip
0,1.8175331e-05,allow
1,0.99993813,block_ip
0,3.641257e-05,allow
1,0.9999038,block_ip
0,1.8952926e-05,allow
1,0.9999701,block_ip
0,1.627296e-05,allow
1,0.9997812,block_ip
1,0.9999548,block_ip
1,0.9999497,block_ip
0,4.6107998e-05,allow
0,0.010616585,allow
1,0.99991274,block_ip
0,1.5263795e-05,allow
1,0.9996246,block_ip
1,0.9999436,block_ip
1,0.9999598,block_ip
1,0.99995625,block_ip
0,3.825822e-05,allow
1,0.9998548,block_ip
0,2.7204649e-05,allow
1,0.99988186,block_ip
0,5.555877e-05,allow
1,0.99989796,block_ip
0,0.0003126209,allow
0,1.3648111e-05,allow
1,0.99974483,block_ip
0,1.8477078e-05,allow
1,0.9998925,block_ip
0,2.1119007e-05,allow
1,0.9999436,block_ip
1,0.9998627,block_ip
1,0.99989724,block_ip
1,0.9999448,block_ip
0,1.2105859e-05,allow
1,0.9993643,block_ip
1,0.99996614,block_ip
0,0.0007147136,allow
1,0.99991107,block_ip
1,0.99993587,block_ip
0,2.2907618e-05,allow
0,4.078277e-05,allow
0,1.5743297e-05,allow
1,0.9999597,block_ip
1,0.999915,block_ip
0,2.002013e-05,allow
0,3.528639e-05,allow
0,2.5330353e-05,allow
1,0.9999491,block_ip
0,7.660763e-06,allow
1,0.9999423,block_ip
0,2.193543e-05,allow
1,0.99994564,block_ip
0,3.0278752e-05,allow
0,2.3192011e-05,allow
0,1.4150619e-05,allow
0,1.0308764e-05,allow
0,1.0460522e-05,allow
1,0.9999633,block_ip
0,4.3300497e-05,allow
0,3.1919255e-05,allow
1,0.999966,block_ip
0,1.19354445e-05,allow
1,0.99993885,block_ip
1,0.9999434,block_ip
1,0.9999294,block_ip
1,0.9999294,block_ip
0,8.132467e-05,allow
1,0.9999293,block_ip
0,7.046367e-05,allow
0,1.7665148e-05,allow
1,0.9999355,block_ip
0,3.4183107e-05,allow
1,0.99975497,block_ip
1,0.9995541,block_ip
1,0.9998171,block_ip
1,0.99994564,block_ip
0,2.0425909e-05,allow
0,3.6136935e-05,allow
1,0.99995327,block_ip
1,0.99957293,block_ip
1,0.9998573,block_ip
1,0.99992824,block_ip
0,1.1478001e-05,allow
1,0.9998536,block_ip
1,0.999956,block_ip
1,0.99985754,block_ip
1,0.9997595,block_ip
1,0.99995935,block_ip
1,0.99985456,block_ip
0,2.1115664e-05,allow
1,0.9953614,block_ip
0,3.5659923e-05,allow
1,0.9999566,block_ip
1,0.99988127,block_ip
0,2.5527777e-05,allow
0,1.0773558e-05,allow
0,3.663465e-05,allow
0,3.4074692e-05,allow
1,0.9999217,block_ip
0,0.0063482574,allow
1,0.9999423,block_ip
0,3.2640328e-05,allow
0,2.4328738e-05,allow
1,0.9999355,block_ip
1,0.9999094,block_ip
1,0.9995009,block_ip
0,4.116e-05,allow
0,0.0009229814,allow
1,0.99942553,block_ip
0,1.598888e-05,allow
1,0.9999062,block_ip
0,2.6507094e-05,allow
0,3.413086e-05,allow
1,0.99949956,block_ip
0,4.7047226e-05,allow
1,0.9999323,block_ip
1,0.9998965,block_ip
1,0.9999647,block_ip
1,0.99995327,block_ip
1,0.9999503,block_ip
0,2.5841051e-05,allow
1,0.99976414,block_ip
0,1.8915458e-05,allow
1,0.9998466,block_ip
0,2.9842218e-05,allow
1,0.99995506,block_ip
1,0.9997962,block_ip
0,2.5322044e-05,allow
0,0.00016438942,allow
1,0.99990916,block_ip
1,0.9995746,block_ip
0,0.00019250227,allow
1,0.999895,block_ip
0,9.060164e-05,allow
1,0.9995802,block_ip
0,0.11722752,allow
1,0.9999448,block_ip
1,0.9987556,block_ip
0,2.1492118e-05,allow
1,0.99976,block_ip
1,0.9995377,block_ip
0,4.730591e-05,allow
0,1.3295835e-05,allow
1,0.9999485,block_ip
1,0.99974555,block_ip
0,2.6069336e-05,allow
0,3.2714182e-05,allow
0,1.8317267e-05,allow
1,0.9996302,block_ip
0,2.9827652e-05,allow
0,1.0004166e-05,allow
0,0.00017190824,allow
0,1.6103864e-05,allow
1,0.999923,block_ip
0,1.9303818e-05,allow
1,0.99992335,block_ip
1,0.99986565,block_ip
0,2.2437684e-05,allow
1,0.99991167,block_ip
1,0.99724257,block_ip
1,0.9999635,block_ip
1,0.99995744,block_ip
0,0.00013712118,allow
0,4.0294548e-05,allow
0,2.8896498e-05,allow
1,0.99978477,block_ip
0,0.0004569536,allow
1,0.9998084,block_ip
0,2.0669102e-05,allow
1,0.9999527,block_ip
0,9.824685e-05,allow
0,1.6632297e-05,allow
1,0.9999627,block_ip
1,0.999948,block_ip
0,7.263693e-05,allow
1,0.99984527,block_ip
1,0.9999387,block_ip
0,5.4525233e-05,allow
0,3.7392423e-05,allow
0,4.5842004e-05,allow
0,0.03488341,allow
1,0.9999448,block_ip
1,0.9999697,block_ip
0,5.3552067e-05,allow
0,3.07268e-05,allow
1,0.9999459,block_ip
1,0.9999386,block_ip
0,9.920806e-06,allow
1,0.99989617,block_ip
0,3.4340723e-05,allow
0,8.671151e-06,allow
1,0.9999459,block_ip
0,0.0001359028,allow
1,0.9998847,block_ip
0,2.4487532e-05,allow
1,0.99990094,block_ip
1,0.9997037,block_ip
0,0.00014741716,allow
0,3.4976394e-05,allow
0,7.3331306e-05,allow
1,0.99995494,block_ip
0,1.7121054e-05,allow
0,2.437844e-05,allow
0,2.1699509e-05,allow
0,5.9753584e-05,allow
1,0.9998939,block_ip
0,1.26478535e-05,allow
1,0.9999659,block_ip
1,0.9999348,block_ip
1,0.9998859,block_ip
1,0.99994516,block_ip
0,8.9481495e-05,allow
0,2.254237e-05,allow
0,2.0977934e-05,allow
1,0.9997706,block_ip
0,1.9773312e-05,allow
1,0.99996614,block_ip
0,1.2447792e-05,allow
1,0.99989736,block_ip
1,0.9999515,block_ip
1,0.9999573,block_ip
1,0.9999465,block_ip
0,2.0597183e-05,allow
1,0.99983156,block_ip
0,0.00015015219,allow
0,2.4422932e-05,allow
0,0.00060552085,allow
0,3.0339133e-05,allow
1,0.9999068,block_ip
1,0.99967515,block_ip
0,1.5909438e-05,allow
0,3.16265e-05,allow
0,1.2907397e-05,allow
1,0.9998888,block_ip
0,1.2335692e-05,allow
0,3.3003154e-05,allow
0,4.835325e-05,allow
0,1.7878183e-05,allow
0,1.0133702e-05,allow
1,0.99990237,block_ip
0,2.5067673e-05,allow
1,0.9999436,block_ip
1,0.9995915,block_ip
0,1.9430649e-05,allow
1,0.9999366,block_ip
0,0.000482478,allow
1,0.99995124,block_ip
1,0.99940073,block_ip
1,0.99990535,block_ip
1,0.99994767,block_ip
0,0.00024087976,allow
0,3.8855113e-05,allow
1,0.9999082,block_ip
0,7.003086e-05,allow
1,0.999796,block_ip
1,0.99987817,block_ip
0,2.092714e-05,allow
1,0.9999596,block_ip
0,0.0017352881,allow
0,1.3517672e-05,allow
0,9.5489464e-05,allow
0,5.4460015e-05,allow
0,1.9035708e-05,allow
1,0.99995327,block_ip
1,0.999938,block_ip
0,2.5295738e-05,allow
0,1.280512e-05,allow
0,1.148766e-05,allow
1,0.99980515,block_ip
0,2.1046486e-05,allow
1,0.9999398,block_ip
0,1.0304774e-05,allow
0,0.0011976549,allow
0,8.5593296e-05,allow
0,0.000117462,allow
1,0.99994135,block_ip
0,1.0678388e-05,allow
1,0.9997336,block_ip
1,0.9993174,block_ip
1,0.9999572,block_ip
1,0.9999502,block_ip
1,0.99995327,block_ip
1,0.99996376,block_ip
0,0.00014114071,allow
1,0.9994438,block_ip
0,0.0002789361,allow
1,0.9999318,block_ip
1,0.999948,block_ip
1,0.9999534,block_ip
1,0.99995697,block_ip
1,0.99994147,block_ip
0,0.000113661794,allow
0,2.193543e-05,allow
1,0.99993443,block_ip
1,0.99984646,block_ip
0,2.1542804e-05,allow
1,0.9998621,block_ip
1,0.99996245,block_ip
1,0.99995244,block_ip
0,5.8041376e-05,allow
1,0.99995327,block_ip
1,0.9997992,block_ip
0,4.7000187e-05,allow
0,2.529873e-05,allow
1,0.9998617,block_ip
1,0.9999579,block_ip
0,2.2373477e-05,allow
1,0.9936231,block_ip
0,2.4208208e-05,allow
0,0.00022495023,allow
0,1.918557e-05,allow
1,0.99995005,block_ip
0,2.1999576e-05,allow
0,9.369683e-06,allow
0,2.698633e-05,allow
1,0.99962425,block_ip
0,1.330993e-05,allow
1,0.9997507,block_ip
1,0.9998667,block_ip
0,1.4014173e-05,allow
1,0.9999397,block_ip
0,0.0003628807,allow
0,1.200224e-05,allow
1,0.99984825,block_ip
1,0.99997187,block_ip
0,2.0426083e-05,allow
1,0.99982774,block_ip
0,1.04445435e-05,allow
0,3.7317724e-05,allow
1,0.9995859,block_ip
1,0.999967,block_ip
1,0.9999368,block_ip
1,0.9999677,block_ip
0,1.0615254e-05,allow
0,6.491801e-05,allow
0,3.554893e-05,allow
1,0.99996614,block_ip
0,2.0215995e-05,allow
1,0.9999025,block_ip
0,0.000115023715,allow
0,2.700399e-05,allow
0,3.898918e-05,allow
0,1.0955599e-05,allow
1,0.9999517,block_ip
1,0.9999616,block_ip
1,0.9996958,block_ip
1,0.9998543,block_ip
0,5.120347e-05,allow
1,0.99899405,block_ip
0,1.5339707e-05,allow
1,0.9999362,block_ip
0,6.101228e-05,allow
1,0.9998741,block_ip
0,5.5106666e-05,allow
0,6.817063e-05,allow
1,0.9997631,block_ip
0,0.00010813006,allow
1,0.99985147,block_ip
1,0.9999125,block_ip
0,3.5007124e-05,allow
0,3.1324118e-05,allow
0,1.4072309e-05,allow
1,0.9997974,block_ip
1,0.9992867,block_ip
1,0.9999634,block_ip
0,0.001033782,allow
0,2.9967243e-05,allow
0,1.594927e-05,allow
1,0.99988127,block_ip
1,0.9999521,block_ip
1,0.99990726,block_ip
0,1.087251e-05,allow
0,4.4755914e-05,allow
1,0.99984336,block_ip
0,1.1788139e-05,allow
1,0.9999211,block_ip
1,0.99666154,block_ip
0,1.4766994e-05,allow
0,3.7155478e-05,allow
0,9.972755e-05,allow
1,0.999967,block_ip
0,0.00013356117,allow
0,2.6492007e-05,allow
0,0.0001196434,allow
0,2.1694896e-05,allow
0,4.1603522e-05,allow
0,2.7487338e-05,allow
0,0.00044849492,allow
0,5.111093e-05,allow
1,0.99969363,block_ip
1,0.9998248,block_ip
0,0.000557682,allow
1,0.99941444,block_ip
0,1.0514571e-05,allow
0,1.9369227e-05,allow
0,9.1574375e-06,allow
1,0.99984634,block_ip
0,6.953742e-05,allow
1,0.99991107,block_ip
0,2.1169175e-05,allow
1,0.9999255,block_ip
1,0.99997187,block_ip
0,2.6707727e-05,allow
1,0.999946,block_ip
1,0.9994444,block_ip
1,0.99967515,block_ip
0,3.0473097e-05,allow
1,0.999908,block_ip
0,2.8227078e-05,allow
0,1.7920125e-05,allow
1,0.9998902,block_ip
0,4.8950355e-05,allow
0,9.467687e-06,allow
1,0.99981004,block_ip
1,0.9999566,block_ip
1,0.9998091,block_ip
1,0.99991417,block_ip
0,3.210912e-05,allow
0,2.8571865e-05,allow
1,0.99978393,block_ip
1,0.9999361,block_ip
1,0.9964689,block_ip
1,0.99970573,block_ip
0,8.304169e-05,allow
1,0.9998486,block_ip
0,9.9230865e-06,allow
0,2.8967848e-05,allow
1,0.999818,block_ip
0,2.3406941e-05,allow
0,0.000119610784,allow
1,0.9997255,block_ip
0,0.00065842253,allow
0,1.0987658e-05,allow
1,0.9998667,block_ip
1,0.99996114,block_ip
1,0.9992495,block_ip
1,0.9999237,block_ip
1,0.99990904,block_ip
0,0.00019781494,allow
1,0.99986637,block_ip
0,0.0016004957,allow
0,1.9791101e-05,allow
0,2.002013e-05,allow
1,0.99959964,block_ip
0,3.5803787e-05,allow
1,0.9999455,block_ip
0,1.3993298e-05,allow
1,0.99993336,block_ip
1,0.9999255,block_ip
0,4.5879526e-05,allow
0,0.00031492277,allow
1,0.99989176,block_ip
0,0.000102249236,allow
0,0.0002910616,allow
1,0.99991107,block_ip
0,1.4000773e-05,allow
0,2.4290672e-05,allow
1,0.999846,block_ip
1,0.99980086,block_ip
0,1.6242895e-05,allow
0,0.00012875101,allow
1,0.99978226,block_ip
0,5.4860542e-05,allow
0,9.698575e-05,allow
1,0.9999213,block_ip
1,0.99995434,block_ip
1,0.9999318,block_ip
1,0.99990404,block_ip
0,1.0589854e-05,allow
0,1.3464317e-05,allow
1,0.9999337,block_ip
1,0.9999453,block_ip
1,0.99953496,block_ip
0,2.9192755e-05,allow
1,0.999912,block_ip
0,8.940132e-05,allow
1,0.9997944,block_ip
0,0.0024475919,allow
1,0.9995851,block_ip
1,0.9999447,block_ip
1,0.9999366,block_ip
1,0.9998412,block_ip
0,0.00028088153,allow
0,2.08553e-05,allow
1,0.99989724,block_ip
0,3.1706433e-05,allow
1,0.9999597,block_ip
1,0.99995685,block_ip
0,1.3517053e-05,allow
1,0.99970514,block_ip
0,1.0077708e-05,allow
0,5.556878e-05,allow
0,2.8397853e-05,allow
0,2.3418504e-05,allow
1,0.99972194,block_ip
1,0.9999403,block_ip
0,8.90915e-06,allow
1,0.9999368,block_ip
0,2.0094862e-05,allow
0,1.6925756e-05,allow
1,0.9999542,block_ip
0,5.385838e-05,allow
0,4.1257776e-05,allow
0,2.335873e-05,allow
1,0.9997522,block_ip
1,0.99995565,block_ip
0,1.3432344e-05,allow
1,0.999967,block_ip
0,3.7713406e-05,allow
1,0.9998677,block_ip
0,8.6665295e-06,allow
0,1.1236469e-05,allow
0,5.1478182e-05,allow
0,1.0282981e-05,allow
1,0.99996233,block_ip
1,0.9998739,block_ip
1,0.9999461,block_ip
0,2.2391576e-05,allow
1,0.99990153,block_ip
1,0.99989665,block_ip
1,0.99995327,block_ip
1,0.99995685,block_ip
1,0.9999423,block_ip
1,0.9999658,block_ip
0,0.00071410695,allow
0,6.185512e-05,allow
1,0.9999083,block_ip
1,0.99994826,block_ip
0,8.585665e-06,allow
0,1.1527959e-05,allow
1,0.9998815,block_ip
0,5.8599253e-05,allow
0,2.9827652e-05,allow
1,0.9999521,block_ip
0,1.7121054e-05,allow
1,0.9996263,block_ip
1,0.99996746,block_ip
1,0.9999361,block_ip
0,1.984048e-05,allow
1,0.99997187,block_ip
1,0.9999486,block_ip
1,0.9997166,block_ip
0,2.5608264e-05,allow
1,0.99983954,block_ip
1,0.9999155,block_ip
0,2.1046486e-05,allow
1,0.99994564,block_ip
1,0.9999598,block_ip
0,0.00011313184,allow
1,0.9998871,block_ip
1,0.99996114,block_ip
1,0.9999366,block_ip
0,2.4234285e-05,allow
1,0.99980754,block_ip
1,0.9998709,block_ip
1,0.9999565,block_ip
1,0.9999373,block_ip
1,0.999956,block_ip
1,0.999964,block_ip
0,2.0143192e-05,allow
0,0.00040060212,allow
1,0.99974924,block_ip
0,2.7909646e-05,allow
0,3.467434e-05,allow
0,3.2030675e-05,allow
1,0.9998503,block_ip
0,1.9691377e-05,allow
0,3.3062504e-05,allow
0,0.0009912933,allow
0,2.7245933e-05,allow
0,0.0005163296,allow
0,8.436417e-05,allow
0,1.6960188e-05,allow
1,0.99996233,block_ip
1,0.99972683,block_ip
0,2.0938978e-05,allow
1,0.99979776,block_ip
1,0.99994373,block_ip
1,0.99972254,block_ip
1,0.9999647,block_ip
0,3.10275e-05,allow
1,0.9999459,block_ip
1,0.99916816,block_ip
1,0.99991477,block_ip
1,0.999782,block_ip
1,0.9999347,block_ip
0,2.088866e-05,allow
0,2.7739927e-05,allow
0,1.72832e-05,allow
1,0.9997409,block_ip
1,0.99963844,block_ip
0,8.627961e-05,allow
0,2.0192969e-05,allow
1,0.9999441,block_ip
0,0.0002322628,allow
1,0.9999044,block_ip
1,0.9999647,block_ip
0,1.5160547e-05,allow
0,2.819568e-05,allow
0,4.8718022e-05,allow
1,0.9997471,block_ip
1,0.9999647,block_ip
0,2.0106248e-05,allow
0,5.327487e-05,allow
0,0.00019589702,allow
0,2.2637525e-05,allow
1,0.99984527,block_ip
1,0.9998882,block_ip
1,0.9999124,block_ip
0,0.00010509452,allow
1,0.999905,block_ip
0,1.0976138e-05,allow
1,0.9992111,block_ip
0,1.36939125e-05,allow
1,0.9999509,block_ip
0,1.7063565e-05,allow
0,0.0008448501,allow
1,0.9996673,block_ip
1,0.9998721,block_ip
0,6.5921326e-05,allow
0,2.0948088e-05,allow
1,0.999938,block_ip
1,0.9999281,block_ip
0,6.528951e-05,allow
1,0.99996233,block_ip
1,0.9998523,block_ip
0,1.9927365e-05,allow
1,0.9998729,block_ip
1,0.99993026,block_ip
1,0.9999361,block_ip
1,0.999355,block_ip
1,0.9993529,block_ip
0,2.4538775e-05,allow
1,0.99968255,block_ip
0,0.00011027985,allow
0,1.4352662e-05,allow
1,0.9999057,block_ip
0,0.00013648746,allow
1,0.99982005,block_ip
1,0.9997868,block_ip
0,2.4328738e-05,allow
0,0.0008973287,allow
0,7.682558e-06,allow
1,0.9998709,block_ip
1,0.99948347,block_ip
0,1.5704698e-05,allow
0,3.408766e-05,allow
1,0.9998951,block_ip
0,3.0031182e-05,allow
0,0.005882605,allow
0,2.9528328e-05,allow
1,0.99996996,block_ip
1,0.9999422,block_ip
1,0.9997998,block_ip
1,0.999961,block_ip
0,1.8484605e-05,allow
0,4.7787165e-05,allow
0,9.821043e-06,allow
0,2.1386722e-05,allow
1,0.9999676,block_ip
0,1.5615451e-05,allow
1,0.99993837,block_ip
0,2.4290672e-05,allow
1,0.99989617,block_ip
0,2.9553063e-05,allow
0,1.6955837e-05,allow
0,3.0002244e-05,allow
0,1.9471996e-05,allow
1,0.9999516,block_ip
0,8.4557956e-05,allow
1,0.9999701,block_ip
1,0.9999467,block_ip
0,4.0885843e-05,allow
0,2.7164233e-05,allow
1,0.999938,block_ip
1,0.9999658,block_ip
0,2.424464e-05,allow
0,3.3223256e-05,allow
0,4.5681452e-05,allow
0,2.0394124e-05,allow
1,0.99873954,block_ip
1,0.9999528,block_ip
1,0.99993145,block_ip
1,0.9999106,block_ip
1,0.99992573,block_ip
1,0.999967,block_ip
1,0.9998946,block_ip
1,0.9998894,block_ip
0,1.4660897e-05,allow
1,0.99919707,block_ip
1,0.99995756,block_ip
1,0.99981433,block_ip
0,0.00021011836,allow
1,0.999961,block_ip
0,3.376542e-05,allow
0,8.973504e-06,allow
0,5.2059586e-05,allow
0,3.5845434e-05,allow
1,0.99995327,block_ip
0,3.118766e-05,allow
0,3.5803278e-05,allow
0,1.0156457e-05,allow
1,0.99971515,block_ip
0,1.7192522e-05,allow
1,0.9999273,block_ip
1,0.99995434,block_ip
1,0.9998486,block_ip
0,1.2243012e-05,allow
1,0.999246,block_ip
1,0.9999131,block_ip
0,0.00038755278,allow
0,3.857868e-05,allow
1,0.9999293,block_ip
1,0.99781597,block_ip
1,0.9999039,block_ip
1,0.99974555,block_ip
0,8.350753e-06,allow
1,0.9999683,block_ip
1,0.9999517,block_ip
1,0.9998822,block_ip
1,0.9999392,block_ip
0,9.807182e-05,allow
1,0.9998839,block_ip
1,0.99993277,block_ip
1,0.99983156,block_ip
1,0.9999629,block_ip
1,0.9993524,block_ip
1,0.9999269,block_ip
1,0.99802834,block_ip
1,0.99993503,block_ip
0,6.6334236e-05,allow
1,0.9999647,block_ip
0,1.5043244e-05,allow
1,0.9997727,block_ip
1,0.99988925,block_ip
1,0.99996364,block_ip
1,0.99974734,block_ip
1,0.999966,block_ip
0,1.0328229e-05,allow
0,2.5313355e-05,allow
0,2.3918445e-05,allow
1,0.9999006,block_ip
0,1.5904903e-05,allow
0,2.1772494e-05,allow
1,0.9997838,block_ip
1,0.99992955,block_ip
0,2.5254449e-05,allow
1,0.99984527,block_ip
1,0.99985933,block_ip
0,2.9401992e-05,allow
1,0.99962604,block_ip
0,0.0001402614,allow
1,0.9997731,block_ip
0,1.6530319e-05,allow
0,1.9988805e-05,allow
0,0.00024426193,allow
1,0.9999434,block_ip
1,0.9998622,block_ip
0,0.00013375681,allow
1,0.9999646,block_ip
0,0.00015755776,allow
0,2.0576588e-05,allow
1,0.9999186,block_ip
1,0.9997981,block_ip
1,0.9998161,block_ip
1,0.99982905,block_ip
1,0.99989116,block_ip
1,0.9996346,block_ip
0,3.290018e-05,allow
1,0.9999485,block_ip
0,3.1369258e-05,allow
0,2.5993424e-05,allow
1,0.999928,block_ip
0,3.2441967e-05,allow
1,0.99987113,block_ip
0,1.012891e-05,allow
0,2.5165205e-05,allow
1,0.9999206,block_ip
0,6.384667e-05,allow
0,9.627256e-05,allow
0,0.0020478705,allow
0,2.34081e-05,allow
1,0.99975914,block_ip
0,1.9988805e-05,allow
1,0.99941766,block_ip
1,0.99995613,block_ip
1,0.9999528,block_ip
1,0.9999453,block_ip
1,0.99968123,block_ip
0,1.7485674e-05,allow
0,1.8748136e-05,allow
1,0.9998547,block_ip
0,0.00011675033,allow
1,0.99996936,block_ip
0,0.000109387525,allow
1,0.99994266,block_ip
1,0.9998301,block_ip
1,0.9999559,block_ip
1,0.9997496,block_ip
0,1.2195793e-05,allow
0,1.5084012e-05,allow
0,2.5587318e-05,allow
1,0.999966,block_ip
0,1.2317177e-05,allow
1,0.9999441,block_ip
1,0.99993443,block_ip
1,0.9999325,block_ip
0,2.6492007e-05,allow
0,8.935411e-05,allow
0,2.0208457e-05,allow
1,0.99994195,block_ip
1,0.9998977,block_ip
0,8.5213134e-05,allow
1,0.9999652,block_ip
0,4.479473e-05,allow
1,0.9998361,block_ip
0,0.00010159912,allow
1,0.99973685,block_ip
0,1.651847e-05,allow
0,1.6912267e-05,allow
1,0.9999651,block_ip
0,2.4087352e-05,allow
1,0.9999201,block_ip
1,0.9999325,block_ip
1,0.9995136,block_ip
0,3.2712094e-05,allow
0,2.105092e-05,allow
1,0.9999565,block_ip
0,1.2981601e-05,allow
0,9.859109e-05,allow
1,0.99978274,block_ip
0,0.00022454587,allow
0,1.1333391e-05,allow
0,1.9189725e-05,allow
1,0.9947042,block_ip
1,0.9999275,block_ip
1,0.99983823,block_ip
0,3.5192865e-05,allow
0,0.0018330093,allow
1,0.99992144,block_ip
1,0.9999651,block_ip
1,0.9992341,block_ip
1,0.99996066,block_ip
1,0.99987257,block_ip
0,0.00027793608,allow
0,7.183923e-05,allow
0,0.00016519282,allow
1,0.99990976,block_ip
1,0.99996257,block_ip
1,0.9998853,block_ip
1,0.999946,block_ip
1,0.9999591,block_ip
1,0.9998653,block_ip
1,0.999969,block_ip
0,3.0242563e-05,allow
1,0.9996363,block_ip
0,1.5466356e-05,allow
1,0.9999347,block_ip
1,0.9993216,block_ip
1,0.99986947,block_ip
1,0.9998043,block_ip
0,7.596457e-05,allow
0,4.9174512e-05,allow
1,0.9999553,block_ip
1,0.99926096,block_ip
0,0.00011772977,allow
1,0.999902,block_ip
0,9.334292e-06,allow
1,0.9998727,block_ip
1,0.99991035,block_ip
0,2.044762e-05,allow
0,0.00013052288,allow
0,7.432375e-05,allow
1,0.9998981,block_ip
0,8.767432e-06,allow
1,0.999967,block_ip
0,0.0005680402,allow
1,0.9998456,block_ip
0,2.7503753e-05,allow
0,5.0178594e-05,allow
0,3.2093267e-05,allow
1,0.99995613,block_ip
1,0.9999064,block_ip
1,0.9999627,block_ip
1,0.9998945,block_ip
1,0.999936,block_ip
1,0.99964297,block_ip
1,0.99975866,block_ip
1,0.9999355,block_ip
0,0.00011675033,allow
0,3.714995e-05,allow
0,3.781749e-05,allow
1,0.9999335,block_ip
0,1.662161e-05,allow
1,0.9998987,block_ip
0,7.4774034e-06,allow
1,0.999795,block_ip
1,0.9996432,block_ip
1,0.9998809,block_ip
1,0.999951,block_ip
1,0.9999292,block_ip
1,0.99996114,block_ip
1,0.9999368,block_ip
1,0.9999269,block_ip
1,0.9999423,block_ip
1,0.99992764,block_ip
0,3.0662137e-05,allow
1,0.99996173,block_ip
0,2.1074664e-05,allow
0,1.9323857e-05,allow
0,1.5531568e-05,allow
1,0.9999492,block_ip
1,0.99984527,block_ip
0,2.0569702e-05,allow
0,0.00010152416,allow
1,0.9998363,block_ip
1,0.9998241,block_ip
1,0.98918414,block_ip
0,0.00014654317,allow
0,6.629079e-05,allow
1,0.99914956,block_ip
0,1.4262131e-05,allow
0,1.9172201e-05,allow
0,1.7306538e-05,allow
1,0.9999502,block_ip
0,1.2810812e-05,allow
1,0.9999678,block_ip
0,3.0739404e-05,allow
1,0.9999219,block_ip
1,0.9999342,block_ip
1,0.9998667,block_ip
0,1.811138e-05,allow
1,0.99994934,block_ip
1,0.999948,block_ip
1,0.9999503,block_ip
1,0.99996424,block_ip
0,2.4427683e-05,allow
1,0.99995613,block_ip
1,0.99984145,block_ip
0,2.8373624e-05,allow
0,2.9586394e-05,allow
0,3.391969e-05,allow
0,3.8943435e-05,allow
1,0.9998703,block_ip
1,0.9999442,block_ip
1,0.9998369,block_ip
0,0.00027358366,allow
0,4.5820892e-05,allow
0,5.172309e-05,allow
0,4.833753e-05,allow
1,0.99994564,block_ip
0,2.5407699e-05,allow
0,8.8238274e-05,allow
1,0.9999081,block_ip
1,0.9999405,block_ip
1,0.99995494,block_ip
1,0.9999026,block_ip
1,0.9999664,block_ip
1,0.99954945,block_ip
1,0.9999536,block_ip
0,1.920005e-05,allow
1,0.9999467,block_ip
1,0.99995923,block_ip
1,0.9998609,block_ip
1,0.9999474,block_ip
0,2.5419744e-05,allow
1,0.99993837,block_ip
0,0.0004844936,allow
1,0.9998913,block_ip
1,0.99979776,block_ip
0,0.00030098716,allow
1,0.9999074,block_ip
0,5.851242e-05,allow
1,0.9996619,block_ip
1,0.9997613,block_ip
0,9.213589e-06,allow
0,0.00010542686,allow
0,2.7474078e-05,allow
1,0.9999504,block_ip
1,0.99985707,block_ip
1,0.999962,block_ip
0,9.762795e-05,allow
0,3.94471e-05,allow
0,4.480618e-05,allow
1,0.9999286,block_ip
1,0.9998221,block_ip
0,2.3699633e-05,allow
1,0.99872017,block_ip
1,0.9999187,block_ip
0,4.8484988e-05,allow
0,1.4559701e-05,allow
1,0.9999224,block_ip
1,0.9998497,block_ip
1,0.99985147,block_ip
1,0.999608,block_ip
0,1.9825198e-05,allow
0,7.8127945e-05,allow
0,1.97656e-05,allow
0,4.7622027e-05,allow
1,0.99993384,block_ip
0,2.2618342e-05,allow
0,2.2195049e-05,allow
1,0.9999205,block_ip
0,2.5228233e-05,allow
0,7.836487e-06,allow
0,2.1395494e-05,allow
1,0.9998739,block_ip
0,1.0563568e-05,allow
1,0.9999633,block_ip
1,0.9999598,block_ip
0,1.2497607e-05,allow
0,2.7368797e-05,allow
0,8.0927175e-06,allow
1,0.9999416,block_ip
0,2.3978533e-05,allow
0,8.8986135e-06,allow
0,1.0990215e-05,allow
0,2.5067673e-05,allow
0,3.8454345e-05,allow
0,4.165442e-05,allow
0,3.2014035e-05,allow
0,1.3880551e-05,allow
0,7.751442e-06,allow
1,0.9999534,block_ip
0,7.064507e-05,allow
0,7.4272493e-06,allow
1,0.99996686,block_ip
0,0.0065896125,allow
1,0.999944,block_ip
0,0.00071910524,allow
1,0.99971133,block_ip
0,2.1264314e-05,allow
1,0.9999701,block_ip
0,1.370081e-05,allow
1,0.9999063,block_ip
0,2.8530127e-05,allow
0,0.00016053465,allow
0,1.0386447e-05,allow
1,0.99991775,block_ip
1,0.99983764,block_ip
0,2.1046486e-05,allow
0,7.632342e-05,allow
1,0.9998596,block_ip
0,1.4324343e-05,allow
0,3.294938e-05,allow
1,0.9999219,block_ip
1,0.99993074,block_ip
0,2.2534417e-05,allow
0,2.3881317e-05,allow
0,0.012660502,allow
1,0.99996555,block_ip
0,1.4670269e-05,allow
1,0.999943,block_ip
1,0.9997305,block_ip
0,4.636488e-05,allow
0,1.8538554e-05,allow
1,0.9999418,block_ip
0,2.2584998e-05,allow
1,0.99995565,block_ip
0,1.7833621e-05,allow
1,0.99996054,block_ip
1,0.9999553,block_ip
1,0.9998789,block_ip
1,0.995654,block_ip
0,3.214515e-05,allow
0,2.1631946e-05,allow
0,0.0002438696,allow
1,0.99917406,block_ip
0,3.5185483e-05,allow
0,0.00010516018,allow
0,2.3290464e-05,allow
0,2.3171782e-05,allow
1,0.99865484,block_ip
0,2.9514587e-05,allow
1,0.9999385,block_ip
1,0.99996746,block_ip
0,1.0735835e-05,allow
0,1.8126637e-05,allow
1,0.9999485,block_ip
1,0.9999503,block_ip
1,0.999895,block_ip
0,0.0021183114,allow
0,2.7700196e-05,allow
1,0.9999356,block_ip
0,2.2948483e-05,allow
1,0.99992836,block_ip
0,4.331627e-05,allow
0,2.6806605e-05,allow
1,0.9998884,block_ip
0,7.619186e-05,allow
0,1.3658386e-05,allow
0,1.2922313e-05,allow
1,0.999691,block_ip
1,0.9998909,block_ip
0,1.3293248e-05,allow
1,0.99942625,block_ip
0,1.4701303e-05,allow
1,0.99993753,block_ip
0,1.0599796e-05,allow
0,1.0907498e-05,allow
0,2.5452273e-05,allow
1,0.9998696,block_ip
1,0.99942124,block_ip
1,0.9997814,block_ip
0,1.8026996e-05,allow
1,0.99900705,block_ip
1,0.99982053,block_ip
0,1.2977825e-05,allow
1,0.999961,block_ip
0,4.0735657e-05,allow
0,1.4326911e-05,allow
0,3.1682768e-05,allow
0,6.605649e-05,allow
0,2.9523486e-05,allow
1,0.99985874,block_ip
0,4.0203427e-05,allow
0,1.0104731e-05,allow
0,2.0822627e-05,allow
0,1.591182e-05,allow
1,0.99982005,block_ip
0,5.2401218e-05,allow
1,0.9999392,block_ip
0,1.1171634e-05,allow
0,9.4725365e-06,allow
1,0.9999391,block_ip
0,2.8466287e-05,allow
1,0.999966,block_ip
0,6.822428e-05,allow
1,0.9998123,block_ip
1,0.99666435,block_ip
0,2.016322e-05,allow
1,0.99994755,block_ip
1,0.9998516,block_ip
1,0.99990845,block_ip
1,0.9996983,block_ip
1,0.99991274,block_ip
0,3.8029997e-05,allow
1,0.9992785,block_ip
0,5.278082e-05,allow
0,0.000137838,allow
1,0.9999598,block_ip
1,0.99976605,block_ip
1,0.9998883,block_ip
0,2.4054802e-05,allow
1,0.9999571,block_ip
0,5.336701e-05,allow
0,2.1917196e-05,allow
0,3.3862707e-05,allow
0,1.9035708e-05,allow
0,9.8122055e-06,allow
0,0.00017577138,allow
1,0.9999081,block_ip
1,0.9998784,block_ip
0,0.0002962075,allow
0,0.0057374532,allow
1,0.99975044,block_ip
1,0.9997366,block_ip
1,0.99995995,block_ip
1,0.9999485,block_ip
1,0.9998872,block_ip
1,0.9997173,block_ip
1,0.99992275,block_ip
0,3.6335427e-05,allow
1,0.9999534,block_ip
0,0.00019350098,allow
0,0.000104329265,allow
1,0.9999622,block_ip
0,2.5737289e-05,allow
0,0.015139984,allow
1,0.99996006,block_ip
1,0.99995553,block_ip
0,0.00019526205,allow
1,0.9998648,block_ip
0,6.8062734e-05,allow
0,0.0005469916,allow
1,0.99995077,block_ip
1,0.9998746,block_ip
1,0.9999162,block_ip
0,1.3646355e-05,allow
0,8.057044e-05,allow
1,0.999943,block_ip
0,2.0970874e-05,allow
0,1.32526675e-05,allow
0,1.5674863e-05,allow
1,0.9999298,block_ip
0,6.4334454e-05,allow
0,0.00016609959,allow
0,0.00052535743,allow
1,0.9998229,block_ip
0,0.002723068,allow
1,0.9999646,block_ip
1,0.9999366,block_ip
0,5.6154273e-05,allow
1,0.9998944,block_ip
1,0.99995685,block_ip
0,1.0050843e-05,allow
1,0.9999287,block_ip
1,0.99994564,block_ip
0,0.005545069,allow
1,0.99976724,block_ip
1,0.9999609,block_ip
1,0.9998884,block_ip
1,0.9999232,block_ip
0,7.722737e-05,allow
1,0.9997613,block_ip
0,5.2258943e-05,allow
1,0.9999298,block_ip
0,0.00017075845,allow
0,1.4596223e-05,allow
1,0.99989355,block_ip
1,0.9997497,block_ip
1,0.99990463,block_ip
0,2.308999e-05,allow
1,0.9998317,block_ip
1,0.99991155,block_ip
0,3.2790485e-05,allow
0,2.2189504e-05,allow
0,8.054425e-05,allow
1,0.9997861,block_ip
0,3.9551516e-05,allow
0,0.00015733272,allow
1,0.99976414,block_ip
1,0.99992216,block_ip
0,0.00024365066,allow
1,0.9999527,block_ip
0,0.0005497791,allow
0,0.0005353974,allow
0,1.3443877e-05,allow
1,0.9996024,block_ip
1,0.99993694,block_ip
0,1.7035842e-05,allow
1,0.9997851,block_ip
1,0.99997187,block_ip
0,8.77208e-05,allow
0,4.4793065e-05,allow
0,2.4335515e-05,allow
1,0.9999387,block_ip
1,0.9999441,block_ip
0,1.5580732e-05,allow
0,3.377943e-05,allow
0,2.5112393e-05,allow
1,0.9994832,block_ip
1,0.9994954,block_ip
0,4.0662537e-05,allow
1,0.9998436,block_ip
0,0.00027790587,allow
0,1.8397377e-05,allow
1,0.9999212,block_ip
1,0.9999325,block_ip
0,1.8622048e-05,allow
1,0.99996126,block_ip
1,0.9999325,block_ip
1,0.99973196,block_ip
1,0.9999627,block_ip
1,0.99996746,block_ip
0,2.090193e-05,allow
1,0.99994874,block_ip
1,0.99981743,block_ip
0,5.6791196e-05,allow
0,0.00013902255,allow
1,0.99900216,block_ip
0,4.715597e-05,allow
1,0.99991703,block_ip
1,0.9999622,block_ip
0,0.0001204262,allow
0,1.4317077e-05,allow
1,0.99990904,block_ip
0,2.3290375e-05,allow
0,2.6314143e-05,allow
1,0.999954,block_ip
1,0.99982053,block_ip
0,1.0708768e-05,allow
1,0.9997564,block_ip
1,0.99985826,block_ip
0,1.462883e-05,allow
1,0.99987495,block_ip
0,7.314009e-05,allow
1,0.9999659,block_ip
0,1.9054542e-05,allow
1,0.99990165,block_ip
1,0.9999585,block_ip
0,2.106749e-05,allow
0,3.448568e-05,allow
1,0.9995285,block_ip
0,1.9324889e-05,allow
1,0.9999583,block_ip
0,0.0002836223,allow
1,0.9991296,block_ip
1,0.99961865,block_ip
0,0.0011672687,allow
0,0.00073164765,allow
1,0.999881,block_ip
1,0.9999665,block_ip
0,0.00012341494,allow
0,4.4994064e-05,allow
0,9.724165e-06,allow
0,2.5254449e-05,allow
1,0.9996847,block_ip
1,0.999889,block_ip
0,3.523958e-05,allow
0,4.0704977e-05,allow
0,1.6893004e-05,allow
0,3.000742e-05,allow
1,0.9999578,block_ip
1,0.99994266,block_ip
1,0.9999548,block_ip
1,0.99933064,block_ip
0,3.1667456e-05,allow
1,0.9999223,block_ip
0,0.00011745886,allow
0,3.1871077e-05,allow
0,1.337407e-05,allow
1,0.99991345,block_ip
0,0.0001253625,allow
1,0.99996614,block_ip
0,6.911762e-05,allow
0,0.00023978698,allow
1,0.9996623,block_ip
1,0.999954,block_ip
1,0.99987876,block_ip
1,0.99988735,block_ip
0,9.1547745e-06,allow
0,0.000108333785,allow
1,0.9999659,block_ip
0,5.5377015e-05,allow
1,0.9999504,block_ip
0,1.9061048e-05,allow
1,0.9999659,block_ip
0,0.00068089465,allow
1,0.9998869,block_ip
0,2.0062425e-05,allow
1,0.99995637,block_ip
0,2.0471423e-05,allow
1,0.9999548,block_ip
0,1.0836848e-05,allow
0,0.00066927966,allow
0,3.5663834e-05,allow
0,2.7995e-05,allow
0,9.414203e-05,allow
1,0.99996614,block_ip
1,0.99996233,block_ip
0,1.705364e-05,allow
0,3.7526457e-05,allow
0,1.582387e-05,allow
1,0.99994993,block_ip
0,9.731119e-05,allow
0,1.4266253e-05,allow
1,0.9999342,block_ip
0,1.0529321e-05,allow
1,0.9998356,block_ip
0,5.8099027e-05,allow
1,0.99996674,block_ip
1,0.9998104,block_ip
1,0.99995875,block_ip
0,0.00012787826,allow
1,0.99994445,block_ip
1,0.9999193,block_ip
0,0.00011636267,allow
0,3.5744564e-05,allow
0,6.175187e-05,allow
1,0.99955744,block_ip
1,0.9999577,block_ip
0,1.572907e-05,allow
0,1.5908483e-05,allow
1,0.9999355,block_ip
0,0.00020721045,allow
0,2.5067673e-05,allow
1,0.99977285,block_ip
0,0.00012087672,allow
1,0.99985445,block_ip
1,0.99995875,block_ip
1,0.99996424,block_ip
0,3.2498046e-05,allow
0,9.92444e-06,allow
0,2.4747298e-05,allow
0,3.871534e-05,allow
0,0.000116564006,allow
0,3.5845434e-05,allow
1,0.9999343,block_ip
1,0.99995697,block_ip
1,0.99987066,block_ip
0,2.4656414e-05,allow
0,2.4161594e-05,allow
0,0.00035725711,allow
0,1.0506532e-05,allow
1,0.99986506,block_ip
0,1.9369227e-05,allow
1,0.99996066,block_ip
1,0.99988854,block_ip
1,0.9996816,block_ip
0,2.909132e-05,allow
0,5.733082e-05,allow
1,0.9999496,block_ip
1,0.9997991,block_ip
0,1.7138207e-05,allow
1,0.99991035,block_ip
1,0.9999199,block_ip
1,0.9999094,block_ip
1,0.9999267,block_ip
0,5.557848e-05,allow
1,0.9999132,block_ip
1,0.99995816,block_ip
1,0.9999416,block_ip
1,0.9999486,block_ip
1,0.99995685,block_ip
1,0.99995005,block_ip
0,1.3776304e-05,allow
0,7.8406105e-05,allow
1,0.99988294,block_ip
1,0.99988484,block_ip
0,3.384163e-05,allow
1,0.99979585,block_ip
0,0.0003553246,allow
0,3.028837e-05,allow
0,3.401398e-05,allow
0,3.0742744e-05,allow
1,0.999938,block_ip
1,0.99996984,block_ip
0,8.776749e-05,allow
0,4.1312225e-05,allow
0,0.00014998321,allow
1,0.99984705,block_ip
0,9.9257095e-06,allow
0,3.1074404e-05,allow
1,0.9999336,block_ip
0,1.1889379e-05,allow
1,0.9998274,block_ip
0,6.785561e-05,allow
1,0.99995387,block_ip
0,1.9110574e-05,allow
1,0.9998017,block_ip
0,0.000106580395,allow
1,0.9999279,block_ip
1,0.99958605,block_ip
0,1.779251e-05,allow
1,0.9999527,block_ip
1,0.99979573,block_ip
0,0.00013733748,allow
1,0.99975234,block_ip
1,0.99960786,block_ip
0,3.756355e-05,allow
1,0.99991214,block_ip
1,0.99992,block_ip
0,1.9567062e-05,allow
0,2.9109357e-05,allow
1,0.9999355,block_ip
1,0.99960214,block_ip
0,1.7008295e-05,allow
1,0.99994266,block_ip
0,5.2325067e-05,allow
1,0.9999304,block_ip
1,0.9999306,block_ip
0,5.9546586e-05,allow
0,1.8943658e-05,allow
0,0.00043390915,allow
1,0.99996436,block_ip
1,0.99980944,block_ip
0,3.598473e-05,allow
0,4.0325802e-05,allow
0,1.1912713e-05,allow
1,0.9999616,block_ip
0,0.0002634309,allow
1,0.999818,block_ip
0,6.2316394e-05,allow
0,4.8210746e-05,allow
0,9.66082e-06,allow
0,2.3153912e-05,allow
0,1.9110574e-05,allow
1,0.9999503,block_ip
1,0.9999647,block_ip
1,0.99996233,block_ip
0,0.00016478631,allow
0,5.5996257e-05,allow
0,1.1822634e-05,allow
0,1.9276978e-05,allow
0,2.4290672e-05,allow
1,0.99988127,block_ip
1,0.9997651,block_ip
0,3.12743e-05,allow
1,0.99991155,block_ip
0,2.7137592e-05,allow
0,0.00010280426,allow
1,0.9999646,block_ip
0,0.00047404884,allow
0,9.099743e-05,allow
1,0.99991035,block_ip
0,2.1458492e-05,allow
0,2.1261454e-05,allow
1,0.99994254,block_ip
1,0.9999423,block_ip
1,0.998395,block_ip
1,0.99989116,block_ip
1,0.9999485,block_ip
0,1.9114967e-05,allow
0,1.2083104e-05,allow
0,0.00020743127,allow
0,1.1303978e-05,allow
1,0.99994266,block_ip
1,0.99996114,block_ip
1,0.9997347,block_ip
1,0.99996924,block_ip
1,0.9999652,block_ip
0,3.3680713e-05,allow
0,1.4493386e-05,allow
0,1.3741518e-05,allow
1,0.9999628,block_ip
0,3.6259862e-05,allow
0,2.8678547e-05,allow
1,0.9999049,block_ip
1,0.9999387,block_ip
1,0.99989426,block_ip
1,0.99994004,block_ip
0,0.00013955461,allow
1,0.9999225,block_ip
0,3.3866614e-05,allow
1,0.99995613,block_ip
0,1.0824804e-05,allow
0,1.6103864e-05,allow
0,3.4449524e-05,allow
1,0.99996805,block_ip
1,0.99991024,block_ip
1,0.9999186,block_ip
0,2.3186925e-05,allow
1,0.9998841,block_ip
0,2.5886087e-05,allow
1,0.9999546,block_ip
0,3.0310877e-05,allow
0,0.00028605116,allow
0,3.188427e-05,allow
1,0.99991107,block_ip
0,0.0012129695,allow
0,0.00017205156,allow
0,9.344812e-06,allow
1,0.99992085,block_ip
0,3.1919255e-05,allow
1,0.99979466,block_ip
0,1.235421e-05,allow
0,0.00013633241,allow
1,0.9999318,block_ip
1,0.9999654,block_ip
1,0.9994861,block_ip
1,0.9999609,block_ip
0,2.1270418e-05,allow
0,0.00011048162,allow
1,0.99901414,block_ip
1,0.99962485,block_ip
0,5.339862e-05,allow
0,3.48518e-05,allow
0,2.5967012e-05,allow
1,0.9999167,block_ip
0,5.9430295e-05,allow
1,0.99983954,block_ip
0,0.0002257859,allow
0,4.2394524e-05,allow
0,6.892063e-05,allow
1,0.99989736,block_ip
1,0.99995065,block_ip
0,9.373642e-06,allow
1,0.99990356,block_ip
1,0.9999534,block_ip
1,0.9997538,block_ip
1,0.99983084,block_ip
0,1.4384082e-05,allow
0,1.2555115e-05,allow
0,1.4218701e-05,allow
1,0.9999356,block_ip
1,0.9999361,block_ip
0,1.7741799e-05,allow
1,0.99939644,block_ip
1,0.99996245,block_ip
0,0.00011531155,allow
0,0.0004389882,allow
0,8.245998e-06,allow
1,0.99984527,block_ip
1,0.9999645,block_ip
0,1.669198e-05,allow
0,6.946948e-05,allow
0,2.1863358e-05,allow
0,2.338862e-05,allow
1,0.99994326,block_ip
0,0.00012317732,allow
0,1.2145895e-05,allow
1,0.9999051,block_ip
0,7.189762e-05,allow
0,2.304342e-05,allow
1,0.99984753,block_ip
1,0.9999155,block_ip
0,2.2703292e-05,allow
0,0.00013762983,allow
1,0.9999635,block_ip
0,2.4149178e-05,allow
1,0.99994206,block_ip
1,0.9998312,block_ip
1,0.9998374,block_ip
1,0.9999124,block_ip
0,0.00010912508,allow
0,1.5968431e-05,allow
1,0.9999212,block_ip
0,2.508994e-05,allow
0,1.0674946e-05,allow
0,1.8354232e-05,allow
0,1.520729e-05,allow
1,0.99991167,block_ip
1,0.996236,block_ip
0,4.8183905e-05,allow
0,2.0197476e-05,allow
0,2.2544606e-05,allow
1,0.99995065,block_ip
1,0.99990034,block_ip
1,0.9999502,block_ip
0,2.1129967e-05,allow
1,0.9989759,block_ip
1,0.999925,block_ip
1,0.99994016,block_ip
0,2.4290672e-05,allow
1,0.99994695,block_ip
1,0.99993956,block_ip
1,0.999967,block_ip
1,0.9998747,block_ip
1,0.9999269,block_ip
1,0.9998148,block_ip
1,0.99995387,block_ip
0,2.316575e-05,allow
1,0.99991417,block_ip
0,8.1326296e-05,allow
0,3.412855e-05,allow
1,0.53520715,allow
1,0.99995756,block_ip
1,0.9999349,block_ip
1,0.9994405,block_ip
0,6.547825e-05,allow
1,0.9995254,block_ip
1,0.99990547,block_ip
0,3.882837e-05,allow
0,2.4606685e-05,allow
1,0.9998692,block_ip
1,0.99987185,block_ip
1,0.9998099,block_ip
1,0.99996936,block_ip
1,0.9999652,block_ip
0,5.3742635e-05,allow
1,0.9997695,block_ip
0,2.1544038e-05,allow
0,0.00012880357,allow
0,0.00016690658,allow
0,9.986437e-06,allow
0,3.052385e-05,allow
1,0.9996289,block_ip
1,0.99979323,block_ip
0,1.6232985e-05,allow
0,8.540935e-05,allow
1,0.99989104,block_ip
0,3.3988723e-05,allow
1,0.9998511,block_ip
1,0.99987507,block_ip
1,0.9999473,block_ip
0,1.19053875e-05,allow
1,0.9990539,block_ip
1,0.99994576,block_ip
0,1.7932723e-05,allow
0,1.0787179e-05,allow
0,1.2733382e-05,allow
0,6.0152186e-05,allow
0,9.875539e-05,allow
1,0.99995446,block_ip
1,0.99996924,block_ip
1,0.9999187,block_ip
1,0.9998636,block_ip
0,0.00017556401,allow
1,0.9999496,block_ip
1,0.9999429,block_ip
1,0.9999459,block_ip
0,0.00023646477,allow
0,4.2495514e-05,allow
0,3.762274e-05,allow
0,0.0011568635,allow
0,9.65051e-05,allow
0,4.1691375e-05,allow
0,1.0858293e-05,allow
1,0.99989796,block_ip
0,3.6201676e-05,allow
0,2.5126623e-05,allow
1,0.999948,block_ip
0,2.5703857e-05,allow
0,1.0996328e-05,allow
1,0.999928,block_ip
0,2.1501612e-05,allow
1,0.99849117,block_ip
1,0.9999571,block_ip
1,0.9999362,block_ip
1,0.9999485,block_ip
0,7.561311e-05,allow
1,0.99988437,block_ip
0,1.4822555e-05,allow
0,0.00033565608,allow
1,0.9994634,block_ip
1,0.99969494,block_ip
1,0.9999616,block_ip
1,0.99995005,block_ip
0,3.1768574e-05,allow
0,3.418213e-05,allow
0,2.5840161e-05,allow
1,0.99992657,block_ip
0,1.8141423e-05,allow
1,0.9999428,block_ip
0,8.20642e-05,allow
1,0.99993134,block_ip
1,0.99993265,block_ip
1,0.9999596,block_ip
0,2.7239774e-05,allow
0,2.4616942e-05,allow
0,0.0001045362,allow
0,1.9110574e-05,allow
1,0.9999473,block_ip
0,0.0001651892,allow
1,0.99977905,block_ip
1,0.9999416,block_ip
1,0.9998903,block_ip
1,0.99995625,block_ip
0,1.8488465e-05,allow
1,0.99995005,block_ip
0,2.880466e-05,allow
1,0.9999436,block_ip
0,0.000102357524,allow
1,0.9999633,block_ip
0,1.0774153e-05,allow
0,0.00021011836,allow
0,1.543478e-05,allow
0,6.307214e-05,allow
0,2.37165e-05,allow
1,0.9994031,block_ip
1,0.9999571,block_ip
0,8.838909e-06,allow
1,0.99000436,block_ip
1,0.9996061,block_ip
0,2.0085015e-05,allow
0,7.615649e-05,allow
1,0.9999428,block_ip
1,0.9999492,block_ip
1,0.9995171,block_ip
1,0.999969,block_ip
0,1.3643427e-05,allow
0,7.4204386e-06,allow
1,0.9989059,block_ip
0,2.3235114e-05,allow
0,2.0121786e-05,allow
0,4.356242e-05,allow
1,0.9999583,block_ip
0,2.6113827e-05,allow
1,0.999158,block_ip
1,0.99996567,block_ip
1,0.9999291,block_ip
1,0.99996257,block_ip
1,0.99994075,block_ip
1,0.9997217,block_ip
0,0.000110285524,allow
1,0.99968433,block_ip
1,0.9999584,block_ip
0,2.170433e-05,allow
0,3.4419343e-05,allow
0,3.0295445e-05,allow
1,0.9999523,block_ip
1,0.9999665,block_ip
1,0.9999492,block_ip
1,0.9999465,block_ip
0,4.776548e-05,allow
1,0.99979895,block_ip
0,7.9410645e-05,allow
0,1.585603e-05,allow
0,0.0001316913,allow
0,0.0010356156,allow
1,0.9998708,block_ip
1,0.9994778,block_ip
1,0.9998982,block_ip
1,0.99992895,block_ip
0,4.6839334e-05,allow
1,0.99996376,block_ip
0,2.0059824e-05,allow
0,0.00016832004,allow
0,8.2444945e-05,allow
0,1.17977e-05,allow
0,1.4012462e-05,allow
0,2.4471658e-05,allow
1,0.999943,block_ip
1,0.99995244,block_ip
1,0.99993515,block_ip
1,0.99994874,block_ip
0,8.7362096e-05,allow
1,0.9999676,block_ip
1,0.9999274,block_ip
1,0.9999646,block_ip
1,0.9998821,block_ip
1,0.99988353,block_ip
0,2.001282e-05,allow
0,3.4850404e-05,allow
1,0.9999465,block_ip
1,0.99990845,block_ip
1,0.9999505,block_ip
0,3.3064396e-05,allow
0,8.883893e-06,allow
0,1.2247612e-05,allow
1,0.99996114,block_ip
0,7.706383e-05,allow
1,0.9997129,block_ip
1,0.99992716,block_ip
1,0.9999223,block_ip
0,1.1404385e-05,allow
1,0.9999385,block_ip
1,0.999908,block_ip
1,0.9996556,block_ip
1,0.99946004,block_ip
0,3.056422e-05,allow
1,0.9998312,block_ip
1,0.9999454,block_ip
0,0.0002404814,allow
0,3.0351954e-05,allow
1,0.9999168,block_ip
1,0.99996114,block_ip
0,0.00027938056,allow
0,1.08901295e-05,allow
1,0.99996924,block_ip
1,0.9999294,block_ip
1,0.9999443,block_ip
1,0.9998956,block_ip
0,1.8510094e-05,allow
1,0.9998739,block_ip
0,0.00011313184,allow
1,0.999845,block_ip
1,0.9999715,block_ip
0,1.9402798e-05,allow
1,0.999851,block_ip
0,1.2636726e-05,allow
0,2.5452273e-05,allow
0,0.0002353065,allow
0,9.62408e-05,allow
0,7.70576e-06,allow
1,0.9998398,block_ip
0,3.1919255e-05,allow
0,1.1559555e-05,allow
1,0.999967,block_ip
0,2.0195646e-05,allow
1,0.9999416,block_ip
1,0.9999337,block_ip
0,8.03872e-06,allow
1,0.999956,block_ip
1,0.99971884,block_ip
1,0.99980885,block_ip
1,0.9999286,block_ip
0,1.611044e-05,allow
0,3.1494765e-05,allow
0,5.0593644e-05,allow
1,0.9999696,block_ip
0,1.9500576e-05,allow
0,6.6160006e-05,allow
1,0.9999355,block_ip
0,2.3662438e-05,allow
0,9.035497e-05,allow
1,0.9998541,block_ip
1,0.9998406,block_ip
0,2.2763888e-05,allow
0,6.024076e-05,allow
1,0.99995446,block_ip
1,0.9998758,block_ip
1,0.99921775,block_ip
1,0.9999658,block_ip
0,1.7976523e-05,allow
0,0.00056517654,allow
0,4.8301034e-05,allow
0,3.7620728e-05,allow
1,0.99995565,block_ip
0,2.4131128e-05,allow
1,0.9998264,block_ip
1,0.9999385,block_ip
1,0.9994642,block_ip
0,5.12731e-05,allow
1,0.9999465,block_ip
0,1.6242524e-05,allow
1,0.9997583,block_ip
1,0.9998543,block_ip
1,0.9999542,block_ip
0,2.4943172e-05,allow
0,2.9422863e-05,allow
0,3.2976477e-05,allow
1,0.9999368,block_ip
1,0.9998202,block_ip
1,0.99987614,block_ip
1,0.9999398,block_ip
1,0.99995303,block_ip
1,0.9999596,block_ip
0,2.6207956e-05,allow
0,2.3791868e-05,allow
1,0.9998029,block_ip
1,0.99980253,block_ip
0,1.8654113e-05,allow
0,0.00012293091,allow
0,3.465632e-05,allow
0,1.4061818e-05,allow
1,0.999964,block_ip
0,1.6539609e-05,allow
0,8.928239e-05,allow
1,0.9999106,block_ip
1,0.99975044,block_ip
1,0.99993503,block_ip
0,4.6001143e-05,allow
1,0.99980587,block_ip
0,3.2047177e-05,allow
1,0.9998343,block_ip
1,0.9998467,block_ip
1,0.9999113,block_ip
1,0.9999238,block_ip
0,1.0570612e-05,allow
0,6.422687e-05,allow
1,0.99967337,block_ip
0,2.9219605e-05,allow
0,3.01816e-05,allow
0,5.904599e-05,allow
0,2.3867156e-05,allow
1,0.999923,block_ip
0,0.00024536878,allow
1,0.99973804,block_ip
0,2.8426599e-05,allow
0,0.00096056284,allow
1,0.9998192,block_ip
1,0.9998481,block_ip
1,0.999912,block_ip
1,0.9999163,block_ip
1,0.9999515,block_ip
1,0.9999505,block_ip
0,1.1744052e-05,allow
0,9.950047e-06,allow
1,0.99862885,block_ip
0,1.2738375e-05,allow
1,0.99996924,block_ip
0,2.8956412e-05,allow
1,0.9999436,block_ip
0,0.00045900373,allow
0,0.00014865707,allow
0,3.0881405e-05,allow
0,1.807056e-05,allow
0,1.9035708e-05,allow
0,0.00053578004,allow
1,0.9999144,block_ip
1,0.99987173,block_ip
0,1.2571445e-05,allow
0,2.54952e-05,allow
0,0.00025747955,allow
0,8.478957e-06,allow
0,2.738864e-05,allow
0,1.7378448e-05,allow
1,0.999967,block_ip
0,1.6103864e-05,allow
0,1.7510805e-05,allow
1,0.99994874,block_ip
0,6.22434e-05,allow
1,0.999879,block_ip
0,4.0922354e-05,allow
0,5.2094303e-05,allow
1,0.99993944,block_ip
0,0.0004282462,allow
0,0.00048238647,allow
0,1.7011262e-05,allow
0,3.599355e-05,allow
0,7.952329e-06,allow
1,0.9999403,block_ip
1,0.99996686,block_ip
0,4.440065e-05,allow
1,0.9982135,block_ip
0,4.33674e-05,allow
1,0.9999354,block_ip
1,0.9999254,block_ip
0,0.00016804406,allow
1,0.99994206,block_ip
0,1.5432572e-05,allow
1,0.99995315,block_ip
0,3.1327672e-05,allow
1,0.99995923,block_ip
1,0.99976724,block_ip
0,0.00013463013,allow
1,0.9999416,block_ip
0,1.7046697e-05,allow
0,2.4762689e-05,allow
0,1.8383065e-05,allow
1,0.99969363,block_ip
1,0.9998505,block_ip
0,3.103309e-05,allow
1,0.9999336,block_ip
1,0.9999522,block_ip
1,0.9999261,block_ip
0,0.00043181688,allow
0,3.1272957e-05,allow
0,0.00034074168,allow
0,1.7121054e-05,allow
0,6.773369e-05,allow
0,3.510595e-05,allow
1,0.9999496,block_ip
1,0.9997894,block_ip
1,0.99992263,block_ip
1,0.99991095,block_ip
1,0.9999548,block_ip
0,3.7912636e-05,allow
1,0.99902844,block_ip
1,0.99946636,block_ip
1,0.9999001,block_ip
1,0.99986243,block_ip
1,0.999595,block_ip
1,0.9997359,block_ip
1,0.999099,block_ip
0,9.378863e-06,allow
0,2.4425399e-05,allow
1,0.9999579,block_ip
0,1.3010589e-05,allow
1,0.99993813,block_ip
0,3.1736414e-05,allow
0,3.2663247e-05,allow
0,5.0162853e-05,allow
0,3.596713e-05,allow
0,2.6803333e-05,allow
0,3.4970355e-05,allow
1,0.9998435,block_ip
0,1.8854946e-05,allow
0,2.5452273e-05,allow
0,3.2534976e-05,allow
1,0.999461,block_ip
1,0.99994564,block_ip
0,0.00021733255,allow
1,0.99993,block_ip
0,3.322316e-05,allow
1,0.99993277,block_ip
1,0.9998841,block_ip
0,1.189978e-05,allow
0,7.003667e-05,allow
0,1.8642588e-05,allow
1,0.9995511,block_ip
1,0.9999465,block_ip
1,0.999887,block_ip
0,2.8422859e-05,allow
1,0.99811375,block_ip
1,0.9998184,block_ip
1,0.9998776,block_ip
1,0.9999304,block_ip
0,1.0198094e-05,allow
0,3.4708948e-05,allow
1,0.9998889,block_ip
1,0.9998436,block_ip
1,0.9998894,block_ip
0,1.9080855e-05,allow
1,0.99994016,block_ip
1,0.99996364,block_ip
1,0.9999633,block_ip
1,0.9999044,block_ip
0,1.5782696e-05,allow
1,0.9996655,block_ip
0,9.139903e-05,allow
1,0.9998853,block_ip
0,2.6778167e-05,allow
0,4.0197443e-05,allow
1,0.99995697,block_ip
1,0.9996081,block_ip
0,0.00034074168,allow
1,0.99996364,block_ip
0,0.00399704,allow
0,6.4692686e-05,allow
0,0.0002257859,allow
1,0.99986863,block_ip
0,0.0004599037,allow
1,0.9999063,block_ip
1,0.999967,block_ip
0,9.500391e-05,allow
0,2.2384787e-05,allow
1,0.999967,block_ip
0,8.917209e-06,allow
1,0.99993396,block_ip
0,4.401604e-05,allow
0,0.00015100608,allow
1,0.9992724,block_ip
0,0.00018856341,allow
1,0.9999516,block_ip
1,0.9998512,block_ip
1,0.999846,block_ip
0,0.00021154038,allow
1,0.9999391,block_ip
0,1.81024e-05,allow
1,0.9996784,block_ip
0,2.527312e-05,allow
0,0.0001093845,allow
1,0.99970883,block_ip
1,0.99963975,block_ip
1,0.9999505,block_ip
1,0.99995446,block_ip
1,0.99916375,block_ip
1,0.9988814,block_ip
0,1.6343816e-05,allow
1,0.9999492,block_ip
1,0.9996369,block_ip
1,0.9997322,block_ip
0,2.3484505e-05,allow
0,3.107529e-05,allow
1,0.9998629,block_ip
0,2.5818856e-05,allow
1,0.99994516,block_ip
1,0.9998361,block_ip
1,0.9983701,block_ip
0,2.6143305e-05,allow
1,0.9999573,block_ip
0,6.688374e-05,allow
0,2.0765438e-05,allow
0,2.054161e-05,allow
1,0.9997881,block_ip
1,0.99996305,block_ip
0,8.903723e-06,allow
0,2.5890235e-05,allow
0,1.2139444e-05,allow
1,0.9997359,block_ip
0,1.3206025e-05,allow
1,0.9999585,block_ip
0,1.34802485e-05,allow
1,0.9999093,block_ip
1,0.999146,block_ip
1,0.9998443,block_ip
1,0.99982446,block_ip
1,0.9999534,block_ip
1,0.999956,block_ip
1,0.9999397,block_ip
1,0.99058527,block_ip
0,9.0225905e-05,allow
1,0.99970406,block_ip
1,0.99993813,block_ip
0,0.008770946,allow
1,0.9999249,block_ip
1,0.99966836,block_ip
0,2.1103384e-05,allow
0,4.4316006e-05,allow
0,1.13720425e-05,allow
0,1.9988805e-05,allow
1,0.99987745,block_ip
1,0.9998567,block_ip
1,0.99894327,block_ip
0,3.0313971e-05,allow
0,1.4940191e-05,allow
0,2.1471285e-05,allow
0,1.2073059e-05,allow
1,0.999905,block_ip
1,0.99987054,block_ip
0,1.3452188e-05,allow
1,0.99973625,block_ip
0,0.00015695108,allow
1,0.99992657,block_ip
0,5.6437304e-05,allow
0,2.4290672e-05,allow
0,6.538833e-05,allow
0,2.0455382e-05,allow
1,0.9998374,block_ip
0,1.39780395e-05,allow
0,2.4740219e-05,allow
1,0.99995434,block_ip
0,4.3327425e-05,allow
0,2.9496918e-05,allow
0,1.335308e-05,allow
0,3.094396e-05,allow
0,2.0192969e-05,allow
0,0.001041377,allow
1,0.9998221,block_ip
0,3.487374e-05,allow
0,2.7030272e-05,allow
1,0.9992874,block_ip
1,0.99991,block_ip
0,0.00010048942,allow
1,0.9999305,block_ip
0,2.2570119e-05,allow
1,0.9998945,block_ip
0,1.9236777e-05,allow
1,0.99995923,block_ip
1,0.99990714,block_ip
0,2.490317e-05,allow
1,0.9999652,block_ip
0,9.317285e-05,allow
1,0.99983525,block_ip
0,3.0920924e-05,allow
1,0.9999026,block_ip
0,6.7692556e-05,allow
1,0.9999263,block_ip
1,0.9997428,block_ip
1,0.9999603,block_ip
1,0.9996363,block_ip
1,0.9997173,block_ip
0,2.7257029e-05,allow
1,0.99995303,block_ip
0,2.6492007e-05,allow
0,1.3300896e-05,allow
0,1.9582854e-05,allow
0,1.9134008e-05,allow
1,0.9998265,block_ip
0,2.1659896e-05,allow
1,0.9999441,block_ip
0,0.00012571539,allow
0,1.741372e-05,allow
1,0.9998797,block_ip
0,8.20642e-05,allow
1,0.99978393,block_ip
0,1.3464317e-05,allow
1,0.9999298,block_ip
1,0.9997167,block_ip
1,0.999902,block_ip
1,0.99956554,block_ip
0,2.516511e-05,allow
1,0.99991095,block_ip
1,0.99996173,block_ip
1,0.9998902,block_ip
1,0.99995816,block_ip
0,2.176996e-05,allow
0,3.0262501e-05,allow
1,0.99976784,block_ip
0,0.00022674461,allow
0,0.0001476953,allow
1,0.9999436,block_ip
0,5.2179865e-05,allow
0,9.784305e-05,allow
0,1.9685838e-05,allow
1,0.9998932,block_ip
1,0.9999505,block_ip
1,0.999843,block_ip
1,0.9996587,block_ip
0,0.00027348404,allow
0,0.00032285086,allow
0,0.0001501575,allow
1,0.9999459,block_ip
0,2.1386722e-05,allow
0,2.2789627e-05,allow
1,0.99927384,block_ip
1,0.9999465,block_ip
1,0.99993,block_ip
0,1.9292684e-05,allow
0,3.536077e-05,allow
1,0.99995494,block_ip
0,9.106739e-05,allow
1,0.9996449,block_ip
0,1.6672697e-05,allow
0,0.00019225023,allow
0,7.680947e-05,allow
1,0.9996507,block_ip
1,0.99996567,block_ip
0,1.3745843e-05,allow
0,2.1039321e-05,allow
0,1.8119983e-05,allow
1,0.99980646,block_ip
1,0.9999393,block_ip
0,0.00014793251,allow
0,2.377166e-05,allow
1,0.9999627,block_ip
1,0.99979717,block_ip
1,0.99984646,block_ip
0,2.637142e-05,allow
0,4.461108e-05,allow
0,3.6942325e-05,allow
1,0.99992204,block_ip
0,2.1840413e-05,allow
0,2.245423e-05,allow
0,0.0007752573,allow
1,0.9999548,block_ip
1,0.99993205,block_ip
0,1.7535822e-05,allow
0,9.776518e-05,allow
1,0.9992205,block_ip
0,3.8853148e-05,allow
0,1.9092686e-05,allow
0,2.9549119e-05,allow
1,0.9999347,block_ip
0,9.102116e-06,allow
0,8.2279534e-05,allow
1,0.9998479,block_ip
1,0.99996805,block_ip
1,0.99989676,block_ip
1,0.9998996,block_ip
1,0.9999267,block_ip
0,1.8413648e-05,allow
0,4.4587858e-05,allow
1,0.99969244,block_ip
0,1.7976523e-05,allow
1,0.9999285,block_ip
0,1.0337797e-05,allow
1,0.9998658,block_ip
1,0.9996922,block_ip
1,0.995691,block_ip
0,2.2814482e-05,allow
1,0.99990153,block_ip
0,1.618894e-05,allow
0,5.656241e-05,allow
0,7.864423e-05,allow
1,0.99992204,block_ip
1,0.9998528,block_ip
0,1.00208e-05,allow
0,9.38356e-05,allow
0,1.6357882e-05,allow
0,1.777389e-05,allow
1,0.99986446,block_ip
1,0.99980146,block_ip
0,7.43275e-05,allow
1,0.999943,block_ip
1,0.9997421,block_ip
0,1.5539583e-05,allow
0,2.4703626e-05,allow
1,0.9999509,block_ip
1,0.99976057,block_ip
1,0.99076265,block_ip
1,0.99986887,block_ip
0,2.494279e-05,allow
1,0.99993706,block_ip
0,7.289675e-06,allow
1,0.9999132,block_ip
1,0.9988066,block_ip
1,0.99993134,block_ip
0,2.2421662e-05,allow
1,0.99870074,block_ip
1,0.9999523,block_ip
1,0.9999162,block_ip
0,2.6178932e-05,allow
0,2.9063312e-05,allow
0,2.3791481e-05,allow
0,0.00021370572,allow
0,0.00020414824,allow
1,0.9994241,block_ip
0,3.5097713e-05,allow
1,0.999782,block_ip
0,0.000100601406,allow
0,2.6051865e-05,allow
0,3.6248624e-05,allow
0,5.2610114e-05,allow
0,3.8661805e-05,allow
0,1.1271984e-05,allow
1,0.9996941,block_ip
0,1.3378931e-05,allow
0,8.094933e-06,allow
1,0.99994445,block_ip
1,0.99995315,block_ip
0,3.3302495e-05,allow
1,0.9999262,block_ip
1,0.99983037,block_ip
0,2.8570612e-05,allow
1,0.9999503,block_ip
0,1.6140673e-05,allow
0,0.00017224475,allow
0,0.0024755828,allow
0,2.0228028e-05,allow
0,2.3186925e-05,allow
0,1.0014181e-05,allow
1,0.99996233,block_ip
1,0.99993205,block_ip
0,2.5103485e-05,allow
1,0.999966,block_ip
1,0.9999478,block_ip
0,0.00044458013,allow
0,0.0012550864,allow
0,5.7522157e-05,allow
0,8.983108e-05,allow
1,0.9999354,block_ip
1,0.99994564,block_ip
0,0.0005639766,allow
1,0.99986327,block_ip
1,0.99987626,block_ip
1,0.9998356,block_ip
1,0.99996114,block_ip
0,3.277029e-05,allow
1,0.9999696,block_ip
1,0.9999622,block_ip
1,0.99983394,block_ip
1,0.9999542,block_ip
0,0.00014113897,allow
0,0.00010970456,allow
1,0.9997702,block_ip
1,0.99991715,block_ip
0,3.2446176e-05,allow
0,1.864353e-05,allow
1,0.9999577,block_ip
1,0.99994636,block_ip
1,0.9999521,block_ip
0,0.000477321,allow
1,0.9999647,block_ip
0,2.2600447e-05,allow
0,1.354176e-05,allow
0,2.445773e-05,allow
1,0.9998248,block_ip
1,0.99992263,block_ip
1,0.9992987,block_ip
1,0.9999231,block_ip
1,0.99994874,block_ip
0,4.2144842e-05,allow
1,0.9999136,block_ip
1,0.99993277,block_ip
1,0.9999012,block_ip
1,0.999964,block_ip
0,0.00014537825,allow
0,9.389065e-05,allow
0,8.799321e-06,allow
0,2.6285425e-05,allow
1,0.99994135,block_ip
0,2.4093073e-05,allow
0,0.00012349617,allow
1,0.99993205,block_ip
0,1.6885355e-05,allow
1,0.9999492,block_ip
0,3.2054726e-05,allow
1,0.9998925,block_ip
0,0.00016962363,allow
0,2.7682927e-05,allow
0,0.00049325975,allow
1,0.9997564,block_ip
1,0.9999323,block_ip
0,1.471933e-05,allow
0,5.906209e-05,allow
0,8.840148e-06,allow
0,1.6897193e-05,allow
0,2.8025157e-05,allow
0,4.419602e-05,allow
1,0.99987984,block_ip
1,0.9997149,block_ip
1,0.9999573,block_ip
0,1.9369227e-05,allow
1,0.99947685,block_ip
1,0.99994254,block_ip
1,0.999918,block_ip
0,3.124729e-05,allow
1,0.9996408,block_ip
0,0.00014126473,allow
1,0.9998739,block_ip
1,0.9994936,block_ip
0,1.784092e-05,allow
0,1.3509875e-05,allow
0,1.6432572e-05,allow
1,0.9997601,block_ip
0,2.263761e-05,allow
1,0.9999565,block_ip
1,0.9998995,block_ip
0,0.000585981,allow
0,2.2064352e-05,allow
0,5.1351002e-05,allow
0,5.929511e-05,allow
0,4.6883037e-05,allow
0,1.7595206e-05,allow
0,2.3143293e-05,allow
1,0.9905912,block_ip
0,8.907166e-05,allow
0,0.033423014,allow
1,0.999899,block_ip
0,1.7239265e-05,allow
1,0.99984276,block_ip
0,2.4127356e-05,allow
0,0.00016541933,allow
0,1.5385182e-05,allow
1,0.99963975,block_ip
0,2.6500928e-05,allow
1,0.9996748,block_ip
1,0.99995375,block_ip
1,0.99995863,block_ip
1,0.99982244,block_ip
1,0.9999571,block_ip
0,2.849929e-05,allow
1,0.9998234,block_ip
1,0.99987435,block_ip
0,2.2610167e-05,allow
0,6.236841e-05,allow
1,0.99992836,block_ip
0,0.00010446127,allow
0,2.8096636e-05,allow
0,1.21597795e-05,allow
0,1.939958e-05,allow
1,0.9999275,block_ip
1,0.99949205,block_ip
1,0.99990106,block_ip
0,2.675208e-05,allow
1,0.9999559,block_ip
1,0.9999386,block_ip
0,0.00028933876,allow
1,0.9999,block_ip
1,0.9999616,block_ip
0,1.3413066e-05,allow
0,2.2349826e-05,allow
1,0.9998852,block_ip
1,0.99987173,block_ip
0,1.91372e-05,allow
1,0.9999403,block_ip
0,7.717539e-05,allow
1,0.9999168,block_ip
0,4.847796e-05,allow
0,1.0614565e-05,allow
0,1.1066687e-05,allow
1,0.9998841,block_ip
0,4.3304746e-05,allow
0,1.2004713e-05,allow
1,0.9999403,block_ip
1,0.99983335,block_ip
1,0.9999647,block_ip
0,2.3845725e-05,allow
0,1.1377315e-05,allow
1,0.99996173,block_ip
1,0.9999484,block_ip
0,1.3236488e-05,allow
1,0.9999467,block_ip
1,0.99975556,block_ip
0,1.8310839e-05,allow
1,0.99986863,block_ip
1,0.999949,block_ip
1,0.99992573,block_ip
0,2.5174711e-05,allow
1,0.9999584,block_ip
0,1.6764934e-05,allow
1,0.99982053,block_ip
1,0.99995005,block_ip
0,5.9587543e-05,allow
1,0.9999219,block_ip
1,0.99845266,block_ip
1,0.99994946,block_ip
1,0.99992156,block_ip
1,0.99994004,block_ip
1,0.999907,block_ip
0,2.0922753e-05,allow
1,0.9998988,block_ip
0,2.7203481e-05,allow
1,0.9998282,block_ip
0,4.0208182e-05,allow
1,0.99984527,block_ip
1,0.9997583,block_ip
0,8.568574e-05,allow
0,4.389875e-05,allow
0,2.5067673e-05,allow
1,0.908766,block_ip
0,1.7760081e-05,allow
1,0.99996185,block_ip
1,0.99974436,block_ip
0,1.8203953e-05,allow
0,3.612691e-05,allow
1,0.9999497,block_ip
0,1.2289158e-05,allow
1,0.9999577,block_ip
0,9.6119365e-05,allow
1,0.99984205,block_ip
0,4.0268926e-05,allow
1,0.99995685,block_ip
0,1.96381e-05,allow
0,0.00012407052,allow
1,0.9999467,block_ip
0,3.4238015e-05,allow
0,3.829472e-05,allow
1,0.9999095,block_ip
0,0.000542746,allow
0,2.5367655e-05,allow
0,4.0425643e-05,allow
1,0.9999517,block_ip
1,0.99991,block_ip
0,1.40751545e-05,allow
1,0.9998801,block_ip
1,0.99986863,block_ip
1,0.9985625,block_ip
1,0.9999584,block_ip
1,0.9997571,block_ip
0,2.0609954e-05,allow
1,0.9996972,block_ip
1,0.99996054,block_ip
0,1.4459189e-05,allow
1,0.9989825,block_ip
0,3.4701865e-05,allow
0,8.50472e-05,allow
0,1.6625114e-05,allow
1,0.9999559,block_ip
0,3.5836478e-05,allow
1,0.999954,block_ip
1,0.99995124,block_ip
1,0.99963427,block_ip
1,0.9999608,block_ip
1,0.9999503,block_ip
0,6.878386e-05,allow
1,0.999905,block_ip
1,0.999892,block_ip
1,0.9999095,block_ip
0,6.910325e-05,allow
0,1.413345e-05,allow
0,1.7975186e-05,allow
0,4.614103e-05,allow
0,0.00011435005,allow
1,0.9999577,block_ip
1,0.9996778,block_ip
1,0.99993944,block_ip
0,0.0009477789,allow
0,0.0003789512,allow
1,0.99996793,block_ip
1,0.9998387,block_ip
1,0.99995935,block_ip
1,0.9982614,block_ip
1,0.9999645,block_ip
1,0.99988806,block_ip
1,0.99996054,block_ip
0,0.00018522062,allow
0,1.5679288e-05,allow
1,0.9993486,block_ip
1,0.99986506,block_ip
0,1.9896357e-05,allow
1,0.99912065,block_ip
1,0.99959725,block_ip
1,0.99995387,block_ip
0,8.0423364e-05,allow
1,0.99991274,block_ip
1,0.9995931,block_ip
0,1.3137828e-05,allow
1,0.9999018,block_ip
1,0.999816,block_ip
1,0.9996228,block_ip
1,0.9997111,block_ip
0,5.6750807e-05,allow
1,0.9998635,block_ip
1,0.9997875,block_ip
1,0.99996316,block_ip
0,1.10023375e-05,allow
1,0.99987185,block_ip
1,0.99978596,block_ip
0,4.358203e-05,allow
0,1.7646207e-05,allow
1,0.999864,block_ip
0,1.8506355e-05,allow
0,9.260375e-05,allow
1,0.99993014,block_ip
0,1.2386594e-05,allow
1,0.9999521,block_ip
1,0.9999472,block_ip
1,0.99991906,block_ip
1,0.9999474,block_ip
1,0.999841,block_ip
0,4.2205775e-05,allow
0,2.4596902e-05,allow
0,1.555355e-05,allow
1,0.9994832,block_ip
1,0.99994993,block_ip
1,0.99995375,block_ip
1,0.9999621,block_ip
1,0.99655616,block_ip
0,2.0201694e-05,allow
0,2.0921454e-05,allow
1,0.99996686,block_ip
0,0.00019869527,allow
0,0.00014375467,allow
1,0.9999181,block_ip
0,0.00020204911,allow
1,0.99996233,block_ip
0,1.4180973e-05,allow
0,0.000112335074,allow
1,0.9999018,block_ip
0,3.0494142e-05,allow
1,0.9999447,block_ip
1,0.9993079,block_ip
0,0.00072015723,allow
0,8.879715e-05,allow
0,1.6636484e-05,allow
1,0.99996984,block_ip
1,0.9997266,block_ip
0,1.41286655e-05,allow
0,2.3190994e-05,allow
1,0.9999541,block_ip
0,1.1219958e-05,allow
0,1.1010536e-05,allow
0,4.313823e-05,allow
1,0.9999598,block_ip
0,0.00010164486,allow
1,0.99995446,block_ip
1,0.9998963,block_ip
1,0.99996245,block_ip
1,0.99996364,block_ip
0,3.4092507e-05,allow
1,0.99995434,block_ip
1,0.99984837,block_ip
1,0.9999659,block_ip
0,5.565273e-05,allow
1,0.9990852,block_ip
1,0.998312,block_ip
1,0.99995947,block_ip
0,9.701229e-05,allow
1,0.99996126,block_ip
1,0.9992465,block_ip
1,0.99865544,block_ip
1,0.9999093,block_ip
0,3.4103887e-05,allow
0,2.449351e-05,allow
1,0.99976724,block_ip
1,0.99992657,block_ip
1,0.999948,block_ip
1,0.9989604,block_ip
0,0.00016325955,allow
0,0.00024284865,allow
0,0.0005000491,allow
1,0.9998846,block_ip
0,2.0922753e-05,allow
1,0.99995875,block_ip
1,0.9999465,block_ip
1,0.9999223,block_ip
0,0.00010685077,allow
1,0.9998369,block_ip
1,0.99990976,block_ip
0,1.908029e-05,allow
0,0.00082309585,allow
0,2.21362e-05,allow
1,0.99993765,block_ip
1,0.99994016,block_ip
1,0.9999361,block_ip
1,0.9996269,block_ip
1,0.99986887,block_ip
0,7.79029e-05,allow
1,0.9996648,block_ip
1,0.9999472,block_ip
1,0.9998336,block_ip
1,0.9999509,block_ip
1,0.9999132,block_ip
1,0.999915,block_ip
1,0.9999236,block_ip
1,0.9997173,block_ip
0,4.686967e-05,allow
1,0.99985135,block_ip
0,1.0900842e-05,allow
1,0.9999387,block_ip
1,0.9999242,block_ip
1,0.9999033,block_ip
1,0.99995184,block_ip
0,0.0016836422,allow
0,2.1153153e-05,allow
1,0.9998605,block_ip
1,0.9998216,block_ip
0,1.3511897e-05,allow
0,4.227462e-05,allow
1,0.9998683,block_ip
1,0.99980253,block_ip
1,0.9994961,block_ip
1,0.9998159,block_ip
0,2.4606685e-05,allow
1,0.9999298,block_ip
1,0.9999362,block_ip
0,1.3550417e-05,allow
0,1.6730914e-05,allow
0,9.241511e-06,allow
1,0.9997464,block_ip
0,0.0001039077,allow
0,1.9662517e-05,allow
0,1.7837687e-05,allow
0,3.8547052e-05,allow
1,0.99995255,block_ip
0,3.9686172e-05,allow
0,1.4653685e-05,allow
1,0.9997862,block_ip
1,0.99996686,block_ip
0,5.711358e-05,allow
0,0.00016395673,allow
1,0.9997706,block_ip
1,0.99995863,block_ip
1,0.9999627,block_ip
1,0.9998708,block_ip
0,0.00040458524,allow
0,0.00022554728,allow
1,0.9999362,block_ip
0,1.14673785e-05,allow
1,0.99929106,block_ip
0,3.3121927e-05,allow
0,3.395354e-05,allow
1,0.99993837,block_ip
0,4.906247e-05,allow
1,0.9999571,block_ip
0,1.3389473e-05,allow
1,0.9999324,block_ip
0,1.161475e-05,allow
1,0.9999248,block_ip
0,2.0094862e-05,allow
1,0.9985177,block_ip
1,0.99996555,block_ip
0,0.00011856549,allow
0,1.0846546e-05,allow
1,0.99995196,block_ip
1,0.99960655,block_ip
0,5.8127735e-05,allow
0,3.7057387e-05,allow
0,2.9080808e-05,allow
0,1.4982709e-05,allow
1,0.9997193,block_ip
0,2.8331418e-05,allow
0,2.2417044e-05,allow
1,0.99994564,block_ip
0,9.30121e-06,allow
1,0.9999436,block_ip
0,2.9094093e-05,allow
0,7.542443e-05,allow
0,1.2081963e-05,allow
1,0.99995506,block_ip
0,2.326489e-05,allow
1,0.9999093,block_ip
0,8.17054e-05,allow
1,0.99993837,block_ip
0,4.7328245e-05,allow
1,0.99996126,block_ip
1,0.99992144,block_ip
0,1.5405354e-05,allow
1,0.9997758,block_ip
0,0.00010071324,allow
1,0.9991831,block_ip
0,2.9139715e-05,allow
0,0.00017224475,allow
1,0.9999447,block_ip
1,0.999954,block_ip
0,4.5511522e-05,allow
1,0.999923,block_ip
1,0.999967,block_ip
0,0.00019437804,allow
0,0.0009929172,allow
0,0.00014265299,allow
0,3.654086e-05,allow
0,4.4968714e-05,allow
1,0.9999423,block_ip
1,0.9999597,block_ip
0,3.0591807e-05,allow
1,0.99993694,block_ip
1,0.9999231,block_ip
1,0.9999552,block_ip
1,0.9998111,block_ip
0,1.8508983e-05,allow
1,0.9999597,block_ip
0,2.2736984e-05,allow
1,0.9998671,block_ip
0,2.5067673e-05,allow
1,0.99996257,block_ip
1,0.99993277,block_ip
0,2.738365e-05,allow
1,0.99990344,block_ip
1,0.999851,block_ip
0,0.00011210617,allow
1,0.99989617,block_ip
1,0.99996746,block_ip
0,1.4194627e-05,allow
0,0.00071204954,allow
1,0.9999647,block_ip
1,0.99996567,block_ip
0,0.0023457387,allow
0,1.2782085e-05,allow
1,0.99973804,block_ip
0,2.092784e-05,allow
0,2.37842e-05,allow
0,1.3972962e-05,allow
1,0.99977154,block_ip
0,3.0616033e-05,allow
1,0.99989426,block_ip
0,3.8328075e-05,allow
1,0.9999063,block_ip
1,0.99986005,block_ip
1,0.99993265,block_ip
0,2.5204643e-05,allow
0,1.3492982e-05,allow
0,0.00015483481,allow
1,0.99995744,block_ip
0,2.597771e-05,allow
1,0.99994564,block_ip
0,8.9377034e-05,allow
0,4.543204e-05,allow
0,5.608374e-05,allow
0,0.00023338672,allow
1,0.9999181,block_ip
1,0.9997634,block_ip
1,0.99991345,block_ip
1,0.99985313,block_ip
0,0.00019655055,allow
1,0.9999523,block_ip
0,1.7072029e-05,allow
0,2.4263583e-05,allow
1,0.9999292,block_ip
0,3.6635032e-05,allow
1,0.9998722,block_ip
0,5.9024147e-05,allow
0,9.484243e-05,allow
0,2.6440719e-05,allow
1,0.9998888,block_ip
0,1.0366368e-05,allow
0,2.0534108e-05,allow
0,3.0180017e-05,allow
0,8.817155e-06,allow
1,0.9999385,block_ip
0,2.2236045e-05,allow
1,0.99995875,block_ip
1,0.99994564,block_ip
1,0.9999285,block_ip
1,0.99989307,block_ip
1,0.99975306,block_ip
1,0.9999292,block_ip
0,1.46182465e-05,allow
0,4.070828e-05,allow
1,0.9999467,block_ip
0,2.7650052e-05,allow
0,0.00013385263,allow
1,0.9999604,block_ip
1,0.9998883,block_ip
1,0.99996567,block_ip
0,2.6505755e-05,allow
0,2.4290672e-05,allow
0,2.3699633e-05,allow
0,3.8765105e-05,allow
0,1.9467429e-05,allow
1,0.99989486,block_ip
0,6.829986e-05,allow
1,0.9999534,block_ip
1,0.99987304,block_ip
1,0.9999695,block_ip
1,0.99986255,block_ip
0,0.0018087624,allow
1,0.9999213,block_ip
0,9.5519885e-05,allow
0,1.747694e-05,allow
1,0.9999522,block_ip
0,1.8004093e-05,allow
0,0.00030938783,allow
0,1.3668131e-05,allow
1,0.9998957,block_ip
0,6.861111e-05,allow
0,2.7504564e-05,allow
0,0.000106289815,allow
1,0.99983513,block_ip
1,0.9999577,block_ip
1,0.99991703,block_ip
0,9.97983e-06,allow
0,3.4717916e-05,allow
0,0.0005681715,allow
0,6.0075945e-05,allow
0,1.0250455e-05,allow
1,0.9998777,block_ip
1,0.99996686,block_ip
1,0.9999621,block_ip
0,2.284089e-05,allow
0,2.0821575e-05,allow
1,0.9999502,block_ip
1,0.99980813,block_ip
1,0.99967945,block_ip
1,0.99990535,block_ip
0,1.6089682e-05,allow
1,0.9998703,block_ip
0,1.1045305e-05,allow
0,1.6275302e-05,allow
0,9.640581e-06,allow
0,2.8751447e-05,allow
0,1.029717e-05,allow
1,0.9997712,block_ip
1,0.99867505,block_ip
1,0.99844944,block_ip
0,2.5021554e-05,allow
1,0.9998171,block_ip
1,0.9999051,block_ip
0,9.842824e-06,allow
1,0.999966,block_ip
0,2.672072e-05,allow
0,1.8706844e-05,allow
0,2.5837673e-05,allow
0,2.3186925e-05,allow
0,5.225521e-05,allow
0,7.689162e-05,allow
1,0.9999647,block_ip
1,0.99990284,block_ip
0,2.4731891e-05,allow
1,0.9998938,block_ip
1,0.9999666,block_ip
0,0.0002524338,allow
0,0.00023514256,allow
0,2.4543573e-05,allow
0,1.6032978e-05,allow
0,4.429716e-05,allow
1,0.9998611,block_ip
1,0.99939764,block_ip
1,0.99993956,block_ip
0,1.3097797e-05,allow
0,1.6960463e-05,allow
0,8.207594e-06,allow
1,0.99993634,block_ip
0,2.2895932e-05,allow
0,2.7103553e-05,allow
1,0.9999335,block_ip
1,0.9999536,block_ip
0,3.0100859e-05,allow
0,1.1597782e-05,allow
1,0.9999267,block_ip
0,2.376758e-05,allow
0,1.1065019e-05,allow
1,0.99992275,block_ip
0,7.3059396e-06,allow
0,6.272324e-05,allow
0,5.198671e-05,allow
1,0.99993265,block_ip
1,0.9999217,block_ip
0,9.9897425e-06,allow
0,1.37171255e-05,allow
0,7.930477e-05,allow
0,3.2766762e-05,allow
1,0.9998826,block_ip
1,0.99995923,block_ip
1,0.99985445,block_ip
0,2.113299e-05,allow
0,2.0559582e-05,allow
0,2.1190323e-05,allow
0,0.00010346801,allow
0,7.809376e-06,allow
0,2.2165415e-05,allow
1,0.9999211,block_ip
0,3.0310877e-05,allow
1,0.9996099,block_ip
0,1.0350858e-05,allow
1,0.99995065,block_ip
0,3.0643314e-05,allow
0,1.7133321e-05,allow
1,0.99993,block_ip
1,0.9999658,block_ip
0,0.00026109372,allow
0,1.8329009e-05,allow
1,0.99995506,block_ip
1,0.9999341,block_ip
0,0.00011313184,allow
1,0.9999515,block_ip
1,0.9997794,block_ip
0,2.2553508e-05,allow
1,0.9996314,block_ip
1,0.999938,block_ip
1,0.9999027,block_ip
0,1.7975186e-05,allow
1,0.99994874,block_ip
1,0.9994642,block_ip
1,0.99995875,block_ip
0,0.00010308373,allow
1,0.99993646,block_ip
0,8.5184765e-06,allow
0,5.4489887e-05,allow
1,0.99976903,block_ip
1,0.9999647,block_ip
0,5.495343e-05,allow
1,0.9973853,block_ip
1,0.9997048,block_ip
1,0.9999143,block_ip
1,0.99996626,block_ip
0,0.00014741716,allow
0,5.011542e-05,allow
1,0.9999491,block_ip
0,0.00010133353,allow
0,2.2548713e-05,allow
1,0.9999386,block_ip
1,0.9998135,block_ip
0,5.1423922e-05,allow
0,5.437045e-05,allow
1,0.99967074,block_ip
1,0.9999422,block_ip
0,6.799954e-05,allow
0,0.00010741847,allow
0,3.49247e-05,allow
1,0.99989665,block_ip
1,0.9999639,block_ip
1,0.9999192,block_ip
0,2.6785856e-05,allow
1,0.99996436,block_ip
1,0.99950314,block_ip
0,2.3484505e-05,allow
1,0.9999335,block_ip
0,2.4011279e-05,allow
1,0.99983823,block_ip
0,3.268041e-05,allow
1,0.9999577,block_ip
0,9.556954e-05,allow
1,0.9999523,block_ip
1,0.9998154,block_ip
1,0.9999615,block_ip
0,0.00036035758,allow
1,0.99988234,block_ip
0,8.2065846e-05,allow
1,0.9999552,block_ip
0,4.5313267e-05,allow
0,2.6492007e-05,allow
0,2.1677666e-05,allow
0,0.0002187994,allow
1,0.9999567,block_ip
0,2.2202905e-05,allow
1,0.99960214,block_ip
0,5.6629062e-05,allow
1,0.999762,block_ip
1,0.99993503,block_ip
1,0.9999573,block_ip
1,0.999928,block_ip
0,9.7202406e-05,allow
1,0.999962,block_ip
0,4.67004e-05,allow
1,0.9999552,block_ip
1,0.9996433,block_ip
0,0.00011313184,allow
1,0.99968684,block_ip
1,0.9999392,block_ip
1,0.99995756,block_ip
1,0.9999281,block_ip
0,0.00017400163,allow
0,0.00017224475,allow
1,0.9999598,block_ip
1,0.99956745,block_ip
1,0.99994576,block_ip
1,0.99989533,block_ip
0,1.5534917e-05,allow
1,0.9997763,block_ip
1,0.9999459,block_ip
1,0.9999598,block_ip
0,1.9567062e-05,allow
0,8.1845305e-05,allow
1,0.99994004,block_ip
0,1.2231225e-05,allow
1,0.99986374,block_ip
1,0.99994385,block_ip
0,2.5659381e-05,allow
0,1.0858117e-05,allow
0,1.6695656e-05,allow
1,0.9999237,block_ip
1,0.999923,block_ip
1,0.9997619,block_ip
0,3.822718e-05,allow
0,3.447851e-05,allow
1,0.9993166,block_ip
0,1.8591669e-05,allow
0,0.0009330035,allow
1,0.9999546,block_ip
1,0.99995553,block_ip
1,0.99983025,block_ip
1,0.99993527,block_ip
1,0.99967587,block_ip
0,0.00045812834,allow
0,5.64773e-05,allow
0,1.6493945e-05,allow
1,0.99981636,block_ip
1,0.99989605,block_ip
0,0.00037625138,allow
0,1.8599454e-05,allow
0,2.7180042e-05,allow
0,0.00021011836,allow
0,2.925722e-05,allow
1,0.9999571,block_ip
0,0.00012062411,allow
1,0.99994993,block_ip
0,2.601088e-05,allow
0,1.2939959e-05,allow
0,2.1610316e-05,allow
0,7.6877395e-06,allow
0,2.7325896e-05,allow
1,0.9998485,block_ip
1,0.9996599,block_ip
1,0.9999652,block_ip
1,0.99995863,block_ip
0,3.5951765e-05,allow
0,2.5635534e-05,allow
0,2.0742953e-05,allow
1,0.999948,block_ip
0,1.4101622e-05,allow
0,8.635072e-06,allow
1,0.999511,block_ip
0,1.5943187e-05,allow
1,0.999967,block_ip
0,3.00843e-05,allow
0,6.627139e-05,allow
0,3.4183107e-05,allow
0,1.7648126e-05,allow
0,2.629277e-05,allow
1,0.99995685,block_ip
1,0.9996642,block_ip
1,0.99990404,block_ip
0,0.00010354935,allow
1,0.9999666,block_ip
1,0.9999094,block_ip
0,0.0001535097,allow
1,0.9999099,block_ip
0,4.4873144e-05,allow
1,0.99989426,block_ip
0,0.0005144778,allow
1,0.999941,block_ip
0,3.67721e-05,allow
1,0.9998771,block_ip
0,3.9094808e-05,allow
0,4.201855e-05,allow
1,0.99990094,block_ip
0,2.5429807e-05,allow
0,2.8101673e-05,allow
1,0.99992585,block_ip
0,1.3029389e-05,allow
1,0.9996487,block_ip
0,1.6275317e-05,allow
1,0.9999342,block_ip
1,0.99994993,block_ip
1,0.99988794,block_ip
1,0.9997813,block_ip
0,3.332766e-05,allow
1,0.99983704,block_ip
1,0.99994254,block_ip
0,7.392304e-05,allow
0,3.2464934e-05,allow
0,7.224242e-05,allow
1,0.99994314,block_ip
1,0.9999291,block_ip
1,0.99978703,block_ip
0,3.806261e-05,allow
0,1.7877894e-05,allow
1,0.9999082,block_ip
1,0.9999423,block_ip
0,1.1580729e-05,allow
1,0.99994564,block_ip
0,9.498227e-06,allow
1,0.9999635,block_ip
0,6.0316816e-05,allow
0,7.33872e-05,allow
1,0.99993634,block_ip
0,0.00020448606,allow
0,5.589212e-05,allow
0,0.00053027243,allow
1,0.9998399,block_ip
0,2.3680272e-05,allow
0,2.6011103e-05,allow
1,0.9999069,block_ip
1,0.9984988,block_ip
1,0.99989104,block_ip
0,8.185012e-06,allow
0,6.273113e-05,allow
0,2.444311e-05,allow
0,7.653821e-05,allow
0,4.9349597e-05,allow
0,3.5185483e-05,allow
0,0.000104227045,allow
1,0.99990237,block_ip
1,0.9998956,block_ip
1,0.9999474,block_ip
1,0.99996483,block_ip
1,0.9998976,block_ip
1,0.9998505,block_ip
1,0.9999558,block_ip
0,0.00023117162,allow
0,2.5167103e-05,allow
1,0.999874,block_ip
1,0.9999267,block_ip
0,2.5565367e-05,allow
1,0.99991333,block_ip
0,1.0121667e-05,allow
0,1.7096841e-05,allow
0,1.1086599e-05,allow
1,0.99986446,block_ip
1,0.9999672,block_ip
1,0.99995005,block_ip
1,0.99976164,block_ip
0,0.00021011836,allow
0,0.00012509059,allow
1,0.9999517,block_ip
0,2.1354826e-05,allow
1,0.99996245,block_ip
0,3.098761e-05,allow
0,1.7682847e-05,allow
0,8.096075e-06,allow
1,0.9999442,block_ip
0,9.2578475e-06,allow
1,0.99993944,block_ip
0,3.4252906e-05,allow
0,3.6025966e-05,allow
1,0.999828,block_ip
1,0.9999409,block_ip
1,0.99984336,block_ip
0,2.5165205e-05,allow
1,0.99984026,block_ip
1,0.99987984,block_ip
1,0.99995685,block_ip
0,8.440835e-05,allow
1,0.9997074,block_ip
0,1.9684789e-05,allow
0,5.0698596e-05,allow
0,2.5732135e-05,allow
0,0.00018053837,allow
0,3.0640185e-05,allow
1,0.999944,block_ip
0,2.666365e-05,allow
0,0.0001106039,allow
1,0.99995875,block_ip
1,0.9999229,block_ip
0,2.2703292e-05,allow
0,2.9952671e-05,allow
0,0.00048857566,allow
1,0.99946994,block_ip
1,0.99985814,block_ip
1,0.9998324,block_ip
1,0.998877,block_ip
0,2.2450355e-05,allow
0,2.4926763e-05,allow
1,0.9999417,block_ip
1,0.99950516,block_ip
0,1.06007565e-05,allow
0,4.5830988e-05,allow
0,4.315485e-05,allow
1,0.9999647,block_ip
0,5.5470413e-05,allow
0,2.5760346e-05,allow
0,8.884873e-05,allow
0,2.432767e-05,allow
0,2.6821437e-05,allow
0,3.091128e-05,allow
1,0.9997528,block_ip
0,3.641257e-05,allow
0,1.07359165e-05,allow
1,0.9995819,block_ip
1,0.9999304,block_ip
1,0.9999627,block_ip
0,7.892905e-05,allow
0,1.7523469e-05,allow
0,3.061682e-05,allow
0,0.0002669875,allow
0,0.00020731303,allow
0,1.9709996e-05,allow
0,8.0270065e-06,allow
0,0.00036623082,allow
0,4.2717398e-05,allow
1,0.99990714,block_ip
0,9.991267e-06,allow
0,2.0165007e-05,allow
1,0.9998859,block_ip
1,0.99981767,block_ip
1,0.9997173,block_ip
1,0.9999062,block_ip
1,0.99991095,block_ip
1,0.9998739,block_ip
1,0.9999602,block_ip
1,0.99990165,block_ip
1,0.99995315,block_ip
1,0.99984884,block_ip
1,0.99988925,block_ip
1,0.99977463,block_ip
0,7.189982e-05,allow
1,0.9998784,block_ip
1,0.9999511,block_ip
1,0.9999145,block_ip
1,0.99996257,block_ip
0,2.3296529e-05,allow
1,0.99993265,block_ip
0,2.9318806e-05,allow
0,0.00013931104,allow
0,4.2004613e-05,allow
0,2.1585209e-05,allow
1,0.999969,block_ip
0,0.00034029144,allow
1,0.999782,block_ip
1,0.9998826,block_ip
1,0.9999186,block_ip
1,0.99982363,block_ip
0,4.817839e-05,allow
0,7.099117e-05,allow
1,0.99995863,block_ip
1,0.9997446,block_ip
1,0.99994385,block_ip
1,0.99997115,block_ip
0,5.6420133e-05,allow
0,3.1173626e-05,allow
0,3.2472984e-05,allow
0,2.1355416e-05,allow
1,0.9999635,block_ip
0,1.2076214e-05,allow
0,1.9988805e-05,allow
1,0.99986804,block_ip
1,0.999926,block_ip
0,1.4697841e-05,allow
1,0.9993874,block_ip
1,0.9999449,block_ip
1,0.9999653,block_ip
0,2.6020456e-05,allow
0,1.8130217e-05,allow
1,0.99992335,block_ip
0,2.0970874e-05,allow
0,1.7837687e-05,allow
0,2.3699633e-05,allow
0,2.5701307e-05,allow
0,6.626078e-05,allow
0,3.5195313e-05,allow
0,6.655106e-05,allow
1,0.99996364,block_ip
1,0.9999521,block_ip
0,2.1723403e-05,allow
0,2.3220604e-05,allow
0,1.1658885e-05,allow
0,9.780637e-06,allow
1,0.9999471,block_ip
1,0.9999627,block_ip
1,0.9997669,block_ip
1,0.9999517,block_ip
1,0.99976605,block_ip
1,0.9995548,block_ip
0,2.1297028e-05,allow
0,3.049295e-05,allow
0,1.3050641e-05,allow
0,5.619627e-05,allow
1,0.99994993,block_ip
0,1.5535405e-05,allow
0,8.49224e-05,allow
1,0.9999515,block_ip
0,6.724097e-05,allow
1,0.99996245,block_ip
1,0.9999385,block_ip
1,0.99967444,block_ip
0,3.2504246e-05,allow
0,0.00028211446,allow
1,0.9997576,block_ip
1,0.9998605,block_ip
0,2.7770922e-05,allow
1,0.9999447,block_ip
1,0.9999206,block_ip
0,1.1877251e-05,allow
0,6.373383e-05,allow
1,0.9999423,block_ip
1,0.999951,block_ip
0,4.962132e-05,allow
1,0.9999162,block_ip
0,3.8561982e-05,allow
0,2.8197672e-05,allow
1,0.9998141,block_ip
1,0.99988365,block_ip
0,1.4892409e-05,allow
0,9.574173e-06,allow
0,2.5993424e-05,allow
1,0.9997497,block_ip
0,2.631896e-05,allow
1,0.9998354,block_ip
0,3.0473764e-05,allow
1,0.99992,block_ip
0,0.0004520372,allow
1,0.99979275,block_ip
0,1.2950415e-05,allow
0,0.00039447466,allow
1,0.9999132,block_ip
0,9.234296e-06,allow
0,2.112241e-05,allow
0,1.9214263e-05,allow
0,2.2957853e-05,allow
1,0.99995613,block_ip
0,8.0266225e-05,allow
0,2.2669303e-05,allow
0,0.0005258246,allow
0,6.381027e-05,allow
0,1.9408648e-05,allow
1,0.9999647,block_ip
0,0.0045038797,allow
1,0.99994826,block_ip
1,0.9998666,block_ip
0,1.0833139e-05,allow
1,0.9999002,block_ip
0,1.4288625e-05,allow
0,2.2793887e-05,allow
0,7.15091e-05,allow
1,0.99992824,block_ip
1,0.99996245,block_ip
0,3.7239122e-05,allow
0,3.19848e-05,allow
1,0.999841,block_ip
0,3.125546e-05,allow
0,0.00014345316,allow
1,0.99994755,block_ip
0,9.539663e-05,allow
1,0.99994814,block_ip
1,0.99990964,block_ip
1,0.99987006,block_ip
1,0.9999236,block_ip
1,0.9998481,block_ip
1,0.99986684,block_ip
0,1.5013605e-05,allow
1,0.99976975,block_ip
1,0.99896276,block_ip
0,2.5452273e-05,allow
1,0.99996746,block_ip
1,0.9999509,block_ip
1,0.9998031,block_ip
0,2.002013e-05,allow
1,0.9999304,block_ip
1,0.9999521,block_ip
1,0.99918336,block_ip
1,0.99984646,block_ip
1,0.9999647,block_ip
1,0.9990213,block_ip
0,2.6943491e-05,allow
1,0.99981636,block_ip
0,0.000100811245,allow
0,0.0018527075,allow
1,0.99994457,block_ip
1,0.9999441,block_ip
0,3.8700022e-05,allow
1,0.99945575,block_ip
0,5.7945264e-05,allow
1,0.99996996,block_ip
1,0.99989605,block_ip
1,0.999902,block_ip
0,6.566384e-05,allow
1,0.99981016,block_ip
1,0.9999614,block_ip
0,5.4904816e-05,allow
0,9.420952e-06,allow
1,0.9999651,block_ip
1,0.99979395,block_ip
0,0.0008181624,allow
1,0.99987674,block_ip
1,0.9999678,block_ip
1,0.99992514,block_ip
1,0.99993634,block_ip
1,0.9998882,block_ip
0,0.00015633854,allow
1,0.999876,block_ip
0,2.9452505e-05,allow
1,0.99996257,block_ip
1,0.9999647,block_ip
0,4.3728116e-05,allow
1,0.9998275,block_ip
1,0.9999571,block_ip
1,0.9999647,block_ip
1,0.99986255,block_ip
0,9.40593e-05,allow
1,0.9999312,block_ip
1,0.99971265,block_ip
1,0.9999465,block_ip
1,0.9998913,block_ip
1,0.99991167,block_ip
1,0.99996686,block_ip
0,0.00012341494,allow
1,0.9997298,block_ip
0,6.733709e-05,allow
0,7.362075e-05,allow
0,2.4488887e-05,allow
1,0.99942756,block_ip
0,1.5545573e-05,allow
1,0.9997979,block_ip
1,0.9999596,block_ip
1,0.9994568,block_ip
1,0.99979943,block_ip
1,0.9998808,block_ip
1,0.9999497,block_ip
0,2.9424124e-05,allow
1,0.99996436,block_ip
0,3.1768574e-05,allow
1,0.99960214,block_ip
1,0.9997824,block_ip
0,0.00013482464,allow
0,2.9452058e-05,allow
1,0.9998797,block_ip
0,6.237489e-05,allow
0,1.0111103e-05,allow
1,0.99966204,block_ip
1,0.9997516,block_ip
0,2.271321e-05,allow
1,0.9999529,block_ip
1,0.999027,block_ip
1,0.99996245,block_ip
0,8.852086e-05,allow
0,3.0641444e-05,allow
1,0.9982291,block_ip
1,0.9999465,block_ip
0,0.00012044583,allow
1,0.99974304,block_ip
0,5.2544583e-05,allow
0,0.00010131767,allow
0,0.00047689988,allow
1,0.9998054,block_ip
0,9.532683e-06,allow
1,0.9998807,block_ip
1,0.999925,block_ip
1,0.9996718,block_ip
0,2.4290672e-05,allow
0,5.4033957e-05,allow
1,0.9999503,block_ip
1,0.99987364,block_ip
0,1.1589147e-05,allow
1,0.9999318,block_ip
1,0.999355,block_ip
1,0.9999062,block_ip
0,0.0004456942,allow
0,1.9988805e-05,allow
0,2.2830065e-05,allow
1,0.99988186,block_ip
1,0.9999647,block_ip
0,3.612691e-05,allow
0,0.00024801554,allow
1,0.9999502,block_ip
0,2.0966336e-05,allow
0,0.0005333353,allow
0,1.8083938e-05,allow
0,5.0866493e-05,allow
1,0.99991524,block_ip
1,0.9998696,block_ip
0,5.2992036e-05,allow
1,0.9996532,block_ip
0,1.9065685e-05,allow
0,0.00011373206,allow
0,1.2279447e-05,allow
1,0.9999298,block_ip
1,0.99993706,block_ip
1,0.99987435,block_ip
0,1.9738061e-05,allow
0,1.1827179e-05,allow
1,0.99992025,block_ip
0,2.8548635e-05,allow
1,0.9999622,block_ip
1,0.99974567,block_ip
0,0.0003672825,allow
0,1.7425547e-05,allow
1,0.99996734,block_ip
0,1.1286226e-05,allow
0,3.591599e-05,allow
1,0.9999217,block_ip
1,0.9984841,block_ip
0,2.5452273e-05,allow
0,0.00017224475,allow
0,3.8391252e-05,allow
0,4.3615917e-05,allow
1,0.9999385,block_ip
1,0.99942756,block_ip
0,3.056422e-05,allow
0,2.3856255e-05,allow
0,7.806062e-05,allow
1,0.99984145,block_ip
0,1.21248895e-05,allow
1,0.9997557,block_ip
0,1.2020946e-05,allow
0,6.216361e-05,allow
0,5.246457e-05,allow
0,1.8704792e-05,allow
1,0.99987113,block_ip
0,1.7380306e-05,allow
1,0.9999713,block_ip
0,0.0001457829,allow
0,2.6334375e-05,allow
0,6.287115e-05,allow
0,5.593099e-05,allow
0,5.459995e-05,allow
0,0.00012952123,allow
0,8.211094e-06,allow
0,1.1172581e-05,allow
0,2.789376e-05,allow
1,0.99971074,block_ip
1,0.9999509,block_ip
1,0.99983215,block_ip
0,2.1282389e-05,allow
0,4.049961e-05,allow
0,2.6931315e-05,allow
1,0.99996805,block_ip
0,1.7184753e-05,allow
1,0.99993944,block_ip
0,2.529873e-05,allow
1,0.99985766,block_ip
1,0.99975747,block_ip
0,2.3223394e-05,allow
0,7.5228694e-05,allow
0,2.917486e-05,allow
1,0.9998592,block_ip
1,0.99981123,block_ip
0,9.587907e-05,allow
1,0.9999335,block_ip
0,2.6346133e-05,allow
1,0.99988806,block_ip
0,1.9347812e-05,allow
1,0.9995436,block_ip
1,0.9998485,block_ip
0,1.0277029e-05,allow
0,0.00016385484,allow
0,0.00019059626,allow
0,3.0561743e-05,allow
0,2.0671192e-05,allow
1,0.99990356,block_ip
1,0.9999486,block_ip
1,0.99996436,block_ip
1,0.999326,block_ip
1,0.9999267,block_ip
0,6.71804e-05,allow
0,4.8168058e-05,allow
0,2.5993424e-05,allow
0,4.0676383e-05,allow
0,0.011481892,allow
1,0.99994195,block_ip
1,0.9998023,block_ip
0,1.6413072e-05,allow
1,0.99984765,block_ip
0,5.8793485e-05,allow
1,0.99995613,block_ip
1,0.99995005,block_ip
0,1.778052e-05,allow
0,0.0003464993,allow
1,0.9998871,block_ip
1,0.9999534,block_ip
1,0.999912,block_ip
1,0.99983585,block_ip
0,0.0011485055,allow
0,8.008571e-05,allow
1,0.9999528,block_ip
1,0.9999654,block_ip
1,0.9999665,block_ip
0,1.1090945e-05,allow
1,0.99984384,block_ip
1,0.99995184,block_ip
1,0.999723,block_ip
1,0.9998981,block_ip
0,4.6309648e-05,allow
0,1.6926046e-05,allow
1,0.99994564,block_ip
1,0.99996066,block_ip
0,3.699323e-05,allow
0,1.147008e-05,allow
0,6.0869206e-05,allow
0,9.780135e-05,allow
1,0.9995664,block_ip
0,2.0583988e-05,allow
1,0.99987733,block_ip
0,0.0005189288,allow
1,0.99996483,block_ip
1,0.99997115,block_ip
1,0.9991924,block_ip
0,0.00033096233,allow
1,0.99991584,block_ip
0,3.7362697e-05,allow
0,2.385487e-05,allow
0,1.4267301e-05,allow
0,2.1228632e-05,allow
1,0.9998405,block_ip
0,3.4221954e-05,allow
0,1.8199127e-05,allow
1,0.99974865,block_ip
1,0.9999149,block_ip
1,0.9999443,block_ip
1,0.99996114,block_ip
0,1.3041732e-05,allow
0,2.132662e-05,allow
0,3.6749734e-05,allow
0,1.8743487e-05,allow
1,0.9998827,block_ip
1,0.9998228,block_ip
0,9.897966e-06,allow
1,0.9999565,block_ip
1,0.99970895,block_ip
1,0.9999436,block_ip
1,0.9998066,block_ip
0,7.161877e-05,allow
0,5.4822e-05,allow
0,2.9933139e-05,allow
1,0.99990594,block_ip
0,1.702686e-05,allow
0,1.6061258e-05,allow
1,0.99987984,block_ip
0,3.0843203e-05,allow
1,0.9999485,block_ip
0,0.00025953556,allow
1,0.9999521,block_ip
1,0.9999238,block_ip
0,2.4757517e-05,allow
1,0.9999498,block_ip
1,0.99899167,block_ip
0,2.9287874e-05,allow
1,0.9995303,block_ip
0,1.2514316e-05,allow
0,2.6241645e-05,allow
0,2.7482514e-05,allow
0,3.6603953e-05,allow
1,0.9999244,block_ip
1,0.9999621,block_ip
0,2.7196427e-05,allow
0,2.9800638e-05,allow
1,0.9999435,block_ip
0,8.809397e-06,allow
0,1.9522216e-05,allow
0,9.816557e-06,allow
1,0.9999486,block_ip
0,1.9664429e-05,allow
1,0.99996495,block_ip
1,0.9999114,block_ip
0,2.5413541e-05,allow
1,0.9999018,block_ip
0,1.5819736e-05,allow
0,2.4211093e-05,allow
1,0.99965525,block_ip
1,0.99992824,block_ip
0,4.261389e-05,allow
0,2.5392463e-05,allow
0,4.0929262e-05,allow
0,0.00022079657,allow
1,0.9998629,block_ip
0,3.6220394e-05,allow
0,1.7840306e-05,allow
0,3.160467e-05,allow
0,2.559542e-05,allow
0,1.3858806e-05,allow
1,0.9997937,block_ip
1,0.99990547,block_ip
1,0.99992585,block_ip
0,3.525588e-05,allow
1,0.9999467,block_ip
0,0.0015215796,allow
1,0.9999542,block_ip
0,1.8587201e-05,allow
0,7.046952e-05,allow
0,5.6398996e-05,allow
1,0.9998944,block_ip
1,0.9994473,block_ip
1,0.9993882,block_ip
0,1.2144296e-05,allow
1,0.9999498,block_ip
0,0.00010564423,allow
1,0.999938,block_ip
0,1.6103864e-05,allow
1,0.9998894,block_ip
0,2.5204643e-05,allow
1,0.9988367,block_ip
1,0.99994564,block_ip
1,0.9999647,block_ip
0,0.00019293207,allow
0,6.7815694e-05,allow
1,0.99995255,block_ip
1,0.999627,block_ip
1,0.9999012,block_ip
1,0.99995255,block_ip
1,0.99952495,block_ip
1,0.99995875,block_ip
0,0.00016130968,allow
1,0.99988353,block_ip
0,1.9567062e-05,allow
1,0.9999646,block_ip
1,0.99996173,block_ip
0,1.0576683e-05,allow
0,2.9238561e-05,allow
1,0.9999405,block_ip
1,0.99983585,block_ip
1,0.9997695,block_ip
0,1.19156775e-05,allow
1,0.9998524,block_ip
1,0.99975246,block_ip
1,0.9998361,block_ip
0,0.0001958188,allow
0,0.0001206982,allow
0,1.4979496e-05,allow
0,0.00015244486,allow
0,5.5610075e-05,allow
0,3.878071e-05,allow
0,8.140818e-06,allow
1,0.9999659,block_ip
1,0.99994755,block_ip
1,0.9999063,block_ip
1,0.99807227,block_ip
1,0.9999486,block_ip
1,0.99996614,block_ip
1,0.9998648,block_ip
1,0.9998981,block_ip
1,0.9999467,block_ip
0,2.2838842e-05,allow
1,0.9999652,block_ip
0,1.0491283e-05,allow
1,0.9999527,block_ip
1,0.99993086,block_ip
1,0.99994457,block_ip
1,0.99991214,block_ip
1,0.9999292,block_ip
1,0.9999387,block_ip
1,0.99995005,block_ip
1,0.99956614,block_ip
0,2.7087353e-05,allow
0,8.90461e-05,allow
0,1.0327214e-05,allow
1,0.99995327,block_ip
0,1.6107782e-05,allow
0,8.962941e-05,allow
0,8.4814565e-06,allow
0,0.00011713036,allow
1,0.9999597,block_ip
0,0.00013288282,allow
0,0.00011010363,allow
0,2.3752806e-05,allow
1,0.9996227,block_ip
0,4.2589876e-05,allow
1,0.9999335,block_ip
0,1.4530821e-05,allow
1,0.9998901,block_ip
0,0.00034256783,allow
1,0.999961,block_ip
0,0.00017947234,allow
1,0.9999553,block_ip
1,0.9999335,block_ip
0,9.186556e-06,allow
0,8.842855e-06,allow
0,2.1171478e-05,allow
0,1.9054542e-05,allow
1,0.99939,block_ip
0,1.46891125e-05,allow
1,0.99860966,block_ip
1,0.9994954,block_ip
0,1.75228e-05,allow
0,2.7056474e-05,allow
0,1.179086e-05,allow
1,0.99993443,block_ip
0,1.5657353e-05,allow
0,7.4865507e-06,allow
0,2.8205202e-05,allow
0,1.3114795e-05,allow
0,8.1180864e-05,allow
0,9.105055e-05,allow
1,0.99994934,block_ip
0,1.867337e-05,allow
1,0.9996697,block_ip
0,3.631859e-05,allow
1,0.9998653,block_ip
1,0.99986994,block_ip
1,0.9999101,block_ip
0,3.4183107e-05,allow
1,0.9999186,block_ip
0,2.6412396e-05,allow
0,2.6872718e-05,allow
1,0.99995434,block_ip
1,0.99919564,block_ip
0,7.1264153e-06,allow
1,0.9998801,block_ip
0,3.288547e-05,allow
1,0.99995315,block_ip
1,0.9999418,block_ip
0,8.1845305e-05,allow
0,2.4328738e-05,allow
0,1.0858604e-05,allow
1,0.9998118,block_ip
1,0.99845076,block_ip
1,0.99994934,block_ip
1,0.999967,block_ip
1,0.9998078,block_ip
0,2.1507394e-05,allow
0,4.621008e-05,allow
0,1.744402e-05,allow
0,3.257055e-05,allow
1,0.9999447,block_ip
1,0.99985456,block_ip
0,0.00023717465,allow
1,0.9995409,block_ip
1,0.9998203,block_ip
1,0.99987304,block_ip
1,0.999655,block_ip
0,1.3606682e-05,allow
0,4.7143334e-05,allow
0,0.00018013876,allow
1,0.999943,block_ip
0,1.9985126e-05,allow
1,0.9999336,block_ip
1,0.99996126,block_ip
0,3.7344602e-05,allow
1,0.99978167,block_ip
1,0.9999429,block_ip
1,0.99994195,block_ip
0,1.849633e-05,allow
0,0.00019964574,allow
1,0.99996173,block_ip
1,0.9999088,block_ip
0,2.168234e-05,allow
0,1.953816e-05,allow
0,8.458102e-05,allow
0,3.2187087e-05,allow
0,5.3246986e-05,allow
0,2.0428948e-05,allow
0,1.0005445e-05,allow
1,0.9967546,block_ip
1,0.9998573,block_ip
0,0.0017121849,allow
1,0.9991209,block_ip
1,0.9999546,block_ip
1,0.999907,block_ip
1,0.999592,block_ip
1,0.99995375,block_ip
0,9.012187e-05,allow
1,0.99993956,block_ip
0,2.5204643e-05,allow
0,3.3543714e-05,allow
1,0.9998481,block_ip
0,6.337728e-05,allow
1,0.9998927,block_ip
1,0.9999572,block_ip
1,0.99996376,block_ip
1,0.9999224,block_ip
1,0.99927384,block_ip
0,4.0042072e-05,allow
1,0.99992156,block_ip
0,1.0348273e-05,allow
1,0.99993587,block_ip
1,0.99991155,block_ip
0,3.42075e-05,allow
0,2.9451523e-05,allow
1,0.9999492,block_ip
1,0.99995863,block_ip
0,0.0002204928,allow
0,3.8292128e-05,allow
0,3.9159957e-05,allow
1,0.99994516,block_ip
1,0.9999541,block_ip
1,0.9996785,block_ip
0,2.5165205e-05,allow
1,0.99964464,block_ip
1,0.99982244,block_ip
1,0.9999151,block_ip
1,0.9999448,block_ip
0,6.7564666e-05,allow
1,0.999882,block_ip
1,0.9997557,block_ip
1,0.9999542,block_ip
1,0.9999485,block_ip
0,4.3463122e-05,allow
1,0.99994445,block_ip
0,5.1392737e-05,allow
0,1.1287915e-05,allow
0,0.00011868686,allow
1,0.99926656,block_ip
0,2.1622747e-05,allow
0,2.3699633e-05,allow
1,0.9995486,block_ip
1,0.99993193,block_ip
1,0.9999677,block_ip
0,1.9225517e-05,allow
0,8.065077e-05,allow
0,2.0223553e-05,allow
1,0.9999008,block_ip
1,0.9999547,block_ip
0,1.738372e-05,allow
0,8.140932e-05,allow
1,0.99995625,block_ip
1,0.9999404,block_ip
0,0.00022396,allow
0,6.8218884e-05,allow
1,0.9999634,block_ip
1,0.99995553,block_ip
0,4.9567407e-05,allow
0,3.7868045e-05,allow
1,0.99980146,block_ip
0,6.7159715e-05,allow
1,0.999582,block_ip
1,0.99996936,block_ip
0,0.00048630175,allow
0,1.6694303e-05,allow
0,2.0997368e-05,allow
1,0.9998733,block_ip
0,2.6202733e-05,allow
1,0.9999188,block_ip
0,7.310181e-05,allow
1,0.999775,block_ip
0,3.6623016e-05,allow
1,0.9999151,block_ip
1,0.99995446,block_ip
1,0.99995995,block_ip
0,1.33178655e-05,allow
1,0.99993455,block_ip
1,0.99989235,block_ip
0,3.0182233e-05,allow
0,4.1890962e-05,allow
0,1.6892425e-05,allow
0,3.6586644e-05,allow
0,9.145605e-05,allow
1,0.99992883,block_ip
0,5.0028328e-05,allow
0,1.4412436e-05,allow
1,0.9997118,block_ip
1,0.99995255,block_ip
0,1.0850467e-05,allow
1,0.99978596,block_ip
1,0.9998641,block_ip
1,0.99986255,block_ip
0,0.00017291663,allow
0,0.00011117342,allow
1,0.9997497,block_ip
0,0.00011580941,allow
0,6.163502e-05,allow
0,3.2713684e-05,allow
1,0.99994814,block_ip
0,0.00014332408,allow
1,0.9993358,block_ip
1,0.99963665,block_ip
1,0.9999063,block_ip
1,0.99986863,block_ip
1,0.9999658,block_ip
0,2.8123066e-05,allow
0,2.025092e-05,allow
1,0.9998822,block_ip
0,1.6610502e-05,allow
1,0.99939764,block_ip
0,2.7700196e-05,allow
0,0.0001730372,allow
1,0.99993396,block_ip
0,2.6633737e-05,allow
0,3.3063516e-05,allow
1,0.9999604,block_ip
1,0.99986374,block_ip
1,0.99987566,block_ip
0,6.8809444e-05,allow
0,2.010184e-05,allow
1,0.9994905,block_ip
1,0.9999529,block_ip
1,0.99991274,block_ip
1,0.9998976,block_ip
1,0.99989915,block_ip
0,0.00013942813,allow
1,0.9999696,block_ip
0,3.171351e-05,allow
0,2.9479566e-05,allow
1,0.9999169,block_ip
1,0.99996614,block_ip
1,0.99933845,block_ip
1,0.9996575,block_ip
0,2.9889467e-05,allow
0,0.00011221345,allow
1,0.99994373,block_ip
1,0.99985206,block_ip
0,2.5357736e-05,allow
1,0.999821,block_ip
1,0.99996066,block_ip
1,0.9985929,block_ip
1,0.99971217,block_ip
0,1.2228752e-05,allow
0,1.8587201e-05,allow
1,0.9995345,block_ip
1,0.9997795,block_ip
1,0.99995565,block_ip
1,0.99996877,block_ip
0,0.00044701874,allow
0,7.356643e-05,allow
0,1.5690357e-05,allow
1,0.9999486,block_ip
1,0.9998903,block_ip
1,0.99995327,block_ip
1,0.9998739,block_ip
1,0.99991775,block_ip
1,0.9998559,block_ip
0,3.377154e-05,allow
0,5.8287875e-05,allow
0,9.469476e-05,allow
1,0.9999647,block_ip
0,1.2083288e-05,allow
1,0.99996054,block_ip
1,0.9999099,block_ip
1,0.9997538,block_ip
0,4.380821e-05,allow
0,2.3270972e-05,allow
0,6.415776e-05,allow
0,0.00015007218,allow
1,0.9960608,block_ip
1,0.9999504,block_ip
0,8.289932e-06,allow
1,0.999881,block_ip
1,0.9999571,block_ip
1,0.9996916,block_ip
0,2.254237e-05,allow
0,2.3102786e-05,allow
1,0.9999485,block_ip
0,2.0360543e-05,allow
0,1.2288924e-05,allow
0,1.12422895e-05,allow
1,0.9999232,block_ip
0,0.00023817175,allow
1,0.99888474,block_ip
0,5.1017334e-05,allow
0,0.0002763736,allow
1,0.99977845,block_ip
0,4.344464e-05,allow
0,1.7751563e-05,allow
0,0.00020812663,allow
0,1.8115888e-05,allow
0,9.994862e-05,allow
0,8.373325e-05,allow
0,2.4290672e-05,allow
1,0.9999113,block_ip
0,2.2526832e-05,allow
0,3.8204988e-05,allow
0,1.0175605e-05,allow
1,0.9999385,block_ip
1,0.99995303,block_ip
1,0.99962807,block_ip
0,2.5480835e-05,allow
1,0.99959534,block_ip
1,0.9999075,block_ip
1,0.9999515,block_ip
1,0.99995697,block_ip
0,2.6947193e-05,allow
0,4.100658e-05,allow
1,0.9998728,block_ip
1,0.99993455,block_ip
0,1.3223214e-05,allow
1,0.9998766,block_ip
0,6.9502086e-05,allow
1,0.9981571,block_ip
0,1.0943131e-05,allow
1,0.99993634,block_ip
0,2.2375012e-05,allow
1,0.9998696,block_ip
1,0.99909914,block_ip
0,2.706321e-05,allow
1,0.9999069,block_ip
0,1.28780475e-05,allow
1,0.9999312,block_ip
0,2.5214957e-05,allow
0,2.8892917e-05,allow
0,2.5935185e-05,allow
1,0.9999517,block_ip
1,0.9999292,block_ip
1,0.99992585,block_ip
0,3.150008e-05,allow
0,0.00016853701,allow
0,0.004960529,allow
0,6.643711e-05,allow
1,0.9999434,block_ip
0,9.603124e-06,allow
0,9.178579e-06,allow
0,3.6554455e-05,allow
0,3.035728e-05,allow
0,9.461008e-06,allow
0,1.8393604e-05,allow
0,6.293089e-05,allow
0,0.00040522387,allow
0,1.9869241e-05,allow
1,0.9998319,block_ip
0,1.8449313e-05,allow
0,1.9064611e-05,allow
0,2.1598593e-05,allow
0,2.330995e-05,allow
1,0.9998765,block_ip
0,1.3305856e-05,allow
0,0.00010527687,allow
0,1.8517247e-05,allow
1,0.9999169,block_ip
1,0.99952817,block_ip
1,0.99995077,block_ip
1,0.99994314,block_ip
0,2.5354715e-05,allow
0,4.1432402e-05,allow
1,0.99993455,block_ip
1,0.9998516,block_ip
0,7.903993e-06,allow
0,5.159407e-05,allow
0,2.7758877e-05,allow
1,0.99972445,block_ip
1,0.9999012,block_ip
1,0.9998915,block_ip
1,0.99995303,block_ip
0,1.7729197e-05,allow
1,0.9999095,block_ip
1,0.99995565,block_ip
1,0.99993277,block_ip
1,0.9999517,block_ip
0,0.00017317932,allow
0,3.2088614e-05,allow
1,0.99991894,block_ip
0,1.7612045e-05,allow
1,0.9999043,block_ip
1,0.99996257,block_ip
1,0.99986184,block_ip
0,3.4970457e-05,allow
0,4.6680096e-05,allow
1,0.9999509,block_ip
0,6.7926565e-05,allow
0,1.3017701e-05,allow
0,3.4013916e-05,allow
1,0.9999598,block_ip
0,1.5107348e-05,allow
1,0.99996114,block_ip
1,0.996594,block_ip
0,2.956902e-05,allow
0,1.8670005e-05,allow
0,1.6220481e-05,allow
1,0.9996106,block_ip
0,3.94792e-05,allow
0,1.9419516e-05,allow
0,1.1163209e-05,allow
0,1.4145141e-05,allow
1,0.9999517,block_ip
0,6.4728105e-05,allow
0,3.129796e-05,allow
1,0.9999342,block_ip
1,0.9999615,block_ip
0,2.5106958e-05,allow
0,2.342217e-05,allow
1,0.9991147,block_ip
0,7.880593e-05,allow
1,0.99958926,block_ip
0,3.1705647e-05,allow
1,0.9999715,block_ip
0,8.979616e-06,allow
0,0.00024706768,allow
1,0.9999155,block_ip
1,0.9999665,block_ip
0,1.0005102e-05,allow
1,0.99958056,block_ip
0,1.989575e-05,allow
0,4.9877417e-05,allow
0,6.5267974e-05,allow
0,5.4886077e-05,allow
0,2.5638492e-05,allow
1,0.9998708,block_ip
0,2.3433162e-05,allow
0,2.5289948e-05,allow
0,2.4190967e-05,allow
0,1.6114956e-05,allow
0,4.4727458e-05,allow
0,3.4374996e-05,allow
1,0.9998658,block_ip
1,0.99979097,block_ip
0,0.0021197058,allow
1,0.9998865,block_ip
0,2.6170517e-05,allow
1,0.9998518,block_ip
1,0.9997954,block_ip
0,2.4089282e-05,allow
0,0.0021543498,allow
1,0.9999565,block_ip
0,0.00010028142,allow
0,1.9369227e-05,allow
1,0.999956,block_ip
1,0.999813,block_ip
0,1.3156334e-05,allow
1,0.9999325,block_ip
1,0.99996424,block_ip
1,0.99996996,block_ip
1,0.9999355,block_ip
0,3.6893103e-05,allow
1,0.9999684,block_ip
1,0.999943,block_ip
0,4.0004208e-05,allow
1,0.99996567,block_ip
1,0.99987054,block_ip
0,2.533579e-05,allow
0,2.4735193e-05,allow
1,0.9998938,block_ip
0,9.615744e-06,allow
0,1.5942793e-05,allow
0,0.00010730831,allow
1,0.99990904,block_ip
1,0.9999335,block_ip
0,0.00039656518,allow
1,0.999933,block_ip
1,0.999969,block_ip
0,0.000419861,allow
0,1.2505679e-05,allow
0,1.27913645e-05,allow
0,8.21208e-05,allow
0,7.407561e-05,allow
1,0.99989295,block_ip
0,2.7793207e-05,allow
1,0.9999511,block_ip
0,1.6263479e-05,allow
1,0.999918,block_ip
1,0.9999672,block_ip
1,0.99991477,block_ip
1,0.99987805,block_ip
0,9.16171e-05,allow
0,9.439553e-05,allow
0,1.8697088e-05,allow
1,0.9998362,block_ip
0,2.2993547e-05,allow
0,4.319133e-05,allow
0,2.4468134e-05,allow
0,9.208213e-06,allow
0,0.00047460516,allow
0,0.00018539112,allow
1,0.99955577,block_ip
1,0.99973387,block_ip
1,0.998789,block_ip
1,0.99995375,block_ip
1,0.99994636,block_ip
1,0.99987876,block_ip
0,0.00029061988,allow
0,1.4317664e-05,allow
1,0.99993706,block_ip
1,0.99970776,block_ip
1,0.9999598,block_ip
0,3.425735e-05,allow
1,0.9963876,block_ip
1,0.99993503,block_ip
1,0.5175084,allow
1,0.9999385,block_ip
1,0.9999535,block_ip
1,0.9999267,block_ip
1,0.99983346,block_ip
1,0.99986374,block_ip
1,0.99796706,block_ip
0,4.270017e-05,allow
0,2.3927272e-05,allow
0,9.256285e-06,allow
0,0.00026223506,allow
1,0.99990964,block_ip
0,0.0002681053,allow
0,1.1452482e-05,allow
1,0.9999167,block_ip
1,0.9998171,block_ip
1,0.99994373,block_ip
1,0.99996424,block_ip
0,1.6892425e-05,allow
1,0.999908,block_ip
0,1.543328e-05,allow
0,9.641312e-05,allow
0,0.0003033905,allow
0,3.7029444e-05,allow
0,2.306349e-05,allow
1,0.99995923,block_ip
1,0.9998099,block_ip
0,1.750745e-05,allow
0,0.00044850665,allow
0,3.8944294e-05,allow
0,8.983297e-05,allow
0,1.7148719e-05,allow
0,4.4540175e-05,allow
0,3.2288786e-05,allow
0,2.8576009e-05,allow
0,1.9254692e-05,allow
1,0.99995697,block_ip
0,5.6482957e-05,allow
1,0.9997737,block_ip
0,3.5007124e-05,allow
1,0.9999572,block_ip
0,1.5617044e-05,allow
0,0.00012022839,allow
0,1.3966887e-05,allow
0,6.0010894e-05,allow
0,0.00020205101,allow
1,0.99996245,block_ip
0,5.022484e-05,allow
0,1.9860207e-05,allow
1,0.9998455,block_ip
1,0.99977785,block_ip
1,0.99991953,block_ip
0,2.1559883e-05,allow
0,2.4290672e-05,allow
1,0.99992466,block_ip
0,1.3755337e-05,allow
0,0.00014515496,allow
1,0.9999486,block_ip
0,1.5082142e-05,allow
0,0.00013648746,allow
1,0.9997582,block_ip
1,0.9999566,block_ip
0,2.0448555e-05,allow
1,0.9998462,block_ip
1,0.9998853,block_ip
1,0.99982435,block_ip
1,0.99996936,block_ip
0,7.427302e-05,allow
1,0.9999498,block_ip
1,0.99996865,block_ip
1,0.9999579,block_ip
1,0.9999014,block_ip
1,0.9999387,block_ip
0,9.586161e-06,allow
0,1.9732415e-05,allow
1,0.9999447,block_ip
0,8.180369e-06,allow
1,0.99991345,block_ip
0,2.8803395e-05,allow
0,4.560006e-05,allow
0,1.0929291e-05,allow
0,3.732292e-05,allow
1,0.9999312,block_ip
1,0.9999201,block_ip
0,0.0070378697,allow
0,1.2678372e-05,allow
1,0.9998666,block_ip
0,1.836733e-05,allow
1,0.99987626,block_ip
0,0.0001829813,allow
1,0.994645,block_ip
0,7.5120945e-05,allow
0,5.8045865e-05,allow
0,1.1809259e-05,allow
0,9.1527945e-05,allow
0,3.845189e-05,allow
1,0.9999685,block_ip
0,2.949945e-05,allow
1,0.99993944,block_ip
1,0.9999187,block_ip
1,0.9999095,block_ip
1,0.99996257,block_ip
0,9.775555e-06,allow
0,1.1952096e-05,allow
1,0.99977213,block_ip
0,1.0330515e-05,allow
0,8.486659e-06,allow
1,0.9999558,block_ip
1,0.9999602,block_ip
1,0.9998646,block_ip
0,3.807855e-05,allow
1,0.9999107,block_ip
1,0.99993885,block_ip
1,0.9999466,block_ip
1,0.9999509,block_ip
0,1.8793478e-05,allow
1,0.9999174,block_ip
0,1.8090994e-05,allow
0,7.1235822e-06,allow
0,1.9634672e-05,allow
1,0.9997038,block_ip
0,1.0785534e-05,allow
1,0.99996626,block_ip
1,0.9999492,block_ip
1,0.9999509,block_ip
1,0.9999428,block_ip
0,3.6625148e-05,allow
1,0.9999521,block_ip
0,0.0006078204,allow
1,0.99993026,block_ip
0,0.00039219487,allow
0,9.713571e-06,allow
1,0.9997682,block_ip
1,0.9998387,block_ip
1,0.9999546,block_ip
1,0.9995814,block_ip
1,0.99957424,block_ip
0,3.2867818e-05,allow
0,3.274689e-05,allow
1,0.99989307,block_ip
1,0.984985,block_ip
1,0.99994254,block_ip
0,0.0001804549,allow
0,0.00013064404,allow
1,0.99994564,block_ip
1,0.99995494,block_ip
1,0.99995244,block_ip
1,0.9998105,block_ip
0,3.4500943e-05,allow
1,0.9999386,block_ip
1,0.99992955,block_ip
0,3.1532058e-05,allow
1,0.99990857,block_ip
1,0.99994147,block_ip
1,0.99975413,block_ip
1,0.99983037,block_ip
0,1.7542547e-05,allow
0,1.3280868e-05,allow
1,0.9999398,block_ip
1,0.99990964,block_ip
1,0.9998739,block_ip
1,0.99994564,block_ip
0,2.9107332e-05,allow
0,3.673989e-05,allow
1,0.99995935,block_ip
0,1.4017301e-05,allow
0,1.1097135e-05,allow
1,0.9999534,block_ip
1,0.99995494,block_ip
1,0.9999125,block_ip
0,1.1877693e-05,allow
0,3.0643314e-05,allow
0,1.510212e-05,allow
1,0.9999156,block_ip
1,0.99992514,block_ip
1,0.99994695,block_ip
1,0.999814,block_ip
1,0.99996734,block_ip
1,0.99993086,block_ip
0,0.0001252497,allow
0,1.08569775e-05,allow
0,1.2170464e-05,allow
1,0.99985445,block_ip
1,0.99992657,block_ip
0,4.583462e-05,allow
1,0.99925274,block_ip
0,7.3207398e-06,allow
1,0.999956,block_ip
1,0.9999248,block_ip
0,5.8041376e-05,allow
1,0.9998987,block_ip
1,0.99996567,block_ip
0,2.5775238e-05,allow
0,1.473152e-05,allow
0,4.4187254e-05,allow
1,0.99978846,block_ip
0,1.2142559e-05,allow
1,0.9998661,block_ip
0,1.9035708e-05,allow
0,1.8505682e-05,allow
1,0.99965227,block_ip
1,0.9999404,block_ip
1,0.99989796,block_ip
1,0.9998667,block_ip
1,0.99994373,block_ip
1,0.9999405,block_ip
1,0.99989045,block_ip
0,3.545738e-05,allow
0,0.0001377828,allow
1,0.99995077,block_ip
0,1.4722799e-05,allow
0,3.884048e-05,allow
0,7.6934084e-05,allow
0,1.9369227e-05,allow
1,0.999863,block_ip
1,0.9998653,block_ip
0,7.042773e-05,allow
0,0.00013653653,allow
1,0.9999627,block_ip
0,1.3716432e-05,allow
0,2.6823047e-05,allow
1,0.9999652,block_ip
0,2.6948734e-05,allow
0,1.4411199e-05,allow
1,0.9999232,block_ip
1,0.99991393,block_ip
1,0.9962244,block_ip
1,0.99987006,block_ip
0,2.5611902e-05,allow
1,0.9999639,block_ip
1,0.9988914,block_ip
1,0.99966025,block_ip
1,0.9999217,block_ip
1,0.9999498,block_ip
1,0.99987674,block_ip
0,4.1890962e-05,allow
1,0.9998659,block_ip
0,2.1361098e-05,allow
0,1.7030774e-05,allow
1,0.99992585,block_ip
0,0.00033747588,allow
1,0.9999169,block_ip
1,0.999967,block_ip
0,1.2126879e-05,allow
1,0.999923,block_ip
1,0.9999416,block_ip
1,0.99994993,block_ip
1,0.99990857,block_ip
0,0.00012471472,allow
0,2.8400913e-05,allow
1,0.99994385,block_ip
0,2.6287757e-05,allow
0,4.6068046e-05,allow
0,0.00017501446,allow
0,0.00093418075,allow
0,3.5541096e-05,allow
1,0.9999224,block_ip
0,1.97788e-05,allow
0,4.2369826e-05,allow
1,0.99992275,block_ip
0,2.6584636e-05,allow
1,0.9999387,block_ip
1,0.9999474,block_ip
0,9.316595e-06,allow
1,0.9999212,block_ip
1,0.99994564,block_ip
1,0.9999248,block_ip
1,0.9999293,block_ip
1,0.9998461,block_ip
1,0.99994385,block_ip
1,0.9998964,block_ip
0,0.0023923705,allow
1,0.99992275,block_ip
0,2.0852834e-05,allow
1,0.99947685,block_ip
1,0.9999366,block_ip
1,0.9999448,block_ip
1,0.99993694,block_ip
1,0.9999107,block_ip
1,0.9995857,block_ip
0,1.5897427e-05,allow
0,2.5210147e-05,allow
1,0.9998049,block_ip
0,0.00010122323,allow
1,0.9999572,block_ip
0,1.6369147e-05,allow
1,0.9997658,block_ip
0,0.0022027139,allow
1,0.9999558,block_ip
1,0.9997756,block_ip
0,0.00016425122,allow
1,0.9999267,block_ip
1,0.99991274,block_ip
0,0.00016267606,allow
1,0.9997757,block_ip
0,2.2879105e-05,allow
1,0.99987936,block_ip
0,1.4620504e-05,allow
0,4.7340254e-05,allow
1,0.99986374,block_ip
0,2.3500881e-05,allow
1,0.99996233,block_ip
1,0.99996686,block_ip
1,0.99996066,block_ip
1,0.9999485,block_ip
0,0.0007922043,allow
0,0.00017213261,allow
1,0.9998764,block_ip
1,0.99993217,block_ip
1,0.9999459,block_ip
0,5.401912e-05,allow
0,2.890311e-05,allow
0,8.838564e-06,allow
1,0.99995816,block_ip
0,1.9763074e-05,allow
0,5.3960528e-05,allow
0,2.1154807e-05,allow
0,5.828426e-05,allow
1,0.9998216,block_ip
0,3.592411e-05,allow
1,0.99994564,block_ip
0,5.3877848e-05,allow
0,2.22416e-05,allow
0,2.0519603e-05,allow
0,2.8571865e-05,allow
1,0.99994755,block_ip
1,0.9999212,block_ip
1,0.99993,block_ip
0,2.1079468e-05,allow
1,0.99896264,block_ip
1,0.99994814,block_ip
0,8.2535435e-06,allow
0,2.050953e-05,allow
1,0.99792176,block_ip
1,0.9999335,block_ip
0,2.5131414e-05,allow
0,2.8189148e-05,allow
1,0.9999479,block_ip
1,0.9999167,block_ip
1,0.99946684,block_ip
1,0.9996655,block_ip
1,0.9999652,block_ip
0,4.185678e-05,allow
1,0.99935716,block_ip
1,0.9999677,block_ip
0,1.1992526e-05,allow
0,1.3861581e-05,allow
0,3.7274298e-05,allow
0,1.4645163e-05,allow
1,0.9999238,block_ip
0,3.9927756e-05,allow
0,3.2461e-05,allow
0,2.4093762e-05,allow
1,0.99993694,block_ip
0,8.375122e-05,allow
0,4.044218e-05,allow
1,0.9999597,block_ip
1,0.99993825,block_ip
1,0.9999652,block_ip
1,0.99988914,block_ip
0,8.4290754e-05,allow
0,0.0022202197,allow
0,2.1144499e-05,allow
1,0.999964,block_ip
0,0.0003283084,allow
1,0.99989676,block_ip
0,2.4535895e-05,allow
1,0.9999212,block_ip
1,0.9999647,block_ip
1,0.99993086,block_ip
0,2.5452273e-05,allow
1,0.9999163,block_ip
1,0.99996436,block_ip
0,3.69915e-05,allow
0,4.3490858e-05,allow
1,0.99981815,block_ip
0,5.3014122e-05,allow
1,0.99993694,block_ip
0,0.0008104754,allow
1,0.9999536,block_ip
1,0.9998716,block_ip
1,0.9996101,block_ip
1,0.99989986,block_ip
1,0.99961936,block_ip
1,0.9999347,block_ip
1,0.9997626,block_ip
1,0.99992704,block_ip
0,2.2657028e-05,allow
1,0.99995935,block_ip
0,1.7454637e-05,allow
0,0.00031826645,allow
1,0.9997048,block_ip
0,3.0066572e-05,allow
0,1.5398216e-05,allow
1,0.999959,block_ip
1,0.99932694,block_ip
1,0.9999671,block_ip
0,1.29769705e-05,allow
0,0.00015476499,allow
0,0.00013629979,allow
0,8.412284e-06,allow
0,1.6262022e-05,allow
0,5.5913442e-05,allow
1,0.9999596,block_ip
0,3.1276715e-05,allow
1,0.9999502,block_ip
0,2.5993424e-05,allow
0,2.193543e-05,allow
1,0.9999255,block_ip
1,0.9999484,block_ip
0,3.0320969e-05,allow
1,0.9999201,block_ip
0,0.00018852798,allow
0,4.621193e-05,allow
0,3.6202815e-05,allow
0,6.547956e-05,allow
0,3.9174713e-05,allow
0,7.4653476e-06,allow
0,1.8538432e-05,allow
1,0.9999244,block_ip
0,0.0021270532,allow
1,0.99977,block_ip
1,0.999905,block_ip
0,9.9943545e-06,allow
1,0.99990165,block_ip
1,0.99976474,block_ip
1,0.9998764,block_ip
0,1.4992372e-05,allow
0,2.6998405e-05,allow
0,1.939958e-05,allow
1,0.9995035,block_ip
1,0.9996942,block_ip
0,0.0010949402,allow
1,0.9999479,block_ip
1,0.9999223,block_ip
1,0.99992716,block_ip
0,0.00038397242,allow
1,0.9999473,block_ip
0,0.00010579121,allow
0,1.353537e-05,allow
0,1.8703937e-05,allow
1,0.999946,block_ip
0,8.233055e-05,allow
1,0.99984777,block_ip
1,0.99989295,block_ip
0,1.508584e-05,allow
1,0.9999385,block_ip
0,5.0203245e-05,allow
1,0.99989367,block_ip
0,9.938541e-05,allow
1,0.99995005,block_ip
1,0.9997495,block_ip
1,0.9999647,block_ip
1,0.99992645,block_ip
1,0.9994735,block_ip
0,0.00015164299,allow
0,1.5570662e-05,allow
1,0.9999026,block_ip
1,0.99988365,block_ip
1,0.99966645,block_ip
1,0.9999583,block_ip
1,0.9999387,block_ip
1,0.9999366,block_ip
1,0.9993112,block_ip
1,0.99996996,block_ip
0,3.386232e-05,allow
0,2.1921334e-05,allow
1,0.99991655,block_ip
0,2.5971494e-05,allow
1,0.99993503,block_ip
0,4.2370917e-05,allow
0,1.530611e-05,allow
1,0.99993575,block_ip
1,0.9999701,block_ip
0,5.133024e-05,allow
1,0.99992585,block_ip
0,4.2662967e-05,allow
0,1.3179717e-05,allow
0,3.281373e-05,allow
1,0.99994564,block_ip
0,0.00013115379,allow
0,1.0576269e-05,allow
1,0.99993384,block_ip
0,0.00011313184,allow
1,0.99993396,block_ip
1,0.99993575,block_ip
1,0.9999652,block_ip
1,0.999933,block_ip
0,5.5884393e-05,allow
0,7.097208e-05,allow
1,0.9998109,block_ip
0,0.00012368402,allow
1,0.9999485,block_ip
1,0.9998417,block_ip
0,4.7225723e-05,allow
0,0.0002634309,allow
0,8.9552006e-05,allow
0,0.000255721,allow
0,0.00021085973,allow
1,0.9993173,block_ip
1,0.99970967,block_ip
0,0.00040188734,allow
1,0.99991345,block_ip
1,0.9998884,block_ip
1,0.9994506,block_ip
1,0.99968386,block_ip
1,0.9999224,block_ip
1,0.9999502,block_ip
1,0.99995923,block_ip
0,1.6258331e-05,allow
0,7.888248e-05,allow
0,0.00017555179,allow
1,0.9999424,block_ip
1,0.9999672,block_ip
1,0.9999492,block_ip
0,4.9612856e-05,allow
0,0.00021264309,allow
0,2.6616422e-05,allow
1,0.99995506,block_ip
1,0.9998616,block_ip
0,1.920219e-05,allow
1,0.9999639,block_ip
0,2.3936358e-05,allow
1,0.9998228,block_ip
1,0.9999627,block_ip
0,1.1951379e-05,allow
0,3.301433e-05,allow
0,8.5059284e-05,allow
1,0.99990475,block_ip
0,4.8603033e-05,allow
0,1.6827018e-05,allow
1,0.99984384,block_ip
1,0.9999498,block_ip
1,0.9999484,block_ip
1,0.99994564,block_ip
0,1.6501512e-05,allow
0,1.562199e-05,allow
1,0.99996674,block_ip
1,0.999902,block_ip
0,8.575588e-05,allow
0,2.1255513e-05,allow
0,0.00047500274,allow
0,1.52039265e-05,allow
0,6.7587025e-05,allow
0,0.000103994535,allow
0,1.7828077e-05,allow
1,0.99747306,block_ip
0,0.00023656397,allow
1,0.9999516,block_ip
0,9.695689e-06,allow
1,0.99995005,block_ip
0,9.1816764e-05,allow
0,2.2165415e-05,allow
1,0.99994445,block_ip
0,5.4525233e-05,allow
1,0.99992704,block_ip
1,0.99995196,block_ip
1,0.9999378,block_ip
0,2.5452273e-05,allow
0,2.6757338e-05,allow
0,0.020643396,allow
0,0.0044543156,allow
0,2.9696863e-05,allow
0,1.8186513e-05,allow
1,0.9998778,block_ip
0,3.7418893e-05,allow
0,1.9514493e-05,allow
1,0.99995005,block_ip
1,0.99995446,block_ip
1,0.99984074,block_ip
0,3.0310877e-05,allow
0,1.16098445e-05,allow
0,2.8725053e-05,allow
0,0.00011328633,allow
0,0.0033180725,allow
1,0.9997882,block_ip
0,1.8489101e-05,allow
1,0.99996376,block_ip
0,6.80874e-05,allow
1,0.99987745,block_ip
0,2.5067673e-05,allow
1,0.9998098,block_ip
0,2.5970181e-05,allow
0,0.0002079495,allow
1,0.9999262,block_ip
1,0.999959,block_ip
1,0.9999219,block_ip
0,0.00035396765,allow
1,0.99990404,block_ip
0,3.8557202e-05,allow
0,3.6887195e-05,allow
1,0.9997689,block_ip
0,2.0280218e-05,allow
1,0.9999515,block_ip
1,0.99984646,block_ip
0,1.6096803e-05,allow
1,0.99982494,block_ip
1,0.99994695,block_ip
0,2.5165205e-05,allow
1,0.9999566,block_ip
0,1.264502e-05,allow
1,0.9999523,block_ip
1,0.99995697,block_ip
0,7.671781e-06,allow
1,0.99987006,block_ip
0,0.00018679145,allow
1,0.99994886,block_ip
1,0.99991715,block_ip
1,0.9998275,block_ip
1,0.999961,block_ip
1,0.9996147,block_ip
0,5.2534513e-05,allow
1,0.9997756,block_ip
1,0.9999114,block_ip
0,2.0199384e-05,allow
1,0.99993885,block_ip
1,0.99995756,block_ip
0,2.3020028e-05,allow
1,0.9999585,block_ip
1,0.99977523,block_ip
0,0.0007869439,allow
1,0.99992967,block_ip
1,0.9999242,block_ip
0,1.4868724e-05,allow
1,0.9999201,block_ip
0,4.075116e-05,allow
0,1.6367727e-05,allow
1,0.9998908,block_ip
1,0.9999169,block_ip
0,1.4355194e-05,allow
1,0.99976796,block_ip
1,0.9998845,block_ip
0,1.720182e-05,allow
0,2.5559442e-05,allow
0,0.0005956449,allow
1,0.99995315,block_ip
1,0.9998975,block_ip
0,2.2539038e-05,allow
1,0.9999521,block_ip
1,0.99994755,block_ip
0,1.6343145e-05,allow
0,4.806747e-05,allow
0,1.8152707e-05,allow
1,0.9999554,block_ip
1,0.99982554,block_ip
1,0.9999459,block_ip
1,0.99995923,block_ip
1,0.99993706,block_ip
1,0.9999523,block_ip
1,0.99979705,block_ip
1,0.99994934,block_ip
1,0.9998832,block_ip
0,2.254237e-05,allow
0,2.4149178e-05,allow
1,0.9999486,block_ip
0,0.00020106704,allow
1,0.9998273,block_ip
0,1.5096244e-05,allow
0,5.9930087e-05,allow
0,7.78066e-06,allow
1,0.9992918,block_ip
0,2.9523486e-05,allow
0,0.00018315043,allow
0,3.314762e-05,allow
0,3.377154e-05,allow
0,3.0406592e-05,allow
0,1.1821992e-05,allow
1,0.99982435,block_ip
1,0.9999423,block_ip
1,0.9997218,block_ip
0,4.9997183e-05,allow
1,0.9999589,block_ip
0,1.577573e-05,allow
1,0.99986804,block_ip
0,2.1662683e-05,allow
0,2.6801827e-05,allow
1,0.9992539,block_ip
1,0.9999082,block_ip
0,2.8260312e-05,allow
1,0.99988747,block_ip
0,1.1903843e-05,allow
0,9.264013e-05,allow
1,0.99901426,block_ip
0,2.8620952e-05,allow
1,0.9999368,block_ip
1,0.9999006,block_ip
1,0.99989307,block_ip
0,3.8911476e-05,allow
1,0.99996567,block_ip
1,0.9999325,block_ip
0,0.00080573116,allow
1,0.999967,block_ip
0,2.8067525e-05,allow
0,2.5851303e-05,allow
1,0.9998739,block_ip
1,0.9997787,block_ip
1,0.9999206,block_ip
1,0.999964,block_ip
1,0.99939966,block_ip
0,2.9626231e-05,allow
0,9.88167e-05,allow
0,8.884856e-05,allow
1,0.99995327,block_ip
1,0.9999516,block_ip
1,0.9999348,block_ip
1,0.99995744,block_ip
1,0.99985623,block_ip
1,0.9998611,block_ip
0,0.0001538834,allow
1,0.9999256,block_ip
1,0.9999658,block_ip
0,8.451701e-05,allow
1,0.9999652,block_ip
0,3.0635307e-05,allow
1,0.99990165,block_ip
0,0.000221802,allow
0,1.537852e-05,allow
1,0.99983263,block_ip
0,7.390706e-06,allow
0,0.0018609114,allow
0,2.5021052e-05,allow
1,0.9999304,block_ip
1,0.99992347,block_ip
0,1.4606917e-05,allow
0,7.9240745e-05,allow
0,1.3150815e-05,allow
1,0.9999528,block_ip
1,0.9998696,block_ip
0,3.884507e-05,allow
1,0.99984646,block_ip
1,0.99992514,block_ip
0,1.4726463e-05,allow
0,0.00023296832,allow
1,0.9999305,block_ip
1,0.99989617,block_ip
1,0.9999386,block_ip
1,0.9997968,block_ip
1,0.9999614,block_ip
1,0.9999585,block_ip
0,0.0001222064,allow
1,0.99851483,block_ip
1,0.99995327,block_ip
1,0.99983215,block_ip
0,0.00011313184,allow
0,0.00028426878,allow
0,2.3354029e-05,allow
0,3.8807346e-05,allow
0,8.983377e-06,allow
0,2.7463102e-05,allow
0,4.065439e-05,allow
1,0.99996674,block_ip
0,0.0011510618,allow
1,0.99972135,block_ip
1,0.99994075,block_ip
0,1.4955615e-05,allow
0,1.4644339e-05,allow
1,0.99982244,block_ip
0,3.1919255e-05,allow
0,2.0094862e-05,allow
0,0.00013622288,allow
0,2.2513454e-05,allow
1,0.9999343,block_ip
1,0.9999627,block_ip
0,1.9369227e-05,allow
1,0.9996848,block_ip
0,3.280356e-05,allow
0,0.00029798772,allow
1,0.99996245,block_ip
1,0.9999521,block_ip
1,0.9999267,block_ip
1,0.9999385,block_ip
1,0.9998883,block_ip
0,2.7635791e-05,allow
1,0.99994683,block_ip
0,1.761191e-05,allow
0,1.8063358e-05,allow
0,3.837039e-05,allow
1,0.9994717,block_ip
1,0.9999422,block_ip
1,0.99962735,block_ip
0,4.5818142e-05,allow
1,0.99974626,block_ip
0,2.2672979e-05,allow
0,1.3682085e-05,allow
1,0.99994123,block_ip
1,0.99966514,block_ip
1,0.999782,block_ip
1,0.99992263,block_ip
1,0.99996006,block_ip
0,4.35265e-05,allow
0,2.7095257e-05,allow
0,2.997816e-05,allow
1,0.9996878,block_ip
1,0.9997205,block_ip
0,1.15360535e-05,allow
1,0.99996805,block_ip
1,0.9999634,block_ip
0,2.1364218e-05,allow
1,0.9997048,block_ip
0,9.601916e-06,allow
0,3.8549737e-05,allow
1,0.9999578,block_ip
0,0.00034243346,allow
0,6.73658e-05,allow
0,4.3205295e-05,allow
1,0.99973863,block_ip
1,0.99995685,block_ip
1,0.99995613,block_ip
0,1.7870974e-05,allow
1,0.9999658,block_ip
0,6.084692e-05,allow
1,0.99984074,block_ip
0,2.2298731e-05,allow
0,4.6001143e-05,allow
0,1.8725335e-05,allow
0,0.00011675033,allow
1,0.9994778,block_ip
0,1.992769e-05,allow
0,1.714823e-05,allow
0,1.0099047e-05,allow
0,1.6776912e-05,allow
0,0.00050602684,allow
0,5.8405112e-05,allow
0,8.133438e-06,allow
0,0.00026034773,allow
0,0.0003083113,allow
0,2.1469523e-05,allow
0,2.8197534e-05,allow
0,2.4026855e-05,allow
1,0.99986887,block_ip
1,0.9999454,block_ip
0,0.00049445545,allow
1,0.9999517,block_ip
0,2.3880884e-05,allow
1,0.9998417,block_ip
1,0.99917394,block_ip
0,3.4467364e-05,allow
1,0.9998838,block_ip
0,2.6562437e-05,allow
1,0.9997578,block_ip
1,0.99989665,block_ip
1,0.99994576,block_ip
0,2.6492007e-05,allow
0,8.7774104e-05,allow
0,0.00011635868,allow
0,2.1611286e-05,allow
0,1.2058469e-05,allow
1,0.9998565,block_ip
1,0.9998579,block_ip
0,5.5329405e-05,allow
1,0.99994624,block_ip
0,0.0022033083,allow
1,0.9996921,block_ip
0,4.4411787e-05,allow
1,0.99992645,block_ip
0,1.4225143e-05,allow
1,0.99997306,block_ip
1,0.99996686,block_ip
1,0.99991465,block_ip
1,0.99995065,block_ip
1,0.999948,block_ip
0,1.1500968e-05,allow
1,0.9999083,block_ip
0,7.548147e-06,allow
1,0.99983513,block_ip
0,7.5173716e-06,allow
0,5.0527495e-05,allow
0,2.8385803e-05,allow
1,0.99985254,block_ip
1,0.99992085,block_ip
0,3.0660616e-05,allow
1,0.99967813,block_ip
0,0.00024709478,allow
0,1.0070877e-05,allow
0,5.01684e-05,allow
1,0.99884605,block_ip
1,0.9999008,block_ip
0,2.3735778e-05,allow
0,2.8312348e-05,allow
0,4.0075538e-05,allow
1,0.9997075,block_ip
0,4.466838e-05,allow
0,0.00042278907,allow
1,0.99994564,block_ip
1,0.9995814,block_ip
1,0.99985754,block_ip
1,0.9999521,block_ip
1,0.99961877,block_ip
0,2.3699633e-05,allow
1,0.9999615,block_ip
1,0.99995506,block_ip
0,2.6846643e-05,allow
1,0.99982005,block_ip
1,0.9998852,block_ip
1,0.9998368,block_ip
0,4.3920987e-05,allow
1,0.99995196,block_ip
1,0.99978393,block_ip
1,0.9998615,block_ip
1,0.99993706,block_ip
0,0.0018674922,allow
0,3.2402513e-05,allow
0,0.00011878095,allow
0,1.0471362e-05,allow
1,0.9999411,block_ip
0,1.4511891e-05,allow
1,0.9999536,block_ip
0,4.3136748e-05,allow
1,0.9999616,block_ip
0,1.1320213e-05,allow
1,0.99995446,block_ip
0,4.068996e-05,allow
1,0.9987589,block_ip
1,0.9999267,block_ip
0,2.3835582e-05,allow
0,1.7211898e-05,allow
0,2.0445865e-05,allow
1,0.999923,block_ip
0,1.37928e-05,allow
0,8.7967244e-05,allow
1,0.99991167,block_ip
1,0.999967,block_ip
0,1.0520579e-05,allow
1,0.9997929,block_ip
0,1.6544718e-05,allow
1,0.9999496,block_ip
0,6.138731e-05,allow
0,1.9471996e-05,allow
0,0.00036713408,allow
0,2.8766612e-05,allow
1,0.99980897,block_ip
0,2.516343e-05,allow
0,2.0861962e-05,allow
1,0.999966,block_ip
1,0.9999094,block_ip
1,0.9999137,block_ip
0,0.0020321365,allow
1,0.99947864,block_ip
1,0.9999416,block_ip
0,5.9932776e-05,allow
1,0.9999516,block_ip
1,0.99987173,block_ip
1,0.9994487,block_ip
0,1.7989318e-05,allow
0,3.362593e-05,allow
0,3.4043253e-05,allow
0,3.819369e-05,allow
0,3.0223275e-05,allow
0,5.0660656e-05,allow
1,0.99989605,block_ip
1,0.99993145,block_ip
0,2.3388375e-05,allow
0,1.2605817e-05,allow
1,0.9995197,block_ip
1,0.9999535,block_ip
0,6.435721e-05,allow
1,0.9999652,block_ip
0,5.114174e-05,allow
0,3.856312e-05,allow
0,1.12597245e-05,allow
0,3.9949922e-05,allow
1,0.9999684,block_ip
0,2.1948026e-05,allow
1,0.9999713,block_ip
0,2.5203995e-05,allow
1,0.9999634,block_ip
0,1.1722758e-05,allow
1,0.99996233,block_ip
1,0.99981254,block_ip
0,1.2660393e-05,allow
0,4.5508834e-05,allow
0,1.7390634e-05,allow
1,0.9998312,block_ip
1,0.99962604,block_ip
0,2.6436686e-05,allow
0,4.6309648e-05,allow
0,0.00011904232,allow
0,6.635955e-05,allow
0,2.5712216e-05,allow
0,6.208068e-05,allow
0,1.19117585e-05,allow
1,0.9999583,block_ip
0,0.00016690658,allow
0,1.240984e-05,allow
1,0.99993265,block_ip
0,2.2276861e-05,allow
0,4.8259415e-05,allow
0,4.9654933e-05,allow
0,1.2908271e-05,allow
1,0.99830973,block_ip
0,0.00025774114,allow
1,0.9998857,block_ip
0,1.908029e-05,allow
0,2.8538698e-05,allow
0,3.2605174e-05,allow
1,0.9997234,block_ip
0,6.58399e-05,allow
1,0.9996469,block_ip
0,1.9443234e-05,allow
0,2.0948846e-05,allow
0,0.0061414298,allow
0,5.1753927e-05,allow
1,0.9996902,block_ip
1,0.9997272,block_ip
0,2.0798712e-05,allow
0,0.00010737177,allow
0,2.4667514e-05,allow
1,0.99991596,block_ip
1,0.9999614,block_ip
1,0.9997564,block_ip
0,4.221431e-05,allow
0,0.00011726514,allow
1,0.9996586,block_ip
1,0.9999658,block_ip
1,0.99991405,block_ip
1,0.99995685,block_ip
0,0.00016834734,allow
0,0.0008601643,allow
0,2.4755442e-05,allow
1,0.9981018,block_ip
1,0.9999379,block_ip
0,3.3693883e-05,allow
0,3.8105398e-05,allow
1,0.9997625,block_ip
1,0.99982244,block_ip
1,0.99993825,block_ip
1,0.9999589,block_ip
0,3.1127434e-05,allow
1,0.9998704,block_ip
1,0.9993048,block_ip
1,0.9999169,block_ip
1,0.99996305,block_ip
1,0.99993956,block_ip
1,0.99974054,block_ip
1,0.9999248,block_ip
0,3.266901e-05,allow
1,0.99975425,block_ip
0,2.3477942e-05,allow
0,1.3547405e-05,allow
0,3.2661843e-05,allow
0,2.211567e-05,allow
1,0.99968266,block_ip
1,0.9998839,block_ip
1,0.9996798,block_ip
0,5.6685632e-05,allow
1,0.9999677,block_ip
1,0.9999291,block_ip
0,3.0643314e-05,allow
0,3.9771076e-05,allow
0,3.322316e-05,allow
1,0.99995434,block_ip
1,0.9998964,block_ip
0,0.0002591291,allow
0,5.152455e-05,allow
1,0.9998248,block_ip
1,0.9999591,block_ip
1,0.99991524,block_ip
1,0.9998733,block_ip
1,0.9997352,block_ip
1,0.99991214,block_ip
1,0.9999515,block_ip
0,1.4313679e-05,allow
1,0.99994874,block_ip
1,0.9999647,block_ip
1,0.9999627,block_ip
1,0.9999423,block_ip
0,4.536182e-05,allow
0,8.226919e-06,allow
1,0.99972886,block_ip
1,0.9998746,block_ip
0,9.6702215e-06,allow
0,2.6941203e-05,allow
0,1.3626328e-05,allow
0,3.7702834e-05,allow
1,0.99993145,block_ip
1,0.99982053,block_ip
1,0.9999447,block_ip
1,0.9999523,block_ip
1,0.99970645,block_ip
1,0.9999007,block_ip
0,3.1442785e-05,allow
1,0.9997981,block_ip
0,3.7542708e-05,allow
0,4.4337565e-05,allow
1,0.9999099,block_ip
0,2.2407961e-05,allow
0,0.000113831215,allow
1,0.99995697,block_ip
1,0.9999534,block_ip
1,0.9997677,block_ip
1,0.99992764,block_ip
1,0.99996686,block_ip
1,0.9997931,block_ip
0,8.42178e-06,allow
0,4.0894618e-05,allow
0,4.3644668e-05,allow
0,1.9431409e-05,allow
1,0.9997607,block_ip
1,0.99995565,block_ip
1,0.9999585,block_ip
0,2.772369e-05,allow
1,0.9999641,block_ip
1,0.99992764,block_ip
1,0.99984527,block_ip
0,1.4895051e-05,allow
1,0.9996282,block_ip
0,8.749365e-06,allow
0,4.055793e-05,allow
0,1.3524002e-05,allow
1,0.9998721,block_ip
1,0.999969,block_ip
0,1.0975395e-05,allow
1,0.9999627,block_ip
0,4.0192732e-05,allow
0,1.3407106e-05,allow
1,0.99993646,block_ip
1,0.9999478,block_ip
0,1.719959e-05,allow
1,0.9999635,block_ip
0,4.298395e-05,allow
1,0.9996959,block_ip
0,6.301268e-05,allow
0,1.3103081e-05,allow
1,0.9996197,block_ip
1,0.9999598,block_ip
1,0.99961877,block_ip
0,1.2412763e-05,allow
0,5.1804836e-05,allow
1,0.999747,block_ip
0,0.0014744203,allow
1,0.9999554,block_ip
1,0.9999523,block_ip
1,0.9999647,block_ip
0,9.528971e-05,allow
1,0.9999627,block_ip
0,8.124375e-05,allow
0,9.567128e-06,allow
1,0.99989665,block_ip
0,7.0511065e-05,allow
0,2.5531353e-05,allow
0,2.5149804e-05,allow
1,0.999368,block_ip
0,6.9399495e-05,allow
0,0.0001373773,allow
0,3.7361344e-05,allow
1,0.9996809,block_ip
1,0.9999646,block_ip
0,0.0003230565,allow
0,2.504354e-05,allow
1,0.9997105,block_ip
0,3.8376937e-05,allow
1,0.9999287,block_ip
1,0.9998447,block_ip
1,0.99995995,block_ip
0,2.2054845e-05,allow
1,0.99985635,block_ip
1,0.9999597,block_ip
0,9.461452e-05,allow
0,4.391843e-05,allow
1,0.999961,block_ip
0,1.7319897e-05,allow
0,2.0502332e-05,allow
1,0.9999417,block_ip
0,7.711898e-06,allow
1,0.99968195,block_ip
1,0.9999416,block_ip
0,0.0001539361,allow
0,3.6442758e-05,allow
0,4.1717307e-05,allow
1,0.99976844,block_ip
0,3.2012565e-05,allow
0,2.533596e-05,allow
0,2.8011613e-05,allow
1,0.99939764,block_ip
1,0.9999293,block_ip
1,0.9998839,block_ip
1,0.99995756,block_ip
0,1.0576794e-05,allow
1,0.99984527,block_ip
0,7.486893e-06,allow
1,0.999967,block_ip
1,0.9999434,block_ip
0,2.4639043e-05,allow
1,0.99991107,block_ip
0,3.790309e-05,allow
0,0.00025316217,allow
1,0.9999361,block_ip
0,1.9893227e-05,allow
0,0.00010115058,allow
1,0.99996305,block_ip
0,0.0054057953,allow
0,0.00011313184,allow
0,2.0030307e-05,allow
1,0.99995947,block_ip
0,9.103348e-06,allow
1,0.99994683,block_ip
0,1.2940663e-05,allow
0,0.0005557943,allow
0,1.0200594e-05,allow
1,0.9999677,block_ip
0,9.4213254e-05,allow
1,0.9999646,block_ip
1,0.9999521,block_ip
1,0.99948126,block_ip
0,0.00021881546,allow
1,0.99991524,block_ip
1,0.99969983,block_ip
0,2.8234184e-05,allow
1,0.9999542,block_ip
0,1.969121e-05,allow
1,0.9999647,block_ip
1,0.99996376,block_ip
1,0.9999385,block_ip
0,1.1022428e-05,allow
1,0.9998398,block_ip
1,0.9999378,block_ip
0,0.00031623847,allow
0,0.00037389703,allow
0,3.148221e-05,allow
1,0.9999387,block_ip
0,1.81685e-05,allow
1,0.99990356,block_ip
1,0.9998528,block_ip
0,2.1380236e-05,allow
0,2.5067673e-05,allow
1,0.99993587,block_ip
0,9.978424e-05,allow
1,0.99975175,block_ip
1,0.9999559,block_ip
1,0.99995923,block_ip
1,0.9999553,block_ip
0,8.4678184e-05,allow
0,1.41469745e-05,allow
0,2.8388891e-05,allow
1,0.999574,block_ip
1,0.9999622,block_ip
1,0.9999125,block_ip
0,2.1999576e-05,allow
1,0.99990594,block_ip
1,0.99987173,block_ip
1,0.99984026,block_ip
1,0.9999217,block_ip
0,3.785126e-05,allow
0,2.1574075e-05,allow
1,0.99995744,block_ip
1,0.99988246,block_ip
1,0.999954,block_ip
0,2.4487066e-05,allow
0,1.2553031e-05,allow
0,1.0052809e-05,allow
0,2.8108696e-05,allow
0,2.3889015e-05,allow
0,6.7499874e-05,allow
0,3.673663e-05,allow
0,2.9774308e-05,allow
1,0.9998344,block_ip
1,0.99988365,block_ip
1,0.9997497,block_ip
0,4.4177184e-05,allow
1,0.9998745,block_ip
1,0.9999527,block_ip
1,0.99975914,block_ip
0,3.0351954e-05,allow
1,0.9998493,block_ip
1,0.99996245,block_ip
0,2.7179807e-05,allow
1,0.999385,block_ip
1,0.9998553,block_ip
1,0.9999168,block_ip
1,0.9998698,block_ip
1,0.9996834,block_ip
1,0.9997602,block_ip
1,0.9996618,block_ip
1,0.99993765,block_ip
1,0.9996712,block_ip
1,0.9998554,block_ip
0,1.9467225e-05,allow
0,2.5701747e-05,allow
1,0.9999422,block_ip
0,1.1446412e-05,allow
0,1.1370242e-05,allow
0,0.0003681347,allow
1,0.99996245,block_ip
0,3.7645063e-05,allow
0,3.8984832e-05,allow
1,0.9999505,block_ip
1,0.9998704,block_ip
0,1.8598726e-05,allow
0,1.0984903e-05,allow
0,1.7386274e-05,allow
0,3.730417e-05,allow
0,0.0001342321,allow
1,0.9999517,block_ip
0,3.0321662e-05,allow
1,0.99979466,block_ip
0,4.192829e-05,allow
1,0.99994886,block_ip
0,6.6320834e-05,allow
0,3.1142667e-05,allow
0,5.91551e-05,allow
0,0.00012362965,allow
1,0.9998129,block_ip
1,0.99962425,block_ip
1,0.99985015,block_ip
1,0.9989318,block_ip
1,0.9999641,block_ip
1,0.99989533,block_ip
0,1.825656e-05,allow
1,0.99992764,block_ip
1,0.9999559,block_ip
0,3.7081496e-05,allow
1,0.99966216,block_ip
0,5.5026216e-05,allow
0,0.00017416064,allow
1,0.9999292,block_ip
1,0.9999479,block_ip
0,1.569814e-05,allow
0,5.120694e-05,allow
0,3.0020188e-05,allow
0,1.0255089e-05,allow
0,4.3565953e-05,allow
1,0.9999057,block_ip
1,0.99906296,block_ip
0,0.0032339613,allow
0,0.0004885505,allow
1,0.99916303,block_ip
1,0.9999429,block_ip
1,0.9997421,block_ip
0,1.6152822e-05,allow
1,0.99986863,block_ip
0,8.589591e-05,allow
1,0.99995124,block_ip
1,0.9999186,block_ip
1,0.9996598,block_ip
0,3.5588073e-05,allow
0,3.7486217e-05,allow
1,0.99982613,block_ip
1,0.99995244,block_ip
0,0.00014070574,allow
0,2.4439893e-05,allow
0,2.353587e-05,allow
0,2.1585209e-05,allow
1,0.9999238,block_ip
1,0.9999379,block_ip
1,0.9999156,block_ip
1,0.9996178,block_ip
0,2.5200678e-05,allow
1,0.99995434,block_ip
0,1.2746686e-05,allow
1,0.99988747,block_ip
1,0.9999677,block_ip
0,0.0006452365,allow
1,0.99963844,block_ip
1,0.99990296,block_ip
1,0.99971336,block_ip
1,0.9999449,block_ip
1,0.9999037,block_ip
1,0.9997507,block_ip
1,0.9999517,block_ip
0,4.026547e-05,allow
0,1.2325895e-05,allow
0,3.0524752e-05,allow
1,0.9998803,block_ip
1,0.999848,block_ip
0,6.8602996e-05,allow
0,1.4725592e-05,allow
0,4.610866e-05,allow
1,0.99992895,block_ip
0,3.8775124e-05,allow
1,0.9997049,block_ip
0,4.822132e-05,allow
0,2.4328738e-05,allow
1,0.99970454,block_ip
0,3.310153e-05,allow
0,1.3361144e-05,allow
1,0.9998778,block_ip
1,0.9997912,block_ip
1,0.9993179,block_ip
0,2.4231997e-05,allow
1,0.9998534,block_ip
1,0.999944,block_ip
1,0.9999583,block_ip
1,0.9999583,block_ip
0,2.5756808e-05,allow
0,0.000102108344,allow
1,0.99991536,block_ip
1,0.9999647,block_ip
0,1.7674703e-05,allow
1,0.9994338,block_ip
1,0.9999616,block_ip
1,0.99987125,block_ip
1,0.99987495,block_ip
0,2.020495e-05,allow
1,0.99995613,block_ip
1,0.99997187,block_ip
1,0.9998652,block_ip
1,0.99984646,block_ip
0,5.5464643e-05,allow
1,0.99987173,block_ip
0,2.802962e-05,allow
1,0.99988353,block_ip
1,0.9999527,block_ip
1,0.9995303,block_ip
0,2.4298619e-05,allow
0,0.0007266741,allow
0,0.0006267668,allow
1,0.9999471,block_ip
0,3.4978428e-05,allow
1,0.9999242,block_ip
0,2.1386722e-05,allow
1,0.99988997,block_ip
0,1.5434736e-05,allow
0,1.9988805e-05,allow
1,0.9999366,block_ip
1,0.99994564,block_ip
1,0.999966,block_ip
1,0.9998939,block_ip
0,5.4805325e-05,allow
0,0.00021274896,allow
1,0.9998417,block_ip
1,0.9999305,block_ip
0,7.521851e-05,allow
0,3.3596567e-05,allow
1,0.9997689,block_ip
1,0.9999627,block_ip
1,0.9994147,block_ip
0,2.2262397e-05,allow
1,0.9998832,block_ip
1,0.99988484,block_ip
1,0.9999474,block_ip
0,0.00073799235,allow
1,0.99979526,block_ip
1,0.99989414,block_ip
1,0.99996793,block_ip
1,0.99904853,block_ip
0,4.2354313e-05,allow
1,0.999956,block_ip
1,0.9999193,block_ip
1,0.9999293,block_ip
1,0.99992955,block_ip
0,2.5396555e-05,allow
1,0.9999496,block_ip
1,0.9999726,block_ip
0,2.6116466e-05,allow
0,9.629606e-05,allow
1,0.9997173,block_ip
1,0.99993205,block_ip
0,5.5046425e-05,allow
1,0.99994314,block_ip
0,2.0361533e-05,allow
0,1.2592107e-05,allow
0,1.2231971e-05,allow
1,0.9999299,block_ip
0,1.2241272e-05,allow
1,0.99996674,block_ip
1,0.99982387,block_ip
1,0.9997024,block_ip
0,2.6512505e-05,allow
1,0.99990225,block_ip
0,9.048473e-06,allow
1,0.99996126,block_ip
1,0.9998957,block_ip
0,3.1407362e-05,allow
0,1.1203428e-05,allow
1,0.999874,block_ip
0,5.5503213e-05,allow
0,0.00027827307,allow
0,2.649413e-05,allow
0,1.2192967e-05,allow
1,0.9998982,block_ip
0,2.7267453e-05,allow
1,0.99979204,block_ip
1,0.9999119,block_ip
1,0.9999436,block_ip
0,3.3924833e-05,allow
0,3.8458125e-05,allow
1,0.9998605,block_ip
0,1.7071246e-05,allow
0,5.1934585e-05,allow
0,1.1830563e-05,allow
1,0.99943787,block_ip
0,1.4714306e-05,allow
1,0.999931,block_ip
1,0.9999474,block_ip
1,0.9999131,block_ip
0,2.3391187e-05,allow
1,0.9999571,block_ip
1,0.99976355,block_ip
0,4.4409968e-05,allow
0,1.0588632e-05,allow
0,3.4073102e-05,allow
0,0.00023083617,allow
0,1.1540597e-05,allow
1,0.99924004,block_ip
0,7.362426e-05,allow
1,0.99964654,block_ip
0,1.5232211e-05,allow
1,0.9983463,block_ip
0,3.1667456e-05,allow
0,0.00033543134,allow
0,2.002013e-05,allow
1,0.9999465,block_ip
1,0.99995756,block_ip
0,9.1093225e-06,allow
0,3.989803e-05,allow
1,0.9995388,block_ip
0,7.1788076e-05,allow
0,2.234731e-05,allow
1,0.99996245,block_ip
1,0.999951,block_ip
1,0.99949133,block_ip
0,5.8398535e-05,allow
0,1.427529e-05,allow
0,2.6467362e-05,allow
0,1.7121054e-05,allow
0,0.00011373206,allow
0,2.6709104e-05,allow
0,4.156347e-05,allow
0,4.4242446e-05,allow
0,5.0207265e-05,allow
1,0.9999335,block_ip
0,3.3497585e-05,allow
1,0.9998838,block_ip
1,0.9999521,block_ip
0,1.29481305e-05,allow
0,3.9835373e-05,allow
1,0.99996114,block_ip
0,3.6952402e-05,allow
0,1.7211898e-05,allow
0,0.00014875208,allow
0,1.168549e-05,allow
0,2.648943e-05,allow
0,3.4837944e-05,allow
1,0.99976426,block_ip
0,7.5566546e-05,allow
1,0.99996805,block_ip
0,1.4950253e-05,allow
1,0.99993944,block_ip
1,0.9999505,block_ip
1,0.9999646,block_ip
1,0.9999356,block_ip
1,0.9999552,block_ip
1,0.9999274,block_ip
0,0.000101280966,allow
1,0.999881,block_ip
1,0.9999478,block_ip
0,4.0993247e-05,allow
0,3.1919255e-05,allow
1,0.9999267,block_ip
0,0.00041081742,allow
1,0.999866,block_ip
1,0.9995117,block_ip
0,9.302976e-06,allow
1,0.99937695,block_ip
1,0.9999653,block_ip
1,0.999833,block_ip
0,3.553408e-05,allow
0,4.423072e-05,allow
0,2.6482638e-05,allow
0,0.00052019086,allow
0,2.3775037e-05,allow
0,4.1469008e-05,allow
0,0.00019036939,allow
0,9.836077e-06,allow
1,0.99985147,block_ip
1,0.999964,block_ip
0,1.0329953e-05,allow
0,3.7822392e-05,allow
0,4.5746143e-05,allow
0,2.2912576e-05,allow
1,0.9999218,block_ip
1,0.99987566,block_ip
0,3.813168e-05,allow
0,5.7600653e-05,allow
1,0.999951,block_ip
1,0.9999647,block_ip
0,4.1540687e-05,allow
1,0.9997876,block_ip
0,2.8264169e-05,allow
0,0.00020653529,allow
0,0.0006266596,allow
0,3.94107e-05,allow
0,2.3955472e-05,allow
1,0.999967,block_ip
0,1.9048764e-05,allow
1,0.99995947,block_ip
0,2.0948846e-05,allow
0,0.000190569,allow
0,3.288296e-05,allow
0,0.00011522988,allow
0,0.00022773324,allow
0,3.1919255e-05,allow
1,0.97520727,block_ip
0,2.2876138e-05,allow
1,0.99958974,block_ip
0,2.4698329e-05,allow
1,0.99995697,block_ip
0,5.8041376e-05,allow
0,8.212707e-05,allow
0,6.983886e-05,allow
1,0.99994993,block_ip
1,0.9998739,block_ip
1,0.99989414,block_ip
1,0.9999682,block_ip
0,1.43660955e-05,allow
1,0.99994314,block_ip
1,0.99987817,block_ip
0,2.66897e-05,allow
0,3.3960794e-05,allow
1,0.99995196,block_ip
0,1.3691588e-05,allow
0,3.932754e-05,allow
0,2.833863e-05,allow
0,3.4282155e-05,allow
0,0.00027426766,allow
1,0.9999548,block_ip
0,3.4470588e-05,allow
1,0.99963975,block_ip
1,0.9999459,block_ip
0,0.00010780123,allow
1,0.99971324,block_ip
1,0.9999634,block_ip
1,0.9999249,block_ip
0,1.5350608e-05,allow
1,0.9998561,block_ip
1,0.9999522,block_ip
0,2.3180934e-05,allow
1,0.9999422,block_ip
1,0.99988663,block_ip
1,0.99991703,block_ip
1,0.9999434,block_ip
1,0.9999255,block_ip
1,0.9999237,block_ip
0,2.445773e-05,allow
1,0.99976724,block_ip
0,2.4328738e-05,allow
1,0.9999391,block_ip
1,0.9999647,block_ip
0,9.6513024e-05,allow
1,0.99986136,block_ip
0,4.7625574e-05,allow
0,0.00013014433,allow
0,1.0814228e-05,allow
0,1.7915305e-05,allow
0,2.3807845e-05,allow
0,0.018322518,allow
0,0.000118952215,allow
0,1.225661e-05,allow
0,2.6801827e-05,allow
1,0.99988866,block_ip
1,0.9999659,block_ip
1,0.99995327,block_ip
1,0.9998405,block_ip
0,1.0792994e-05,allow
1,0.99995506,block_ip
0,0.00011736974,allow
0,0.006277602,allow
1,0.9999424,block_ip
1,0.9998153,block_ip
1,0.9999614,block_ip
1,0.9998597,block_ip
0,3.8748803e-05,allow
0,9.034756e-05,allow
0,4.6792276e-05,allow
1,0.999964,block_ip
0,0.0002358071,allow
0,4.2368454e-05,allow
0,1.9369227e-05,allow
0,4.2786953e-05,allow
1,0.999949,block_ip
1,0.9999609,block_ip
1,0.99995005,block_ip
1,0.9999378,block_ip
1,0.9999509,block_ip
0,1.2746297e-05,allow
1,0.9996693,block_ip
1,0.99985397,block_ip
1,0.9999677,block_ip
0,5.15019e-05,allow
1,0.999864,block_ip
0,6.305007e-05,allow
0,0.00010314392,allow
1,0.99980813,block_ip
1,0.9999423,block_ip
1,0.999951,block_ip
0,2.6349097e-05,allow
0,0.00018900729,allow
0,1.2955172e-05,allow
0,2.316575e-05,allow
1,0.99994814,block_ip
1,0.9998777,block_ip
0,1.4812932e-05,allow
0,3.4431556e-05,allow
1,0.9999609,block_ip
0,3.2161402e-05,allow
0,7.819698e-06,allow
0,3.0644424e-05,allow
1,0.99994826,block_ip
1,0.9998789,block_ip
0,4.2278207e-05,allow
0,1.6323971e-05,allow
0,1.2377135e-05,allow
1,0.9999547,block_ip
1,0.9999434,block_ip
0,0.00017900526,allow
0,2.0192969e-05,allow
0,0.0001511451,allow
0,1.2102651e-05,allow
0,1.939958e-05,allow
0,9.808397e-05,allow
1,0.99993265,block_ip
0,1.7975186e-05,allow
0,0.00019089688,allow
0,9.6998054e-05,allow
0,3.5007124e-05,allow
1,0.9999589,block_ip
0,5.672159e-05,allow
0,0.00028307686,allow
1,0.9999335,block_ip
1,0.99953604,block_ip
1,0.99988925,block_ip
1,0.9997954,block_ip
1,0.9999589,block_ip
0,0.00012087672,allow
1,0.9999167,block_ip
0,1.7213079e-05,allow
0,0.00010179909,allow
1,0.9999547,block_ip
1,0.9998647,block_ip
1,0.9999654,block_ip
1,0.99979705,block_ip
1,0.999845,block_ip
1,0.9999385,block_ip
1,0.9998221,block_ip
1,0.9999579,block_ip
1,0.999964,block_ip
0,2.3841472e-05,allow
1,0.9988524,block_ip
1,0.9995932,block_ip
0,1.5438225e-05,allow
0,1.3179717e-05,allow
0,0.00012723301,allow
0,1.2293707e-05,allow
1,0.9999273,block_ip
1,0.9999213,block_ip
0,9.280584e-06,allow
0,0.000155604,allow
1,0.9999306,block_ip
0,0.000106306645,allow
1,0.9999635,block_ip
0,6.002194e-05,allow
1,0.9999659,block_ip
1,0.99992585,block_ip
0,2.884317e-05,allow
1,0.9999522,block_ip
0,0.00045747877,allow
0,2.3149938e-05,allow
0,0.00010756567,allow
1,0.9999114,block_ip
1,0.99993,block_ip
0,2.8579361e-05,allow
1,0.9999435,block_ip
1,0.99983835,block_ip
1,0.9999536,block_ip
1,0.999966,block_ip
1,0.9998154,block_ip
1,0.9999665,block_ip
1,0.99972147,block_ip
1,0.67870665,rate_limit
1,0.99987006,block_ip
1,0.9998696,block_ip
1,0.99995947,block_ip
0,3.409488e-05,allow
1,0.99980897,block_ip
1,0.99996793,block_ip
1,0.99994814,block_ip
1,0.9997768,block_ip
1,0.99996924,block_ip
0,1.4305396e-05,allow
0,4.172431e-05,allow
1,0.9999007,block_ip
1,0.9999652,block_ip
1,0.9998442,block_ip
0,0.000104944804,allow
0,4.2530864e-05,allow
1,0.9998097,block_ip
0,0.00012813276,allow
0,0.0007033173,allow
0,0.0010377028,allow
0,9.778986e-06,allow
0,2.9873396e-05,allow
0,1.8489101e-05,allow
1,0.9999602,block_ip
0,1.9369227e-05,allow
0,2.4290672e-05,allow
1,0.99955803,block_ip
1,0.9999443,block_ip
1,0.9999107,block_ip
0,1.4534826e-05,allow
1,0.9995066,block_ip
0,0.0004026656,allow
1,0.9999639,block_ip
0,3.4183107e-05,allow
1,0.99995947,block_ip
0,1.2507516e-05,allow
1,0.99995875,block_ip
1,0.999969,block_ip
0,3.484748e-05,allow
0,1.9593372e-05,allow
1,0.9999057,block_ip
0,0.00035260362,allow
1,0.9999268,block_ip
1,0.99978596,block_ip
1,0.99995625,block_ip
0,2.4612295e-05,allow
0,0.00019780229,allow
0,4.339735e-05,allow
1,0.99996483,block_ip
1,0.99962354,block_ip
0,2.4731891e-05,allow
0,1.3585261e-05,allow
0,2.9650286e-05,allow
1,0.99977213,block_ip
1,0.9997229,block_ip
1,0.9998989,block_ip
1,0.999967,block_ip
0,9.423467e-06,allow
0,1.9953095e-05,allow
1,0.99973315,block_ip
0,1.2487088e-05,allow
1,0.99984527,block_ip
0,2.3892662e-05,allow
1,0.9999018,block_ip
1,0.9999577,block_ip
0,1.0970738e-05,allow
1,0.9999602,block_ip
1,0.99957377,block_ip
1,0.999936,block_ip
1,0.9999298,block_ip
1,0.9999136,block_ip
0,2.200331e-05,allow
1,0.9999521,block_ip
0,1.3359271e-05,allow
0,1.5100838e-05,allow
1,0.99966633,block_ip
0,2.6657572e-05,allow
0,3.4311066e-05,allow
1,0.99983096,block_ip
0,0.0010374393,allow
1,0.99967086,block_ip
0,3.3230066e-05,allow
0,4.442886e-05,allow
1,0.99996924,block_ip
1,0.9999391,block_ip
0,2.180936e-05,allow
0,1.9670731e-05,allow
0,8.811817e-06,allow
0,2.7121032e-05,allow
0,1.2444457e-05,allow
0,0.0011182379,allow
0,1.8220451e-05,allow
0,0.015245607,allow
0,0.002598129,allow
0,1.1489753e-05,allow
0,3.9292267e-05,allow
1,0.99995196,block_ip
0,1.832595e-05,allow
1,0.9999608,block_ip
1,0.9999509,block_ip
0,4.0844145e-05,allow
1,0.99995446,block_ip
1,0.9998747,block_ip
1,0.9993486,block_ip
1,0.99997187,block_ip
1,0.99945587,block_ip
0,4.844274e-05,allow
0,1.857664e-05,allow
0,1.0137316e-05,allow
1,0.99983394,block_ip
1,0.99995613,block_ip
0,0.0001869955,allow
1,0.9999559,block_ip
0,1.8811677e-05,allow
1,0.99988353,block_ip
1,0.99995744,block_ip
0,4.5808443e-05,allow
0,1.9955683e-05,allow
0,0.0003390166,allow
0,0.00012689242,allow
0,3.039453e-05,allow
0,5.069729e-05,allow
0,0.00013421074,allow
1,0.99993014,block_ip
1,0.9999478,block_ip
0,2.3881363e-05,allow
1,0.9998766,block_ip
1,0.99993837,block_ip
0,1.3313637e-05,allow
0,0.00019564839,allow
1,0.99744946,block_ip
0,2.213388e-05,allow
0,0.00012087672,allow
0,8.585848e-05,allow
0,2.2959452e-05,allow
1,0.999967,block_ip
1,0.99983585,block_ip
1,0.99995756,block_ip
1,0.99994826,block_ip
1,0.9999647,block_ip
0,4.9876086e-05,allow
1,0.99993503,block_ip
1,0.99979776,block_ip
0,0.001250967,allow
1,0.99868256,block_ip
1,0.9997594,block_ip
0,0.00011860834,allow
1,0.9999274,block_ip
1,0.99995255,block_ip
1,0.99968505,block_ip
0,5.405571e-05,allow
1,0.99996054,block_ip
0,2.3966304e-05,allow
1,0.9999521,block_ip
0,0.00075695856,allow
1,0.9999428,block_ip
0,7.026358e-05,allow
1,0.9999435,block_ip
0,3.9479277e-05,allow
1,0.999699,block_ip
1,0.99990785,block_ip
0,5.2796426e-05,allow
1,0.9998865,block_ip
1,0.99992836,block_ip
1,0.99995553,block_ip
0,1.9579718e-05,allow
1,0.9998454,block_ip
0,1.40799875e-05,allow
1,0.9999105,block_ip
0,2.2125352e-05,allow
0,0.00019506387,allow
1,0.999838,block_ip
0,1.1480826e-05,allow
1,0.9999659,block_ip
0,2.5200678e-05,allow
1,0.99811256,block_ip
1,0.9999089,block_ip
1,0.9999101,block_ip
1,0.99996054,block_ip
0,1.3154102e-05,allow
1,0.9999336,block_ip
0,8.173377e-05,allow
0,4.4498865e-05,allow
1,0.99973005,block_ip
1,0.9990369,block_ip
0,0.00036591603,allow
1,0.99994266,block_ip
1,0.99989164,block_ip
0,0.00024882416,allow
1,0.99995387,block_ip
0,5.5668916e-05,allow
0,0.00041540802,allow
1,0.99930465,block_ip
0,1.9634672e-05,allow
0,0.00010559045,allow
0,6.6909066e-05,allow
1,0.999946,block_ip
0,1.28734555e-05,allow
1,0.9999479,block_ip
0,0.0001457829,allow
1,0.9995285,block_ip
0,0.00013374968,allow
0,3.2593543e-05,allow
1,0.99984527,block_ip
1,0.99996114,block_ip
1,0.9998405,block_ip
0,1.7745928e-05,allow
1,0.9999453,block_ip
0,2.6757338e-05,allow
1,0.9997706,block_ip
0,3.1828917e-05,allow
0,0.00017399515,allow
0,9.351028e-05,allow
1,0.9997497,block_ip
0,4.1120336e-05,allow
0,1.2476374e-05,allow
0,3.5714955e-05,allow
1,0.9997559,block_ip
1,0.99956423,block_ip
1,0.9998808,block_ip
0,1.7121054e-05,allow
0,4.145023e-05,allow
1,0.99992883,block_ip
0,3.0458832e-05,allow
1,0.9999291,block_ip
1,0.9999516,block_ip
0,4.5506014e-05,allow
0,1.0488252e-05,allow
1,0.99995756,block_ip
0,0.00072764634,allow
1,0.9999627,block_ip
0,0.00019893012,allow
0,1.8158178e-05,allow
0,0.00015783383,allow
0,9.905275e-06,allow
1,0.99978215,block_ip
1,0.99995196,block_ip
0,3.5007124e-05,allow
1,0.9999634,block_ip
0,5.5177075e-05,allow
0,5.8410402e-05,allow
1,0.99995816,block_ip
1,0.99996233,block_ip
0,1.1029547e-05,allow
1,0.9997731,block_ip
1,0.9990785,block_ip
0,7.578976e-05,allow
0,6.0462913e-05,allow
1,0.9998411,block_ip
0,3.535352e-05,allow
0,2.5579462e-05,allow
1,0.99988234,block_ip
1,0.9996797,block_ip
1,0.99995565,block_ip
0,1.1648761e-05,allow
0,3.2090174e-05,allow
1,0.99994564,block_ip
1,0.99890614,block_ip
1,0.99995375,block_ip
1,0.99996436,block_ip
1,0.9999665,block_ip
0,5.385838e-05,allow
0,0.0002701449,allow
0,2.7615924e-05,allow
1,0.99984574,block_ip
1,0.99988484,block_ip
1,0.99987984,block_ip
1,0.9999205,block_ip
0,2.3414152e-05,allow
1,0.9999479,block_ip
1,0.9992878,block_ip
0,1.7347966e-05,allow
1,0.99971646,block_ip
1,0.99994457,block_ip
1,0.9998696,block_ip
0,4.270884e-05,allow
0,1.2325144e-05,allow
0,9.0454705e-06,allow
1,0.999967,block_ip
0,0.00012351005,allow
1,0.9999411,block_ip
1,0.9999659,block_ip
0,1.5294336e-05,allow
0,3.1783722e-05,allow
1,0.9999379,block_ip
0,9.856223e-05,allow
1,0.9999627,block_ip
1,0.9999628,block_ip
0,0.000144305,allow
0,1.6264472e-05,allow
1,0.99996567,block_ip
1,0.9999405,block_ip
0,2.5103198e-05,allow
0,6.571232e-05,allow
1,0.9994246,block_ip
0,4.3903776e-05,allow
1,0.999114,block_ip
0,0.00026212458,allow
0,2.4357176e-05,allow
1,0.9998148,block_ip
0,3.0919862e-05,allow
1,0.9999646,block_ip
1,0.999967,block_ip
0,2.4462162e-05,allow
0,0.00015206332,allow
1,0.9989791,block_ip
1,0.999851,block_ip
0,0.00050737604,allow
1,0.99995315,block_ip
1,0.9999684,block_ip
1,0.9999362,block_ip
1,0.99979395,block_ip
0,3.350388e-05,allow
0,2.6961277e-05,allow
0,1.705857e-05,allow
1,0.9999491,block_ip
0,3.7342e-05,allow
0,0.00016698649,allow
0,0.002877761,allow
1,0.99996305,block_ip
0,2.5479423e-05,allow
1,0.9999527,block_ip
0,1.8158558e-05,allow
1,0.99996305,block_ip
1,0.9999523,block_ip
1,0.99997187,block_ip
0,1.4912234e-05,allow
0,0.0011501111,allow
1,0.9998857,block_ip
1,0.99984705,block_ip
0,8.711724e-06,allow
1,0.99993587,block_ip
0,2.8710074e-05,allow
0,7.680038e-06,allow
0,1.1253703e-05,allow
0,1.9387817e-05,allow
0,2.6652719e-05,allow
0,2.9401992e-05,allow
1,0.9999349,block_ip
1,0.9982383,block_ip
1,0.99992,block_ip
1,0.99974984,block_ip
1,0.9999652,block_ip
0,0.008368092,allow
0,3.6473215e-05,allow
0,1.7133747e-05,allow
1,0.99995863,block_ip
1,0.99958533,block_ip
0,2.8222556e-05,allow
0,2.002013e-05,allow
0,4.3777265e-05,allow
0,5.7604335e-05,allow
0,3.1077456e-05,allow
0,1.561937e-05,allow
1,0.9995197,block_ip
0,2.2172666e-05,allow
1,0.9999521,block_ip
1,0.9999323,block_ip
0,2.4314728e-05,allow
1,0.99995613,block_ip
0,5.3963155e-05,allow
0,4.7728958e-05,allow
0,5.865276e-05,allow
1,0.9999349,block_ip
1,0.9998765,block_ip
0,0.0001460201,allow
1,0.99994695,block_ip
0,7.870575e-05,allow
1,0.99995387,block_ip
0,0.00019739853,allow
1,0.999894,block_ip
1,0.9999136,block_ip
0,8.6914384e-05,allow
1,0.9999516,block_ip
0,9.237458e-06,allow
1,0.99985707,block_ip
1,0.9999634,block_ip
0,2.0467129e-05,allow
1,0.99983704,block_ip
0,0.00043231217,allow
0,2.0487576e-05,allow
1,0.9999651,block_ip
0,1.1726963e-05,allow
1,0.9998698,block_ip
1,0.9994604,block_ip
1,0.9998419,block_ip
1,0.99996054,block_ip
0,1.0735118e-05,allow
1,0.9998635,block_ip
0,2.8123657e-05,allow
0,0.00016684245,allow
1,0.99994063,block_ip
0,1.6406453e-05,allow
1,0.9999591,block_ip
0,5.8793485e-05,allow
0,2.1439018e-05,allow
0,2.3391209e-05,allow
1,0.9998976,block_ip
1,0.9999546,block_ip
1,0.9999354,block_ip
1,0.99995565,block_ip
0,8.3869945e-06,allow
0,2.1307713e-05,allow
0,1.9516167e-05,allow
0,4.405871e-05,allow
0,0.00047087556,allow
1,0.99986064,block_ip
1,0.99985313,block_ip
0,7.747078e-05,allow
0,0.00035303197,allow
0,8.580815e-05,allow
0,1.5733181e-05,allow
0,2.3735165e-05,allow
0,0.00015075445,allow
0,3.607238e-05,allow
0,5.9604023e-05,allow
0,0.00039267878,allow
1,0.99996924,block_ip
1,0.99995506,block_ip
1,0.9999535,block_ip
0,1.9244797e-05,allow
1,0.99973327,block_ip
0,2.7446058e-05,allow
0,1.8126153e-05,allow
1,0.9998294,block_ip
0,3.514182e-05,allow
1,0.99982953,block_ip
1,0.9997873,block_ip
1,0.99995315,block_ip
1,0.9997205,block_ip
1,0.9998259,block_ip
0,2.4444227e-05,allow
0,0.00012243804,allow
0,0.00045977967,allow
1,0.9999198,block_ip
1,0.9999621,block_ip
0,0.00011736974,allow
1,0.99996424,block_ip
1,0.99911886,block_ip
1,0.99988365,block_ip
0,0.00018958197,allow
1,0.99961483,block_ip
0,4.4091412e-05,allow
1,0.9999627,block_ip
1,0.99995244,block_ip
1,0.9999527,block_ip
0,5.416381e-05,allow
1,0.999967,block_ip
0,3.0401025e-05,allow
0,8.753195e-05,allow
0,4.880549e-05,allow
1,0.9999138,block_ip
1,0.9999701,block_ip
1,0.9999124,block_ip
1,0.9999286,block_ip
0,4.7473484e-05,allow
0,5.3684136e-05,allow
1,0.9998553,block_ip
1,0.9999442,block_ip
1,0.9999114,block_ip
0,8.1250335e-05,allow
0,4.4385073e-05,allow
0,5.1376373e-05,allow
0,0.00035060884,allow
0,3.7945516e-05,allow
0,3.193896e-05,allow
0,7.951396e-06,allow
0,3.0121992e-05,allow
1,0.9999058,block_ip
1,0.99990475,block_ip
1,0.9999571,block_ip
1,0.99982375,block_ip
0,4.253849e-05,allow
0,1.9369227e-05,allow
0,2.4308818e-05,allow
0,2.4985547e-05,allow
0,1.6652199e-05,allow
1,0.9999627,block_ip
1,0.9999523,block_ip
1,0.9999422,block_ip
0,3.3243952e-05,allow
0,2.5343837e-05,allow
0,3.0424515e-05,allow
1,0.99995434,block_ip
1,0.99976414,block_ip
0,7.6642045e-06,allow
0,3.4375225e-05,allow
0,0.00014085286,allow
0,3.27394e-05,allow
1,0.9999645,block_ip
0,3.5276535e-05,allow
0,1.2685325e-05,allow
0,1.7222916e-05,allow
1,0.99995923,block_ip
0,0.00031967412,allow
1,0.99994564,block_ip
0,1.4311877e-05,allow
0,3.80592e-05,allow
0,8.1845305e-05,allow
1,0.9999622,block_ip
0,1.945737e-05,allow
1,0.9998987,block_ip
1,0.99984133,block_ip
0,1.4224492e-05,allow
1,0.99995255,block_ip
0,1.1152536e-05,allow
0,6.294896e-05,allow
1,0.9998622,block_ip
1,0.9999597,block_ip
0,2.0625153e-05,allow
0,6.851872e-05,allow
1,0.99988866,block_ip
1,0.99990773,block_ip
0,0.00016641221,allow
1,0.99983704,block_ip
1,0.99995875,block_ip
0,6.394276e-05,allow
1,0.9999434,block_ip
1,0.9999591,block_ip
1,0.9999325,block_ip
0,2.4695808e-05,allow
1,0.99992836,block_ip
1,0.99993753,block_ip
0,3.5558318e-05,allow
1,0.9999387,block_ip
1,0.9999318,block_ip
1,0.99976224,block_ip
0,2.0394124e-05,allow
1,0.99847835,block_ip
0,8.4207844e-05,allow
1,0.99994636,block_ip
0,1.0408896e-05,allow
1,0.99995303,block_ip
1,0.99990416,block_ip
1,0.99996495,block_ip
1,0.999572,block_ip
1,0.9999379,block_ip
1,0.9995621,block_ip
1,0.9999596,block_ip
1,0.99975127,block_ip
1,0.9999572,block_ip
0,3.7715203e-05,allow
1,0.9999449,block_ip
0,2.3201721e-05,allow
1,0.9997862,block_ip
0,0.00027629168,allow
0,9.295146e-06,allow
0,1.2479623e-05,allow
0,2.4799201e-05,allow
0,0.00013490167,allow
0,3.2416792e-05,allow
0,1.7713228e-05,allow
0,2.2594562e-05,allow
0,6.024076e-05,allow
1,0.9999492,block_ip
1,0.99969923,block_ip
0,8.813525e-05,allow
1,0.99995387,block_ip
0,1.4468968e-05,allow
0,3.451753e-05,allow
1,0.99852943,block_ip
1,0.9998802,block_ip
1,0.9999006,block_ip
1,0.9999659,block_ip
0,7.815492e-05,allow
0,1.2209245e-05,allow
0,3.355696e-05,allow
1,0.99993134,block_ip
1,0.99982846,block_ip
1,0.9998765,block_ip
0,0.00048145856,allow
0,2.359988e-05,allow
0,7.110547e-05,allow
1,0.9996873,block_ip
1,0.9997373,block_ip
0,0.00015137586,allow
0,0.00034243494,allow
1,0.99815995,block_ip
1,0.99990785,block_ip
0,1.7309329e-05,allow
1,0.9999306,block_ip
1,0.99991846,block_ip
1,0.99947697,block_ip
0,1.825656e-05,allow
1,0.9998172,block_ip
1,0.999923,block_ip
1,0.9999449,block_ip
0,2.445773e-05,allow
1,0.99978536,block_ip
0,2.7444592e-05,allow
0,9.986716e-05,allow
0,1.8489101e-05,allow
1,0.9999591,block_ip
0,1.9724965e-05,allow
1,0.9999647,block_ip
1,0.999782,block_ip
1,0.9995177,block_ip
0,2.0972853e-05,allow
1,0.9998273,block_ip
0,3.3084867e-05,allow
0,0.0006460746,allow
0,9.286356e-06,allow
1,0.99992704,block_ip
0,2.5762876e-05,allow
0,0.050632726,allow
0,0.0002683705,allow
1,0.9984394,block_ip
1,0.9999318,block_ip
1,0.99995244,block_ip
1,0.999401,block_ip
1,0.9999206,block_ip
0,6.377353e-05,allow
1,0.9996911,block_ip
1,0.9998648,block_ip
0,4.027365e-05,allow
0,2.2100385e-05,allow
1,0.9999652,block_ip
0,4.4291206e-05,allow
0,4.9075854e-05,allow
1,0.9938992,block_ip
1,0.9998417,block_ip
0,1.2492233e-05,allow
0,0.00011221345,allow
0,8.9330915e-06,allow
0,3.8731327e-05,allow
1,0.99991226,block_ip
1,0.999782,block_ip
0,3.0588333e-05,allow
0,1.0590773e-05,allow
1,0.99986005,block_ip
1,0.99968076,block_ip
0,2.9409004e-05,allow
0,1.4510063e-05,allow
