ip,predicted_label,prob,defense_action
0,1,0.99997616,block_ip
1,1,0.99997616,block_ip
2,1,0.99997616,block_ip
3,1,0.99997616,block_ip
4,1,0.99997616,block_ip
5,1,0.99997616,block_ip
6,1,0.99997616,block_ip
7,1,0.99997616,block_ip
8,1,0.99997616,block_ip
9,1,0.9999732,block_ip
10,1,0.9999732,block_ip
11,1,0.9999732,block_ip
12,1,0.9999732,block_ip
13,1,0.9999732,block_ip
14,1,0.9999732,block_ip
15,1,0.99997616,block_ip
16,1,0.99997616,block_ip
17,1,0.99997616,block_ip
18,1,0.99997616,block_ip
19,1,0.99997616,block_ip
20,1,0.9999732,block_ip
21,1,0.9999732,block_ip
22,1,0.9999732,block_ip
23,1,0.9999732,block_ip
24,1,0.9999732,block_ip
25,1,0.9999732,block_ip
26,1,0.9999732,block_ip
27,1,0.9999732,block_ip
28,1,0.99997616,block_ip
29,1,0.99997616,block_ip
30,1,0.9999732,block_ip
31,1,0.9999732,block_ip
32,1,0.9999732,block_ip
33,1,0.9999732,block_ip
34,1,0.99997616,block_ip
35,1,0.99997616,block_ip
36,1,0.99997616,block_ip
37,1,0.99997616,block_ip
38,1,0.99997616,block_ip
39,1,0.9999732,block_ip
40,1,0.9999732,block_ip
41,1,0.9999732,block_ip
42,1,0.99997616,block_ip
43,1,0.99997616,block_ip
44,1,0.99997616,block_ip
45,1,0.99997616,block_ip
46,1,0.99997616,block_ip
47,1,0.99997616,block_ip
48,1,0.99997616,block_ip
49,1,0.99997616,block_ip
50,1,0.99997616,block_ip
51,1,0.9999732,block_ip
52,1,0.99997616,block_ip
53,1,0.9999732,block_ip
54,1,0.9999732,block_ip
55,1,0.99997616,block_ip
56,1,0.99997616,block_ip
57,1,0.9999732,block_ip
58,1,0.9999732,block_ip
59,1,0.99997616,block_ip
60,1,0.99997616,block_ip
61,1,0.99997616,block_ip
62,1,0.99997616,block_ip
63,1,0.99997616,block_ip
64,1,0.99997616,block_ip
65,1,0.99997616,block_ip
66,1,0.99997616,block_ip
67,1,0.99997616,block_ip
68,1,0.99997616,block_ip
69,1,0.99997616,block_ip
70,1,0.99997616,block_ip
71,1,0.99997616,block_ip
72,1,0.99997616,block_ip
73,1,0.99997616,block_ip
74,1,0.99997616,block_ip
75,1,0.99997616,block_ip
76,1,0.99997616,block_ip
77,1,0.99997616,block_ip
78,1,0.99997616,block_ip
79,1,0.99997616,block_ip
80,1,0.99997616,block_ip
81,1,0.99997616,block_ip
82,1,0.99997616,block_ip
83,1,0.99997616,block_ip
84,1,0.99997616,block_ip
85,1,0.99997616,block_ip
86,1,0.99997616,block_ip
87,1,0.99997616,block_ip
88,1,0.99997616,block_ip
89,1,0.99997616,block_ip
90,1,0.99997616,block_ip
91,1,0.99997616,block_ip
92,1,0.99997616,block_ip
93,1,0.99997616,block_ip
94,1,0.99997616,block_ip
95,1,0.99997616,block_ip
96,1,0.99997616,block_ip
97,1,0.99997616,block_ip
98,1,0.99997616,block_ip
99,1,0.99997616,block_ip
100,1,0.99997616,block_ip
101,1,0.99997616,block_ip
102,1,0.99997616,block_ip
103,1,0.99997616,block_ip
104,1,0.99997616,block_ip
105,1,0.99997616,block_ip
106,1,0.99997616,block_ip
107,1,0.99997616,block_ip
108,1,0.99997616,block_ip
109,1,0.99997616,block_ip
110,1,0.99997616,block_ip
111,1,0.99997616,block_ip
112,1,0.99997616,block_ip
113,1,0.99997616,block_ip
114,1,0.99997616,block_ip
115,1,0.99997616,block_ip
116,1,0.99997616,block_ip
117,1,0.99997616,block_ip
118,1,0.99997616,block_ip
119,1,0.99997616,block_ip
120,1,0.99997616,block_ip
121,1,0.99997616,block_ip
122,1,0.99997616,block_ip
123,1,0.99997616,block_ip
124,1,0.99997616,block_ip
125,1,0.99997616,block_ip
126,1,0.99997616,block_ip
127,1,0.99997616,block_ip
128,1,0.99997616,block_ip
129,1,0.99997616,block_ip
130,1,0.99997616,block_ip
131,1,0.99997616,block_ip
132,1,0.99997616,block_ip
133,1,0.99997616,block_ip
134,1,0.99997616,block_ip
135,1,0.99997616,block_ip
136,1,0.99997616,block_ip
137,1,0.99997616,block_ip
138,1,0.99997616,block_ip
139,1,0.99997616,block_ip
140,1,0.99997616,block_ip
141,1,0.99997616,block_ip
142,1,0.99997616,block_ip
143,1,0.99997616,block_ip
144,1,0.99997616,block_ip
145,1,0.99997616,block_ip
146,1,0.99997616,block_ip
147,1,0.99997616,block_ip
148,1,0.99997616,block_ip
149,1,0.99997616,block_ip
150,1,0.99997616,block_ip
151,1,0.99997616,block_ip
152,1,0.99997616,block_ip
153,1,0.99997616,block_ip
154,1,0.99997616,block_ip
155,1,0.99997616,block_ip
156,1,0.99997616,block_ip
157,1,0.99997616,block_ip
158,1,0.99997616,block_ip
159,1,0.99997616,block_ip
160,1,0.99997616,block_ip
161,1,0.99997616,block_ip
162,1,0.99997616,block_ip
163,1,0.99997616,block_ip
164,1,0.99997616,block_ip
165,1,0.99997616,block_ip
166,1,0.99997616,block_ip
167,1,0.99997616,block_ip
168,1,0.99997616,block_ip
169,1,0.99997616,block_ip
170,1,0.99997616,block_ip
171,1,0.99997616,block_ip
172,1,0.99997616,block_ip
173,1,0.99997616,block_ip
174,1,0.99997616,block_ip
175,1,0.99997616,block_ip
176,1,0.99997616,block_ip
177,1,0.99997616,block_ip
178,1,0.99997616,block_ip
179,1,0.99997616,block_ip
180,1,0.99997616,block_ip
181,1,0.99997616,block_ip
182,1,0.99997616,block_ip
183,1,0.99997616,block_ip
184,1,0.99997616,block_ip
185,1,0.99997616,block_ip
186,1,0.99997616,block_ip
187,1,0.99997616,block_ip
188,1,0.99997616,block_ip
189,1,0.99997616,block_ip
190,1,0.99997616,block_ip
191,1,0.99997616,block_ip
192,1,0.99997616,block_ip
193,1,0.99997616,block_ip
194,1,0.99997616,block_ip
195,1,0.99997616,block_ip
196,1,0.99997616,block_ip
197,1,0.99997616,block_ip
198,1,0.99997616,block_ip
199,1,0.99997616,block_ip
200,1,0.99997616,block_ip
201,1,0.99997616,block_ip
202,1,0.99997616,block_ip
203,1,0.99997616,block_ip
204,1,0.99997616,block_ip
205,1,0.99997616,block_ip
206,1,0.99997616,block_ip
207,1,0.99997616,block_ip
208,1,0.99997616,block_ip
209,1,0.99997616,block_ip
210,1,0.99997616,block_ip
211,1,0.99997616,block_ip
212,1,0.99997616,block_ip
213,1,0.99997616,block_ip
214,1,0.99997616,block_ip
215,1,0.99997616,block_ip
216,1,0.99997616,block_ip
217,1,0.99997616,block_ip
218,1,0.99997616,block_ip
219,1,0.99997616,block_ip
220,1,0.99997616,block_ip
221,1,0.99997616,block_ip
222,1,0.99997616,block_ip
223,1,0.99997616,block_ip
224,1,0.99997616,block_ip
225,1,0.99997616,block_ip
226,1,0.99997616,block_ip
227,1,0.99997616,block_ip
228,1,0.99997616,block_ip
229,1,0.99997616,block_ip
230,1,0.99997616,block_ip
231,1,0.99997616,block_ip
232,1,0.99997616,block_ip
233,1,0.99997616,block_ip
234,1,0.99997616,block_ip
235,1,0.99997616,block_ip
236,1,0.99997616,block_ip
237,1,0.99997616,block_ip
238,1,0.99997616,block_ip
239,1,0.99997616,block_ip
240,1,0.99997616,block_ip
241,1,0.99997616,block_ip
242,1,0.99997616,block_ip
243,1,0.99997616,block_ip
244,1,0.99997616,block_ip
245,1,0.99997616,block_ip
246,1,0.99997616,block_ip
247,1,0.99997616,block_ip
248,1,0.99997616,block_ip
249,1,0.99997616,block_ip
250,1,0.99997616,block_ip
251,1,0.99997616,block_ip
252,1,0.99997616,block_ip
253,1,0.99997616,block_ip
254,1,0.99997616,block_ip
255,1,0.99997616,block_ip
256,1,0.99997616,block_ip
257,1,0.99997616,block_ip
258,1,0.99997616,block_ip
259,1,0.99997616,block_ip
260,1,0.99997616,block_ip
261,1,0.99997616,block_ip
262,1,0.99997616,block_ip
263,1,0.99997616,block_ip
264,1,0.99997616,block_ip
265,1,0.99997616,block_ip
266,1,0.99997616,block_ip
267,1,0.99997616,block_ip
268,1,0.99997616,block_ip
269,1,0.99997616,block_ip
270,1,0.99997616,block_ip
271,1,0.99997616,block_ip
272,1,0.99997616,block_ip
273,1,0.99997616,block_ip
274,1,0.99997616,block_ip
275,1,0.99997616,block_ip
276,1,0.99997616,block_ip
277,1,0.99997616,block_ip
278,1,0.99997616,block_ip
279,1,0.99997616,block_ip
280,1,0.99997616,block_ip
281,1,0.99997616,block_ip
282,1,0.99997616,block_ip
283,1,0.99997616,block_ip
284,1,0.99997616,block_ip
285,1,0.99997616,block_ip
286,1,0.99997616,block_ip
287,1,0.99997616,block_ip
288,1,0.99997616,block_ip
289,1,0.99997616,block_ip
290,1,0.99997616,block_ip
291,1,0.99997616,block_ip
292,1,0.99997616,block_ip
293,1,0.99997616,block_ip
294,1,0.99997616,block_ip
295,1,0.99997616,block_ip
296,1,0.99997616,block_ip
297,1,0.99997616,block_ip
298,1,0.99997616,block_ip
299,1,0.99997616,block_ip
300,1,0.99997616,block_ip
301,1,0.99997616,block_ip
302,1,0.99997616,block_ip
303,1,0.99997616,block_ip
304,1,0.99997616,block_ip
305,1,0.99997616,block_ip
306,1,0.99997616,block_ip
307,1,0.99997616,block_ip
308,1,0.99997616,block_ip
309,1,0.99997616,block_ip
310,1,0.99997616,block_ip
311,1,0.99997616,block_ip
312,1,0.99997616,block_ip
313,1,0.99997616,block_ip
314,1,0.99997616,block_ip
315,1,0.99997616,block_ip
316,1,0.99997616,block_ip
317,1,0.99997616,block_ip
318,1,0.99997616,block_ip
319,1,0.99997616,block_ip
320,1,0.99997616,block_ip
321,1,0.99997616,block_ip
322,1,0.99997616,block_ip
323,1,0.99997616,block_ip
324,1,0.99997616,block_ip
325,1,0.99997616,block_ip
326,1,0.99997616,block_ip
327,1,0.99997616,block_ip
328,1,0.99997616,block_ip
329,1,0.99997616,block_ip
330,1,0.99997616,block_ip
331,1,0.99997616,block_ip
332,1,0.99997616,block_ip
333,1,0.99997616,block_ip
334,1,0.99997616,block_ip
335,1,0.99997616,block_ip
336,1,0.99997616,block_ip
337,1,0.99997616,block_ip
338,1,0.99997616,block_ip
339,1,0.99997616,block_ip
340,1,0.99997616,block_ip
341,1,0.99997616,block_ip
342,1,0.99997616,block_ip
343,1,0.99997616,block_ip
344,1,0.99997616,block_ip
345,1,0.99997616,block_ip
346,1,0.99997616,block_ip
347,1,0.99997616,block_ip
348,1,0.99997616,block_ip
349,1,0.99997616,block_ip
350,1,0.99997616,block_ip
351,1,0.99997616,block_ip
352,1,0.99997616,block_ip
353,1,0.99997616,block_ip
354,1,0.99997616,block_ip
355,1,0.99997616,block_ip
356,1,0.99997616,block_ip
357,1,0.99997616,block_ip
358,1,0.99997616,block_ip
359,1,0.99997616,block_ip
360,1,0.99997616,block_ip
361,1,0.99997616,block_ip
362,1,0.99997616,block_ip
363,1,0.99997616,block_ip
364,1,0.99997616,block_ip
365,1,0.99997616,block_ip
366,1,0.99997616,block_ip
367,1,0.99997616,block_ip
368,1,0.99997616,block_ip
369,1,0.99997616,block_ip
370,1,0.99997616,block_ip
371,1,0.99997616,block_ip
372,1,0.99997616,block_ip
373,1,0.99997616,block_ip
374,1,0.99997616,block_ip
375,1,0.99997616,block_ip
376,1,0.99997616,block_ip
377,1,0.99997616,block_ip
378,1,0.99997616,block_ip
379,1,0.99997616,block_ip
380,1,0.99997616,block_ip
381,1,0.99997616,block_ip
382,1,0.99997616,block_ip
383,1,0.99997616,block_ip
384,1,0.99997616,block_ip
385,1,0.99997616,block_ip
386,1,0.99997616,block_ip
387,1,0.99997616,block_ip
388,1,0.99997616,block_ip
389,1,0.99997616,block_ip
390,1,0.99997616,block_ip
391,1,0.99997616,block_ip
392,1,0.99997616,block_ip
393,1,0.99997616,block_ip
394,1,0.99997616,block_ip
395,1,0.99997616,block_ip
396,1,0.99997616,block_ip
397,1,0.99997616,block_ip
398,1,0.99997616,block_ip
399,1,0.99997616,block_ip
400,1,0.99997616,block_ip
401,1,0.99997616,block_ip
402,1,0.99997616,block_ip
403,1,0.99997616,block_ip
404,1,0.99997616,block_ip
405,1,0.99997616,block_ip
406,1,0.99997616,block_ip
407,1,0.99997616,block_ip
408,1,0.99997616,block_ip
409,1,0.99997616,block_ip
410,1,0.99997616,block_ip
411,1,0.99997616,block_ip
412,1,0.99997616,block_ip
413,1,0.99997616,block_ip
414,1,0.99997616,block_ip
415,1,0.99997616,block_ip
416,1,0.99997616,block_ip
417,1,0.99997616,block_ip
418,1,0.99997616,block_ip
419,1,0.99997616,block_ip
420,1,0.99997616,block_ip
421,1,0.99997616,block_ip
422,1,0.99997616,block_ip
423,1,0.99997616,block_ip
424,1,0.99997616,block_ip
425,1,0.99997616,block_ip
426,1,0.99997616,block_ip
427,1,0.99997616,block_ip
428,1,0.99997616,block_ip
429,1,0.99997616,block_ip
430,1,0.99997616,block_ip
431,1,0.99997616,block_ip
432,1,0.99997616,block_ip
433,1,0.99997616,block_ip
434,1,0.99997616,block_ip
435,1,0.99997616,block_ip
436,1,0.99997616,block_ip
437,1,0.99997616,block_ip
438,1,0.99997616,block_ip
439,1,0.99997616,block_ip
440,1,0.99997616,block_ip
441,1,0.99997616,block_ip
442,1,0.99997616,block_ip
443,1,0.99997616,block_ip
444,1,0.99997616,block_ip
445,1,0.99997616,block_ip
446,1,0.99997616,block_ip
447,1,0.99997616,block_ip
448,1,0.99997616,block_ip
449,1,0.99997616,block_ip
450,1,0.99997616,block_ip
451,1,0.99997616,block_ip
452,1,0.99997616,block_ip
453,1,0.99997616,block_ip
454,1,0.99997616,block_ip
455,1,0.99997616,block_ip
456,1,0.99997616,block_ip
457,1,0.99997616,block_ip
458,1,0.99997616,block_ip
459,1,0.99997616,block_ip
460,1,0.99997616,block_ip
461,1,0.99997616,block_ip
462,1,0.99997616,block_ip
463,1,0.99997616,block_ip
464,1,0.99997616,block_ip
465,1,0.99997616,block_ip
466,1,0.99997616,block_ip
467,1,0.99997616,block_ip
468,1,0.99997616,block_ip
469,1,0.99997616,block_ip
470,1,0.99997616,block_ip
471,1,0.99997616,block_ip
472,1,0.99997616,block_ip
473,1,0.99997616,block_ip
474,1,0.99997616,block_ip
475,1,0.99997616,block_ip
476,1,0.99997616,block_ip
477,1,0.99997616,block_ip
478,1,0.99997616,block_ip
479,1,0.99997616,block_ip
480,1,0.99997616,block_ip
481,1,0.99997616,block_ip
482,1,0.99997616,block_ip
483,1,0.99997616,block_ip
484,1,0.99997616,block_ip
485,1,0.99997616,block_ip
486,1,0.99997616,block_ip
487,1,0.99997616,block_ip
488,1,0.99997616,block_ip
489,1,0.99997616,block_ip
490,1,0.99997616,block_ip
491,1,0.99997616,block_ip
492,1,0.99997616,block_ip
493,1,0.99997616,block_ip
494,1,0.99997616,block_ip
495,1,0.99997616,block_ip
496,1,0.99997616,block_ip
497,1,0.99997616,block_ip
498,1,0.99997616,block_ip
499,1,0.99997616,block_ip
500,1,0.99997616,block_ip
501,1,0.99997616,block_ip
502,1,0.99997616,block_ip
503,1,0.99997616,block_ip
504,1,0.99997616,block_ip
505,1,0.99997616,block_ip
506,1,0.99997616,block_ip
507,1,0.99997616,block_ip
508,1,0.99997616,block_ip
509,1,0.99997616,block_ip
510,1,0.99997616,block_ip
511,1,0.99997616,block_ip
512,1,0.99997616,block_ip
513,1,0.99997616,block_ip
514,1,0.99997616,block_ip
515,1,0.99997616,block_ip
516,1,0.99997616,block_ip
517,1,0.99997616,block_ip
518,1,0.99997616,block_ip
519,1,0.99997616,block_ip
520,1,0.99997616,block_ip
521,1,0.99997616,block_ip
522,1,0.99997616,block_ip
523,1,0.99997616,block_ip
524,1,0.99997616,block_ip
525,1,0.99997616,block_ip
526,1,0.99997616,block_ip
527,1,0.99997616,block_ip
528,1,0.99997616,block_ip
529,1,0.99997616,block_ip
530,1,0.99997616,block_ip
531,1,0.99997616,block_ip
532,1,0.99997616,block_ip
533,1,0.99997616,block_ip
534,1,0.99997616,block_ip
535,1,0.99997616,block_ip
536,1,0.99997616,block_ip
537,1,0.99997616,block_ip
538,1,0.99997616,block_ip
539,1,0.99997616,block_ip
540,1,0.99997616,block_ip
541,1,0.99997616,block_ip
542,1,0.99997616,block_ip
543,1,0.99997616,block_ip
544,1,0.99997616,block_ip
545,1,0.99997616,block_ip
546,1,0.99997616,block_ip
547,1,0.99997616,block_ip
548,1,0.99997616,block_ip
549,1,0.99997616,block_ip
550,1,0.99997616,block_ip
551,1,0.99997616,block_ip
552,1,0.99997616,block_ip
553,1,0.99997616,block_ip
554,1,0.99997616,block_ip
555,1,0.99997616,block_ip
556,1,0.99997616,block_ip
557,1,0.99997616,block_ip
558,1,0.99997616,block_ip
559,1,0.99997616,block_ip
560,1,0.99997616,block_ip
561,1,0.99997616,block_ip
562,1,0.99997616,block_ip
563,1,0.99997616,block_ip
564,1,0.99997616,block_ip
565,1,0.99997616,block_ip
566,1,0.99997616,block_ip
567,1,0.99997616,block_ip
568,1,0.99997616,block_ip
569,1,0.99997616,block_ip
570,1,0.99997616,block_ip
571,1,0.99997616,block_ip
572,1,0.99997616,block_ip
573,1,0.99997616,block_ip
574,1,0.99997616,block_ip
575,1,0.99997616,block_ip
576,1,0.99997616,block_ip
577,1,0.99997616,block_ip
578,1,0.99997616,block_ip
579,1,0.99997616,block_ip
580,1,0.99997616,block_ip
581,1,0.99997616,block_ip
582,1,0.99997616,block_ip
583,1,0.99997616,block_ip
584,1,0.99997616,block_ip
585,1,0.99997616,block_ip
586,1,0.99997616,block_ip
587,1,0.99997616,block_ip
588,1,0.99997616,block_ip
589,1,0.99997616,block_ip
590,1,0.99997616,block_ip
591,1,0.99997616,block_ip
592,1,0.99997616,block_ip
593,1,0.99997616,block_ip
594,1,0.99997616,block_ip
595,1,0.99997616,block_ip
596,1,0.99997616,block_ip
597,1,0.99997616,block_ip
598,1,0.99997616,block_ip
599,1,0.99997616,block_ip
600,1,0.99997616,block_ip
601,1,0.99997616,block_ip
602,1,0.99997616,block_ip
603,1,0.99997616,block_ip
604,1,0.99997616,block_ip
605,1,0.99997616,block_ip
606,1,0.99997616,block_ip
607,1,0.99997616,block_ip
608,1,0.99997616,block_ip
609,1,0.99997616,block_ip
610,1,0.99997616,block_ip
611,1,0.99997616,block_ip
612,1,0.99997616,block_ip
613,1,0.99997616,block_ip
614,1,0.99997616,block_ip
615,1,0.99997616,block_ip
616,1,0.99997616,block_ip
617,1,0.99997616,block_ip
618,1,0.99997616,block_ip
619,1,0.99997616,block_ip
620,1,0.99997616,block_ip
621,1,0.99997616,block_ip
622,1,0.99997616,block_ip
623,1,0.99997616,block_ip
624,1,0.99997616,block_ip
625,1,0.99997616,block_ip
626,1,0.99997616,block_ip
627,1,0.99997616,block_ip
628,1,0.99997616,block_ip
629,1,0.99997616,block_ip
630,1,0.99997616,block_ip
631,1,0.99997616,block_ip
632,1,0.99997616,block_ip
633,1,0.99997616,block_ip
634,1,0.99997616,block_ip
635,1,0.99997616,block_ip
636,1,0.99997616,block_ip
637,1,0.99997616,block_ip
638,1,0.99997616,block_ip
639,1,0.99997616,block_ip
640,1,0.99997616,block_ip
641,1,0.99997616,block_ip
642,1,0.99997616,block_ip
643,1,0.99997616,block_ip
644,1,0.99997616,block_ip
645,1,0.99997616,block_ip
646,1,0.99997616,block_ip
647,1,0.99997616,block_ip
648,1,0.99997616,block_ip
649,1,0.99997616,block_ip
650,1,0.99997616,block_ip
651,1,0.99997616,block_ip
652,1,0.99997616,block_ip
653,1,0.99997616,block_ip
654,1,0.99997616,block_ip
655,1,0.99997616,block_ip
656,1,0.99997616,block_ip
657,1,0.99997616,block_ip
658,1,0.99997616,block_ip
659,1,0.99997616,block_ip
660,1,0.99997616,block_ip
661,1,0.99997616,block_ip
662,1,0.99997616,block_ip
663,1,0.99997616,block_ip
664,1,0.99997616,block_ip
665,1,0.99997616,block_ip
666,1,0.99997616,block_ip
667,1,0.99997616,block_ip
668,1,0.99997616,block_ip
669,1,0.99997616,block_ip
670,1,0.99997616,block_ip
671,1,0.99997616,block_ip
672,1,0.99997616,block_ip
673,1,0.99997616,block_ip
674,1,0.99997616,block_ip
675,1,0.99997616,block_ip
676,1,0.99997616,block_ip
677,1,0.99997616,block_ip
678,1,0.99997616,block_ip
679,1,0.99997616,block_ip
680,1,0.99997616,block_ip
681,1,0.99997616,block_ip
682,1,0.99997616,block_ip
683,1,0.99997616,block_ip
684,1,0.99997616,block_ip
685,1,0.99997616,block_ip
686,1,0.99997616,block_ip
687,1,0.99997616,block_ip
688,1,0.99997616,block_ip
689,1,0.99997616,block_ip
690,1,0.99997616,block_ip
691,1,0.99997616,block_ip
692,1,0.99997616,block_ip
693,1,0.99997616,block_ip
694,1,0.99997616,block_ip
695,1,0.99997616,block_ip
696,1,0.99997616,block_ip
697,1,0.99997616,block_ip
698,1,0.99997616,block_ip
699,1,0.99997616,block_ip
700,1,0.99997616,block_ip
701,1,0.99997616,block_ip
702,1,0.99997616,block_ip
703,1,0.99997616,block_ip
704,1,0.99997616,block_ip
705,1,0.99997616,block_ip
706,1,0.99997616,block_ip
707,1,0.99997616,block_ip
708,1,0.99997616,block_ip
709,1,0.99997616,block_ip
710,1,0.99997616,block_ip
711,1,0.99997616,block_ip
712,1,0.99997616,block_ip
713,1,0.99997616,block_ip
714,1,0.99997616,block_ip
715,1,0.99997616,block_ip
716,1,0.99997616,block_ip
717,1,0.99997616,block_ip
718,1,0.99997616,block_ip
719,1,0.99997616,block_ip
720,1,0.99997616,block_ip
721,1,0.99997616,block_ip
722,1,0.99997616,block_ip
723,1,0.99997616,block_ip
724,1,0.99997616,block_ip
725,1,0.99997616,block_ip
726,1,0.99997616,block_ip
727,1,0.99997616,block_ip
728,1,0.99997616,block_ip
729,1,0.99997616,block_ip
730,1,0.99997616,block_ip
731,1,0.99997616,block_ip
732,1,0.99997616,block_ip
733,1,0.99997616,block_ip
734,1,0.99997616,block_ip
735,1,0.99997616,block_ip
736,1,0.99997616,block_ip
737,1,0.99997616,block_ip
738,1,0.99997616,block_ip
739,1,0.99997616,block_ip
740,1,0.99997616,block_ip
741,1,0.99997616,block_ip
742,1,0.99997616,block_ip
743,1,0.99997616,block_ip
744,1,0.99997616,block_ip
745,1,0.99997616,block_ip
746,1,0.99997616,block_ip
747,1,0.99997616,block_ip
748,1,0.99997616,block_ip
749,1,0.99997616,block_ip
750,1,0.99997616,block_ip
751,1,0.99997616,block_ip
752,1,0.99997616,block_ip
753,1,0.99997616,block_ip
754,1,0.99997616,block_ip
755,1,0.99997616,block_ip
756,1,0.99997616,block_ip
757,1,0.99997616,block_ip
758,1,0.99997616,block_ip
759,1,0.99997616,block_ip
760,1,0.99997616,block_ip
761,1,0.99997616,block_ip
762,1,0.99997616,block_ip
763,1,0.99997616,block_ip
764,1,0.99997616,block_ip
765,1,0.99997616,block_ip
766,1,0.99997616,block_ip
767,1,0.99997616,block_ip
768,1,0.99997616,block_ip
769,1,0.99997616,block_ip
770,1,0.99997616,block_ip
771,1,0.99997616,block_ip
772,1,0.99997616,block_ip
773,1,0.99997616,block_ip
774,1,0.99997616,block_ip
775,1,0.99997616,block_ip
776,1,0.99997616,block_ip
777,1,0.99997616,block_ip
778,1,0.99997616,block_ip
779,1,0.99997616,block_ip
780,1,0.99997616,block_ip
781,1,0.99997616,block_ip
782,1,0.99997616,block_ip
783,1,0.99997616,block_ip
784,1,0.99997616,block_ip
785,1,0.99997616,block_ip
786,1,0.99997616,block_ip
787,1,0.99997616,block_ip
788,1,0.99997616,block_ip
789,1,0.99997616,block_ip
790,1,0.99997616,block_ip
791,1,0.99997616,block_ip
792,1,0.99997616,block_ip
793,1,0.99997616,block_ip
794,1,0.99997616,block_ip
795,1,0.99997616,block_ip
796,1,0.99997616,block_ip
797,1,0.99997616,block_ip
798,1,0.99997616,block_ip
799,1,0.99997616,block_ip
800,1,0.99997616,block_ip
801,1,0.99997616,block_ip
802,1,0.99997616,block_ip
803,1,0.99997616,block_ip
804,1,0.99997616,block_ip
805,1,0.99997616,block_ip
806,1,0.99997616,block_ip
807,1,0.99997616,block_ip
808,1,0.99997616,block_ip
809,1,0.99997616,block_ip
810,1,0.99997616,block_ip
811,1,0.99997616,block_ip
812,1,0.99997616,block_ip
813,1,0.99997616,block_ip
814,1,0.99997616,block_ip
815,1,0.99997616,block_ip
816,1,0.99997616,block_ip
817,1,0.99997616,block_ip
818,1,0.99997616,block_ip
819,1,0.99997616,block_ip
820,1,0.99997616,block_ip
821,1,0.99997616,block_ip
822,1,0.99997616,block_ip
823,1,0.99997616,block_ip
824,1,0.99997616,block_ip
825,1,0.99997616,block_ip
826,1,0.99997616,block_ip
827,1,0.99997616,block_ip
828,1,0.99997616,block_ip
829,1,0.99997616,block_ip
830,1,0.99997616,block_ip
831,1,0.99997616,block_ip
832,1,0.99997616,block_ip
833,1,0.99997616,block_ip
834,1,0.99997616,block_ip
835,1,0.99997616,block_ip
836,1,0.99997616,block_ip
837,1,0.99997616,block_ip
838,1,0.99997616,block_ip
839,1,0.99997616,block_ip
840,1,0.99997616,block_ip
841,1,0.99997616,block_ip
842,1,0.99997616,block_ip
843,1,0.99997616,block_ip
844,1,0.99997616,block_ip
845,1,0.99997616,block_ip
846,1,0.99997616,block_ip
847,1,0.99997616,block_ip
848,1,0.99997616,block_ip
849,1,0.99997616,block_ip
850,1,0.99997616,block_ip
851,1,0.99997616,block_ip
852,1,0.99997616,block_ip
853,1,0.99997616,block_ip
854,1,0.99997616,block_ip
855,1,0.99997616,block_ip
856,1,0.99997616,block_ip
857,1,0.99997616,block_ip
858,1,0.99997616,block_ip
859,1,0.99997616,block_ip
860,1,0.99997616,block_ip
861,1,0.99997616,block_ip
862,1,0.99997616,block_ip
863,1,0.99997616,block_ip
864,1,0.99997616,block_ip
865,1,0.99997616,block_ip
866,1,0.99997616,block_ip
867,1,0.99997616,block_ip
868,1,0.99997616,block_ip
869,1,0.99997616,block_ip
870,1,0.99997616,block_ip
871,1,0.99997616,block_ip
872,1,0.99997616,block_ip
873,1,0.99997616,block_ip
874,1,0.99997616,block_ip
875,1,0.99997616,block_ip
876,1,0.99997616,block_ip
877,1,0.99997616,block_ip
878,1,0.99997616,block_ip
879,1,0.99997616,block_ip
880,1,0.99997616,block_ip
881,1,0.99997616,block_ip
882,1,0.99997616,block_ip
883,1,0.99997616,block_ip
884,1,0.99997616,block_ip
885,1,0.99997616,block_ip
886,1,0.99997616,block_ip
887,1,0.99997616,block_ip
888,1,0.99997616,block_ip
889,1,0.99997616,block_ip
890,1,0.99997616,block_ip
891,1,0.99997616,block_ip
892,1,0.99997616,block_ip
893,1,0.99997616,block_ip
894,1,0.99997616,block_ip
895,1,0.99997616,block_ip
896,1,0.99997616,block_ip
897,1,0.99997616,block_ip
898,1,0.99997616,block_ip
899,1,0.99997616,block_ip
900,1,0.99997616,block_ip
901,1,0.99997616,block_ip
902,1,0.99997616,block_ip
903,1,0.99997616,block_ip
904,1,0.99997616,block_ip
905,1,0.99997616,block_ip
906,1,0.99997616,block_ip
907,1,0.99997616,block_ip
908,1,0.99997616,block_ip
909,1,0.99997616,block_ip
910,1,0.99997616,block_ip
911,1,0.99997616,block_ip
912,1,0.99997616,block_ip
913,1,0.99997616,block_ip
914,1,0.99997616,block_ip
915,1,0.99997616,block_ip
916,1,0.99997616,block_ip
917,1,0.99997616,block_ip
918,1,0.99997616,block_ip
919,1,0.99997616,block_ip
920,1,0.99997616,block_ip
921,1,0.99997616,block_ip
922,1,0.99997616,block_ip
923,1,0.99997616,block_ip
924,1,0.99997616,block_ip
925,1,0.99997616,block_ip
926,1,0.99997616,block_ip
927,1,0.99997616,block_ip
928,1,0.99997616,block_ip
929,1,0.99997616,block_ip
930,1,0.99997616,block_ip
931,1,0.99997616,block_ip
932,1,0.99997616,block_ip
933,1,0.99997616,block_ip
934,1,0.99997616,block_ip
935,1,0.99997616,block_ip
936,1,0.99997616,block_ip
937,1,0.99997616,block_ip
938,1,0.99997616,block_ip
939,1,0.99997616,block_ip
940,1,0.99997616,block_ip
941,1,0.99997616,block_ip
942,1,0.99997616,block_ip
943,1,0.99997616,block_ip
944,1,0.99997616,block_ip
945,1,0.99997616,block_ip
946,1,0.99997616,block_ip
947,1,0.99997616,block_ip
948,1,0.99997616,block_ip
949,1,0.99997616,block_ip
950,1,0.99997616,block_ip
951,1,0.99997616,block_ip
952,1,0.99997616,block_ip
953,1,0.99997616,block_ip
954,1,0.99997616,block_ip
955,1,0.99997616,block_ip
956,1,0.99997616,block_ip
957,1,0.99997616,block_ip
958,1,0.99997616,block_ip
959,1,0.99997616,block_ip
960,1,0.99997616,block_ip
961,1,0.99997616,block_ip
962,1,0.99997616,block_ip
963,1,0.99997616,block_ip
964,1,0.99997616,block_ip
965,1,0.99997616,block_ip
966,1,0.99997616,block_ip
967,1,0.99997616,block_ip
968,1,0.99997616,block_ip
969,1,0.99997616,block_ip
970,1,0.99997616,block_ip
971,1,0.99997616,block_ip
972,1,0.99997616,block_ip
973,1,0.99997616,block_ip
974,1,0.99997616,block_ip
975,1,0.99997616,block_ip
976,1,0.99997616,block_ip
977,1,0.99997616,block_ip
978,1,0.99997616,block_ip
979,1,0.99997616,block_ip
980,1,0.99997616,block_ip
981,1,0.99997616,block_ip
982,1,0.99997616,block_ip
983,1,0.99997616,block_ip
984,1,0.99997616,block_ip
985,1,0.99997616,block_ip
986,1,0.99997616,block_ip
987,1,0.99997616,block_ip
988,1,0.99997616,block_ip
989,1,0.99997616,block_ip
990,1,0.99997616,block_ip
991,1,0.99997616,block_ip
992,1,0.99997616,block_ip
993,1,0.99997616,block_ip
994,1,0.99997616,block_ip
995,1,0.99997616,block_ip
996,1,0.99997616,block_ip
997,1,0.99997616,block_ip
998,1,0.99997616,block_ip
999,1,0.99997616,block_ip
1000,1,0.99996936,block_ip
1001,1,0.99996936,block_ip
1002,1,0.99996936,block_ip
1003,1,0.99996936,block_ip
1004,1,0.99996936,block_ip
1005,1,0.99996936,block_ip
1006,1,0.99996936,block_ip
1007,1,0.99996936,block_ip
1008,1,0.99996936,block_ip
1009,1,0.99996936,block_ip
1010,1,0.99996936,block_ip
1011,1,0.99996936,block_ip
1012,1,0.99996936,block_ip
1013,1,0.99996936,block_ip
1014,1,0.99996936,block_ip
1015,1,0.99996936,block_ip
1016,1,0.99996936,block_ip
1017,1,0.99996936,block_ip
1018,1,0.99996936,block_ip
1019,1,0.99996936,block_ip
1020,1,0.99996936,block_ip
1021,1,0.99996936,block_ip
1022,1,0.99996936,block_ip
1023,1,0.99996936,block_ip
1024,1,0.99996936,block_ip
1025,1,0.99996936,block_ip
1026,1,0.99996936,block_ip
1027,1,0.99996936,block_ip
1028,1,0.99996936,block_ip
1029,1,0.99996936,block_ip
1030,1,0.99996936,block_ip
1031,1,0.99996936,block_ip
1032,1,0.99996936,block_ip
1033,1,0.99996936,block_ip
1034,1,0.99996936,block_ip
1035,1,0.99996936,block_ip
1036,1,0.99996936,block_ip
1037,1,0.99996936,block_ip
1038,1,0.99996936,block_ip
1039,1,0.99996936,block_ip
1040,1,0.99996936,block_ip
1041,1,0.99996936,block_ip
1042,1,0.99996936,block_ip
1043,1,0.99996936,block_ip
1044,1,0.99996936,block_ip
1045,1,0.99996936,block_ip
1046,1,0.99996936,block_ip
1047,1,0.99996936,block_ip
1048,1,0.99996936,block_ip
1049,1,0.99996936,block_ip
1050,1,0.99996936,block_ip
1051,1,0.99996936,block_ip
1052,1,0.99996936,block_ip
1053,1,0.99996936,block_ip
1054,1,0.99996936,block_ip
1055,1,0.99996936,block_ip
1056,1,0.99996936,block_ip
1057,1,0.99996936,block_ip
1058,1,0.99996936,block_ip
1059,1,0.99996936,block_ip
1060,1,0.99996936,block_ip
1061,1,0.99996936,block_ip
1062,1,0.99996936,block_ip
1063,1,0.99996936,block_ip
1064,1,0.99996936,block_ip
1065,1,0.99996936,block_ip
1066,1,0.99996936,block_ip
1067,1,0.99996936,block_ip
1068,1,0.99996936,block_ip
1069,1,0.99996936,block_ip
1070,1,0.99996936,block_ip
1071,1,0.99996936,block_ip
1072,1,0.99996936,block_ip
1073,1,0.99996936,block_ip
1074,1,0.99996936,block_ip
1075,1,0.99996936,block_ip
1076,1,0.99996936,block_ip
1077,1,0.99996936,block_ip
1078,1,0.99996936,block_ip
1079,1,0.99996936,block_ip
1080,1,0.99996936,block_ip
1081,1,0.99996936,block_ip
1082,1,0.99996936,block_ip
1083,1,0.99996936,block_ip
1084,1,0.99996936,block_ip
1085,1,0.99996936,block_ip
1086,1,0.99996936,block_ip
1087,1,0.99996936,block_ip
1088,1,0.99996936,block_ip
1089,1,0.99996936,block_ip
1090,1,0.99996936,block_ip
1091,1,0.99996936,block_ip
1092,1,0.99996936,block_ip
1093,1,0.99996936,block_ip
1094,1,0.99996936,block_ip
1095,1,0.99996936,block_ip
1096,1,0.99996936,block_ip
1097,1,0.99996936,block_ip
1098,1,0.99996936,block_ip
1099,1,0.99996936,block_ip
1100,1,0.99996936,block_ip
1101,1,0.99996936,block_ip
1102,1,0.99996936,block_ip
1103,1,0.99996936,block_ip
1104,1,0.99996936,block_ip
1105,1,0.99996936,block_ip
1106,1,0.99996936,block_ip
1107,1,0.99996936,block_ip
1108,1,0.99996936,block_ip
1109,1,0.99996936,block_ip
1110,1,0.99996936,block_ip
1111,1,0.99996936,block_ip
1112,1,0.99996936,block_ip
1113,1,0.99996936,block_ip
1114,1,0.99996936,block_ip
1115,1,0.99996936,block_ip
1116,1,0.99996936,block_ip
1117,1,0.99996936,block_ip
1118,1,0.99996936,block_ip
1119,1,0.99996936,block_ip
1120,1,0.99996936,block_ip
1121,1,0.99996936,block_ip
1122,1,0.99996936,block_ip
1123,1,0.99996936,block_ip
1124,1,0.99996936,block_ip
1125,1,0.99996936,block_ip
1126,1,0.99996936,block_ip
1127,1,0.99996936,block_ip
1128,1,0.99996936,block_ip
1129,1,0.99996936,block_ip
1130,1,0.99996936,block_ip
1131,1,0.99996936,block_ip
1132,1,0.99996936,block_ip
1133,1,0.99996936,block_ip
1134,1,0.99996936,block_ip
1135,1,0.99996936,block_ip
1136,1,0.99996936,block_ip
1137,1,0.99996936,block_ip
1138,1,0.99996936,block_ip
1139,1,0.99996936,block_ip
1140,1,0.99996936,block_ip
1141,1,0.99996936,block_ip
1142,1,0.99996936,block_ip
1143,1,0.99996936,block_ip
1144,1,0.99996936,block_ip
1145,1,0.99996936,block_ip
1146,1,0.99996936,block_ip
1147,1,0.99996936,block_ip
1148,1,0.99996936,block_ip
1149,1,0.99996936,block_ip
1150,1,0.99996936,block_ip
1151,1,0.99996936,block_ip
1152,1,0.99996936,block_ip
1153,1,0.99996936,block_ip
1154,1,0.99996936,block_ip
1155,1,0.99996936,block_ip
1156,1,0.99996936,block_ip
1157,1,0.99996936,block_ip
1158,1,0.99996936,block_ip
1159,1,0.99996936,block_ip
1160,1,0.99996936,block_ip
1161,1,0.99996936,block_ip
1162,1,0.99996936,block_ip
1163,1,0.99996936,block_ip
1164,1,0.99996936,block_ip
1165,1,0.99996936,block_ip
1166,1,0.99996936,block_ip
1167,1,0.99996936,block_ip
1168,1,0.99996936,block_ip
1169,1,0.99996936,block_ip
1170,1,0.99996936,block_ip
1171,1,0.99996936,block_ip
1172,1,0.99996936,block_ip
1173,1,0.99996936,block_ip
1174,1,0.99996936,block_ip
1175,1,0.99996936,block_ip
1176,1,0.99996936,block_ip
1177,1,0.99996936,block_ip
1178,1,0.99996936,block_ip
1179,1,0.99996936,block_ip
1180,1,0.99996936,block_ip
1181,1,0.99996936,block_ip
1182,1,0.99996936,block_ip
1183,1,0.99996936,block_ip
1184,1,0.99996936,block_ip
1185,1,0.99996936,block_ip
1186,1,0.99996936,block_ip
1187,1,0.99996936,block_ip
1188,1,0.99996936,block_ip
1189,1,0.99996936,block_ip
1190,1,0.99996936,block_ip
1191,1,0.99996936,block_ip
1192,1,0.99996936,block_ip
1193,1,0.99996936,block_ip
1194,1,0.99996936,block_ip
1195,1,0.99996936,block_ip
1196,1,0.99996936,block_ip
1197,1,0.99996936,block_ip
1198,1,0.99996936,block_ip
1199,1,0.99996936,block_ip
1200,1,0.99996936,block_ip
1201,1,0.99996936,block_ip
1202,1,0.99996936,block_ip
1203,1,0.99996936,block_ip
1204,1,0.99996936,block_ip
1205,1,0.99996936,block_ip
1206,1,0.99996936,block_ip
1207,1,0.99996936,block_ip
1208,1,0.99996936,block_ip
1209,1,0.99996936,block_ip
1210,1,0.99996936,block_ip
1211,1,0.99996936,block_ip
1212,1,0.99996936,block_ip
1213,1,0.99996936,block_ip
1214,1,0.99996936,block_ip
1215,1,0.99996936,block_ip
1216,1,0.99996936,block_ip
1217,1,0.99996936,block_ip
1218,1,0.99996936,block_ip
1219,1,0.99996936,block_ip
1220,1,0.99996936,block_ip
1221,1,0.99996936,block_ip
1222,1,0.99996936,block_ip
1223,1,0.99996936,block_ip
1224,1,0.99996936,block_ip
1225,1,0.99996936,block_ip
1226,1,0.99996936,block_ip
1227,1,0.99996936,block_ip
1228,1,0.99996936,block_ip
1229,1,0.99996936,block_ip
1230,1,0.99996936,block_ip
1231,1,0.99996936,block_ip
1232,1,0.99996936,block_ip
1233,1,0.99996936,block_ip
1234,1,0.99996936,block_ip
1235,1,0.99996936,block_ip
1236,1,0.99996936,block_ip
1237,1,0.99996936,block_ip
1238,1,0.99996936,block_ip
1239,1,0.99996936,block_ip
1240,1,0.99996936,block_ip
1241,1,0.99996936,block_ip
1242,1,0.99996936,block_ip
1243,1,0.99996936,block_ip
1244,1,0.99996936,block_ip
1245,1,0.99996936,block_ip
1246,1,0.99996936,block_ip
1247,1,0.99996936,block_ip
1248,1,0.99996936,block_ip
1249,1,0.99996936,block_ip
1250,1,0.99996936,block_ip
1251,1,0.99996936,block_ip
1252,1,0.99996936,block_ip
1253,1,0.99996936,block_ip
1254,1,0.99996936,block_ip
1255,1,0.99996936,block_ip
1256,1,0.99996936,block_ip
1257,1,0.99996936,block_ip
1258,1,0.99996936,block_ip
1259,1,0.99996936,block_ip
1260,1,0.99996936,block_ip
1261,1,0.99996936,block_ip
1262,1,0.99996936,block_ip
1263,1,0.99996936,block_ip
1264,1,0.99996936,block_ip
1265,1,0.99996936,block_ip
1266,1,0.99996936,block_ip
1267,1,0.99996936,block_ip
1268,1,0.99996936,block_ip
1269,1,0.99996936,block_ip
1270,1,0.99996936,block_ip
1271,1,0.99996936,block_ip
1272,1,0.99996936,block_ip
1273,1,0.99996936,block_ip
1274,1,0.99996936,block_ip
1275,1,0.99996936,block_ip
1276,1,0.99996936,block_ip
1277,1,0.99996936,block_ip
1278,1,0.99996936,block_ip
1279,1,0.99996936,block_ip
1280,1,0.99996936,block_ip
1281,1,0.99996936,block_ip
1282,1,0.99996936,block_ip
1283,1,0.99996936,block_ip
1284,1,0.99996936,block_ip
1285,1,0.99996936,block_ip
1286,1,0.99996936,block_ip
1287,1,0.99996936,block_ip
1288,1,0.99996936,block_ip
1289,1,0.99996936,block_ip
1290,1,0.99996936,block_ip
1291,1,0.99996936,block_ip
1292,1,0.99996936,block_ip
1293,1,0.99996936,block_ip
1294,1,0.99996936,block_ip
1295,1,0.99996936,block_ip
1296,1,0.99996936,block_ip
1297,1,0.99996936,block_ip
1298,1,0.99996936,block_ip
1299,1,0.99996936,block_ip
1300,1,0.99996936,block_ip
1301,1,0.99996936,block_ip
1302,1,0.99996936,block_ip
1303,1,0.99996936,block_ip
1304,1,0.99996936,block_ip
1305,1,0.99996936,block_ip
1306,1,0.99996936,block_ip
1307,1,0.99996936,block_ip
1308,1,0.99996936,block_ip
1309,1,0.99996936,block_ip
1310,1,0.99996936,block_ip
1311,1,0.99996936,block_ip
1312,1,0.99996936,block_ip
1313,1,0.99996936,block_ip
1314,1,0.99996936,block_ip
1315,1,0.99996936,block_ip
1316,1,0.99996936,block_ip
1317,1,0.99996936,block_ip
1318,1,0.99996936,block_ip
1319,1,0.99996936,block_ip
1320,1,0.99996936,block_ip
1321,1,0.99996936,block_ip
1322,1,0.99996936,block_ip
1323,1,0.99996936,block_ip
1324,1,0.99996936,block_ip
1325,1,0.99996936,block_ip
1326,1,0.99996936,block_ip
1327,1,0.99996936,block_ip
1328,1,0.99996936,block_ip
1329,1,0.99996936,block_ip
1330,1,0.99996936,block_ip
1331,1,0.99996936,block_ip
1332,1,0.99996936,block_ip
1333,1,0.99996936,block_ip
1334,1,0.99996936,block_ip
1335,1,0.99996936,block_ip
1336,1,0.99996936,block_ip
1337,1,0.99996936,block_ip
1338,1,0.99996936,block_ip
1339,1,0.99996936,block_ip
1340,1,0.99996936,block_ip
1341,1,0.99996936,block_ip
1342,1,0.99996936,block_ip
1343,1,0.99996936,block_ip
1344,1,0.99996936,block_ip
1345,1,0.99996936,block_ip
1346,1,0.99996936,block_ip
1347,1,0.99996936,block_ip
1348,1,0.99996936,block_ip
1349,1,0.99996936,block_ip
1350,1,0.99996936,block_ip
1351,1,0.99996936,block_ip
1352,1,0.99996936,block_ip
1353,1,0.99996936,block_ip
1354,1,0.99996936,block_ip
1355,1,0.99996936,block_ip
1356,1,0.99996936,block_ip
1357,1,0.99996936,block_ip
1358,1,0.99996936,block_ip
1359,1,0.99996936,block_ip
1360,1,0.99996936,block_ip
1361,1,0.99996936,block_ip
1362,1,0.99996936,block_ip
1363,1,0.99996936,block_ip
1364,1,0.99996936,block_ip
1365,1,0.99996936,block_ip
1366,1,0.99996936,block_ip
1367,1,0.99996936,block_ip
1368,1,0.99996936,block_ip
1369,1,0.99996936,block_ip
1370,1,0.99996936,block_ip
1371,1,0.99996936,block_ip
1372,1,0.99996936,block_ip
1373,1,0.99996936,block_ip
1374,1,0.99996936,block_ip
1375,1,0.99996936,block_ip
1376,1,0.99996936,block_ip
1377,1,0.99996936,block_ip
1378,1,0.99996936,block_ip
1379,1,0.99996936,block_ip
1380,1,0.99996936,block_ip
1381,1,0.99996936,block_ip
1382,1,0.99996936,block_ip
1383,1,0.99996936,block_ip
1384,1,0.99996936,block_ip
1385,1,0.99996936,block_ip
1386,1,0.99996936,block_ip
1387,1,0.99996936,block_ip
1388,1,0.99996936,block_ip
1389,1,0.99996936,block_ip
1390,1,0.99996936,block_ip
1391,1,0.99996936,block_ip
1392,1,0.99996936,block_ip
1393,1,0.99996936,block_ip
1394,1,0.99996936,block_ip
1395,1,0.99996936,block_ip
1396,1,0.99996936,block_ip
1397,1,0.99996936,block_ip
1398,1,0.99996936,block_ip
1399,1,0.99996936,block_ip
1400,1,0.99996936,block_ip
1401,1,0.99996936,block_ip
1402,1,0.99996936,block_ip
1403,1,0.99996936,block_ip
1404,1,0.99996936,block_ip
1405,1,0.99996936,block_ip
1406,1,0.99996936,block_ip
1407,1,0.99996936,block_ip
1408,1,0.99996936,block_ip
1409,1,0.99996936,block_ip
1410,1,0.99996936,block_ip
1411,1,0.99996936,block_ip
1412,1,0.99996936,block_ip
1413,1,0.99996936,block_ip
1414,1,0.99996936,block_ip
1415,1,0.99996936,block_ip
1416,1,0.99996936,block_ip
1417,1,0.99996936,block_ip
1418,1,0.99996936,block_ip
1419,1,0.99996936,block_ip
1420,1,0.99996936,block_ip
1421,1,0.99996936,block_ip
1422,1,0.99996936,block_ip
1423,1,0.99996936,block_ip
1424,1,0.99996936,block_ip
1425,1,0.99996936,block_ip
1426,1,0.99996936,block_ip
1427,1,0.99996936,block_ip
1428,1,0.99996936,block_ip
1429,1,0.99996936,block_ip
1430,1,0.99996936,block_ip
1431,1,0.99996936,block_ip
1432,1,0.99996936,block_ip
1433,1,0.99996936,block_ip
1434,1,0.99996936,block_ip
1435,1,0.99996936,block_ip
1436,1,0.99996936,block_ip
1437,1,0.99996936,block_ip
1438,1,0.99996936,block_ip
1439,1,0.99996936,block_ip
1440,1,0.99996936,block_ip
1441,1,0.99996936,block_ip
1442,1,0.99996936,block_ip
1443,1,0.99996936,block_ip
1444,1,0.99996936,block_ip
1445,1,0.99996936,block_ip
1446,1,0.99996936,block_ip
1447,1,0.99996936,block_ip
1448,1,0.99996936,block_ip
1449,1,0.99996936,block_ip
1450,1,0.99996936,block_ip
1451,1,0.99996936,block_ip
1452,1,0.99996936,block_ip
1453,1,0.99996936,block_ip
1454,1,0.99996936,block_ip
1455,1,0.99996936,block_ip
1456,1,0.99996936,block_ip
1457,1,0.99996936,block_ip
1458,1,0.99996936,block_ip
1459,1,0.99996936,block_ip
1460,1,0.99996936,block_ip
1461,1,0.99996936,block_ip
1462,1,0.99996936,block_ip
1463,1,0.99996936,block_ip
1464,1,0.99996936,block_ip
1465,1,0.99996936,block_ip
1466,1,0.99996936,block_ip
1467,1,0.99996936,block_ip
1468,1,0.99996936,block_ip
1469,1,0.99996936,block_ip
1470,1,0.99996936,block_ip
1471,1,0.99996936,block_ip
1472,1,0.99996936,block_ip
1473,1,0.99996936,block_ip
1474,1,0.99996936,block_ip
1475,1,0.99996936,block_ip
1476,1,0.99996936,block_ip
1477,1,0.99996936,block_ip
1478,1,0.99996936,block_ip
1479,1,0.99996936,block_ip
1480,1,0.99996936,block_ip
1481,1,0.99996936,block_ip
1482,1,0.99996936,block_ip
1483,1,0.99996936,block_ip
1484,1,0.99996936,block_ip
1485,1,0.99996936,block_ip
1486,1,0.99996936,block_ip
1487,1,0.99996936,block_ip
1488,1,0.99996936,block_ip
1489,1,0.99996936,block_ip
1490,1,0.99996936,block_ip
1491,1,0.99996936,block_ip
1492,1,0.99996936,block_ip
1493,1,0.99996936,block_ip
1494,1,0.99996936,block_ip
1495,1,0.99996936,block_ip
1496,1,0.99996936,block_ip
1497,1,0.99996936,block_ip
1498,1,0.99996936,block_ip
1499,1,0.99996936,block_ip
1500,1,0.99996936,block_ip
1501,1,0.99996936,block_ip
1502,1,0.99996936,block_ip
1503,1,0.99996936,block_ip
1504,1,0.99996936,block_ip
1505,1,0.99996936,block_ip
1506,1,0.99996936,block_ip
1507,1,0.99996936,block_ip
1508,1,0.99996936,block_ip
1509,1,0.99996936,block_ip
1510,1,0.99996936,block_ip
1511,1,0.99996936,block_ip
1512,1,0.99996936,block_ip
1513,1,0.99996936,block_ip
1514,1,0.99996936,block_ip
1515,1,0.99996936,block_ip
1516,1,0.99996936,block_ip
1517,1,0.99996936,block_ip
1518,1,0.99996936,block_ip
1519,1,0.99996936,block_ip
1520,1,0.99996936,block_ip
1521,1,0.99996936,block_ip
1522,1,0.99996936,block_ip
1523,1,0.99996936,block_ip
1524,1,0.99996936,block_ip
1525,1,0.99996936,block_ip
1526,1,0.99996936,block_ip
1527,1,0.99996936,block_ip
1528,1,0.99996936,block_ip
1529,1,0.99996936,block_ip
1530,1,0.99996936,block_ip
1531,1,0.99996936,block_ip
1532,1,0.99996936,block_ip
1533,1,0.99996936,block_ip
1534,1,0.99996936,block_ip
1535,1,0.99996936,block_ip
1536,1,0.99996936,block_ip
1537,1,0.99996936,block_ip
1538,1,0.99996936,block_ip
1539,1,0.99996936,block_ip
1540,1,0.99996936,block_ip
1541,1,0.99996936,block_ip
1542,1,0.99996936,block_ip
1543,1,0.99996936,block_ip
1544,1,0.99996936,block_ip
1545,1,0.99996936,block_ip
1546,1,0.99996936,block_ip
1547,1,0.99996936,block_ip
1548,1,0.99996936,block_ip
1549,1,0.99996936,block_ip
1550,1,0.99996936,block_ip
1551,1,0.99996936,block_ip
1552,1,0.99996936,block_ip
1553,1,0.99996936,block_ip
1554,1,0.99996936,block_ip
1555,1,0.99996936,block_ip
1556,1,0.99996936,block_ip
1557,1,0.99996936,block_ip
1558,1,0.99996936,block_ip
1559,1,0.99996936,block_ip
1560,1,0.99996936,block_ip
1561,1,0.99996936,block_ip
1562,1,0.99996936,block_ip
1563,1,0.99996936,block_ip
1564,1,0.99996936,block_ip
1565,1,0.99996936,block_ip
1566,1,0.99996936,block_ip
1567,1,0.99996936,block_ip
1568,1,0.99996936,block_ip
1569,1,0.99996936,block_ip
1570,1,0.99996936,block_ip
1571,1,0.99996936,block_ip
1572,1,0.99996936,block_ip
1573,1,0.99996936,block_ip
1574,1,0.99996936,block_ip
1575,1,0.99996936,block_ip
1576,1,0.99996936,block_ip
1577,1,0.99996936,block_ip
1578,1,0.99996936,block_ip
1579,1,0.99996936,block_ip
1580,1,0.99996936,block_ip
1581,1,0.99996936,block_ip
1582,1,0.99996936,block_ip
1583,1,0.99996936,block_ip
1584,1,0.99996936,block_ip
1585,1,0.99996936,block_ip
1586,1,0.99996936,block_ip
1587,1,0.99996936,block_ip
1588,1,0.99996936,block_ip
1589,1,0.99996936,block_ip
1590,1,0.99996936,block_ip
1591,1,0.99996936,block_ip
1592,1,0.99996936,block_ip
1593,1,0.99996936,block_ip
1594,1,0.99996936,block_ip
1595,1,0.99996936,block_ip
1596,1,0.99996936,block_ip
1597,1,0.99996936,block_ip
1598,1,0.99996936,block_ip
1599,1,0.99996936,block_ip
1600,1,0.99996936,block_ip
1601,1,0.99996936,block_ip
1602,1,0.99996936,block_ip
1603,1,0.99996936,block_ip
1604,1,0.99996936,block_ip
1605,1,0.99996936,block_ip
1606,1,0.99996936,block_ip
1607,1,0.99996936,block_ip
1608,1,0.99996936,block_ip
1609,1,0.99996936,block_ip
1610,1,0.99996936,block_ip
1611,1,0.99996936,block_ip
1612,1,0.99996936,block_ip
1613,1,0.99996936,block_ip
1614,1,0.99996936,block_ip
1615,1,0.99996936,block_ip
1616,1,0.99996936,block_ip
1617,1,0.99996936,block_ip
1618,1,0.99996936,block_ip
1619,1,0.99996936,block_ip
1620,1,0.99996936,block_ip
1621,1,0.99996936,block_ip
1622,1,0.99996936,block_ip
1623,1,0.99996936,block_ip
1624,1,0.99996936,block_ip
1625,1,0.99996936,block_ip
1626,1,0.99996936,block_ip
1627,1,0.99996936,block_ip
1628,1,0.99996936,block_ip
1629,1,0.99996936,block_ip
1630,1,0.99996936,block_ip
1631,1,0.99996936,block_ip
1632,1,0.99996936,block_ip
1633,1,0.99996936,block_ip
1634,1,0.99996936,block_ip
1635,1,0.99996936,block_ip
1636,1,0.99996936,block_ip
1637,1,0.99996936,block_ip
1638,1,0.99996936,block_ip
1639,1,0.99996936,block_ip
1640,1,0.99996936,block_ip
1641,1,0.99996936,block_ip
1642,1,0.99996936,block_ip
1643,1,0.99996936,block_ip
1644,1,0.99996936,block_ip
1645,1,0.99996936,block_ip
1646,1,0.99996936,block_ip
1647,1,0.99996936,block_ip
1648,1,0.99996936,block_ip
1649,1,0.99996936,block_ip
1650,1,0.99996936,block_ip
1651,1,0.99996936,block_ip
1652,1,0.99996936,block_ip
1653,1,0.99996936,block_ip
1654,1,0.99996936,block_ip
1655,1,0.99996936,block_ip
1656,1,0.99996936,block_ip
1657,1,0.99996936,block_ip
1658,1,0.99996936,block_ip
1659,1,0.99996936,block_ip
1660,1,0.99996936,block_ip
1661,1,0.99996936,block_ip
1662,1,0.99996936,block_ip
1663,1,0.99996936,block_ip
1664,1,0.99996936,block_ip
1665,1,0.99996936,block_ip
1666,1,0.99996936,block_ip
1667,1,0.99996936,block_ip
1668,1,0.99996936,block_ip
1669,1,0.99996936,block_ip
1670,1,0.99996936,block_ip
1671,1,0.99996936,block_ip
1672,1,0.99996936,block_ip
1673,1,0.99996936,block_ip
1674,1,0.99996936,block_ip
1675,1,0.99996936,block_ip
1676,1,0.99996936,block_ip
1677,1,0.99996936,block_ip
1678,1,0.99996936,block_ip
1679,1,0.99996936,block_ip
1680,1,0.99996936,block_ip
1681,1,0.99996936,block_ip
1682,1,0.99996936,block_ip
1683,1,0.99996936,block_ip
1684,1,0.99996936,block_ip
1685,1,0.99996936,block_ip
1686,1,0.99996936,block_ip
1687,1,0.99996936,block_ip
1688,1,0.99996936,block_ip
1689,1,0.99996936,block_ip
1690,1,0.99996936,block_ip
1691,1,0.99996936,block_ip
1692,1,0.99996936,block_ip
1693,1,0.99996936,block_ip
1694,1,0.99996936,block_ip
1695,1,0.99996936,block_ip
1696,1,0.99996936,block_ip
1697,1,0.99996936,block_ip
1698,1,0.99996936,block_ip
1699,1,0.99996936,block_ip
1700,1,0.99996936,block_ip
1701,1,0.99996936,block_ip
1702,1,0.99996936,block_ip
1703,1,0.99996936,block_ip
1704,1,0.99996936,block_ip
1705,1,0.99996936,block_ip
1706,1,0.99996936,block_ip
1707,1,0.99996936,block_ip
1708,1,0.99996936,block_ip
1709,1,0.99996936,block_ip
1710,1,0.99996936,block_ip
1711,1,0.99996936,block_ip
1712,1,0.99996936,block_ip
1713,1,0.99996936,block_ip
1714,1,0.99996936,block_ip
1715,1,0.99996936,block_ip
1716,1,0.99996936,block_ip
1717,1,0.99996936,block_ip
1718,1,0.99996936,block_ip
1719,1,0.99996936,block_ip
1720,1,0.99996936,block_ip
1721,1,0.99996936,block_ip
1722,1,0.99996936,block_ip
1723,1,0.99996936,block_ip
1724,1,0.99996936,block_ip
1725,1,0.99996936,block_ip
1726,1,0.99996936,block_ip
1727,1,0.99996936,block_ip
1728,1,0.99996936,block_ip
1729,1,0.99996936,block_ip
1730,1,0.99996936,block_ip
1731,1,0.99996936,block_ip
1732,1,0.99996936,block_ip
1733,1,0.99996936,block_ip
1734,1,0.99996936,block_ip
1735,1,0.99996936,block_ip
1736,1,0.99996936,block_ip
1737,1,0.99996936,block_ip
1738,1,0.99996936,block_ip
1739,1,0.99996936,block_ip
1740,1,0.99996936,block_ip
1741,1,0.99996936,block_ip
1742,1,0.99996936,block_ip
1743,1,0.99996936,block_ip
1744,1,0.99996936,block_ip
1745,1,0.99996936,block_ip
1746,1,0.99996936,block_ip
1747,1,0.99996936,block_ip
1748,1,0.99996936,block_ip
1749,1,0.99996936,block_ip
1750,1,0.99996936,block_ip
1751,1,0.99996936,block_ip
1752,1,0.99996936,block_ip
1753,1,0.99996936,block_ip
1754,1,0.99996936,block_ip
1755,1,0.99996936,block_ip
1756,1,0.99996936,block_ip
1757,1,0.99996936,block_ip
1758,1,0.99996936,block_ip
1759,1,0.99996936,block_ip
1760,1,0.99996936,block_ip
1761,1,0.99996936,block_ip
1762,1,0.99996936,block_ip
1763,1,0.99996936,block_ip
1764,1,0.99996936,block_ip
1765,1,0.99996936,block_ip
1766,1,0.99996936,block_ip
1767,1,0.99996936,block_ip
1768,1,0.99996936,block_ip
1769,1,0.99996936,block_ip
1770,1,0.99996936,block_ip
1771,1,0.99996936,block_ip
1772,1,0.99996936,block_ip
1773,1,0.99996936,block_ip
1774,1,0.99996936,block_ip
1775,1,0.99996936,block_ip
1776,1,0.99996936,block_ip
1777,1,0.99996936,block_ip
1778,1,0.99996936,block_ip
1779,1,0.99996936,block_ip
1780,1,0.99996936,block_ip
1781,1,0.99996936,block_ip
1782,1,0.99996936,block_ip
1783,1,0.99996936,block_ip
1784,1,0.99996936,block_ip
1785,1,0.99996936,block_ip
1786,1,0.99996936,block_ip
1787,1,0.99996936,block_ip
1788,1,0.99996936,block_ip
1789,1,0.99996936,block_ip
1790,1,0.99996936,block_ip
1791,1,0.99996936,block_ip
1792,1,0.99996936,block_ip
1793,1,0.99996936,block_ip
1794,1,0.99996936,block_ip
1795,1,0.99996936,block_ip
1796,1,0.99996936,block_ip
1797,1,0.99996936,block_ip
1798,1,0.99996936,block_ip
1799,1,0.99996936,block_ip
1800,1,0.99996936,block_ip
1801,1,0.99996936,block_ip
1802,1,0.99996936,block_ip
1803,1,0.99996936,block_ip
1804,1,0.99996936,block_ip
1805,1,0.99996936,block_ip
1806,1,0.99996936,block_ip
1807,1,0.99996936,block_ip
1808,1,0.99996936,block_ip
1809,1,0.99996936,block_ip
1810,1,0.99996936,block_ip
1811,1,0.99996936,block_ip
1812,1,0.99996936,block_ip
1813,1,0.99996936,block_ip
1814,1,0.99996936,block_ip
1815,1,0.99996936,block_ip
1816,1,0.99996936,block_ip
1817,1,0.99996936,block_ip
1818,1,0.99996936,block_ip
1819,1,0.99996936,block_ip
1820,1,0.99996936,block_ip
1821,1,0.99996936,block_ip
1822,1,0.99996936,block_ip
1823,1,0.99996936,block_ip
1824,1,0.99996936,block_ip
1825,1,0.99996936,block_ip
1826,1,0.99996936,block_ip
1827,1,0.99996936,block_ip
1828,1,0.99996936,block_ip
1829,1,0.99996936,block_ip
1830,1,0.99996936,block_ip
1831,1,0.99996936,block_ip
1832,1,0.99996936,block_ip
1833,1,0.99996936,block_ip
1834,1,0.99996936,block_ip
1835,1,0.99996936,block_ip
1836,1,0.99996936,block_ip
1837,1,0.99996936,block_ip
1838,1,0.99996936,block_ip
1839,1,0.99996936,block_ip
1840,1,0.99996936,block_ip
1841,1,0.99996936,block_ip
1842,1,0.99996936,block_ip
1843,1,0.99996936,block_ip
1844,1,0.99996936,block_ip
1845,1,0.99996936,block_ip
1846,1,0.99996936,block_ip
1847,1,0.99996936,block_ip
1848,1,0.99996936,block_ip
1849,1,0.99996936,block_ip
1850,1,0.99996936,block_ip
1851,1,0.99996936,block_ip
1852,1,0.99996936,block_ip
1853,1,0.99996936,block_ip
1854,1,0.99996936,block_ip
1855,1,0.99996936,block_ip
1856,1,0.99996936,block_ip
1857,1,0.99996936,block_ip
1858,1,0.99996936,block_ip
1859,1,0.99996936,block_ip
1860,1,0.99996936,block_ip
1861,1,0.99996936,block_ip
1862,1,0.99996936,block_ip
1863,1,0.99996936,block_ip
1864,1,0.99996936,block_ip
1865,1,0.99996936,block_ip
1866,1,0.99996936,block_ip
1867,1,0.99996936,block_ip
1868,1,0.99996936,block_ip
1869,1,0.99996936,block_ip
1870,1,0.99996936,block_ip
1871,1,0.99996936,block_ip
1872,1,0.99996936,block_ip
1873,1,0.99996936,block_ip
1874,1,0.99996936,block_ip
1875,1,0.99996936,block_ip
1876,1,0.99996936,block_ip
1877,1,0.99996936,block_ip
1878,1,0.99996936,block_ip
1879,1,0.99996936,block_ip
1880,1,0.99996936,block_ip
1881,1,0.99996936,block_ip
1882,1,0.99996936,block_ip
1883,1,0.99996936,block_ip
1884,1,0.99996936,block_ip
1885,1,0.99996936,block_ip
1886,1,0.99996936,block_ip
1887,1,0.99996936,block_ip
1888,1,0.99996936,block_ip
1889,1,0.99996936,block_ip
1890,1,0.99996936,block_ip
1891,1,0.99996936,block_ip
1892,1,0.99996936,block_ip
1893,1,0.99996936,block_ip
1894,1,0.99996936,block_ip
1895,1,0.99996936,block_ip
1896,1,0.99996936,block_ip
1897,1,0.99996936,block_ip
1898,1,0.99996936,block_ip
1899,1,0.99996936,block_ip
1900,1,0.99996936,block_ip
1901,1,0.99996936,block_ip
1902,1,0.99996936,block_ip
1903,1,0.99996936,block_ip
1904,1,0.99996936,block_ip
1905,1,0.99996936,block_ip
1906,1,0.99996936,block_ip
1907,1,0.99996936,block_ip
1908,1,0.99996936,block_ip
1909,1,0.99996936,block_ip
1910,1,0.99996936,block_ip
1911,1,0.99996936,block_ip
1912,1,0.99996936,block_ip
1913,1,0.99996936,block_ip
1914,1,0.99996936,block_ip
1915,1,0.99996936,block_ip
1916,1,0.99996936,block_ip
1917,1,0.99996936,block_ip
1918,1,0.99996936,block_ip
1919,1,0.99996936,block_ip
1920,1,0.99996936,block_ip
1921,1,0.99996936,block_ip
1922,1,0.99996936,block_ip
1923,1,0.99996936,block_ip
1924,1,0.99996936,block_ip
1925,1,0.99996936,block_ip
1926,1,0.99996936,block_ip
1927,1,0.99996936,block_ip
1928,1,0.99996936,block_ip
1929,1,0.99996936,block_ip
1930,1,0.99996936,block_ip
1931,1,0.99996936,block_ip
1932,1,0.99996936,block_ip
1933,1,0.99996936,block_ip
1934,1,0.99996936,block_ip
1935,1,0.99996936,block_ip
1936,1,0.99996936,block_ip
1937,1,0.99996936,block_ip
1938,1,0.99996936,block_ip
1939,1,0.99996936,block_ip
1940,1,0.99996936,block_ip
1941,1,0.99996936,block_ip
1942,1,0.99996936,block_ip
1943,1,0.99996936,block_ip
1944,1,0.99996936,block_ip
1945,1,0.99996936,block_ip
1946,1,0.99996936,block_ip
1947,1,0.99996936,block_ip
1948,1,0.99996936,block_ip
1949,1,0.99996936,block_ip
1950,1,0.99996936,block_ip
1951,1,0.99996936,block_ip
1952,1,0.99996936,block_ip
1953,1,0.99996936,block_ip
1954,1,0.99996936,block_ip
1955,1,0.99996936,block_ip
1956,1,0.99996936,block_ip
1957,1,0.99996936,block_ip
1958,1,0.99996936,block_ip
1959,1,0.99996936,block_ip
1960,1,0.99996936,block_ip
1961,1,0.99996936,block_ip
1962,1,0.99996936,block_ip
1963,1,0.99996936,block_ip
1964,1,0.99996936,block_ip
1965,1,0.99996936,block_ip
1966,1,0.99996936,block_ip
1967,1,0.99996936,block_ip
1968,1,0.99996936,block_ip
1969,1,0.99996936,block_ip
1970,1,0.99996936,block_ip
1971,1,0.99996936,block_ip
1972,1,0.99996936,block_ip
1973,1,0.99996936,block_ip
1974,1,0.99996936,block_ip
1975,1,0.99996936,block_ip
1976,1,0.99996936,block_ip
1977,1,0.99996936,block_ip
1978,1,0.99996936,block_ip
1979,1,0.99996936,block_ip
1980,1,0.99996936,block_ip
1981,1,0.99996936,block_ip
1982,1,0.99996936,block_ip
1983,1,0.99996936,block_ip
1984,1,0.99996936,block_ip
1985,1,0.99996936,block_ip
1986,1,0.99996936,block_ip
1987,1,0.99996936,block_ip
1988,1,0.99996936,block_ip
1989,1,0.99996936,block_ip
1990,1,0.99996936,block_ip
1991,1,0.99996936,block_ip
1992,1,0.99996936,block_ip
1993,1,0.99996936,block_ip
1994,1,0.99996936,block_ip
1995,1,0.99996936,block_ip
1996,1,0.99996936,block_ip
1997,1,0.99996936,block_ip
1998,1,0.99996936,block_ip
1999,1,0.99996936,block_ip
2000,0,0.99997896,allow
2001,0,0.99997896,allow
2002,0,0.99997896,allow
2003,0,0.99997896,allow
2004,0,0.99997896,allow
2005,0,0.99997896,allow
2006,0,0.99997896,allow
2007,0,0.99997896,allow
2008,0,0.99997896,allow
2009,0,0.99997896,allow
2010,0,0.99997896,allow
2011,0,0.99997896,allow
2012,0,0.99997896,allow
2013,0,0.99997896,allow
2014,0,0.99997896,allow
2015,0,0.99997896,allow
2016,0,0.99997896,allow
2017,0,0.99997896,allow
2018,0,0.99997896,allow
2019,0,0.99997896,allow
2020,0,0.99997896,allow
2021,0,0.99997896,allow
2022,0,0.99997896,allow
2023,0,0.99997896,allow
2024,0,0.99997896,allow
2025,0,0.99997896,allow
2026,0,0.99997896,allow
2027,0,0.99997896,allow
2028,0,0.99997896,allow
2029,0,0.99997896,allow
2030,0,0.99997896,allow
2031,0,0.99997896,allow
2032,0,0.99997896,allow
2033,0,0.99997896,allow
2034,0,0.99997896,allow
2035,0,0.99997896,allow
2036,0,0.99997896,allow
2037,0,0.99997896,allow
2038,0,0.99997896,allow
2039,0,0.99997896,allow
2040,0,0.99997896,allow
2041,0,0.99997896,allow
2042,0,0.99997896,allow
2043,0,0.99997896,allow
2044,0,0.99997896,allow
2045,0,0.99997896,allow
2046,0,0.99997896,allow
2047,0,0.99997896,allow
2048,0,0.99997896,allow
2049,0,0.99997896,allow
2050,0,0.99997896,allow
2051,0,0.99997896,allow
2052,0,0.99997896,allow
2053,0,0.99997896,allow
2054,0,0.99997896,allow
2055,0,0.99997896,allow
2056,0,0.99997896,allow
2057,0,0.99997896,allow
2058,0,0.99997896,allow
2059,0,0.99997896,allow
2060,0,0.99997896,allow
2061,0,0.99997896,allow
2062,0,0.99997896,allow
2063,0,0.99997896,allow
2064,0,0.99997896,allow
2065,0,0.99997896,allow
2066,0,0.99997896,allow
2067,0,0.99997896,allow
2068,0,0.99997896,allow
2069,0,0.99997896,allow
2070,0,0.99997896,allow
2071,0,0.99997896,allow
2072,0,0.99997896,allow
2073,0,0.99997896,allow
2074,0,0.99997896,allow
2075,0,0.99997896,allow
2076,0,0.99997896,allow
2077,0,0.99997896,allow
2078,0,0.99997896,allow
2079,0,0.99997896,allow
2080,0,0.99997896,allow
2081,0,0.99997896,allow
2082,0,0.99997896,allow
2083,0,0.99997896,allow
2084,0,0.99997896,allow
2085,0,0.99997896,allow
2086,0,0.99997896,allow
2087,0,0.99997896,allow
2088,0,0.99997896,allow
2089,0,0.99997896,allow
2090,0,0.99997896,allow
2091,0,0.99997896,allow
2092,0,0.99997896,allow
2093,0,0.99997896,allow
2094,0,0.99997896,allow
2095,0,0.99997896,allow
2096,0,0.99997896,allow
2097,0,0.99997896,allow
2098,0,0.99997896,allow
2099,0,0.99997896,allow
2100,0,0.99997896,allow
2101,0,0.99997896,allow
2102,0,0.99997896,allow
2103,0,0.99997896,allow
2104,0,0.99997896,allow
2105,0,0.99997896,allow
2106,0,0.99997896,allow
2107,0,0.99997896,allow
2108,0,0.99997896,allow
2109,0,0.99997896,allow
2110,0,0.99997896,allow
2111,0,0.99997896,allow
2112,0,0.99997896,allow
2113,0,0.99997896,allow
2114,0,0.99997896,allow
2115,0,0.99997896,allow
2116,0,0.99997896,allow
2117,0,0.99997896,allow
2118,0,0.99997896,allow
2119,0,0.99997896,allow
2120,0,0.99997896,allow
2121,0,0.99997896,allow
2122,0,0.99997896,allow
2123,0,0.99997896,allow
2124,0,0.99997896,allow
2125,0,0.99997896,allow
2126,0,0.99997896,allow
2127,0,0.99997896,allow
2128,0,0.99997896,allow
2129,0,0.99997896,allow
2130,0,0.99997896,allow
2131,0,0.99997896,allow
2132,0,0.99997896,allow
2133,0,0.99997896,allow
2134,0,0.99997896,allow
2135,0,0.99997896,allow
2136,0,0.99997896,allow
2137,0,0.99997896,allow
2138,0,0.99997896,allow
2139,0,0.99997896,allow
2140,0,0.99997896,allow
2141,0,0.99997896,allow
2142,0,0.99997896,allow
2143,0,0.99997896,allow
2144,0,0.99997896,allow
2145,0,0.99997896,allow
2146,0,0.99997896,allow
2147,0,0.99997896,allow
2148,0,0.99997896,allow
2149,0,0.99997896,allow
2150,0,0.99997896,allow
2151,0,0.99997896,allow
2152,0,0.99997896,allow
2153,0,0.99997896,allow
2154,0,0.99997896,allow
2155,0,0.99997896,allow
2156,0,0.99997896,allow
2157,0,0.99997896,allow
2158,0,0.99997896,allow
2159,0,0.99997896,allow
2160,0,0.99997896,allow
2161,0,0.99997896,allow
2162,0,0.99997896,allow
2163,0,0.99997896,allow
2164,0,0.99997896,allow
2165,0,0.99997896,allow
2166,0,0.99997896,allow
2167,0,0.99997896,allow
2168,0,0.99997896,allow
2169,0,0.99997896,allow
2170,0,0.99997896,allow
2171,0,0.99997896,allow
2172,0,0.99997896,allow
2173,0,0.99997896,allow
2174,0,0.99997896,allow
2175,0,0.99997896,allow
2176,0,0.99997896,allow
2177,0,0.99997896,allow
2178,0,0.99997896,allow
2179,0,0.99997896,allow
2180,0,0.99997896,allow
2181,0,0.99997896,allow
2182,0,0.99997896,allow
2183,0,0.99997896,allow
2184,0,0.99997896,allow
2185,0,0.99997896,allow
2186,0,0.99997896,allow
2187,0,0.99997896,allow
2188,0,0.99997896,allow
2189,0,0.99997896,allow
2190,0,0.99997896,allow
2191,0,0.99997896,allow
2192,0,0.99997896,allow
2193,0,0.99997896,allow
2194,0,0.99997896,allow
2195,0,0.99997896,allow
2196,0,0.99997896,allow
2197,0,0.99997896,allow
2198,0,0.99997896,allow
2199,0,0.99997896,allow
2200,0,0.99997896,allow
2201,0,0.99997896,allow
2202,0,0.99997896,allow
2203,0,0.99997896,allow
2204,0,0.99997896,allow
2205,0,0.99997896,allow
2206,0,0.99997896,allow
2207,0,0.99997896,allow
2208,0,0.99997896,allow
2209,0,0.99997896,allow
2210,0,0.99997896,allow
2211,0,0.99997896,allow
2212,0,0.99997896,allow
2213,0,0.99997896,allow
2214,0,0.99997896,allow
2215,0,0.99997896,allow
2216,0,0.99997896,allow
2217,0,0.99997896,allow
2218,0,0.99997896,allow
2219,0,0.99997896,allow
2220,0,0.99997896,allow
2221,0,0.99997896,allow
2222,0,0.99997896,allow
2223,0,0.99997896,allow
2224,0,0.99997896,allow
2225,0,0.99997896,allow
2226,0,0.99997896,allow
2227,0,0.99997896,allow
2228,0,0.99997896,allow
2229,0,0.99997896,allow
2230,0,0.99997896,allow
2231,0,0.99997896,allow
2232,0,0.99997896,allow
2233,0,0.99997896,allow
2234,0,0.99997896,allow
2235,0,0.99997896,allow
2236,0,0.99997896,allow
2237,0,0.99997896,allow
2238,0,0.99997896,allow
2239,0,0.99997896,allow
2240,0,0.99997896,allow
2241,0,0.99997896,allow
2242,0,0.99997896,allow
2243,0,0.99997896,allow
2244,0,0.99997896,allow
2245,0,0.99997896,allow
2246,0,0.99997896,allow
2247,0,0.99997896,allow
2248,0,0.99997896,allow
2249,0,0.99997896,allow
2250,0,0.99997896,allow
2251,0,0.99997896,allow
2252,0,0.99997896,allow
2253,0,0.99997896,allow
2254,0,0.99997896,allow
2255,0,0.99997896,allow
2256,0,0.99997896,allow
2257,0,0.99997896,allow
2258,0,0.99997896,allow
2259,0,0.99997896,allow
2260,0,0.99997896,allow
2261,0,0.99997896,allow
2262,0,0.99997896,allow
2263,0,0.99997896,allow
2264,0,0.99997896,allow
2265,0,0.99997896,allow
2266,0,0.99997896,allow
2267,0,0.99997896,allow
2268,0,0.99997896,allow
2269,0,0.99997896,allow
2270,0,0.99997896,allow
2271,0,0.99997896,allow
2272,0,0.99997896,allow
2273,0,0.99997896,allow
2274,0,0.99997896,allow
2275,0,0.99997896,allow
2276,0,0.99997896,allow
2277,0,0.99997896,allow
2278,0,0.99997896,allow
2279,0,0.99997896,allow
2280,0,0.99997896,allow
2281,0,0.99997896,allow
2282,0,0.99997896,allow
2283,0,0.99997896,allow
2284,0,0.99997896,allow
2285,0,0.99997896,allow
2286,0,0.99997896,allow
2287,0,0.99997896,allow
2288,0,0.99997896,allow
2289,0,0.99997896,allow
2290,0,0.99997896,allow
2291,0,0.99997896,allow
2292,0,0.99997896,allow
2293,0,0.99997896,allow
2294,0,0.99997896,allow
2295,0,0.99997896,allow
2296,0,0.99997896,allow
2297,0,0.99997896,allow
2298,0,0.99997896,allow
2299,0,0.99997896,allow
2300,0,0.99997896,allow
2301,0,0.99997896,allow
2302,0,0.99997896,allow
2303,0,0.99997896,allow
2304,0,0.99997896,allow
2305,0,0.99997896,allow
2306,0,0.99997896,allow
2307,0,0.99997896,allow
2308,0,0.99997896,allow
2309,0,0.99997896,allow
2310,0,0.99997896,allow
2311,0,0.99997896,allow
2312,0,0.99997896,allow
2313,0,0.99997896,allow
2314,0,0.99997896,allow
2315,0,0.99997896,allow
2316,0,0.99997896,allow
2317,0,0.99997896,allow
2318,0,0.99997896,allow
2319,0,0.99997896,allow
2320,0,0.99997896,allow
2321,0,0.99997896,allow
2322,0,0.99997896,allow
2323,0,0.99997896,allow
2324,0,0.99997896,allow
2325,0,0.99997896,allow
2326,0,0.99997896,allow
2327,0,0.99997896,allow
2328,0,0.99997896,allow
2329,0,0.99997896,allow
2330,0,0.99997896,allow
2331,0,0.99997896,allow
2332,0,0.99997896,allow
2333,0,0.99997896,allow
2334,0,0.99997896,allow
2335,0,0.99997896,allow
2336,0,0.99997896,allow
2337,0,0.99997896,allow
2338,0,0.99997896,allow
2339,0,0.99997896,allow
2340,0,0.99997896,allow
2341,0,0.99997896,allow
2342,0,0.99997896,allow
2343,0,0.99997896,allow
2344,0,0.99997896,allow
2345,0,0.99997896,allow
2346,0,0.99997896,allow
2347,0,0.99997896,allow
2348,0,0.99997896,allow
2349,0,0.99997896,allow
2350,0,0.99997896,allow
2351,0,0.99997896,allow
2352,0,0.99997896,allow
2353,0,0.99997896,allow
2354,0,0.99997896,allow
2355,0,0.99997896,allow
2356,0,0.99997896,allow
2357,0,0.99997896,allow
2358,0,0.99997896,allow
2359,0,0.99997896,allow
2360,0,0.99997896,allow
2361,0,0.99997896,allow
2362,0,0.99997896,allow
2363,0,0.99997896,allow
2364,0,0.99997896,allow
2365,0,0.99997896,allow
2366,0,0.99997896,allow
2367,0,0.99997896,allow
2368,0,0.99997896,allow
2369,0,0.99997896,allow
2370,0,0.99997896,allow
2371,0,0.99997896,allow
2372,0,0.99997896,allow
2373,0,0.99997896,allow
2374,0,0.99997896,allow
2375,0,0.99997896,allow
2376,0,0.99997896,allow
2377,0,0.99997896,allow
2378,0,0.99997896,allow
2379,0,0.99997896,allow
2380,0,0.99997896,allow
2381,0,0.99997896,allow
2382,0,0.99997896,allow
2383,0,0.99997896,allow
2384,0,0.99997896,allow
2385,0,0.99997896,allow
2386,0,0.99997896,allow
2387,0,0.99997896,allow
2388,0,0.99997896,allow
2389,0,0.99997896,allow
2390,0,0.99997896,allow
2391,0,0.99997896,allow
2392,0,0.99997896,allow
2393,0,0.99997896,allow
2394,0,0.99997896,allow
2395,0,0.99997896,allow
2396,0,0.99997896,allow
2397,0,0.99997896,allow
2398,0,0.99997896,allow
2399,0,0.99997896,allow
2400,0,0.99997896,allow
2401,0,0.99997896,allow
2402,0,0.99997896,allow
2403,0,0.9999791,allow
2404,0,0.9999791,allow
2405,0,0.9999791,allow
2406,0,0.9999791,allow
2407,0,0.9999791,allow
2408,0,0.9999791,allow
2409,0,0.9999791,allow
2410,0,0.9999791,allow
2411,0,0.9999791,allow
2412,0,0.9999791,allow
2413,0,0.9999791,allow
2414,0,0.9999791,allow
2415,0,0.9999791,allow
2416,0,0.9999791,allow
2417,0,0.9999791,allow
2418,0,0.9999791,allow
2419,0,0.9999791,allow
2420,0,0.9999791,allow
2421,0,0.9999791,allow
2422,0,0.9999791,allow
2423,0,0.9999791,allow
2424,0,0.9999791,allow
2425,0,0.9999791,allow
2426,0,0.9999791,allow
2427,0,0.9999791,allow
2428,0,0.9999791,allow
2429,0,0.9999791,allow
2430,0,0.9999791,allow
2431,0,0.9999791,allow
2432,0,0.9999791,allow
2433,0,0.9999791,allow
2434,0,0.9999791,allow
2435,0,0.9999791,allow
2436,0,0.9999791,allow
2437,0,0.9999791,allow
2438,0,0.9999791,allow
2439,0,0.9999791,allow
2440,0,0.9999791,allow
2441,0,0.9999791,allow
2442,0,0.9999791,allow
2443,0,0.9999791,allow
2444,0,0.9999791,allow
2445,0,0.9999791,allow
2446,0,0.9999791,allow
2447,0,0.9999791,allow
2448,0,0.9999791,allow
2449,0,0.9999791,allow
2450,0,0.9999791,allow
2451,0,0.9999791,allow
2452,0,0.9999791,allow
2453,0,0.9999791,allow
2454,0,0.9999791,allow
2455,0,0.9999791,allow
2456,0,0.9999791,allow
2457,0,0.9999791,allow
2458,0,0.9999791,allow
2459,0,0.9999791,allow
2460,0,0.9999791,allow
2461,0,0.9999791,allow
2462,0,0.9999791,allow
2463,0,0.9999791,allow
2464,0,0.9999791,allow
2465,0,0.9999791,allow
2466,0,0.9999791,allow
2467,0,0.9999791,allow
2468,0,0.9999791,allow
2469,0,0.9999791,allow
2470,0,0.9999791,allow
2471,0,0.9999791,allow
2472,0,0.9999791,allow
2473,0,0.9999791,allow
2474,0,0.9999791,allow
2475,0,0.9999791,allow
2476,0,0.9999791,allow
2477,0,0.9999791,allow
2478,0,0.9999791,allow
2479,0,0.9999791,allow
2480,0,0.9999791,allow
2481,0,0.9999791,allow
2482,0,0.9999791,allow
2483,0,0.9999791,allow
2484,0,0.9999791,allow
2485,0,0.9999791,allow
2486,0,0.9999791,allow
2487,0,0.9999791,allow
2488,0,0.9999791,allow
2489,0,0.9999791,allow
2490,0,0.9999791,allow
2491,0,0.9999791,allow
2492,0,0.9999791,allow
2493,0,0.9999791,allow
2494,0,0.9999791,allow
2495,0,0.9999791,allow
2496,0,0.9999791,allow
2497,0,0.9999791,allow
2498,0,0.9999791,allow
2499,0,0.9999791,allow
2500,0,0.9999791,allow
2501,0,0.9999791,allow
2502,0,0.9999791,allow
2503,0,0.9999791,allow
2504,0,0.9999791,allow
2505,0,0.9999791,allow
2506,0,0.9999791,allow
2507,0,0.9999791,allow
2508,0,0.9999791,allow
2509,0,0.9999791,allow
2510,0,0.9999791,allow
2511,0,0.9999791,allow
2512,0,0.9999791,allow
2513,0,0.9999791,allow
2514,0,0.9999791,allow
2515,0,0.9999791,allow
2516,0,0.9999791,allow
2517,0,0.9999791,allow
2518,0,0.9999791,allow
2519,0,0.9999791,allow
2520,0,0.9999791,allow
2521,0,0.9999791,allow
2522,0,0.9999791,allow
2523,0,0.9999791,allow
2524,0,0.9999791,allow
2525,0,0.9999791,allow
2526,0,0.9999791,allow
2527,0,0.9999791,allow
2528,0,0.9999791,allow
2529,0,0.9999791,allow
2530,0,0.9999791,allow
2531,0,0.9999791,allow
2532,0,0.9999791,allow
2533,0,0.9999791,allow
2534,0,0.9999791,allow
2535,0,0.9999791,allow
2536,0,0.9999791,allow
2537,0,0.9999791,allow
2538,0,0.9999791,allow
2539,0,0.9999791,allow
2540,0,0.9999791,allow
2541,0,0.9999791,allow
2542,0,0.9999791,allow
2543,0,0.9999791,allow
2544,0,0.9999791,allow
2545,0,0.9999791,allow
2546,0,0.9999791,allow
2547,0,0.9999791,allow
2548,0,0.9999791,allow
2549,0,0.9999791,allow
2550,0,0.9999791,allow
2551,0,0.9999791,allow
2552,0,0.9999791,allow
2553,0,0.9999791,allow
2554,0,0.9999791,allow
2555,0,0.9999791,allow
2556,0,0.9999791,allow
2557,0,0.9999791,allow
2558,0,0.9999791,allow
2559,0,0.9999791,allow
2560,0,0.9999791,allow
2561,0,0.9999791,allow
2562,0,0.9999791,allow
2563,0,0.9999791,allow
2564,0,0.9999791,allow
2565,0,0.9999791,allow
2566,0,0.9999791,allow
2567,0,0.9999791,allow
2568,0,0.9999791,allow
2569,0,0.9999791,allow
2570,0,0.9999791,allow
2571,0,0.9999791,allow
2572,0,0.9999791,allow
2573,0,0.9999791,allow
2574,0,0.9999791,allow
2575,0,0.9999791,allow
2576,0,0.9999791,allow
2577,0,0.9999791,allow
2578,0,0.9999791,allow
2579,0,0.9999791,allow
2580,0,0.9999791,allow
2581,0,0.9999791,allow
2582,0,0.9999791,allow
2583,0,0.9999791,allow
2584,0,0.9999791,allow
2585,0,0.9999791,allow
2586,0,0.9999791,allow
2587,0,0.9999791,allow
2588,0,0.9999791,allow
2589,0,0.9999791,allow
2590,0,0.9999791,allow
2591,0,0.9999791,allow
2592,0,0.9999791,allow
2593,0,0.9999791,allow
2594,0,0.9999791,allow
2595,0,0.9999791,allow
2596,0,0.9999791,allow
2597,0,0.9999791,allow
2598,0,0.9999791,allow
2599,0,0.9999791,allow
2600,0,0.9999791,allow
2601,0,0.9999791,allow
2602,0,0.9999791,allow
2603,0,0.9999791,allow
2604,0,0.9999791,allow
2605,0,0.9999791,allow
2606,0,0.9999791,allow
2607,0,0.9999791,allow
2608,0,0.9999791,allow
2609,0,0.9999791,allow
2610,0,0.9999791,allow
2611,0,0.9999791,allow
2612,0,0.9999791,allow
2613,0,0.9999791,allow
2614,0,0.9999791,allow
2615,0,0.9999791,allow
2616,0,0.9999791,allow
2617,0,0.9999791,allow
2618,0,0.9999791,allow
2619,0,0.9999791,allow
2620,0,0.9999791,allow
2621,0,0.9999791,allow
2622,0,0.9999791,allow
2623,0,0.9999791,allow
2624,0,0.9999791,allow
2625,0,0.9999791,allow
2626,0,0.9999791,allow
2627,0,0.9999791,allow
2628,0,0.9999791,allow
2629,0,0.9999791,allow
2630,0,0.9999791,allow
2631,0,0.9999791,allow
2632,0,0.9999791,allow
2633,0,0.9999791,allow
2634,0,0.9999791,allow
2635,0,0.9999791,allow
2636,0,0.9999791,allow
2637,0,0.9999791,allow
2638,0,0.9999791,allow
2639,0,0.9999791,allow
2640,0,0.9999791,allow
2641,0,0.9999791,allow
2642,0,0.9999791,allow
2643,0,0.9999791,allow
2644,0,0.9999791,allow
2645,0,0.9999791,allow
2646,0,0.9999791,allow
2647,0,0.9999791,allow
2648,0,0.9999791,allow
2649,0,0.9999791,allow
2650,0,0.9999791,allow
2651,0,0.9999791,allow
2652,0,0.9999791,allow
2653,0,0.9999791,allow
2654,0,0.9999791,allow
2655,0,0.9999791,allow
2656,0,0.9999791,allow
2657,0,0.9999791,allow
2658,0,0.9999791,allow
2659,0,0.9999791,allow
2660,0,0.9999791,allow
2661,0,0.9999791,allow
2662,0,0.9999791,allow
2663,0,0.9999791,allow
2664,0,0.9999791,allow
2665,0,0.9999791,allow
2666,0,0.9999791,allow
2667,0,0.9999791,allow
2668,0,0.9999791,allow
2669,0,0.9999791,allow
2670,0,0.9999791,allow
2671,0,0.9999791,allow
2672,0,0.9999791,allow
2673,0,0.9999791,allow
2674,0,0.9999791,allow
2675,0,0.9999791,allow
2676,0,0.9999791,allow
2677,0,0.9999791,allow
2678,0,0.9999791,allow
2679,0,0.9999791,allow
2680,0,0.9999791,allow
2681,0,0.9999791,allow
2682,0,0.9999791,allow
2683,0,0.9999791,allow
2684,0,0.9999791,allow
2685,0,0.9999791,allow
2686,0,0.9999791,allow
2687,0,0.9999791,allow
2688,0,0.9999791,allow
2689,0,0.9999791,allow
2690,0,0.9999791,allow
2691,0,0.9999791,allow
2692,0,0.9999791,allow
2693,0,0.9999791,allow
2694,0,0.9999791,allow
2695,0,0.9999791,allow
2696,0,0.9999791,allow
2697,0,0.9999791,allow
2698,0,0.9999791,allow
2699,0,0.9999791,allow
2700,0,0.9999791,allow
2701,0,0.9999791,allow
2702,0,0.9999791,allow
2703,0,0.9999791,allow
2704,0,0.9999791,allow
2705,0,0.9999791,allow
2706,0,0.9999791,allow
2707,0,0.9999791,allow
2708,0,0.9999791,allow
2709,0,0.9999791,allow
2710,0,0.9999791,allow
2711,0,0.9999799,allow
2712,0,0.9999799,allow
2713,0,0.9999799,allow
2714,0,0.9999799,allow
2715,0,0.9999799,allow
2716,0,0.9999799,allow
2717,0,0.9999799,allow
2718,0,0.9999799,allow
2719,0,0.9999799,allow
2720,0,0.9999799,allow
2721,0,0.9999799,allow
2722,0,0.9999799,allow
2723,0,0.9999799,allow
2724,0,0.9999799,allow
2725,0,0.9999799,allow
2726,0,0.9999799,allow
2727,0,0.9999799,allow
2728,0,0.9999799,allow
2729,0,0.9999799,allow
2730,0,0.9999799,allow
2731,0,0.9999799,allow
2732,0,0.9999799,allow
2733,0,0.9999799,allow
2734,0,0.9999799,allow
2735,0,0.9999799,allow
2736,0,0.9999799,allow
2737,0,0.9999799,allow
2738,0,0.9999799,allow
2739,0,0.9999799,allow
2740,0,0.9999799,allow
2741,0,0.9999799,allow
2742,0,0.9999799,allow
2743,0,0.9999799,allow
2744,0,0.9999799,allow
2745,0,0.9999799,allow
2746,0,0.9999799,allow
2747,0,0.9999799,allow
2748,0,0.9999799,allow
2749,0,0.9999799,allow
2750,0,0.9999799,allow
2751,0,0.9999799,allow
2752,0,0.9999799,allow
2753,0,0.9999799,allow
2754,0,0.9999799,allow
2755,0,0.9999799,allow
2756,0,0.9999799,allow
2757,0,0.9999799,allow
2758,0,0.9999799,allow
2759,0,0.9999799,allow
2760,0,0.9999799,allow
2761,0,0.9999799,allow
2762,0,0.9999799,allow
2763,0,0.9999799,allow
2764,0,0.9999799,allow
2765,0,0.9999799,allow
2766,0,0.9999799,allow
2767,0,0.9999799,allow
2768,0,0.9999799,allow
2769,0,0.9999799,allow
2770,0,0.9999799,allow
2771,0,0.9999799,allow
2772,0,0.9999799,allow
2773,0,0.9999799,allow
2774,0,0.9999799,allow
2775,0,0.9999799,allow
2776,0,0.9999799,allow
2777,0,0.9999799,allow
2778,0,0.9999799,allow
2779,0,0.9999799,allow
2780,0,0.9999799,allow
2781,0,0.9999799,allow
2782,0,0.9999799,allow
2783,0,0.9999799,allow
2784,0,0.9999799,allow
2785,0,0.9999799,allow
2786,0,0.9999799,allow
2787,0,0.9999799,allow
2788,0,0.9999799,allow
2789,0,0.9999799,allow
2790,0,0.9999799,allow
2791,0,0.9999799,allow
2792,0,0.9999799,allow
2793,0,0.9999799,allow
2794,0,0.9999799,allow
2795,0,0.9999799,allow
2796,0,0.9999799,allow
2797,0,0.9999799,allow
2798,0,0.9999799,allow
2799,0,0.9999799,allow
2800,0,0.9999799,allow
2801,0,0.9999799,allow
2802,0,0.9999799,allow
2803,0,0.9999799,allow
2804,0,0.9999799,allow
2805,0,0.9999799,allow
2806,0,0.9999799,allow
2807,0,0.9999799,allow
2808,0,0.9999799,allow
2809,0,0.9999799,allow
2810,0,0.9999799,allow
2811,0,0.9999799,allow
2812,0,0.9999799,allow
2813,0,0.9999799,allow
2814,0,0.9999799,allow
2815,0,0.9999799,allow
2816,0,0.9999799,allow
2817,0,0.9999799,allow
2818,0,0.9999799,allow
2819,0,0.9999799,allow
2820,0,0.9999799,allow
2821,0,0.9999799,allow
2822,0,0.9999799,allow
2823,0,0.9999799,allow
2824,0,0.9999799,allow
2825,0,0.9999799,allow
2826,0,0.9999799,allow
2827,0,0.9999799,allow
2828,0,0.9999799,allow
2829,0,0.9999799,allow
2830,0,0.9999799,allow
2831,0,0.9999799,allow
2832,0,0.9999799,allow
2833,0,0.9999799,allow
2834,0,0.9999799,allow
2835,0,0.9999799,allow
2836,0,0.9999799,allow
2837,0,0.9999799,allow
2838,0,0.9999799,allow
2839,0,0.9999799,allow
2840,0,0.9999799,allow
2841,0,0.9999799,allow
2842,0,0.9999799,allow
2843,0,0.9999799,allow
2844,0,0.9999799,allow
2845,0,0.9999799,allow
2846,0,0.9999799,allow
2847,0,0.9999799,allow
2848,0,0.9999799,allow
2849,0,0.9999799,allow
2850,0,0.9999799,allow
2851,0,0.9999799,allow
2852,0,0.9999799,allow
2853,0,0.9999799,allow
2854,0,0.9999799,allow
2855,0,0.9999799,allow
2856,0,0.9999799,allow
2857,0,0.9999799,allow
2858,0,0.9999799,allow
2859,0,0.9999799,allow
2860,0,0.9999799,allow
2861,0,0.9999799,allow
2862,0,0.9999799,allow
2863,0,0.9999799,allow
2864,0,0.9999799,allow
2865,0,0.9999799,allow
2866,0,0.9999799,allow
2867,0,0.9999799,allow
2868,0,0.9999799,allow
2869,0,0.9999799,allow
2870,0,0.9999799,allow
2871,0,0.9999799,allow
2872,0,0.9999799,allow
2873,0,0.9999799,allow
2874,0,0.9999799,allow
2875,0,0.9999799,allow
2876,0,0.9999799,allow
2877,0,0.9999799,allow
2878,0,0.9999799,allow
2879,0,0.9999799,allow
2880,0,0.9999799,allow
2881,0,0.9999799,allow
2882,0,0.9999799,allow
2883,0,0.9999799,allow
2884,0,0.9999799,allow
2885,0,0.9999799,allow
2886,0,0.9999799,allow
2887,0,0.9999799,allow
2888,0,0.9999799,allow
2889,0,0.9999799,allow
2890,0,0.9999799,allow
2891,0,0.9999799,allow
2892,0,0.9999799,allow
2893,0,0.9999799,allow
2894,0,0.9999799,allow
2895,0,0.9999799,allow
2896,0,0.9999799,allow
2897,0,0.9999799,allow
2898,0,0.9999799,allow
2899,0,0.9999799,allow
2900,0,0.9999799,allow
2901,0,0.9999799,allow
2902,0,0.9999799,allow
2903,0,0.9999799,allow
2904,0,0.9999799,allow
2905,0,0.9999799,allow
2906,0,0.9999799,allow
2907,0,0.9999799,allow
2908,0,0.9999799,allow
2909,0,0.9999799,allow
2910,0,0.9999799,allow
2911,0,0.9999799,allow
2912,0,0.9999799,allow
2913,0,0.9999799,allow
2914,0,0.9999799,allow
2915,0,0.9999799,allow
2916,0,0.9999799,allow
2917,0,0.9999799,allow
2918,0,0.9999799,allow
2919,0,0.9999799,allow
2920,0,0.9999799,allow
2921,0,0.9999799,allow
2922,0,0.9999799,allow
2923,0,0.9999799,allow
2924,0,0.9999799,allow
2925,0,0.9999799,allow
2926,0,0.9999799,allow
2927,0,0.9999799,allow
2928,0,0.9999799,allow
2929,0,0.9999799,allow
2930,0,0.9999799,allow
2931,0,0.9999799,allow
2932,0,0.9999799,allow
2933,0,0.9999799,allow
2934,0,0.9999799,allow
2935,0,0.9999799,allow
2936,0,0.9999799,allow
2937,0,0.9999799,allow
2938,0,0.9999799,allow
2939,0,0.9999799,allow
2940,0,0.9999799,allow
2941,0,0.9999799,allow
2942,0,0.9999799,allow
2943,0,0.9999799,allow
2944,0,0.9999799,allow
2945,0,0.9999799,allow
2946,0,0.9999799,allow
2947,0,0.9999799,allow
2948,0,0.9999799,allow
2949,0,0.9999799,allow
2950,0,0.9999799,allow
2951,0,0.9999799,allow
2952,0,0.9999799,allow
2953,0,0.9999799,allow
2954,0,0.9999799,allow
2955,0,0.9999799,allow
2956,0,0.9999799,allow
2957,0,0.9999799,allow
2958,0,0.9999799,allow
2959,0,0.9999799,allow
2960,0,0.9999799,allow
2961,0,0.9999799,allow
2962,0,0.9999799,allow
2963,0,0.9999799,allow
2964,0,0.9999799,allow
2965,0,0.9999799,allow
2966,0,0.9999799,allow
2967,0,0.9999799,allow
2968,0,0.9999799,allow
2969,0,0.9999799,allow
2970,0,0.9999799,allow
2971,0,0.9999799,allow
2972,0,0.9999799,allow
2973,0,0.9999799,allow
2974,0,0.9999799,allow
2975,0,0.9999799,allow
2976,0,0.9999799,allow
2977,0,0.9999799,allow
2978,0,0.9999799,allow
2979,0,0.9999799,allow
2980,0,0.9999799,allow
2981,0,0.9999799,allow
2982,0,0.9999799,allow
2983,0,0.9999799,allow
2984,0,0.9999799,allow
2985,0,0.9999799,allow
2986,0,0.9999799,allow
2987,0,0.9999799,allow
2988,0,0.9999799,allow
2989,0,0.9999799,allow
2990,0,0.9999799,allow
2991,0,0.9999799,allow
2992,0,0.9999799,allow
2993,0,0.9999799,allow
2994,0,0.9999799,allow
2995,0,0.9999799,allow
2996,0,0.9999799,allow
2997,0,0.9999799,allow
2998,0,0.9999799,allow
2999,0,0.9999799,allow
3000,0,0.99987847,allow
3001,0,0.99987847,allow
3002,0,0.99987847,allow
3003,0,0.99987847,allow
3004,0,0.99987847,allow
3005,0,0.99987847,allow
3006,0,0.99987847,allow
3007,0,0.99987847,allow
3008,0,0.99987847,allow
3009,0,0.99987847,allow
3010,0,0.99987847,allow
3011,0,0.99987847,allow
3012,0,0.99987847,allow
3013,0,0.99987847,allow
3014,0,0.99987847,allow
3015,0,0.99987847,allow
3016,0,0.99987847,allow
3017,0,0.99987847,allow
3018,0,0.99987847,allow
3019,0,0.99987847,allow
3020,0,0.99987847,allow
3021,0,0.99987847,allow
3022,0,0.99987847,allow
3023,0,0.99987847,allow
3024,0,0.99987847,allow
3025,0,0.99987847,allow
3026,0,0.99987847,allow
3027,0,0.99987847,allow
3028,0,0.99987847,allow
3029,0,0.99987847,allow
3030,0,0.99987847,allow
3031,0,0.99987847,allow
3032,0,0.99987847,allow
3033,0,0.99987847,allow
3034,0,0.99987847,allow
3035,0,0.99987847,allow
3036,0,0.99987847,allow
3037,0,0.99987847,allow
3038,0,0.99987847,allow
3039,0,0.99987847,allow
3040,0,0.99987847,allow
3041,0,0.99987847,allow
3042,0,0.99987847,allow
3043,0,0.99987847,allow
3044,0,0.99987847,allow
3045,0,0.99987847,allow
3046,0,0.99987847,allow
3047,0,0.99987847,allow
3048,0,0.99987847,allow
3049,0,0.99987847,allow
3050,0,0.99987847,allow
3051,0,0.99987847,allow
3052,0,0.99987847,allow
3053,0,0.99987847,allow
3054,0,0.99987847,allow
3055,0,0.99987847,allow
3056,0,0.99987847,allow
3057,0,0.99987847,allow
3058,0,0.99987847,allow
3059,0,0.99987847,allow
3060,0,0.99987847,allow
3061,0,0.99987847,allow
3062,0,0.99989516,allow
3063,0,0.99989116,allow
3064,0,0.99989116,allow
3065,0,0.99989116,allow
3066,0,0.99989116,allow
3067,0,0.99989116,allow
3068,0,0.99989116,allow
3069,0,0.99989116,allow
3070,0,0.99989116,allow
3071,0,0.99989116,allow
3072,0,0.99989116,allow
3073,0,0.99989116,allow
3074,0,0.99989116,allow
3075,0,0.99989116,allow
3076,0,0.99989116,allow
3077,0,0.99989116,allow
3078,0,0.99989116,allow
3079,0,0.99989116,allow
3080,0,0.99989116,allow
3081,0,0.99989116,allow
3082,0,0.99989116,allow
3083,0,0.99989116,allow
3084,0,0.99989116,allow
3085,0,0.99989116,allow
3086,0,0.99989116,allow
3087,0,0.99989116,allow
3088,0,0.99989116,allow
3089,0,0.99989116,allow
3090,0,0.99989116,allow
3091,0,0.99989116,allow
3092,0,0.99989116,allow
3093,0,0.99989116,allow
3094,0,0.99989116,allow
3095,0,0.99989116,allow
3096,0,0.99989116,allow
3097,0,0.99989116,allow
3098,0,0.99989116,allow
3099,0,0.99989116,allow
3100,0,0.99989116,allow
3101,0,0.99989116,allow
3102,0,0.99989116,allow
3103,0,0.99989116,allow
3104,0,0.99989116,allow
3105,0,0.99989116,allow
3106,0,0.99989116,allow
3107,0,0.99989116,allow
3108,0,0.99989116,allow
3109,0,0.99989116,allow
3110,0,0.99989116,allow
3111,0,0.99989116,allow
3112,0,0.99989116,allow
3113,0,0.99989116,allow
3114,0,0.99989116,allow
3115,0,0.99989116,allow
3116,0,0.99989116,allow
3117,0,0.99978733,allow
3118,0,0.99978733,allow
3119,0,0.99978733,allow
3120,0,0.99978733,allow
3121,0,0.99978733,allow
3122,0,0.99978733,allow
3123,0,0.99978733,allow
3124,0,0.99978733,allow
3125,0,0.99978733,allow
3126,0,0.99978733,allow
3127,0,0.99978733,allow
3128,0,0.99978733,allow
3129,0,0.99978733,allow
3130,0,0.99978733,allow
3131,0,0.99978733,allow
3132,0,0.99978733,allow
3133,0,0.99978733,allow
3134,0,0.99978733,allow
3135,0,0.99978733,allow
3136,0,0.99978733,allow
3137,0,0.99978733,allow
3138,0,0.99978733,allow
3139,0,0.99978733,allow
3140,0,0.99978733,allow
3141,0,0.99978733,allow
3142,0,0.99978733,allow
3143,0,0.99978733,allow
3144,0,0.99978733,allow
3145,0,0.99978733,allow
3146,0,0.99978733,allow
3147,0,0.99978733,allow
3148,0,0.99978733,allow
3149,0,0.99978733,allow
3150,0,0.99978733,allow
3151,0,0.99978733,allow
3152,0,0.99978733,allow
3153,0,0.99978733,allow
3154,0,0.99978733,allow
3155,0,0.99978733,allow
3156,0,0.99978733,allow
3157,0,0.99978733,allow
3158,0,0.99978733,allow
3159,0,0.99978733,allow
3160,0,0.99978733,allow
3161,0,0.99978733,allow
3162,0,0.99978733,allow
3163,0,0.99978733,allow
3164,0,0.99978733,allow
3165,0,0.99978733,allow
3166,0,0.99978733,allow
3167,0,0.99978733,allow
3168,0,0.99978733,allow
3169,0,0.99978733,allow
3170,0,0.99978733,allow
3171,0,0.99978733,allow
3172,0,0.99978733,allow
3173,0,0.99978733,allow
3174,0,0.99978733,allow
3175,0,0.99978733,allow
3176,0,0.99978733,allow
3177,0,0.99978733,allow
3178,0,0.99978733,allow
3179,0,0.99979305,allow
3180,0,0.99979305,allow
3181,0,0.99979305,allow
3182,0,0.99979305,allow
3183,0,0.99979305,allow
3184,0,0.99979305,allow
3185,0,0.99979305,allow
3186,0,0.99979305,allow
3187,0,0.99979305,allow
3188,0,0.99979305,allow
3189,0,0.99979305,allow
3190,0,0.99979305,allow
3191,0,0.99979305,allow
3192,0,0.99979305,allow
3193,0,0.99979305,allow
3194,0,0.99979305,allow
3195,0,0.99979305,allow
3196,0,0.99979305,allow
3197,0,0.99979305,allow
3198,0,0.99979305,allow
3199,0,0.99979305,allow
3200,0,0.99979305,allow
3201,0,0.99979305,allow
3202,0,0.99979305,allow
3203,0,0.99979305,allow
3204,0,0.99979305,allow
3205,0,0.99979305,allow
3206,0,0.99979305,allow
3207,0,0.99979305,allow
3208,0,0.99979305,allow
3209,0,0.99977756,allow
3210,0,0.99977756,allow
3211,0,0.99977756,allow
3212,0,0.99977756,allow
3213,0,0.99977756,allow
3214,0,0.99977756,allow
3215,0,0.99977756,allow
3216,0,0.99977756,allow
3217,0,0.99982595,allow
3218,0,0.99982595,allow
3219,0,0.99982595,allow
3220,0,0.99982595,allow
3221,0,0.99982595,allow
3222,0,0.99982595,allow
3223,0,0.99982595,allow
3224,0,0.99982595,allow
3225,0,0.99982595,allow
3226,0,0.99982595,allow
3227,0,0.99982595,allow
3228,0,0.99982595,allow
3229,0,0.99982595,allow
3230,0,0.99982595,allow
3231,0,0.99982595,allow
3232,0,0.99982595,allow
3233,0,0.99982595,allow
3234,0,0.99982595,allow
3235,0,0.99982595,allow
3236,0,0.99982595,allow
3237,0,0.99982595,allow
3238,0,0.99982595,allow
3239,0,0.99982595,allow
3240,0,0.99982595,allow
3241,0,0.99982595,allow
3242,0,0.99982595,allow
3243,0,0.99982595,allow
3244,0,0.99982595,allow
3245,0,0.99982595,allow
3246,0,0.99982595,allow
3247,0,0.99982595,allow
3248,0,0.99982595,allow
3249,0,0.99982595,allow
3250,0,0.99982595,allow
3251,0,0.99982595,allow
3252,0,0.99982595,allow
3253,0,0.99982595,allow
3254,0,0.99982595,allow
3255,0,0.99982595,allow
3256,0,0.99982595,allow
3257,0,0.99982595,allow
3258,0,0.99982595,allow
3259,0,0.99982595,allow
3260,0,0.99982595,allow
3261,0,0.99982595,allow
3262,0,0.99982595,allow
3263,0,0.99982595,allow
3264,0,0.99982595,allow
3265,0,0.99982595,allow
3266,0,0.99982595,allow
3267,0,0.99982595,allow
3268,0,0.99982595,allow
3269,0,0.99982595,allow
3270,0,0.99982256,allow
3271,0,0.99982256,allow
3272,0,0.99982256,allow
3273,0,0.99982256,allow
3274,0,0.99982256,allow
3275,0,0.99982256,allow
3276,0,0.99982256,allow
3277,0,0.99982256,allow
3278,0,0.99982256,allow
3279,0,0.99982256,allow
3280,0,0.99982256,allow
3281,0,0.99982256,allow
3282,0,0.99982256,allow
3283,0,0.99982256,allow
3284,0,0.99982256,allow
3285,0,0.99982256,allow
3286,0,0.99982256,allow
3287,0,0.99982256,allow
3288,0,0.99982256,allow
3289,0,0.99982256,allow
3290,0,0.99982256,allow
3291,0,0.99982256,allow
3292,0,0.99982256,allow
3293,0,0.99982256,allow
3294,0,0.99982256,allow
3295,0,0.99982256,allow
3296,0,0.99982256,allow
3297,0,0.99982256,allow
3298,0,0.99982256,allow
3299,0,0.99982256,allow
3300,0,0.99982256,allow
3301,0,0.99982256,allow
3302,0,0.99982256,allow
3303,0,0.99982256,allow
3304,0,0.99982256,allow
3305,0,0.99982256,allow
3306,0,0.99982256,allow
3307,0,0.99982256,allow
3308,0,0.99982256,allow
3309,0,0.9997776,allow
3310,0,0.9997776,allow
3311,0,0.9997776,allow
3312,0,0.9997776,allow
3313,0,0.9997776,allow
3314,0,0.9997776,allow
3315,0,0.9997776,allow
3316,0,0.9997776,allow
3317,0,0.99977857,allow
3318,0,0.99978024,allow
3319,0,0.99978024,allow
3320,0,0.99978024,allow
3321,0,0.99978024,allow
3322,0,0.99978024,allow
3323,0,0.99978024,allow
3324,0,0.99978024,allow
3325,0,0.99978024,allow
3326,0,0.99978024,allow
3327,0,0.99978024,allow
3328,0,0.99978024,allow
3329,0,0.99978024,allow
3330,0,0.99978024,allow
3331,0,0.99978024,allow
3332,0,0.99978024,allow
3333,0,0.99978024,allow
3334,0,0.99978024,allow
3335,0,0.99978024,allow
3336,0,0.99978024,allow
3337,0,0.99978024,allow
3338,0,0.99978024,allow
3339,0,0.99978024,allow
3340,0,0.99978024,allow
3341,0,0.99978024,allow
3342,0,0.99978024,allow
3343,0,0.99978024,allow
3344,0,0.99978024,allow
3345,0,0.99978024,allow
3346,0,0.99978024,allow
3347,0,0.99978024,allow
3348,0,0.99978024,allow
3349,0,0.99978024,allow
3350,0,0.99978024,allow
3351,0,0.99978024,allow
3352,0,0.99978024,allow
3353,0,0.99978024,allow
3354,0,0.99978024,allow
3355,0,0.99978024,allow
3356,0,0.99978024,allow
3357,0,0.99978024,allow
3358,0,0.99977034,allow
3359,0,0.99976087,allow
3360,0,0.9996597,allow
3361,0,0.9996597,allow
3362,0,0.9995907,allow
3363,0,0.9995907,allow
3364,0,0.9995907,allow
3365,0,0.9995907,allow
3366,0,0.9995907,allow
3367,0,0.9995907,allow
3368,0,0.9995907,allow
3369,0,0.9995907,allow
3370,0,0.9995907,allow
3371,0,0.9995907,allow
3372,0,0.9995907,allow
3373,0,0.9995907,allow
3374,0,0.9995907,allow
3375,0,0.9995907,allow
3376,0,0.9995907,allow
3377,0,0.9995907,allow
3378,0,0.9995907,allow
3379,0,0.9995907,allow
3380,0,0.9995907,allow
3381,0,0.9995907,allow
3382,0,0.9995907,allow
3383,0,0.9995907,allow
3384,0,0.9995907,allow
3385,0,0.9995907,allow
3386,0,0.9995907,allow
3387,0,0.9995907,allow
3388,0,0.9995907,allow
3389,0,0.9995907,allow
3390,0,0.9995907,allow
3391,0,0.9995907,allow
3392,0,0.9995907,allow
3393,0,0.9995907,allow
3394,0,0.9995907,allow
3395,0,0.9995907,allow
3396,0,0.9995907,allow
3397,0,0.9995907,allow
3398,0,0.9995907,allow
3399,0,0.9995907,allow
3400,0,0.9995907,allow
3401,0,0.9995907,allow
3402,0,0.9995907,allow
3403,0,0.9995907,allow
3404,0,0.9995907,allow
3405,0,0.9995907,allow
3406,0,0.9995907,allow
3407,0,0.9995907,allow
3408,0,0.9995907,allow
3409,0,0.9995907,allow
3410,0,0.9995907,allow
3411,0,0.9995907,allow
3412,0,0.9995907,allow
3413,0,0.9995907,allow
3414,0,0.9995907,allow
3415,0,0.9995907,allow
3416,0,0.9995907,allow
3417,0,0.9995907,allow
3418,0,0.9995907,allow
3419,0,0.9995907,allow
3420,0,0.9995907,allow
3421,0,0.9995907,allow
3422,0,0.9995907,allow
3423,0,0.9995907,allow
3424,0,0.9995907,allow
3425,0,0.9995907,allow
3426,0,0.9995907,allow
3427,0,0.9995907,allow
3428,0,0.9995907,allow
3429,0,0.9995907,allow
3430,0,0.9995907,allow
3431,0,0.9995907,allow
3432,0,0.9995907,allow
3433,0,0.9995907,allow
3434,0,0.99947125,allow
3435,0,0.99947125,allow
3436,0,0.99947125,allow
3437,0,0.99947125,allow
3438,0,0.99947125,allow
3439,0,0.99947125,allow
3440,0,0.99947125,allow
3441,0,0.99947125,allow
3442,0,0.99947125,allow
3443,0,0.99947125,allow
3444,0,0.99947125,allow
3445,0,0.99947125,allow
3446,0,0.99947125,allow
3447,0,0.99947125,allow
3448,0,0.99947125,allow
3449,0,0.99947125,allow
3450,0,0.99947125,allow
3451,0,0.99947125,allow
3452,0,0.99947125,allow
3453,0,0.99947125,allow
3454,0,0.99947125,allow
3455,0,0.99947125,allow
3456,0,0.99947125,allow
3457,0,0.99947125,allow
3458,0,0.99947125,allow
3459,0,0.99947125,allow
3460,0,0.99947125,allow
3461,0,0.99947125,allow
3462,0,0.99947125,allow
3463,0,0.99947125,allow
3464,0,0.99947125,allow
3465,0,0.99947125,allow
3466,0,0.99947125,allow
3467,0,0.99947125,allow
3468,0,0.99947125,allow
3469,0,0.99947125,allow
3470,0,0.99947125,allow
3471,0,0.99947125,allow
3472,0,0.99947125,allow
3473,0,0.99947125,allow
3474,0,0.99947125,allow
3475,0,0.99947125,allow
3476,0,0.99947125,allow
3477,0,0.99947125,allow
3478,0,0.99947125,allow
3479,0,0.99947125,allow
3480,0,0.99947125,allow
3481,0,0.99947125,allow
3482,0,0.99947125,allow
3483,0,0.99947125,allow
3484,0,0.99947125,allow
3485,0,0.99947125,allow
3486,0,0.99947125,allow
3487,0,0.99947125,allow
3488,0,0.99947125,allow
3489,0,0.99947125,allow
3490,0,0.99947125,allow
3491,0,0.99947125,allow
3492,0,0.99947125,allow
3493,0,0.99947125,allow
3494,0,0.99947125,allow
3495,0,0.99947125,allow
3496,0,0.99947125,allow
3497,0,0.99947125,allow
3498,0,0.99947125,allow
3499,0,0.99947125,allow
3500,0,0.99947125,allow
3501,0,0.99947125,allow
3502,0,0.99947125,allow
3503,0,0.99947125,allow
3504,0,0.99947125,allow
3505,0,0.99947125,allow
3506,0,0.9999791,allow
3507,0,0.9999791,allow
3508,0,0.9999791,allow
3509,0,0.9999791,allow
3510,0,0.9999791,allow
3511,0,0.9999791,allow
3512,0,0.9999791,allow
3513,0,0.9999791,allow
3514,0,0.9999791,allow
3515,0,0.9999791,allow
3516,0,0.9999791,allow
3517,0,0.9999791,allow
3518,0,0.9999791,allow
3519,0,0.9999791,allow
3520,0,0.9999791,allow
3521,0,0.9999791,allow
3522,0,0.9999791,allow
3523,0,0.9999791,allow
3524,0,0.9999791,allow
3525,0,0.9999791,allow
3526,0,0.9999791,allow
3527,0,0.9999791,allow
3528,0,0.9999791,allow
3529,0,0.9999791,allow
3530,0,0.9999791,allow
3531,0,0.9999791,allow
3532,0,0.9999791,allow
3533,0,0.9999791,allow
3534,0,0.9999791,allow
3535,0,0.9999791,allow
3536,0,0.9999791,allow
3537,0,0.9999791,allow
3538,0,0.9999791,allow
3539,0,0.9999791,allow
3540,0,0.9999791,allow
3541,0,0.9999791,allow
3542,0,0.9999791,allow
3543,0,0.9999791,allow
3544,0,0.9999791,allow
3545,0,0.9999791,allow
3546,0,0.9999791,allow
3547,0,0.9999791,allow
3548,0,0.9999791,allow
3549,0,0.9999791,allow
3550,0,0.9999791,allow
3551,0,0.9999791,allow
3552,0,0.9999791,allow
3553,0,0.9999791,allow
3554,0,0.9999791,allow
3555,0,0.9999791,allow
3556,0,0.9999791,allow
3557,0,0.9999791,allow
3558,0,0.9999791,allow
3559,0,0.9999791,allow
3560,0,0.9999791,allow
3561,0,0.9999791,allow
3562,0,0.9999791,allow
3563,0,0.9999791,allow
3564,0,0.9999791,allow
3565,0,0.9999791,allow
3566,0,0.9999791,allow
3567,0,0.9999791,allow
3568,0,0.9999791,allow
3569,0,0.9999791,allow
3570,0,0.9999791,allow
3571,0,0.9999791,allow
3572,0,0.9999791,allow
3573,0,0.9999791,allow
3574,0,0.9999791,allow
3575,0,0.9999791,allow
3576,0,0.9999791,allow
3577,0,0.9999791,allow
3578,0,0.9999791,allow
3579,0,0.9999791,allow
3580,0,0.9999791,allow
3581,0,0.9999791,allow
3582,0,0.9999791,allow
3583,0,0.9999791,allow
3584,0,0.9999791,allow
3585,0,0.9999791,allow
3586,0,0.9999791,allow
3587,0,0.9999791,allow
3588,0,0.9999791,allow
3589,0,0.9999791,allow
3590,0,0.9999791,allow
3591,0,0.9999791,allow
3592,0,0.9999791,allow
3593,0,0.9999791,allow
3594,0,0.9999791,allow
3595,0,0.9999791,allow
3596,0,0.9999791,allow
3597,0,0.9999791,allow
3598,0,0.9999791,allow
3599,0,0.9999791,allow
3600,0,0.9999791,allow
3601,0,0.9999791,allow
3602,0,0.9999791,allow
3603,0,0.9999791,allow
3604,0,0.9999791,allow
3605,0,0.9999791,allow
3606,0,0.9999791,allow
3607,0,0.9999791,allow
3608,0,0.9999791,allow
3609,0,0.9999791,allow
3610,0,0.9999791,allow
3611,0,0.9999791,allow
3612,0,0.9999791,allow
3613,0,0.9999791,allow
3614,0,0.9999791,allow
3615,0,0.9999791,allow
3616,0,0.9999791,allow
3617,0,0.9999791,allow
3618,0,0.9999791,allow
3619,0,0.9999791,allow
3620,0,0.9999791,allow
3621,0,0.9999791,allow
3622,0,0.9999791,allow
3623,0,0.9999791,allow
3624,0,0.9999791,allow
3625,0,0.9999791,allow
3626,0,0.9999791,allow
3627,0,0.9999791,allow
3628,0,0.9999791,allow
3629,0,0.9999791,allow
3630,0,0.9999791,allow
3631,0,0.9999791,allow
3632,0,0.9999791,allow
3633,0,0.9999791,allow
3634,0,0.9999791,allow
3635,0,0.9999791,allow
3636,0,0.9999791,allow
3637,0,0.9999791,allow
3638,0,0.9999791,allow
3639,0,0.9999791,allow
3640,0,0.9999791,allow
3641,0,0.9999791,allow
3642,0,0.9999791,allow
3643,0,0.9999791,allow
3644,0,0.9999791,allow
3645,0,0.9999791,allow
3646,0,0.9999791,allow
3647,0,0.9999791,allow
3648,0,0.9999791,allow
3649,0,0.9999791,allow
3650,0,0.9999791,allow
3651,0,0.9999791,allow
3652,0,0.9999791,allow
3653,0,0.9999791,allow
3654,0,0.9999791,allow
3655,0,0.9999791,allow
3656,0,0.9999791,allow
3657,0,0.9999791,allow
3658,0,0.9999791,allow
3659,0,0.9999791,allow
3660,0,0.9999791,allow
3661,0,0.9999791,allow
3662,0,0.9999791,allow
3663,0,0.9999791,allow
3664,0,0.9999791,allow
3665,0,0.9999791,allow
3666,0,0.9999791,allow
3667,0,0.9999791,allow
3668,0,0.9999791,allow
3669,0,0.9999791,allow
3670,0,0.9999791,allow
3671,0,0.9999791,allow
3672,0,0.9999791,allow
3673,0,0.9999791,allow
3674,0,0.9999791,allow
3675,0,0.9999791,allow
3676,0,0.9999791,allow
3677,0,0.9999791,allow
3678,0,0.9999791,allow
3679,0,0.9999791,allow
3680,0,0.9999791,allow
3681,0,0.9999791,allow
3682,0,0.9999791,allow
3683,0,0.9999791,allow
3684,0,0.9999791,allow
3685,0,0.9999791,allow
3686,0,0.9999791,allow
3687,0,0.9999791,allow
3688,0,0.9999791,allow
3689,0,0.9999791,allow
3690,0,0.9999791,allow
3691,0,0.9999793,allow
3692,0,0.9999793,allow
3693,0,0.9999793,allow
3694,0,0.9999793,allow
3695,0,0.9999793,allow
3696,0,0.9999793,allow
3697,0,0.9999793,allow
3698,0,0.9999793,allow
3699,0,0.9999793,allow
3700,0,0.9999793,allow
3701,0,0.9999793,allow
3702,0,0.9999793,allow
3703,0,0.9999793,allow
3704,0,0.9999793,allow
3705,0,0.9999793,allow
3706,0,0.9999793,allow
3707,0,0.9999793,allow
3708,0,0.9999793,allow
3709,0,0.9999793,allow
3710,0,0.9999793,allow
3711,0,0.9999793,allow
3712,0,0.9999793,allow
3713,0,0.9999793,allow
3714,0,0.9999793,allow
3715,0,0.9999793,allow
3716,0,0.9999793,allow
3717,0,0.9999793,allow
3718,0,0.9999793,allow
3719,0,0.9999793,allow
3720,0,0.9999793,allow
3721,0,0.9999793,allow
3722,0,0.9999793,allow
3723,0,0.9999793,allow
3724,0,0.9999793,allow
3725,0,0.9999793,allow
3726,0,0.9999793,allow
3727,0,0.9999793,allow
3728,0,0.9999793,allow
3729,0,0.9999793,allow
3730,0,0.9999793,allow
3731,0,0.9999793,allow
3732,0,0.9999793,allow
3733,0,0.9999793,allow
3734,0,0.9999793,allow
3735,0,0.9999793,allow
3736,0,0.9999793,allow
3737,0,0.9999793,allow
3738,0,0.9999793,allow
3739,0,0.9999793,allow
3740,0,0.9999793,allow
3741,0,0.9999793,allow
3742,0,0.9999793,allow
3743,0,0.9999793,allow
3744,0,0.9999793,allow
3745,0,0.9999793,allow
3746,0,0.9999793,allow
3747,0,0.9999793,allow
3748,0,0.9999793,allow
3749,0,0.9999793,allow
3750,0,0.9999793,allow
3751,0,0.9999793,allow
3752,0,0.9999793,allow
3753,0,0.9999793,allow
3754,0,0.9999793,allow
3755,0,0.9999793,allow
3756,0,0.9999793,allow
3757,0,0.9999793,allow
3758,0,0.9999793,allow
3759,0,0.9999793,allow
3760,0,0.9999793,allow
3761,0,0.9999793,allow
3762,0,0.9999793,allow
3763,0,0.9999793,allow
3764,0,0.9999793,allow
3765,0,0.9999793,allow
3766,0,0.9999793,allow
3767,0,0.9999793,allow
3768,0,0.9999793,allow
3769,0,0.9999793,allow
3770,0,0.9999793,allow
3771,0,0.9999793,allow
3772,0,0.9999793,allow
3773,0,0.9999793,allow
3774,0,0.9999793,allow
3775,0,0.9999793,allow
3776,0,0.9999793,allow
3777,0,0.9999793,allow
3778,0,0.9999793,allow
3779,0,0.9999793,allow
3780,0,0.9999793,allow
3781,0,0.9999793,allow
3782,0,0.9999793,allow
3783,0,0.9999793,allow
3784,0,0.9999793,allow
3785,0,0.9999793,allow
3786,0,0.9999793,allow
3787,0,0.9999793,allow
3788,0,0.9999793,allow
3789,0,0.9999793,allow
3790,0,0.9999793,allow
3791,0,0.9999793,allow
3792,0,0.9999793,allow
3793,0,0.9999793,allow
3794,0,0.9999793,allow
3795,0,0.9999793,allow
3796,0,0.9999793,allow
3797,0,0.9999793,allow
3798,0,0.9999793,allow
3799,0,0.9999793,allow
3800,0,0.9999793,allow
3801,0,0.9999793,allow
3802,0,0.9999793,allow
3803,0,0.9999793,allow
3804,0,0.9999793,allow
3805,0,0.9999793,allow
3806,0,0.9999793,allow
3807,0,0.9999793,allow
3808,0,0.9999793,allow
3809,0,0.9999793,allow
3810,0,0.9999793,allow
3811,0,0.9999793,allow
3812,0,0.9999793,allow
3813,0,0.9999793,allow
3814,0,0.9999793,allow
3815,0,0.9999793,allow
3816,0,0.9999793,allow
3817,0,0.9999793,allow
3818,0,0.9999793,allow
3819,0,0.9999793,allow
3820,0,0.9999793,allow
3821,0,0.9999793,allow
3822,0,0.9999793,allow
3823,0,0.9999793,allow
3824,0,0.9999793,allow
3825,0,0.9999793,allow
3826,0,0.9999793,allow
3827,0,0.9999793,allow
3828,0,0.9999793,allow
3829,0,0.999975,allow
3830,0,0.999975,allow
3831,0,0.999975,allow
3832,0,0.999975,allow
3833,0,0.999975,allow
3834,0,0.999975,allow
3835,0,0.999975,allow
3836,0,0.999975,allow
3837,0,0.999975,allow
3838,0,0.999975,allow
3839,0,0.999975,allow
3840,0,0.999975,allow
3841,0,0.999975,allow
3842,0,0.999975,allow
3843,0,0.999975,allow
3844,0,0.999975,allow
3845,0,0.999975,allow
3846,0,0.999975,allow
3847,0,0.999975,allow
3848,0,0.999975,allow
3849,0,0.999975,allow
3850,0,0.999975,allow
3851,0,0.999975,allow
3852,0,0.999975,allow
3853,0,0.999975,allow
3854,0,0.999975,allow
3855,0,0.999975,allow
3856,0,0.999975,allow
3857,0,0.999975,allow
3858,0,0.999975,allow
3859,0,0.999975,allow
3860,0,0.999975,allow
3861,0,0.999975,allow
3862,0,0.999975,allow
3863,0,0.999975,allow
3864,0,0.999975,allow
3865,0,0.999975,allow
3866,0,0.999975,allow
3867,0,0.999975,allow
3868,0,0.999975,allow
3869,0,0.999975,allow
3870,0,0.999975,allow
3871,0,0.999975,allow
3872,0,0.999975,allow
3873,0,0.999975,allow
3874,0,0.999975,allow
3875,0,0.999975,allow
3876,0,0.999975,allow
3877,0,0.999975,allow
3878,0,0.999975,allow
3879,0,0.999975,allow
3880,0,0.999975,allow
3881,0,0.999975,allow
3882,0,0.999975,allow
3883,0,0.999975,allow
3884,0,0.999975,allow
3885,0,0.999975,allow
3886,0,0.999975,allow
3887,0,0.999975,allow
3888,0,0.999975,allow
3889,0,0.999975,allow
3890,0,0.999975,allow
3891,0,0.999975,allow
3892,0,0.999975,allow
3893,0,0.999975,allow
3894,0,0.999975,allow
3895,0,0.999975,allow
3896,0,0.999975,allow
3897,0,0.999975,allow
3898,0,0.999975,allow
3899,0,0.999975,allow
3900,0,0.999975,allow
3901,0,0.999975,allow
3902,0,0.999975,allow
3903,0,0.999975,allow
3904,0,0.999975,allow
3905,0,0.999975,allow
3906,0,0.999975,allow
3907,0,0.999975,allow
3908,0,0.999975,allow
3909,0,0.999975,allow
3910,0,0.999975,allow
3911,0,0.999975,allow
3912,0,0.999975,allow
3913,0,0.999975,allow
3914,0,0.999975,allow
3915,0,0.999975,allow
3916,0,0.999975,allow
3917,0,0.999975,allow
3918,0,0.999975,allow
3919,0,0.999975,allow
3920,0,0.999975,allow
3921,0,0.999975,allow
3922,0,0.999975,allow
3923,0,0.999975,allow
3924,0,0.999975,allow
3925,0,0.999975,allow
3926,0,0.999975,allow
3927,0,0.999975,allow
3928,0,0.999975,allow
3929,0,0.999975,allow
3930,0,0.999975,allow
3931,0,0.999975,allow
3932,0,0.999975,allow
3933,0,0.999975,allow
3934,0,0.999975,allow
3935,0,0.999975,allow
3936,0,0.999975,allow
3937,0,0.999975,allow
3938,0,0.999975,allow
3939,0,0.999975,allow
3940,0,0.999975,allow
3941,0,0.999975,allow
3942,0,0.999975,allow
3943,0,0.999975,allow
3944,0,0.999975,allow
3945,0,0.999975,allow
3946,0,0.999975,allow
3947,0,0.999975,allow
3948,0,0.999975,allow
3949,0,0.999975,allow
3950,0,0.999975,allow
3951,0,0.999975,allow
3952,0,0.999975,allow
3953,0,0.999975,allow
3954,0,0.999975,allow
3955,0,0.999975,allow
3956,0,0.999975,allow
3957,0,0.999975,allow
3958,0,0.999975,allow
3959,0,0.999975,allow
3960,0,0.999975,allow
3961,0,0.999975,allow
3962,0,0.999975,allow
3963,0,0.999975,allow
3964,0,0.999975,allow
3965,0,0.999975,allow
3966,0,0.999975,allow
3967,0,0.999975,allow
3968,0,0.999975,allow
3969,0,0.999975,allow
3970,0,0.999975,allow
3971,0,0.999975,allow
3972,0,0.999975,allow
3973,0,0.999975,allow
3974,0,0.999975,allow
3975,0,0.999975,allow
3976,0,0.999975,allow
3977,0,0.999975,allow
3978,0,0.999975,allow
3979,0,0.999975,allow
3980,0,0.999975,allow
3981,0,0.999975,allow
3982,0,0.999975,allow
3983,0,0.999975,allow
3984,0,0.999975,allow
3985,0,0.999975,allow
3986,0,0.999975,allow
3987,0,0.999975,allow
3988,0,0.999975,allow
3989,0,0.999975,allow
3990,0,0.999975,allow
3991,0,0.999975,allow
3992,0,0.999975,allow
3993,0,0.999975,allow
3994,0,0.999975,allow
3995,0,0.999975,allow
3996,0,0.999975,allow
3997,0,0.999975,allow
3998,0,0.999975,allow
3999,0,0.999975,allow
4000,0,0.9999757,allow
4001,0,0.9999757,allow
4002,0,0.9999757,allow
4003,0,0.9999757,allow
4004,0,0.9999757,allow
4005,0,0.9999757,allow
4006,0,0.9999757,allow
4007,0,0.9999757,allow
4008,0,0.9999757,allow
4009,0,0.9999757,allow
4010,0,0.9999757,allow
4011,0,0.9999757,allow
4012,0,0.9999757,allow
4013,0,0.9999757,allow
4014,0,0.9999757,allow
4015,0,0.9999757,allow
4016,0,0.9999757,allow
4017,0,0.9999757,allow
4018,0,0.9999757,allow
4019,0,0.9999757,allow
4020,0,0.9999757,allow
4021,0,0.9999757,allow
4022,0,0.9999757,allow
4023,0,0.9999757,allow
4024,0,0.9999757,allow
4025,0,0.9999757,allow
4026,0,0.9999757,allow
4027,0,0.9999757,allow
4028,0,0.9999757,allow
4029,0,0.9999757,allow
4030,0,0.9999757,allow
4031,0,0.9999757,allow
4032,0,0.9999757,allow
4033,0,0.9999757,allow
4034,0,0.9999757,allow
4035,0,0.9999757,allow
4036,0,0.9999757,allow
4037,0,0.9999757,allow
4038,0,0.9999757,allow
4039,0,0.9999757,allow
4040,0,0.9999757,allow
4041,0,0.9999757,allow
4042,0,0.9999757,allow
4043,0,0.9999757,allow
4044,0,0.9999757,allow
4045,0,0.9999757,allow
4046,0,0.9999757,allow
4047,0,0.9999757,allow
4048,0,0.9999757,allow
4049,0,0.9999757,allow
4050,0,0.9999757,allow
4051,0,0.9999757,allow
4052,0,0.9999757,allow
4053,0,0.9999757,allow
4054,0,0.9999757,allow
4055,0,0.9999757,allow
4056,0,0.9999757,allow
4057,0,0.9999757,allow
4058,0,0.9999757,allow
4059,0,0.9999757,allow
4060,0,0.9999757,allow
4061,0,0.9999757,allow
4062,0,0.9999757,allow
4063,0,0.9999757,allow
4064,0,0.9999757,allow
4065,0,0.9999757,allow
4066,0,0.9999757,allow
4067,0,0.9999757,allow
4068,0,0.9999757,allow
4069,0,0.9999757,allow
4070,0,0.9999757,allow
4071,0,0.9999757,allow
4072,0,0.9999757,allow
4073,0,0.9999757,allow
4074,0,0.9999757,allow
4075,0,0.9999757,allow
4076,0,0.9999757,allow
4077,0,0.9999757,allow
4078,0,0.9999757,allow
4079,0,0.9999757,allow
4080,0,0.9999757,allow
4081,0,0.9999757,allow
4082,0,0.9999757,allow
4083,0,0.9999757,allow
4084,0,0.9999757,allow
4085,0,0.9999757,allow
4086,0,0.9999757,allow
4087,0,0.9999757,allow
4088,0,0.9999757,allow
4089,0,0.9999757,allow
4090,0,0.9999757,allow
4091,0,0.9999757,allow
4092,0,0.9999757,allow
4093,0,0.9999757,allow
4094,0,0.9999757,allow
4095,0,0.9999757,allow
4096,0,0.9999757,allow
4097,0,0.9999757,allow
4098,0,0.9999757,allow
4099,0,0.9999757,allow
4100,0,0.9999757,allow
4101,0,0.9999757,allow
4102,0,0.9999757,allow
4103,0,0.9999757,allow
4104,0,0.9999757,allow
4105,0,0.9999757,allow
4106,0,0.9999757,allow
4107,0,0.9999757,allow
4108,0,0.9999757,allow
4109,0,0.9999757,allow
4110,0,0.9999757,allow
4111,0,0.9999757,allow
4112,0,0.9999757,allow
4113,0,0.9999757,allow
4114,0,0.9999757,allow
4115,0,0.9999757,allow
4116,0,0.9999757,allow
4117,0,0.9999757,allow
4118,0,0.9999757,allow
4119,0,0.9999757,allow
4120,0,0.9999757,allow
4121,0,0.9999757,allow
4122,0,0.9999757,allow
4123,0,0.9999757,allow
4124,0,0.9999757,allow
4125,0,0.9999757,allow
4126,0,0.9999757,allow
4127,0,0.9999757,allow
4128,0,0.9999757,allow
4129,0,0.9999757,allow
4130,0,0.9999757,allow
4131,0,0.9999757,allow
4132,0,0.9999757,allow
4133,0,0.9999757,allow
4134,0,0.9999757,allow
4135,0,0.9999757,allow
4136,0,0.9999757,allow
4137,0,0.9999757,allow
4138,0,0.9999757,allow
4139,0,0.9999757,allow
4140,0,0.9999757,allow
4141,0,0.9999757,allow
4142,0,0.9999757,allow
4143,0,0.9999757,allow
4144,0,0.9999757,allow
4145,0,0.9999757,allow
4146,0,0.9999757,allow
4147,0,0.9999757,allow
4148,0,0.9999757,allow
4149,0,0.9999757,allow
4150,0,0.9999757,allow
4151,0,0.9999757,allow
4152,0,0.9999757,allow
4153,0,0.9999757,allow
4154,0,0.9999757,allow
4155,0,0.9999757,allow
4156,0,0.9999757,allow
4157,0,0.9999757,allow
4158,0,0.9999757,allow
4159,0,0.9999757,allow
4160,0,0.9999757,allow
4161,0,0.9999757,allow
4162,0,0.9999757,allow
4163,0,0.9999757,allow
4164,0,0.9999757,allow
4165,0,0.9999757,allow
4166,0,0.9999757,allow
4167,0,0.9999757,allow
4168,0,0.9999757,allow
4169,0,0.9999757,allow
4170,0,0.9999757,allow
4171,0,0.9999757,allow
4172,0,0.9999757,allow
4173,0,0.9999757,allow
4174,0,0.9999757,allow
4175,0,0.9999757,allow
4176,0,0.99997586,allow
4177,0,0.99997586,allow
4178,0,0.99997586,allow
4179,0,0.99997586,allow
4180,0,0.99997586,allow
4181,0,0.99997586,allow
4182,0,0.99997586,allow
4183,0,0.99997586,allow
4184,0,0.99997586,allow
4185,0,0.99997586,allow
4186,0,0.99997586,allow
4187,0,0.99997586,allow
4188,0,0.99997586,allow
4189,0,0.99997586,allow
4190,0,0.99997586,allow
4191,0,0.99997586,allow
4192,0,0.99997586,allow
4193,0,0.99997586,allow
4194,0,0.99997586,allow
4195,0,0.99997586,allow
4196,0,0.99997586,allow
4197,0,0.99997586,allow
4198,0,0.99997586,allow
4199,0,0.99997586,allow
4200,0,0.99997586,allow
4201,0,0.99997586,allow
4202,0,0.99997586,allow
4203,0,0.99997586,allow
4204,0,0.99997586,allow
4205,0,0.99997586,allow
4206,0,0.99997586,allow
4207,0,0.99997586,allow
4208,0,0.99997586,allow
4209,0,0.99997586,allow
4210,0,0.99997586,allow
4211,0,0.99997586,allow
4212,0,0.99997586,allow
4213,0,0.99997586,allow
4214,0,0.99997586,allow
4215,0,0.99997586,allow
4216,0,0.99997586,allow
4217,0,0.99997586,allow
4218,0,0.99997586,allow
4219,0,0.99997586,allow
4220,0,0.99997586,allow
4221,0,0.99997586,allow
4222,0,0.99997586,allow
4223,0,0.99997586,allow
4224,0,0.99997586,allow
4225,0,0.99997586,allow
4226,0,0.99997586,allow
4227,0,0.99997586,allow
4228,0,0.99997586,allow
4229,0,0.99997586,allow
4230,0,0.99997586,allow
4231,0,0.99997586,allow
4232,0,0.99997586,allow
4233,0,0.99997586,allow
4234,0,0.99997586,allow
4235,0,0.99997586,allow
4236,0,0.99997586,allow
4237,0,0.99997586,allow
4238,0,0.99997586,allow
4239,0,0.99997586,allow
4240,0,0.99997586,allow
4241,0,0.99997586,allow
4242,0,0.99997586,allow
4243,0,0.99997586,allow
4244,0,0.99997586,allow
4245,0,0.99997586,allow
4246,0,0.99997586,allow
4247,0,0.99997586,allow
4248,0,0.99997586,allow
4249,0,0.99997586,allow
4250,0,0.99997586,allow
4251,0,0.99997586,allow
4252,0,0.99997586,allow
4253,0,0.99997586,allow
4254,0,0.99997586,allow
4255,0,0.99997586,allow
4256,0,0.99997586,allow
4257,0,0.99997586,allow
4258,0,0.99997586,allow
4259,0,0.99997586,allow
4260,0,0.99997586,allow
4261,0,0.99997586,allow
4262,0,0.99997586,allow
4263,0,0.99997586,allow
4264,0,0.99997586,allow
4265,0,0.99997586,allow
4266,0,0.99997586,allow
4267,0,0.99997586,allow
4268,0,0.99997586,allow
4269,0,0.99997586,allow
4270,0,0.99997586,allow
4271,0,0.99997586,allow
4272,0,0.99997586,allow
4273,0,0.99997586,allow
4274,0,0.99997586,allow
4275,0,0.99997586,allow
4276,0,0.99997586,allow
4277,0,0.99997586,allow
4278,0,0.99997586,allow
4279,0,0.99997586,allow
4280,0,0.99997586,allow
4281,0,0.99997586,allow
4282,0,0.99997586,allow
4283,0,0.99997586,allow
4284,0,0.99997586,allow
4285,0,0.99997586,allow
4286,0,0.99997586,allow
4287,0,0.99997586,allow
4288,0,0.99997586,allow
4289,0,0.99997586,allow
4290,0,0.99997586,allow
4291,0,0.99997586,allow
4292,0,0.99997586,allow
4293,0,0.99997586,allow
4294,0,0.99997586,allow
4295,0,0.99997586,allow
4296,0,0.99997586,allow
4297,0,0.99997586,allow
4298,0,0.99997586,allow
4299,0,0.99997586,allow
4300,0,0.99997586,allow
4301,0,0.99997586,allow
4302,0,0.99997586,allow
4303,0,0.99997586,allow
4304,0,0.99997586,allow
4305,0,0.99997586,allow
4306,0,0.99997586,allow
4307,0,0.99997586,allow
4308,0,0.99997586,allow
4309,0,0.99997586,allow
4310,0,0.99997586,allow
4311,0,0.99997586,allow
4312,0,0.99997586,allow
4313,0,0.99997586,allow
4314,0,0.99997586,allow
4315,0,0.99997586,allow
4316,0,0.99997586,allow
4317,0,0.99997586,allow
4318,0,0.99997586,allow
4319,0,0.99997586,allow
4320,0,0.99997586,allow
4321,0,0.99997586,allow
4322,0,0.99997586,allow
4323,0,0.99997586,allow
4324,0,0.99997586,allow
4325,0,0.99997586,allow
4326,0,0.99997586,allow
4327,0,0.99997586,allow
4328,0,0.99997586,allow
4329,0,0.99997586,allow
4330,0,0.99997586,allow
4331,0,0.99997586,allow
4332,0,0.99997586,allow
4333,0,0.99997586,allow
4334,0,0.99997586,allow
4335,0,0.99997586,allow
4336,0,0.99997586,allow
4337,0,0.99997586,allow
4338,0,0.99997586,allow
4339,0,0.99997586,allow
4340,0,0.99997586,allow
4341,0,0.99997586,allow
4342,0,0.99997586,allow
4343,0,0.99997586,allow
4344,0,0.99997586,allow
4345,0,0.99997586,allow
4346,0,0.99997586,allow
4347,0,0.99997586,allow
4348,0,0.99997586,allow
4349,0,0.99997586,allow
4350,0,0.99997586,allow
4351,0,0.99997586,allow
4352,0,0.99997586,allow
4353,0,0.99997586,allow
4354,0,0.99997586,allow
4355,0,0.99997586,allow
4356,0,0.99997586,allow
4357,0,0.99997586,allow
4358,0,0.99997586,allow
4359,0,0.99997586,allow
4360,0,0.99997586,allow
4361,0,0.99997586,allow
4362,0,0.99997586,allow
4363,0,0.99997586,allow
4364,0,0.99997586,allow
4365,0,0.99997586,allow
4366,0,0.99997586,allow
4367,0,0.99997586,allow
4368,0,0.99997586,allow
4369,0,0.99997586,allow
4370,0,0.99997586,allow
4371,0,0.99997586,allow
4372,0,0.99997586,allow
4373,0,0.99997586,allow
4374,0,0.99997586,allow
4375,0,0.99997586,allow
4376,0,0.99997586,allow
4377,0,0.99997586,allow
4378,0,0.99997586,allow
4379,0,0.99997586,allow
4380,0,0.99997586,allow
4381,0,0.99997586,allow
4382,0,0.99997586,allow
4383,0,0.99997586,allow
4384,0,0.99997586,allow
4385,0,0.99997586,allow
4386,0,0.99997586,allow
4387,0,0.99997586,allow
4388,0,0.99997586,allow
4389,0,0.99997586,allow
4390,0,0.99997586,allow
4391,0,0.99997586,allow
4392,0,0.99997586,allow
4393,0,0.99997586,allow
4394,0,0.99997586,allow
4395,0,0.99997586,allow
4396,0,0.99997586,allow
4397,0,0.99997586,allow
4398,0,0.99997586,allow
4399,0,0.99997586,allow
4400,0,0.99997586,allow
4401,0,0.99997586,allow
4402,0,0.99997586,allow
4403,0,0.99997586,allow
4404,0,0.99997586,allow
4405,0,0.99997586,allow
4406,0,0.99997586,allow
4407,0,0.99997586,allow
4408,0,0.99997586,allow
4409,0,0.99997586,allow
4410,0,0.99997586,allow
4411,0,0.99997586,allow
4412,0,0.99997586,allow
4413,0,0.99997586,allow
4414,0,0.99997586,allow
4415,0,0.99997586,allow
4416,0,0.99997586,allow
4417,0,0.99997586,allow
4418,0,0.99997586,allow
4419,0,0.99997586,allow
4420,0,0.99997586,allow
4421,0,0.99997586,allow
4422,0,0.99997586,allow
4423,0,0.99997586,allow
4424,0,0.99997586,allow
4425,0,0.99997586,allow
4426,0,0.99997586,allow
4427,0,0.99997616,allow
4428,0,0.99997616,allow
4429,0,0.99997616,allow
4430,0,0.99997616,allow
4431,0,0.99997616,allow
4432,0,0.99997616,allow
4433,0,0.99997616,allow
4434,0,0.99997616,allow
4435,0,0.99997616,allow
4436,0,0.99997616,allow
4437,0,0.99997616,allow
4438,0,0.99997616,allow
4439,0,0.99997616,allow
4440,0,0.99997616,allow
4441,0,0.99997616,allow
4442,0,0.99997616,allow
4443,0,0.99997616,allow
4444,0,0.99997616,allow
4445,0,0.99997616,allow
4446,0,0.99997616,allow
4447,0,0.99997616,allow
4448,0,0.99997616,allow
4449,0,0.99997616,allow
4450,0,0.99997616,allow
4451,0,0.99997616,allow
4452,0,0.99997616,allow
4453,0,0.99997616,allow
4454,0,0.99997616,allow
4455,0,0.99997616,allow
4456,0,0.99997616,allow
4457,0,0.99997616,allow
4458,0,0.99997616,allow
4459,0,0.99997616,allow
4460,0,0.99997616,allow
4461,0,0.99997616,allow
4462,0,0.99997616,allow
4463,0,0.99997616,allow
4464,0,0.99997616,allow
4465,0,0.99997616,allow
4466,0,0.99997616,allow
4467,0,0.99997616,allow
4468,0,0.99997616,allow
4469,0,0.99997616,allow
4470,0,0.99997616,allow
4471,0,0.99997616,allow
4472,0,0.99997616,allow
4473,0,0.99997616,allow
4474,0,0.99997616,allow
4475,0,0.99997616,allow
4476,0,0.99997616,allow
4477,0,0.99997616,allow
4478,0,0.99997616,allow
4479,0,0.99997616,allow
4480,0,0.99997616,allow
4481,0,0.99997616,allow
4482,0,0.99997616,allow
4483,0,0.99997616,allow
4484,0,0.99997616,allow
4485,0,0.99997616,allow
4486,0,0.99997616,allow
4487,0,0.99997616,allow
4488,0,0.99997616,allow
4489,0,0.99997616,allow
4490,0,0.99997616,allow
4491,0,0.99997616,allow
4492,0,0.99997616,allow
4493,0,0.99997616,allow
4494,0,0.99997616,allow
4495,0,0.99997616,allow
4496,0,0.99997616,allow
4497,0,0.99997616,allow
4498,0,0.99997616,allow
4499,0,0.99997616,allow
4500,0,0.99997616,allow
4501,0,0.99997616,allow
4502,0,0.99997616,allow
4503,0,0.99997616,allow
4504,0,0.99997616,allow
4505,0,0.99997616,allow
4506,0,0.99997616,allow
4507,0,0.99997616,allow
4508,0,0.99997616,allow
4509,0,0.99997616,allow
4510,0,0.99997616,allow
4511,0,0.99997616,allow
4512,0,0.99997616,allow
4513,0,0.99997616,allow
4514,0,0.99997616,allow
4515,0,0.99997616,allow
4516,0,0.99997616,allow
4517,0,0.99997616,allow
4518,0,0.99997616,allow
4519,0,0.99997616,allow
4520,0,0.99997616,allow
4521,0,0.99997616,allow
4522,0,0.99997616,allow
4523,0,0.99997616,allow
4524,0,0.99997616,allow
4525,0,0.99997616,allow
4526,0,0.99997616,allow
4527,0,0.99997616,allow
4528,0,0.99997616,allow
4529,0,0.99997616,allow
4530,0,0.99997616,allow
4531,0,0.99997616,allow
4532,0,0.99997616,allow
4533,0,0.99997616,allow
4534,0,0.99997616,allow
4535,0,0.99997616,allow
4536,0,0.99997616,allow
4537,0,0.99997616,allow
4538,0,0.99997616,allow
4539,0,0.99997616,allow
4540,0,0.99997616,allow
4541,0,0.99997616,allow
4542,0,0.99997616,allow
4543,0,0.99997616,allow
4544,0,0.99997616,allow
4545,0,0.99997616,allow
4546,0,0.99997616,allow
4547,0,0.99997616,allow
4548,0,0.99997616,allow
4549,0,0.99997616,allow
4550,0,0.99997616,allow
4551,0,0.99997616,allow
4552,0,0.99997616,allow
4553,0,0.99997616,allow
4554,0,0.99997616,allow
4555,0,0.99997616,allow
4556,0,0.99997616,allow
4557,0,0.99997616,allow
4558,0,0.99997616,allow
4559,0,0.99997616,allow
4560,0,0.99997616,allow
4561,0,0.99997616,allow
4562,0,0.99997616,allow
4563,0,0.99997616,allow
4564,0,0.99997616,allow
4565,0,0.99997616,allow
4566,0,0.99997616,allow
4567,0,0.99997497,allow
4568,0,0.99997497,allow
4569,0,0.99997497,allow
4570,0,0.99997497,allow
4571,0,0.99997497,allow
4572,0,0.99997497,allow
4573,0,0.99997497,allow
4574,0,0.99997497,allow
4575,0,0.99997497,allow
4576,0,0.99997497,allow
4577,0,0.99997497,allow
4578,0,0.99997497,allow
4579,0,0.99997497,allow
4580,0,0.99997497,allow
4581,0,0.99997497,allow
4582,0,0.99997497,allow
4583,0,0.99997497,allow
4584,0,0.99997497,allow
4585,0,0.99997497,allow
4586,0,0.99997497,allow
4587,0,0.99997497,allow
4588,0,0.99997497,allow
4589,0,0.99997497,allow
4590,0,0.99997497,allow
4591,0,0.99997497,allow
4592,0,0.99997497,allow
4593,0,0.99997497,allow
4594,0,0.99997497,allow
4595,0,0.99997497,allow
4596,0,0.99997497,allow
4597,0,0.99997497,allow
4598,0,0.99997497,allow
4599,0,0.99997497,allow
4600,0,0.99997497,allow
4601,0,0.99997497,allow
4602,0,0.99997497,allow
4603,0,0.99997497,allow
4604,0,0.99997497,allow
4605,0,0.99997497,allow
4606,0,0.99997497,allow
4607,0,0.99997497,allow
4608,0,0.99997497,allow
4609,0,0.99997497,allow
4610,0,0.99997497,allow
4611,0,0.99997497,allow
4612,0,0.99997497,allow
4613,0,0.99997497,allow
4614,0,0.99997497,allow
4615,0,0.99997497,allow
4616,0,0.99997497,allow
4617,0,0.99997497,allow
4618,0,0.99997497,allow
4619,0,0.99997497,allow
4620,0,0.99997497,allow
4621,0,0.99997497,allow
4622,0,0.99997497,allow
4623,0,0.99997497,allow
4624,0,0.99997497,allow
4625,0,0.99997497,allow
4626,0,0.99997497,allow
4627,0,0.99997497,allow
4628,0,0.99997497,allow
4629,0,0.99997497,allow
4630,0,0.99997497,allow
4631,0,0.99997497,allow
4632,0,0.99997497,allow
4633,0,0.99997497,allow
4634,0,0.99997497,allow
4635,0,0.99997497,allow
4636,0,0.99997497,allow
4637,0,0.99997497,allow
4638,0,0.99997497,allow
4639,0,0.99997497,allow
4640,0,0.99997497,allow
4641,0,0.99997497,allow
4642,0,0.99997497,allow
4643,0,0.99997497,allow
4644,0,0.99997497,allow
4645,0,0.99997497,allow
4646,0,0.99997497,allow
4647,0,0.99997497,allow
4648,0,0.99997497,allow
4649,0,0.99997497,allow
4650,0,0.99997497,allow
4651,0,0.99997497,allow
4652,0,0.99997497,allow
4653,0,0.99997497,allow
4654,0,0.99997497,allow
4655,0,0.99997497,allow
4656,0,0.99997497,allow
4657,0,0.99997497,allow
4658,0,0.99997497,allow
4659,0,0.99997497,allow
4660,0,0.99997497,allow
4661,0,0.99997497,allow
4662,0,0.99997497,allow
4663,0,0.99997497,allow
4664,0,0.99997497,allow
4665,0,0.99997497,allow
4666,0,0.99997497,allow
4667,0,0.99997497,allow
4668,0,0.99997497,allow
4669,0,0.99997497,allow
4670,0,0.99997497,allow
4671,0,0.99997497,allow
4672,0,0.99997497,allow
4673,0,0.99997497,allow
4674,0,0.99997497,allow
4675,0,0.99997497,allow
4676,0,0.99997497,allow
4677,0,0.99997497,allow
4678,0,0.99997497,allow
4679,0,0.99997497,allow
4680,0,0.99997497,allow
4681,0,0.99997497,allow
4682,0,0.99997497,allow
4683,0,0.99997497,allow
4684,0,0.99997497,allow
4685,0,0.99997497,allow
4686,0,0.99997497,allow
4687,0,0.999976,allow
4688,0,0.999976,allow
4689,0,0.999976,allow
4690,0,0.999976,allow
4691,0,0.999976,allow
4692,0,0.999976,allow
4693,0,0.999976,allow
4694,0,0.999976,allow
4695,0,0.999976,allow
4696,0,0.999976,allow
4697,0,0.999976,allow
4698,0,0.999976,allow
4699,0,0.999976,allow
4700,0,0.999976,allow
4701,0,0.999976,allow
4702,0,0.999976,allow
4703,0,0.999976,allow
4704,0,0.999976,allow
4705,0,0.999976,allow
4706,0,0.999976,allow
4707,0,0.999976,allow
4708,0,0.999976,allow
4709,0,0.999976,allow
4710,0,0.999976,allow
4711,0,0.999976,allow
4712,0,0.999976,allow
4713,0,0.999976,allow
4714,0,0.999976,allow
4715,0,0.999976,allow
4716,0,0.999976,allow
4717,0,0.999976,allow
4718,0,0.999976,allow
4719,0,0.999976,allow
4720,0,0.999976,allow
4721,0,0.999976,allow
4722,0,0.999976,allow
4723,0,0.999976,allow
4724,0,0.999976,allow
4725,0,0.999976,allow
4726,0,0.999976,allow
4727,0,0.999976,allow
4728,0,0.999976,allow
4729,0,0.999976,allow
4730,0,0.999976,allow
4731,0,0.999976,allow
4732,0,0.999976,allow
4733,0,0.999976,allow
4734,0,0.999976,allow
4735,0,0.999976,allow
4736,0,0.999976,allow
4737,0,0.999976,allow
4738,0,0.999976,allow
4739,0,0.999976,allow
4740,0,0.999976,allow
4741,0,0.999976,allow
4742,0,0.999976,allow
4743,0,0.999976,allow
4744,0,0.999976,allow
4745,0,0.999976,allow
4746,0,0.999976,allow
4747,0,0.999976,allow
4748,0,0.999976,allow
4749,0,0.999976,allow
4750,0,0.999976,allow
4751,0,0.999976,allow
4752,0,0.999976,allow
4753,0,0.999976,allow
4754,0,0.999976,allow
4755,0,0.999976,allow
4756,0,0.999976,allow
4757,0,0.999976,allow
4758,0,0.999976,allow
4759,0,0.999976,allow
4760,0,0.999976,allow
4761,0,0.999976,allow
4762,0,0.999976,allow
4763,0,0.999976,allow
4764,0,0.999976,allow
4765,0,0.999976,allow
4766,0,0.999976,allow
4767,0,0.999976,allow
4768,0,0.999976,allow
4769,0,0.999976,allow
4770,0,0.999976,allow
4771,0,0.999976,allow
4772,0,0.999976,allow
4773,0,0.999976,allow
4774,0,0.999976,allow
4775,0,0.999976,allow
4776,0,0.999976,allow
4777,0,0.999976,allow
4778,0,0.999976,allow
4779,0,0.999976,allow
4780,0,0.999976,allow
4781,0,0.999976,allow
4782,0,0.999976,allow
4783,0,0.999976,allow
4784,0,0.999976,allow
4785,0,0.999976,allow
4786,0,0.999976,allow
4787,0,0.999976,allow
4788,0,0.999976,allow
4789,0,0.999976,allow
4790,0,0.999976,allow
4791,0,0.999976,allow
4792,0,0.999976,allow
4793,0,0.999976,allow
4794,0,0.999976,allow
4795,0,0.999976,allow
4796,0,0.999976,allow
4797,0,0.999976,allow
4798,0,0.999976,allow
4799,0,0.999976,allow
4800,0,0.999976,allow
4801,0,0.999976,allow
4802,0,0.999976,allow
4803,0,0.999976,allow
4804,0,0.999976,allow
4805,0,0.999976,allow
4806,0,0.999976,allow
4807,0,0.999976,allow
4808,0,0.999976,allow
4809,0,0.999976,allow
4810,0,0.999976,allow
4811,0,0.999976,allow
4812,0,0.999976,allow
4813,0,0.999976,allow
4814,0,0.999976,allow
4815,0,0.999976,allow
4816,0,0.999976,allow
4817,0,0.999976,allow
4818,0,0.999976,allow
4819,0,0.999976,allow
4820,0,0.999976,allow
4821,0,0.999976,allow
4822,0,0.999976,allow
4823,0,0.999976,allow
4824,0,0.999976,allow
4825,0,0.999976,allow
4826,0,0.999976,allow
4827,0,0.999976,allow
4828,0,0.999976,allow
4829,0,0.999976,allow
4830,0,0.999976,allow
4831,0,0.999976,allow
4832,0,0.999976,allow
4833,0,0.999976,allow
4834,0,0.999976,allow
4835,0,0.999976,allow
4836,0,0.999976,allow
4837,0,0.999976,allow
4838,0,0.999976,allow
4839,0,0.999976,allow
4840,0,0.999976,allow
4841,0,0.999976,allow
4842,0,0.999976,allow
4843,0,0.999976,allow
4844,0,0.999976,allow
4845,0,0.999976,allow
4846,0,0.999976,allow
4847,0,0.999976,allow
4848,0,0.999976,allow
4849,0,0.999976,allow
4850,0,0.999976,allow
4851,0,0.999976,allow
4852,0,0.999976,allow
4853,0,0.999976,allow
4854,0,0.999976,allow
4855,0,0.999976,allow
4856,0,0.999976,allow
4857,0,0.999976,allow
4858,0,0.999976,allow
4859,0,0.999976,allow
4860,0,0.999976,allow
4861,0,0.999976,allow
4862,0,0.999976,allow
4863,0,0.999976,allow
4864,0,0.999976,allow
4865,0,0.999976,allow
4866,0,0.999976,allow
4867,0,0.999976,allow
4868,0,0.999976,allow
4869,0,0.999976,allow
4870,0,0.999976,allow
4871,0,0.999976,allow
4872,0,0.999976,allow
4873,0,0.999976,allow
4874,0,0.999976,allow
4875,0,0.999976,allow
4876,0,0.999976,allow
4877,0,0.999976,allow
4878,0,0.999976,allow
4879,0,0.999976,allow
4880,0,0.999976,allow
4881,0,0.999976,allow
4882,0,0.999976,allow
4883,0,0.999976,allow
4884,0,0.999976,allow
4885,0,0.999976,allow
4886,0,0.999976,allow
4887,0,0.999976,allow
4888,0,0.999976,allow
4889,0,0.999976,allow
4890,0,0.999976,allow
4891,0,0.999976,allow
4892,0,0.999976,allow
4893,0,0.999976,allow
4894,0,0.999976,allow
4895,0,0.999976,allow
4896,0,0.999976,allow
4897,0,0.999976,allow
4898,0,0.999976,allow
4899,0,0.999976,allow
4900,0,0.999976,allow
4901,0,0.999976,allow
4902,0,0.999976,allow
4903,0,0.999976,allow
4904,0,0.999976,allow
4905,0,0.999976,allow
4906,0,0.999976,allow
4907,0,0.999976,allow
4908,0,0.999976,allow
4909,0,0.999976,allow
4910,0,0.999976,allow
4911,0,0.999976,allow
4912,0,0.999976,allow
4913,0,0.999976,allow
4914,0,0.999976,allow
4915,0,0.999976,allow
4916,0,0.999976,allow
4917,0,0.999976,allow
4918,0,0.999976,allow
4919,0,0.999976,allow
4920,0,0.999976,allow
4921,0,0.999976,allow
4922,0,0.999976,allow
4923,0,0.999976,allow
4924,0,0.999976,allow
4925,0,0.999976,allow
4926,0,0.999976,allow
4927,0,0.999976,allow
4928,0,0.999976,allow
4929,0,0.999976,allow
4930,0,0.999976,allow
4931,0,0.999976,allow
4932,0,0.999976,allow
4933,0,0.999976,allow
4934,0,0.999976,allow
4935,0,0.999976,allow
4936,0,0.999976,allow
4937,0,0.999976,allow
4938,0,0.999976,allow
4939,0,0.999976,allow
4940,0,0.999976,allow
4941,0,0.999976,allow
4942,0,0.999976,allow
4943,0,0.999976,allow
4944,0,0.999976,allow
4945,0,0.999976,allow
4946,0,0.999976,allow
4947,0,0.999976,allow
4948,0,0.999976,allow
4949,0,0.999976,allow
4950,0,0.999976,allow
4951,0,0.999976,allow
4952,0,0.999976,allow
4953,0,0.999976,allow
4954,0,0.999976,allow
4955,0,0.999976,allow
4956,0,0.999976,allow
4957,0,0.999976,allow
4958,0,0.999976,allow
4959,0,0.999976,allow
4960,0,0.999976,allow
4961,0,0.999976,allow
4962,0,0.999976,allow
4963,0,0.999976,allow
4964,0,0.999976,allow
4965,0,0.999976,allow
4966,0,0.999976,allow
4967,0,0.999976,allow
4968,0,0.999976,allow
4969,0,0.999976,allow
4970,0,0.999976,allow
4971,0,0.999976,allow
4972,0,0.999976,allow
4973,0,0.999976,allow
4974,0,0.999976,allow
4975,0,0.999976,allow
4976,0,0.999976,allow
4977,0,0.999976,allow
4978,0,0.999976,allow
4979,0,0.999976,allow
4980,0,0.999976,allow
4981,0,0.999976,allow
4982,0,0.999976,allow
4983,0,0.999976,allow
4984,0,0.999976,allow
4985,0,0.999976,allow
4986,0,0.999976,allow
4987,0,0.999976,allow
4988,0,0.999976,allow
4989,0,0.999976,allow
4990,0,0.999976,allow
4991,0,0.999976,allow
4992,0,0.999976,allow
4993,0,0.999976,allow
4994,0,0.999976,allow
4995,0,0.999976,allow
4996,0,0.999976,allow
4997,0,0.999976,allow
4998,0,0.999976,allow
4999,0,0.999976,allow
5000,0,0.9999784,allow
5001,0,0.9999784,allow
5002,0,0.9999784,allow
5003,0,0.9999784,allow
5004,0,0.9999784,allow
5005,0,0.9999784,allow
5006,0,0.9999784,allow
5007,0,0.9999784,allow
5008,0,0.9999784,allow
5009,0,0.9999784,allow
5010,0,0.9999784,allow
5011,0,0.9999784,allow
5012,0,0.9999784,allow
5013,0,0.9999784,allow
5014,0,0.9999784,allow
5015,0,0.9999784,allow
5016,0,0.9999784,allow
5017,0,0.9999784,allow
5018,0,0.9999784,allow
5019,0,0.9999784,allow
5020,0,0.9999784,allow
5021,0,0.9999784,allow
5022,0,0.9999784,allow
5023,0,0.9999784,allow
5024,0,0.9999784,allow
5025,0,0.9999784,allow
5026,0,0.9999784,allow
5027,0,0.9999784,allow
5028,0,0.9999784,allow
5029,0,0.9999784,allow
5030,0,0.9999784,allow
5031,0,0.9999784,allow
5032,0,0.9999784,allow
5033,0,0.9999784,allow
5034,0,0.9999784,allow
5035,0,0.9999784,allow
5036,0,0.9999784,allow
5037,0,0.9999784,allow
5038,0,0.9999784,allow
5039,0,0.9999784,allow
5040,0,0.9999784,allow
5041,0,0.9999784,allow
5042,0,0.9999784,allow
5043,0,0.9999784,allow
5044,0,0.9999784,allow
5045,0,0.9999784,allow
5046,0,0.9999784,allow
5047,0,0.9999784,allow
5048,0,0.9999784,allow
5049,0,0.9999784,allow
5050,0,0.9999784,allow
5051,0,0.9999784,allow
5052,0,0.9999784,allow
5053,0,0.9999784,allow
5054,0,0.9999784,allow
5055,0,0.9999784,allow
5056,0,0.9999784,allow
5057,0,0.9999784,allow
5058,0,0.9999784,allow
5059,0,0.9999784,allow
5060,0,0.9999784,allow
5061,0,0.9999784,allow
5062,0,0.9999784,allow
5063,0,0.9999784,allow
5064,0,0.9999784,allow
5065,0,0.9999784,allow
5066,0,0.9999784,allow
5067,0,0.9999784,allow
5068,0,0.9999784,allow
5069,0,0.9999784,allow
5070,0,0.9999784,allow
5071,0,0.9999784,allow
5072,0,0.9999784,allow
5073,0,0.9999784,allow
5074,0,0.9999784,allow
5075,0,0.9999784,allow
5076,0,0.9999784,allow
5077,0,0.9999784,allow
5078,0,0.9999784,allow
5079,0,0.9999784,allow
5080,0,0.9999784,allow
5081,0,0.9999784,allow
5082,0,0.9999784,allow
5083,0,0.9999784,allow
5084,0,0.9999784,allow
5085,0,0.9999784,allow
5086,0,0.9999784,allow
5087,0,0.9999784,allow
5088,0,0.9999784,allow
5089,0,0.9999784,allow
5090,0,0.9999784,allow
5091,0,0.9999784,allow
5092,0,0.9999784,allow
5093,0,0.9999784,allow
5094,0,0.9999784,allow
5095,0,0.9999784,allow
5096,0,0.9999784,allow
5097,0,0.9999784,allow
5098,0,0.9999784,allow
5099,0,0.9999784,allow
5100,0,0.9999784,allow
5101,0,0.9999784,allow
5102,0,0.9999784,allow
5103,0,0.9999784,allow
5104,0,0.9999784,allow
5105,0,0.9999784,allow
5106,0,0.9999784,allow
5107,0,0.9999784,allow
5108,0,0.9999784,allow
5109,0,0.9999784,allow
5110,0,0.9999784,allow
5111,0,0.9999784,allow
5112,0,0.9999784,allow
5113,0,0.9999784,allow
5114,0,0.9999784,allow
5115,0,0.9999784,allow
5116,0,0.9999784,allow
5117,0,0.9999784,allow
5118,0,0.9999784,allow
5119,0,0.9999784,allow
5120,0,0.9999784,allow
5121,0,0.9999784,allow
5122,0,0.9999784,allow
5123,0,0.9999784,allow
5124,0,0.9999784,allow
5125,0,0.9999784,allow
5126,0,0.9999784,allow
5127,0,0.9999784,allow
5128,0,0.9999784,allow
5129,0,0.9999808,allow
5130,0,0.9999808,allow
5131,0,0.9999808,allow
5132,0,0.9999808,allow
5133,0,0.9999808,allow
5134,0,0.9999808,allow
5135,0,0.9999808,allow
5136,0,0.9999808,allow
5137,0,0.9999808,allow
5138,0,0.9999808,allow
5139,0,0.9999808,allow
5140,0,0.9999808,allow
5141,0,0.9999808,allow
5142,0,0.9999808,allow
5143,0,0.9999808,allow
5144,0,0.9999808,allow
5145,0,0.9999808,allow
5146,0,0.9999808,allow
5147,0,0.9999808,allow
5148,0,0.9999808,allow
5149,0,0.9999808,allow
5150,0,0.9999808,allow
5151,0,0.9999808,allow
5152,0,0.9999808,allow
5153,0,0.9999808,allow
5154,0,0.9999808,allow
5155,0,0.9999808,allow
5156,0,0.9999808,allow
5157,0,0.9999808,allow
5158,0,0.9999808,allow
5159,0,0.9999808,allow
5160,0,0.9999808,allow
5161,0,0.9999808,allow
5162,0,0.9999808,allow
5163,0,0.9999808,allow
5164,0,0.9999808,allow
5165,0,0.9999808,allow
5166,0,0.9999808,allow
5167,0,0.9999808,allow
5168,0,0.9999808,allow
5169,0,0.9999808,allow
5170,0,0.9999808,allow
5171,0,0.9999808,allow
5172,0,0.9999808,allow
5173,0,0.9999808,allow
5174,0,0.9999808,allow
5175,0,0.9999808,allow
5176,0,0.9999808,allow
5177,0,0.9999808,allow
5178,0,0.9999808,allow
5179,0,0.9999808,allow
5180,0,0.9999808,allow
5181,0,0.9999808,allow
5182,0,0.9999808,allow
5183,0,0.9999808,allow
5184,0,0.9999808,allow
5185,0,0.9999808,allow
5186,0,0.9999808,allow
5187,0,0.9999808,allow
5188,0,0.9999808,allow
5189,0,0.9999808,allow
5190,0,0.9999808,allow
5191,0,0.9999808,allow
5192,0,0.9999808,allow
5193,0,0.9999808,allow
5194,0,0.9999808,allow
5195,0,0.9999808,allow
5196,0,0.99998105,allow
5197,0,0.99998105,allow
5198,0,0.99998105,allow
5199,0,0.99998105,allow
5200,0,0.99998105,allow
5201,0,0.99998105,allow
5202,0,0.99998105,allow
5203,0,0.99998105,allow
5204,0,0.99998105,allow
5205,0,0.99998105,allow
5206,0,0.99998105,allow
5207,0,0.99998105,allow
5208,0,0.99998105,allow
5209,0,0.99998105,allow
5210,0,0.99998105,allow
5211,0,0.99998105,allow
5212,0,0.9999808,allow
5213,0,0.99998105,allow
5214,0,0.99998105,allow
5215,0,0.99998105,allow
5216,0,0.99998105,allow
5217,0,0.99998105,allow
5218,0,0.99998105,allow
5219,0,0.99998105,allow
5220,0,0.99998105,allow
5221,0,0.99998105,allow
5222,0,0.99998105,allow
5223,0,0.99998105,allow
5224,0,0.99998105,allow
5225,0,0.99998105,allow
5226,0,0.99998105,allow
5227,0,0.99998105,allow
5228,0,0.99998105,allow
5229,0,0.99998105,allow
5230,0,0.99998105,allow
5231,0,0.99998105,allow
5232,0,0.99998105,allow
5233,0,0.99998105,allow
5234,0,0.99998105,allow
5235,0,0.99998105,allow
5236,0,0.99998105,allow
5237,0,0.99998105,allow
5238,0,0.99998105,allow
5239,0,0.99998105,allow
5240,0,0.99998105,allow
5241,0,0.99998105,allow
5242,0,0.99998105,allow
5243,0,0.99998105,allow
5244,0,0.99998105,allow
5245,0,0.99998105,allow
5246,0,0.99998105,allow
5247,0,0.99998105,allow
5248,0,0.99998105,allow
5249,0,0.99998105,allow
5250,0,0.99998105,allow
5251,0,0.99998105,allow
5252,0,0.99998105,allow
5253,0,0.99998105,allow
5254,0,0.99998105,allow
5255,0,0.99998105,allow
5256,0,0.99998105,allow
5257,0,0.99998105,allow
5258,0,0.99998105,allow
5259,0,0.99998105,allow
5260,0,0.99998105,allow
5261,0,0.99998105,allow
5262,0,0.99998105,allow
5263,0,0.99998105,allow
5264,0,0.99998105,allow
5265,0,0.99998105,allow
5266,0,0.99998105,allow
5267,0,0.99998105,allow
5268,0,0.99998105,allow
5269,0,0.99998105,allow
5270,0,0.99998105,allow
5271,0,0.99998105,allow
5272,0,0.99998105,allow
5273,0,0.99998105,allow
5274,0,0.99998105,allow
5275,0,0.99998105,allow
5276,0,0.99998105,allow
5277,0,0.99998105,allow
5278,0,0.99998105,allow
5279,0,0.99998105,allow
5280,0,0.99998105,allow
5281,0,0.99998105,allow
5282,0,0.99998105,allow
5283,0,0.99998105,allow
5284,0,0.99998105,allow
5285,0,0.99998105,allow
5286,0,0.99998105,allow
5287,0,0.99998105,allow
5288,0,0.99998105,allow
5289,0,0.99998105,allow
5290,0,0.99998105,allow
5291,0,0.99998105,allow
5292,0,0.99998105,allow
5293,0,0.99998105,allow
5294,0,0.99998105,allow
5295,0,0.99998105,allow
5296,0,0.99998105,allow
5297,0,0.99998105,allow
5298,0,0.99998105,allow
5299,0,0.99998105,allow
5300,0,0.99998105,allow
5301,0,0.99998105,allow
5302,0,0.99998105,allow
5303,0,0.99998105,allow
5304,0,0.99998105,allow
5305,0,0.99998105,allow
5306,0,0.99998105,allow
5307,0,0.99998105,allow
5308,0,0.99998105,allow
5309,0,0.99998105,allow
5310,0,0.99998105,allow
5311,0,0.99998105,allow
5312,0,0.99998105,allow
5313,0,0.99998105,allow
5314,0,0.99998105,allow
5315,0,0.99998105,allow
5316,0,0.99998105,allow
5317,0,0.99998105,allow
5318,0,0.99998105,allow
5319,0,0.99998105,allow
5320,0,0.99998105,allow
5321,0,0.99998105,allow
5322,0,0.99998105,allow
5323,0,0.99998105,allow
5324,0,0.99998105,allow
5325,0,0.99998105,allow
5326,0,0.99998105,allow
5327,0,0.99998105,allow
5328,0,0.99998105,allow
5329,0,0.99998105,allow
5330,0,0.99998105,allow
5331,0,0.99998105,allow
5332,0,0.99998105,allow
5333,0,0.99998105,allow
5334,0,0.99998105,allow
5335,0,0.99998105,allow
5336,0,0.99998105,allow
5337,0,0.99998105,allow
5338,0,0.99998105,allow
5339,0,0.99998105,allow
5340,0,0.99998105,allow
5341,0,0.99998105,allow
5342,0,0.99998105,allow
5343,0,0.99998105,allow
5344,0,0.99998105,allow
5345,0,0.99998105,allow
5346,0,0.99998105,allow
5347,0,0.99998105,allow
5348,0,0.99998105,allow
5349,0,0.99998105,allow
5350,0,0.99998105,allow
5351,0,0.99998105,allow
5352,0,0.99998105,allow
5353,0,0.99998105,allow
5354,0,0.99998105,allow
5355,0,0.99998105,allow
5356,0,0.99998105,allow
5357,0,0.99998105,allow
5358,0,0.99998105,allow
5359,0,0.99998105,allow
5360,0,0.99998105,allow
5361,0,0.99998105,allow
5362,0,0.99998105,allow
5363,0,0.99998105,allow
5364,0,0.99998105,allow
5365,0,0.99998105,allow
5366,0,0.99998105,allow
5367,0,0.99998105,allow
5368,0,0.99998105,allow
5369,0,0.99998105,allow
5370,0,0.99998105,allow
5371,0,0.99998105,allow
5372,0,0.99998105,allow
5373,0,0.99998105,allow
5374,0,0.99998105,allow
5375,0,0.99998105,allow
5376,0,0.99998105,allow
5377,0,0.99998105,allow
5378,0,0.99998105,allow
5379,0,0.99998105,allow
5380,0,0.99998105,allow
5381,0,0.99998105,allow
5382,0,0.99998105,allow
5383,0,0.99998105,allow
5384,0,0.99998105,allow
5385,0,0.99998105,allow
5386,0,0.99998105,allow
5387,0,0.99998105,allow
5388,0,0.99998105,allow
5389,0,0.99998105,allow
5390,0,0.99998105,allow
5391,0,0.99998105,allow
5392,0,0.99998105,allow
5393,0,0.99998105,allow
5394,0,0.99998105,allow
5395,0,0.99998105,allow
5396,0,0.99998105,allow
5397,0,0.99998105,allow
5398,0,0.99998105,allow
5399,0,0.99998105,allow
5400,0,0.99998105,allow
5401,0,0.99998105,allow
5402,0,0.99998105,allow
5403,0,0.99998105,allow
5404,0,0.99998105,allow
5405,0,0.99998105,allow
5406,0,0.99998105,allow
5407,0,0.99998105,allow
5408,0,0.99998105,allow
5409,0,0.99998105,allow
5410,0,0.99998105,allow
5411,0,0.99998105,allow
5412,0,0.99998105,allow
5413,0,0.99998105,allow
5414,0,0.99998105,allow
5415,0,0.99998105,allow
5416,0,0.99998105,allow
5417,0,0.99998105,allow
5418,0,0.99998105,allow
5419,0,0.99998105,allow
5420,0,0.99998105,allow
5421,0,0.99998105,allow
5422,0,0.99998105,allow
5423,0,0.99998105,allow
5424,0,0.99998105,allow
5425,0,0.99998105,allow
5426,0,0.99998105,allow
5427,0,0.99998105,allow
5428,0,0.99998105,allow
5429,0,0.99998105,allow
5430,0,0.99998105,allow
5431,0,0.99998105,allow
5432,0,0.99998105,allow
5433,0,0.99998105,allow
5434,0,0.99998105,allow
5435,0,0.99998105,allow
5436,0,0.99998105,allow
5437,0,0.99998105,allow
5438,0,0.99998105,allow
5439,0,0.99998105,allow
5440,0,0.99998105,allow
5441,0,0.99998105,allow
5442,0,0.99998105,allow
5443,0,0.99998105,allow
5444,0,0.99998105,allow
5445,0,0.99998105,allow
5446,0,0.99998105,allow
5447,0,0.99998105,allow
5448,0,0.99998105,allow
5449,0,0.99998105,allow
5450,0,0.99998105,allow
5451,0,0.99998105,allow
5452,0,0.99998105,allow
5453,0,0.99998105,allow
5454,0,0.99998105,allow
5455,0,0.99998105,allow
5456,0,0.99998105,allow
5457,0,0.99998105,allow
5458,0,0.99998105,allow
5459,0,0.99998105,allow
5460,0,0.99998105,allow
5461,0,0.99998105,allow
5462,0,0.99998105,allow
5463,0,0.99998105,allow
5464,0,0.99998105,allow
5465,0,0.99998105,allow
5466,0,0.99998105,allow
5467,0,0.99998105,allow
5468,0,0.99998105,allow
5469,0,0.99998105,allow
5470,0,0.99998105,allow
5471,0,0.99998105,allow
5472,0,0.99998105,allow
5473,0,0.99998105,allow
5474,0,0.99998105,allow
5475,0,0.99998105,allow
5476,0,0.99998105,allow
5477,0,0.99998105,allow
5478,0,0.99998105,allow
5479,0,0.99998105,allow
5480,0,0.99998105,allow
5481,0,0.99998105,allow
5482,0,0.99998105,allow
5483,0,0.99998105,allow
5484,0,0.99998105,allow
5485,0,0.99998105,allow
5486,0,0.99998105,allow
5487,0,0.99998105,allow
5488,0,0.99998105,allow
5489,0,0.99998105,allow
5490,0,0.99998105,allow
5491,0,0.99998105,allow
5492,0,0.99998105,allow
5493,0,0.99998105,allow
5494,0,0.99998105,allow
5495,0,0.99998105,allow
5496,0,0.99998105,allow
5497,0,0.99998105,allow
5498,0,0.99998105,allow
5499,0,0.99998105,allow
5500,0,0.99998105,allow
5501,0,0.99998105,allow
5502,0,0.99998105,allow
5503,0,0.99998105,allow
5504,0,0.99998105,allow
5505,0,0.99998105,allow
5506,0,0.99998105,allow
5507,0,0.99998105,allow
5508,0,0.99998105,allow
5509,0,0.99998105,allow
5510,0,0.99998105,allow
5511,0,0.99998105,allow
5512,0,0.99998105,allow
5513,0,0.99998105,allow
5514,0,0.99998105,allow
5515,0,0.99998105,allow
5516,0,0.99998105,allow
5517,0,0.99998105,allow
5518,0,0.99998105,allow
5519,0,0.99998105,allow
5520,0,0.99998105,allow
5521,0,0.99998105,allow
5522,0,0.99998105,allow
5523,0,0.99998105,allow
5524,0,0.99998105,allow
5525,0,0.99998105,allow
5526,0,0.99998105,allow
5527,0,0.99998105,allow
5528,0,0.99998105,allow
5529,0,0.99998105,allow
5530,0,0.99998105,allow
5531,0,0.99998105,allow
5532,0,0.99998105,allow
5533,0,0.99998105,allow
5534,0,0.99998105,allow
5535,0,0.99998105,allow
5536,0,0.99998105,allow
5537,0,0.99998105,allow
5538,0,0.99998105,allow
5539,0,0.99998105,allow
5540,0,0.99998105,allow
5541,0,0.99998105,allow
5542,0,0.99998105,allow
5543,0,0.99998105,allow
5544,0,0.99998105,allow
5545,0,0.99998105,allow
5546,0,0.99998105,allow
5547,0,0.99998105,allow
5548,0,0.99998105,allow
5549,0,0.99998105,allow
5550,0,0.99998105,allow
5551,0,0.99998105,allow
5552,0,0.99998105,allow
5553,0,0.99998105,allow
5554,0,0.99998105,allow
5555,0,0.99998105,allow
5556,0,0.99998105,allow
5557,0,0.99998105,allow
5558,0,0.99998105,allow
5559,0,0.99998105,allow
5560,0,0.99998105,allow
5561,0,0.99998105,allow
5562,0,0.99998105,allow
5563,0,0.99998105,allow
5564,0,0.99998105,allow
5565,0,0.99998105,allow
5566,0,0.99998105,allow
5567,0,0.99998105,allow
5568,0,0.99998105,allow
5569,0,0.99998105,allow
5570,0,0.99998105,allow
5571,0,0.99998105,allow
5572,0,0.99998105,allow
5573,0,0.99998105,allow
5574,0,0.99998105,allow
5575,0,0.99998105,allow
5576,0,0.99998105,allow
5577,0,0.99998105,allow
5578,0,0.99998105,allow
5579,0,0.99998105,allow
5580,0,0.99998105,allow
5581,0,0.99998105,allow
5582,0,0.99998105,allow
5583,0,0.99998105,allow
5584,0,0.99998105,allow
5585,0,0.99998105,allow
5586,0,0.99998105,allow
5587,0,0.99998105,allow
5588,0,0.99998105,allow
5589,0,0.99998105,allow
5590,0,0.99998105,allow
5591,0,0.99998105,allow
5592,0,0.99998105,allow
5593,0,0.99998105,allow
5594,0,0.99998105,allow
5595,0,0.99998105,allow
5596,0,0.99998105,allow
5597,0,0.99998105,allow
5598,0,0.99998105,allow
5599,0,0.99998105,allow
5600,0,0.99998105,allow
5601,0,0.99998105,allow
5602,0,0.99998105,allow
5603,0,0.99998105,allow
5604,0,0.99998105,allow
5605,0,0.99998105,allow
5606,0,0.99998105,allow
5607,0,0.99998105,allow
5608,0,0.99998105,allow
5609,0,0.99998105,allow
5610,0,0.99998105,allow
5611,0,0.99998105,allow
5612,0,0.99998105,allow
5613,0,0.99998105,allow
5614,0,0.99998105,allow
5615,0,0.99998105,allow
5616,0,0.99998105,allow
5617,0,0.99998105,allow
5618,0,0.99998105,allow
5619,0,0.99998105,allow
5620,0,0.99998105,allow
5621,0,0.99998105,allow
5622,0,0.99998105,allow
5623,0,0.99998105,allow
5624,0,0.99998105,allow
5625,0,0.99998105,allow
5626,0,0.99998105,allow
5627,0,0.99998105,allow
5628,0,0.99998105,allow
5629,0,0.99998105,allow
5630,0,0.99998105,allow
5631,0,0.99998105,allow
5632,0,0.99998105,allow
5633,0,0.99998105,allow
5634,0,0.99998105,allow
5635,0,0.99998105,allow
5636,0,0.99998105,allow
5637,0,0.99998105,allow
5638,0,0.99998105,allow
5639,0,0.99998105,allow
5640,0,0.99998105,allow
5641,0,0.99998105,allow
5642,0,0.99998105,allow
5643,0,0.99998105,allow
5644,0,0.99998105,allow
5645,0,0.99998105,allow
5646,0,0.99998105,allow
5647,0,0.99998105,allow
5648,0,0.99998105,allow
5649,0,0.99998105,allow
5650,0,0.99998105,allow
5651,0,0.99998105,allow
5652,0,0.99998105,allow
5653,0,0.99998105,allow
5654,0,0.99998105,allow
5655,0,0.99998105,allow
5656,0,0.99998105,allow
5657,0,0.99998105,allow
5658,0,0.99998105,allow
5659,0,0.99998105,allow
5660,0,0.99998105,allow
5661,0,0.99998105,allow
5662,0,0.99998105,allow
5663,0,0.99998105,allow
5664,0,0.99998105,allow
5665,0,0.99998105,allow
5666,0,0.99998105,allow
5667,0,0.99998105,allow
5668,0,0.99998105,allow
5669,0,0.99998105,allow
5670,0,0.99998105,allow
5671,0,0.99998105,allow
5672,0,0.99998105,allow
5673,0,0.99998105,allow
5674,0,0.99998105,allow
5675,0,0.99998105,allow
5676,0,0.99998105,allow
5677,0,0.99998105,allow
5678,0,0.99998105,allow
5679,0,0.99998105,allow
5680,0,0.99998105,allow
5681,0,0.99998105,allow
5682,0,0.99998105,allow
5683,0,0.99998105,allow
5684,0,0.99998105,allow
5685,0,0.99998105,allow
5686,0,0.99998105,allow
5687,0,0.99998105,allow
5688,0,0.99998105,allow
5689,0,0.99998105,allow
5690,0,0.99998105,allow
5691,0,0.99998105,allow
5692,0,0.99998105,allow
5693,0,0.99998105,allow
5694,0,0.99998105,allow
5695,0,0.99998105,allow
5696,0,0.99998105,allow
5697,0,0.99998105,allow
5698,0,0.99998105,allow
5699,0,0.99998105,allow
5700,0,0.99998105,allow
5701,0,0.99998105,allow
5702,0,0.99998105,allow
5703,0,0.99998105,allow
5704,0,0.99998105,allow
5705,0,0.99998105,allow
5706,0,0.99998105,allow
5707,0,0.99998105,allow
5708,0,0.99998105,allow
5709,0,0.99998105,allow
5710,0,0.99998105,allow
5711,0,0.99998105,allow
5712,0,0.99998105,allow
5713,0,0.99998105,allow
5714,0,0.99998105,allow
5715,0,0.99998105,allow
5716,0,0.99998105,allow
5717,0,0.99998105,allow
5718,0,0.99998105,allow
5719,0,0.99998105,allow
5720,0,0.99998105,allow
5721,0,0.99998105,allow
5722,0,0.99998105,allow
5723,0,0.99998105,allow
5724,0,0.99998105,allow
5725,0,0.99998105,allow
5726,0,0.99998105,allow
5727,0,0.99998105,allow
5728,0,0.99998105,allow
5729,0,0.99998105,allow
5730,0,0.99998105,allow
5731,0,0.99998105,allow
5732,0,0.99998105,allow
5733,0,0.99998105,allow
5734,0,0.99998105,allow
5735,0,0.99998105,allow
5736,0,0.99998105,allow
5737,0,0.99998105,allow
5738,0,0.99998105,allow
5739,0,0.99998105,allow
5740,0,0.99998105,allow
5741,0,0.99998105,allow
5742,0,0.99998105,allow
5743,0,0.99998105,allow
5744,0,0.99998105,allow
5745,0,0.99998105,allow
5746,0,0.99998105,allow
5747,0,0.99998105,allow
5748,0,0.99998105,allow
5749,0,0.99998105,allow
5750,0,0.99998105,allow
5751,0,0.99998105,allow
5752,0,0.99998105,allow
5753,0,0.99998105,allow
5754,0,0.99998105,allow
5755,0,0.99998105,allow
5756,0,0.99998105,allow
5757,0,0.99998105,allow
5758,0,0.99998105,allow
5759,0,0.99998105,allow
5760,0,0.99998105,allow
5761,0,0.99998105,allow
5762,0,0.99998105,allow
5763,0,0.99998105,allow
5764,0,0.99998105,allow
5765,0,0.99998105,allow
5766,0,0.99998105,allow
5767,0,0.99998105,allow
5768,0,0.99998105,allow
5769,0,0.99998105,allow
5770,0,0.99998105,allow
5771,0,0.99998105,allow
5772,0,0.99998105,allow
5773,0,0.99998105,allow
5774,0,0.99998105,allow
5775,0,0.99998105,allow
5776,0,0.99998105,allow
5777,0,0.99998105,allow
5778,0,0.99998105,allow
5779,0,0.99998105,allow
5780,0,0.99998105,allow
5781,0,0.99998105,allow
5782,0,0.99998105,allow
5783,0,0.99998105,allow
5784,0,0.99998105,allow
5785,0,0.99998105,allow
5786,0,0.99998105,allow
5787,0,0.99998105,allow
5788,0,0.99998105,allow
5789,0,0.99998105,allow
5790,0,0.99998105,allow
5791,0,0.99998105,allow
5792,0,0.99998105,allow
5793,0,0.99998105,allow
5794,0,0.99998105,allow
5795,0,0.99998105,allow
5796,0,0.99998105,allow
5797,0,0.99998105,allow
5798,0,0.99998105,allow
5799,0,0.99998105,allow
5800,0,0.99998105,allow
5801,0,0.99998105,allow
5802,0,0.99998105,allow
5803,0,0.99998105,allow
5804,0,0.99998105,allow
5805,0,0.99998105,allow
5806,0,0.99998105,allow
5807,0,0.99998105,allow
5808,0,0.99998105,allow
5809,0,0.99998105,allow
5810,0,0.99998105,allow
5811,0,0.99998105,allow
5812,0,0.99998105,allow
5813,0,0.99998105,allow
5814,0,0.99998105,allow
5815,0,0.99998105,allow
5816,0,0.99998105,allow
5817,0,0.99998105,allow
5818,0,0.99998105,allow
5819,0,0.99998105,allow
5820,0,0.99998105,allow
5821,0,0.99998105,allow
5822,0,0.99998105,allow
5823,0,0.99998105,allow
5824,0,0.99998105,allow
5825,0,0.99998105,allow
5826,0,0.99998105,allow
5827,0,0.99998105,allow
5828,0,0.99998105,allow
5829,0,0.99998105,allow
5830,0,0.99998105,allow
5831,0,0.99998105,allow
5832,0,0.99998105,allow
5833,0,0.99998105,allow
5834,0,0.99998105,allow
5835,0,0.99998105,allow
5836,0,0.99998105,allow
5837,0,0.99998105,allow
5838,0,0.99998105,allow
5839,0,0.99998105,allow
5840,0,0.99998105,allow
5841,0,0.99998105,allow
5842,0,0.99998105,allow
5843,0,0.99998105,allow
5844,0,0.99998105,allow
5845,0,0.99998105,allow
5846,0,0.99998105,allow
5847,0,0.99998105,allow
5848,0,0.99998105,allow
5849,0,0.99998105,allow
5850,0,0.99998105,allow
5851,0,0.99998105,allow
5852,0,0.99998105,allow
5853,0,0.99998105,allow
5854,0,0.99998105,allow
5855,0,0.99998105,allow
5856,0,0.99998105,allow
5857,0,0.99998105,allow
5858,0,0.99998105,allow
5859,0,0.99998105,allow
5860,0,0.99998105,allow
5861,0,0.99998105,allow
5862,0,0.99998105,allow
5863,0,0.99998105,allow
5864,0,0.99998105,allow
5865,0,0.99998105,allow
5866,0,0.99998105,allow
5867,0,0.99998105,allow
5868,0,0.99998105,allow
5869,0,0.99998105,allow
5870,0,0.99998105,allow
5871,0,0.99998105,allow
5872,0,0.99998105,allow
5873,0,0.99998105,allow
5874,0,0.99998105,allow
5875,0,0.99998105,allow
5876,0,0.99998105,allow
5877,0,0.99998105,allow
5878,0,0.99998105,allow
5879,0,0.99998105,allow
5880,0,0.99998105,allow
5881,0,0.99998105,allow
5882,0,0.99998105,allow
5883,0,0.99998105,allow
5884,0,0.99998105,allow
5885,0,0.99998105,allow
5886,0,0.99998105,allow
5887,0,0.99998105,allow
5888,0,0.99998105,allow
5889,0,0.99998105,allow
5890,0,0.99998105,allow
5891,0,0.99998105,allow
5892,0,0.99998105,allow
5893,0,0.99998105,allow
5894,0,0.99998105,allow
5895,0,0.99998105,allow
5896,0,0.99998105,allow
5897,0,0.99998105,allow
5898,0,0.99998105,allow
5899,0,0.99998105,allow
5900,0,0.99998105,allow
5901,0,0.99998105,allow
5902,0,0.99998105,allow
5903,0,0.99998105,allow
5904,0,0.99998105,allow
5905,0,0.99998105,allow
5906,0,0.99998105,allow
5907,0,0.99998105,allow
5908,0,0.99998105,allow
5909,0,0.99998105,allow
5910,0,0.99998105,allow
5911,0,0.99998105,allow
5912,0,0.99998105,allow
5913,0,0.99998105,allow
5914,0,0.99998105,allow
5915,0,0.99998105,allow
5916,0,0.99998105,allow
5917,0,0.99998105,allow
5918,0,0.99998105,allow
5919,0,0.99998105,allow
5920,0,0.99998105,allow
5921,0,0.99998105,allow
5922,0,0.99998105,allow
5923,0,0.99998105,allow
5924,0,0.99998105,allow
5925,0,0.99998105,allow
5926,0,0.99998105,allow
5927,0,0.99998105,allow
5928,0,0.99998105,allow
5929,0,0.99998105,allow
5930,0,0.99998105,allow
5931,0,0.99998105,allow
5932,0,0.99998105,allow
5933,0,0.99998105,allow
5934,0,0.99998105,allow
5935,0,0.99998105,allow
5936,0,0.99998105,allow
5937,0,0.99998105,allow
5938,0,0.99998105,allow
5939,0,0.99998105,allow
5940,0,0.99998105,allow
5941,0,0.99998105,allow
5942,0,0.99998105,allow
5943,0,0.99998105,allow
5944,0,0.99998105,allow
5945,0,0.99998105,allow
5946,0,0.99998105,allow
5947,0,0.99998105,allow
5948,0,0.99998105,allow
5949,0,0.99998105,allow
5950,0,0.99998105,allow
5951,0,0.99998105,allow
5952,0,0.99998105,allow
5953,0,0.99998105,allow
5954,0,0.99998105,allow
5955,0,0.99998105,allow
5956,0,0.99998105,allow
5957,0,0.99998105,allow
5958,0,0.99998105,allow
5959,0,0.99998105,allow
5960,0,0.99998105,allow
5961,0,0.99998105,allow
5962,0,0.99998105,allow
5963,0,0.99998105,allow
5964,0,0.99998105,allow
5965,0,0.99998105,allow
5966,0,0.99998105,allow
5967,0,0.99998105,allow
5968,0,0.99998105,allow
5969,0,0.99998105,allow
5970,0,0.99998105,allow
5971,0,0.99998105,allow
5972,0,0.99998105,allow
5973,0,0.99998105,allow
5974,0,0.99998105,allow
5975,0,0.99998105,allow
5976,0,0.99998105,allow
5977,0,0.99998105,allow
5978,0,0.99998105,allow
5979,0,0.99998105,allow
5980,0,0.99998105,allow
5981,0,0.99998105,allow
5982,0,0.99998105,allow
5983,0,0.99998105,allow
5984,0,0.99998105,allow
5985,0,0.99998105,allow
5986,0,0.99998105,allow
5987,0,0.99998105,allow
5988,0,0.99998105,allow
5989,0,0.99998105,allow
5990,0,0.99998105,allow
5991,0,0.99998105,allow
5992,0,0.99998105,allow
5993,0,0.99998105,allow
5994,0,0.99998105,allow
5995,0,0.99998105,allow
5996,0,0.99998105,allow
5997,0,0.99998105,allow
5998,0,0.99998105,allow
5999,0,0.99998105,allow
6000,1,0.9999795,block_ip
6001,1,0.9999795,block_ip
6002,1,0.9999795,block_ip
6003,1,0.9999795,block_ip
6004,1,0.9999795,block_ip
6005,1,0.9999795,block_ip
6006,1,0.9999795,block_ip
6007,1,0.9999795,block_ip
6008,1,0.9999795,block_ip
6009,1,0.9999795,block_ip
6010,1,0.9999795,block_ip
6011,1,0.9999795,block_ip
6012,1,0.9999795,block_ip
6013,1,0.9999795,block_ip
6014,1,0.9999795,block_ip
6015,1,0.9999795,block_ip
6016,1,0.9999795,block_ip
6017,1,0.9999795,block_ip
6018,1,0.9999795,block_ip
6019,1,0.9999795,block_ip
6020,1,0.9999795,block_ip
6021,1,0.9999795,block_ip
6022,1,0.9999795,block_ip
6023,1,0.9999795,block_ip
6024,1,0.9999795,block_ip
6025,1,0.9999795,block_ip
6026,1,0.9999795,block_ip
6027,1,0.9999795,block_ip
6028,1,0.9999795,block_ip
6029,1,0.9999795,block_ip
6030,1,0.9999795,block_ip
6031,1,0.9999795,block_ip
6032,1,0.9999795,block_ip
6033,1,0.9999795,block_ip
6034,1,0.9999795,block_ip
6035,1,0.9999795,block_ip
6036,1,0.9999795,block_ip
6037,1,0.9999795,block_ip
6038,1,0.9999795,block_ip
6039,1,0.9999795,block_ip
6040,1,0.9999795,block_ip
6041,1,0.9999795,block_ip
6042,1,0.9999795,block_ip
6043,1,0.9999795,block_ip
6044,1,0.9999795,block_ip
6045,1,0.9999795,block_ip
6046,1,0.9999795,block_ip
6047,1,0.9999795,block_ip
6048,1,0.9999795,block_ip
6049,1,0.9999795,block_ip
6050,1,0.9999795,block_ip
6051,1,0.9999795,block_ip
6052,1,0.9999795,block_ip
6053,1,0.9999795,block_ip
6054,1,0.9999795,block_ip
6055,1,0.9999795,block_ip
6056,1,0.9999795,block_ip
6057,1,0.9999795,block_ip
6058,1,0.9999795,block_ip
6059,1,0.9999795,block_ip
6060,1,0.9999795,block_ip
6061,1,0.9999795,block_ip
6062,1,0.9999795,block_ip
6063,1,0.9999795,block_ip
6064,1,0.9999795,block_ip
6065,1,0.9999795,block_ip
6066,1,0.9999795,block_ip
6067,1,0.9999795,block_ip
6068,1,0.9999795,block_ip
6069,1,0.9999795,block_ip
6070,1,0.9999795,block_ip
6071,1,0.9999795,block_ip
6072,1,0.9999795,block_ip
6073,1,0.9999795,block_ip
6074,1,0.9999795,block_ip
6075,1,0.9999795,block_ip
6076,1,0.9999795,block_ip
6077,1,0.9999795,block_ip
6078,1,0.9999795,block_ip
6079,1,0.9999795,block_ip
6080,1,0.9999795,block_ip
6081,1,0.9999795,block_ip
6082,1,0.9999795,block_ip
6083,1,0.9999795,block_ip
6084,1,0.9999795,block_ip
6085,1,0.9999795,block_ip
6086,1,0.9999795,block_ip
6087,1,0.9999795,block_ip
6088,1,0.9999795,block_ip
6089,1,0.9999795,block_ip
6090,1,0.9999795,block_ip
6091,1,0.9999795,block_ip
6092,1,0.9999795,block_ip
6093,1,0.9999795,block_ip
6094,1,0.9999795,block_ip
6095,1,0.9999795,block_ip
6096,1,0.9999795,block_ip
6097,1,0.9999795,block_ip
6098,1,0.9999795,block_ip
6099,1,0.9999795,block_ip
6100,1,0.9999795,block_ip
6101,1,0.9999795,block_ip
6102,1,0.9999795,block_ip
6103,1,0.9999795,block_ip
6104,1,0.9999795,block_ip
6105,1,0.9999795,block_ip
6106,1,0.9999795,block_ip
6107,1,0.9999795,block_ip
6108,1,0.9999795,block_ip
6109,1,0.9999795,block_ip
6110,1,0.9999795,block_ip
6111,1,0.9999795,block_ip
6112,1,0.9999795,block_ip
6113,1,0.9999795,block_ip
6114,1,0.9999795,block_ip
6115,1,0.9999795,block_ip
6116,1,0.9999795,block_ip
6117,1,0.9999795,block_ip
6118,1,0.9999795,block_ip
6119,1,0.9999795,block_ip
6120,1,0.9999795,block_ip
6121,1,0.9999795,block_ip
6122,1,0.9999795,block_ip
6123,1,0.9999795,block_ip
6124,1,0.9999795,block_ip
6125,1,0.9999795,block_ip
6126,1,0.9999795,block_ip
6127,1,0.9999795,block_ip
6128,1,0.9999795,block_ip
6129,1,0.9999795,block_ip
6130,1,0.9999795,block_ip
6131,1,0.9999795,block_ip
6132,1,0.9999795,block_ip
6133,1,0.9999795,block_ip
6134,1,0.9999795,block_ip
6135,1,0.9999795,block_ip
6136,1,0.9999795,block_ip
6137,1,0.9999795,block_ip
6138,1,0.9999795,block_ip
6139,1,0.9999795,block_ip
6140,1,0.9999795,block_ip
6141,1,0.9999795,block_ip
6142,1,0.9999795,block_ip
6143,1,0.9999795,block_ip
6144,1,0.9999795,block_ip
6145,1,0.9999795,block_ip
6146,1,0.9999795,block_ip
6147,1,0.9999795,block_ip
6148,1,0.9999795,block_ip
6149,1,0.9999795,block_ip
6150,1,0.9999795,block_ip
6151,1,0.9999795,block_ip
6152,1,0.9999795,block_ip
6153,1,0.9999795,block_ip
6154,1,0.9999795,block_ip
6155,1,0.9999795,block_ip
6156,1,0.9999795,block_ip
6157,1,0.9999795,block_ip
6158,1,0.9999795,block_ip
6159,1,0.9999795,block_ip
6160,1,0.9999795,block_ip
6161,1,0.9999795,block_ip
6162,1,0.9999795,block_ip
6163,1,0.9999795,block_ip
6164,1,0.9999795,block_ip
6165,1,0.9999795,block_ip
6166,1,0.9999795,block_ip
6167,1,0.9999795,block_ip
6168,1,0.9999795,block_ip
6169,1,0.9999795,block_ip
6170,1,0.9999795,block_ip
6171,1,0.9999795,block_ip
6172,1,0.9999795,block_ip
6173,1,0.9999795,block_ip
6174,1,0.9999795,block_ip
6175,1,0.9999795,block_ip
6176,1,0.9999795,block_ip
6177,1,0.9999795,block_ip
6178,1,0.9999795,block_ip
6179,1,0.9999795,block_ip
6180,1,0.9999795,block_ip
6181,1,0.9999795,block_ip
6182,1,0.9999795,block_ip
6183,1,0.9999795,block_ip
6184,1,0.9999795,block_ip
6185,1,0.9999795,block_ip
6186,1,0.9999795,block_ip
6187,1,0.9999795,block_ip
6188,1,0.9999795,block_ip
6189,1,0.9999795,block_ip
6190,1,0.9999795,block_ip
6191,1,0.9999795,block_ip
6192,1,0.9999795,block_ip
6193,1,0.9999795,block_ip
6194,1,0.9999795,block_ip
6195,1,0.9999795,block_ip
6196,1,0.9999795,block_ip
6197,1,0.9999795,block_ip
6198,1,0.9999795,block_ip
6199,1,0.9999795,block_ip
6200,1,0.9999795,block_ip
6201,1,0.9999795,block_ip
6202,1,0.9999795,block_ip
6203,1,0.9999795,block_ip
6204,1,0.9999795,block_ip
6205,1,0.9999795,block_ip
6206,1,0.9999795,block_ip
6207,1,0.9999795,block_ip
6208,1,0.9999795,block_ip
6209,1,0.9999795,block_ip
6210,1,0.9999795,block_ip
6211,1,0.9999795,block_ip
6212,1,0.9999795,block_ip
6213,1,0.9999795,block_ip
6214,1,0.9999795,block_ip
6215,1,0.9999795,block_ip
6216,1,0.9999795,block_ip
6217,1,0.9999795,block_ip
6218,1,0.9999795,block_ip
6219,1,0.9999795,block_ip
6220,1,0.9999795,block_ip
6221,1,0.9999795,block_ip
6222,1,0.9999795,block_ip
6223,1,0.9999795,block_ip
6224,1,0.9999795,block_ip
6225,1,0.9999795,block_ip
6226,1,0.9999795,block_ip
6227,1,0.9999795,block_ip
6228,1,0.9999795,block_ip
6229,1,0.9999795,block_ip
6230,1,0.9999795,block_ip
6231,1,0.9999795,block_ip
6232,1,0.9999795,block_ip
6233,1,0.9999795,block_ip
6234,1,0.9999795,block_ip
6235,1,0.9999795,block_ip
6236,1,0.9999795,block_ip
6237,1,0.9999795,block_ip
6238,1,0.9999795,block_ip
6239,1,0.9999795,block_ip
6240,1,0.9999795,block_ip
6241,1,0.9999795,block_ip
6242,1,0.9999795,block_ip
6243,1,0.9999795,block_ip
6244,1,0.9999795,block_ip
6245,1,0.9999795,block_ip
6246,1,0.9999795,block_ip
6247,1,0.9999795,block_ip
6248,1,0.9999795,block_ip
6249,1,0.9999795,block_ip
6250,1,0.9999795,block_ip
6251,1,0.9999795,block_ip
6252,1,0.9999795,block_ip
6253,1,0.9999795,block_ip
6254,1,0.9999795,block_ip
6255,1,0.9999795,block_ip
6256,1,0.9999795,block_ip
6257,1,0.9999795,block_ip
6258,1,0.9999795,block_ip
6259,1,0.9999795,block_ip
6260,1,0.9999795,block_ip
6261,1,0.9999795,block_ip
6262,1,0.9999795,block_ip
6263,1,0.9999795,block_ip
6264,1,0.9999795,block_ip
6265,1,0.9999795,block_ip
6266,1,0.9999795,block_ip
6267,1,0.9999795,block_ip
6268,1,0.9999795,block_ip
6269,1,0.9999795,block_ip
6270,1,0.9999795,block_ip
6271,1,0.9999795,block_ip
6272,1,0.9999795,block_ip
6273,1,0.9999795,block_ip
6274,1,0.9999795,block_ip
6275,1,0.9999795,block_ip
6276,1,0.9999795,block_ip
6277,1,0.9999795,block_ip
6278,1,0.9999795,block_ip
6279,1,0.9999795,block_ip
6280,1,0.9999795,block_ip
6281,1,0.9999795,block_ip
6282,1,0.9999795,block_ip
6283,1,0.9999795,block_ip
6284,1,0.9999795,block_ip
6285,1,0.9999795,block_ip
6286,1,0.9999795,block_ip
6287,1,0.9999795,block_ip
6288,1,0.9999795,block_ip
6289,1,0.9999795,block_ip
6290,1,0.9999795,block_ip
6291,1,0.9999795,block_ip
6292,1,0.9999795,block_ip
6293,1,0.9999795,block_ip
6294,1,0.9999795,block_ip
6295,1,0.9999795,block_ip
6296,1,0.9999795,block_ip
6297,1,0.9999795,block_ip
6298,1,0.9999795,block_ip
6299,1,0.9999795,block_ip
6300,1,0.9999795,block_ip
6301,1,0.9999795,block_ip
6302,1,0.9999795,block_ip
6303,1,0.9999795,block_ip
6304,1,0.9999795,block_ip
6305,1,0.9999795,block_ip
6306,1,0.9999795,block_ip
6307,1,0.9999795,block_ip
6308,1,0.9999795,block_ip
6309,1,0.9999795,block_ip
6310,1,0.9999795,block_ip
6311,1,0.9999795,block_ip
6312,1,0.9999795,block_ip
6313,1,0.9999795,block_ip
6314,1,0.9999795,block_ip
6315,1,0.9999795,block_ip
6316,1,0.9999795,block_ip
6317,1,0.9999795,block_ip
6318,1,0.9999795,block_ip
6319,1,0.9999795,block_ip
6320,1,0.9999795,block_ip
6321,1,0.9999795,block_ip
6322,1,0.9999795,block_ip
6323,1,0.9999795,block_ip
6324,1,0.9999795,block_ip
6325,1,0.9999795,block_ip
6326,1,0.9999795,block_ip
6327,1,0.9999795,block_ip
6328,1,0.9999795,block_ip
6329,1,0.9999795,block_ip
6330,1,0.9999795,block_ip
6331,1,0.9999795,block_ip
6332,1,0.9999795,block_ip
6333,1,0.9999795,block_ip
6334,1,0.9999795,block_ip
6335,1,0.9999795,block_ip
6336,1,0.9999795,block_ip
6337,1,0.9999795,block_ip
6338,1,0.9999795,block_ip
6339,1,0.9999795,block_ip
6340,1,0.9999795,block_ip
6341,1,0.9999795,block_ip
6342,1,0.9999795,block_ip
6343,1,0.9999795,block_ip
6344,1,0.9999795,block_ip
6345,1,0.9999795,block_ip
6346,1,0.9999795,block_ip
6347,1,0.9999795,block_ip
6348,1,0.9999795,block_ip
6349,1,0.9999795,block_ip
6350,1,0.9999795,block_ip
6351,1,0.9999795,block_ip
6352,1,0.9999795,block_ip
6353,1,0.9999795,block_ip
6354,1,0.9999795,block_ip
6355,1,0.9999795,block_ip
6356,1,0.9999795,block_ip
6357,1,0.9999795,block_ip
6358,1,0.9999795,block_ip
6359,1,0.9999795,block_ip
6360,1,0.9999795,block_ip
6361,1,0.9999795,block_ip
6362,1,0.9999795,block_ip
6363,1,0.9999795,block_ip
6364,1,0.9999795,block_ip
6365,1,0.9999795,block_ip
6366,1,0.9999795,block_ip
6367,1,0.9999795,block_ip
6368,1,0.9999795,block_ip
6369,1,0.9999795,block_ip
6370,1,0.9999795,block_ip
6371,1,0.9999795,block_ip
6372,1,0.9999795,block_ip
6373,1,0.9999795,block_ip
6374,1,0.9999795,block_ip
6375,1,0.9999795,block_ip
6376,1,0.9999795,block_ip
6377,1,0.9999795,block_ip
6378,1,0.9999795,block_ip
6379,1,0.9999795,block_ip
6380,1,0.9999795,block_ip
6381,1,0.9999795,block_ip
6382,1,0.9999795,block_ip
6383,1,0.9999795,block_ip
6384,1,0.9999795,block_ip
6385,1,0.9999795,block_ip
6386,1,0.9999795,block_ip
6387,1,0.9999795,block_ip
6388,1,0.9999795,block_ip
6389,1,0.9999795,block_ip
6390,1,0.9999795,block_ip
6391,1,0.9999795,block_ip
6392,1,0.9999795,block_ip
6393,1,0.9999795,block_ip
6394,1,0.9999795,block_ip
6395,1,0.9999795,block_ip
6396,1,0.9999795,block_ip
6397,1,0.9999795,block_ip
6398,1,0.9999795,block_ip
6399,1,0.9999795,block_ip
6400,1,0.9999795,block_ip
6401,1,0.9999795,block_ip
6402,1,0.9999795,block_ip
6403,1,0.9999795,block_ip
6404,1,0.9999795,block_ip
6405,1,0.9999795,block_ip
6406,1,0.9999795,block_ip
6407,1,0.9999795,block_ip
6408,1,0.9999795,block_ip
6409,1,0.9999795,block_ip
6410,1,0.9999795,block_ip
6411,1,0.9999795,block_ip
6412,1,0.9999795,block_ip
6413,1,0.9999795,block_ip
6414,1,0.9999795,block_ip
6415,1,0.9999795,block_ip
6416,1,0.9999795,block_ip
6417,1,0.9999795,block_ip
6418,1,0.9999795,block_ip
6419,1,0.9999795,block_ip
6420,1,0.9999795,block_ip
6421,1,0.9999795,block_ip
6422,1,0.9999795,block_ip
6423,1,0.9999795,block_ip
6424,1,0.9999795,block_ip
6425,1,0.9999795,block_ip
6426,1,0.9999795,block_ip
6427,1,0.9999795,block_ip
6428,1,0.9999795,block_ip
6429,1,0.9999795,block_ip
6430,1,0.9999795,block_ip
6431,1,0.9999795,block_ip
6432,1,0.9999795,block_ip
6433,1,0.9999795,block_ip
6434,1,0.9999795,block_ip
6435,1,0.9999795,block_ip
6436,1,0.9999795,block_ip
6437,1,0.9999795,block_ip
6438,1,0.9999795,block_ip
6439,1,0.9999795,block_ip
6440,1,0.9999795,block_ip
6441,1,0.9999795,block_ip
6442,1,0.9999795,block_ip
6443,1,0.9999795,block_ip
6444,1,0.9999795,block_ip
6445,1,0.9999795,block_ip
6446,1,0.9999795,block_ip
6447,1,0.9999795,block_ip
6448,1,0.9999795,block_ip
6449,1,0.9999795,block_ip
6450,1,0.9999795,block_ip
6451,1,0.9999795,block_ip
6452,1,0.9999795,block_ip
6453,1,0.9999795,block_ip
6454,1,0.9999795,block_ip
6455,1,0.9999795,block_ip
6456,1,0.9999795,block_ip
6457,1,0.9999795,block_ip
6458,1,0.9999795,block_ip
6459,1,0.9999795,block_ip
6460,1,0.9999795,block_ip
6461,1,0.9999795,block_ip
6462,1,0.9999795,block_ip
6463,1,0.9999795,block_ip
6464,1,0.9999795,block_ip
6465,1,0.9999795,block_ip
6466,1,0.9999795,block_ip
6467,1,0.9999795,block_ip
6468,1,0.9999795,block_ip
6469,1,0.9999795,block_ip
6470,1,0.9999795,block_ip
6471,1,0.9999795,block_ip
6472,1,0.9999795,block_ip
6473,1,0.9999795,block_ip
6474,1,0.9999795,block_ip
6475,1,0.9999795,block_ip
6476,1,0.9999795,block_ip
6477,1,0.9999795,block_ip
6478,1,0.9999795,block_ip
6479,1,0.9999795,block_ip
6480,1,0.9999795,block_ip
6481,1,0.9999795,block_ip
6482,1,0.9999795,block_ip
6483,1,0.9999795,block_ip
6484,1,0.9999795,block_ip
6485,1,0.9999795,block_ip
6486,1,0.9999795,block_ip
6487,1,0.9999795,block_ip
6488,1,0.9999795,block_ip
6489,1,0.9999795,block_ip
6490,1,0.9999795,block_ip
6491,1,0.9999795,block_ip
6492,1,0.9999795,block_ip
6493,1,0.9999795,block_ip
6494,1,0.9999795,block_ip
6495,1,0.9999795,block_ip
6496,1,0.9999795,block_ip
6497,1,0.9999795,block_ip
6498,1,0.9999795,block_ip
6499,1,0.9999795,block_ip
6500,1,0.9999795,block_ip
6501,1,0.9999795,block_ip
6502,1,0.9999795,block_ip
6503,1,0.9999795,block_ip
6504,1,0.9999795,block_ip
6505,1,0.9999795,block_ip
6506,1,0.9999795,block_ip
6507,1,0.9999795,block_ip
6508,1,0.9999795,block_ip
6509,1,0.9999795,block_ip
6510,1,0.9999795,block_ip
6511,1,0.9999795,block_ip
6512,1,0.9999795,block_ip
6513,1,0.9999795,block_ip
6514,1,0.9999795,block_ip
6515,1,0.9999795,block_ip
6516,1,0.9999795,block_ip
6517,1,0.9999795,block_ip
6518,1,0.9999795,block_ip
6519,1,0.9999795,block_ip
6520,1,0.9999795,block_ip
6521,1,0.9999795,block_ip
6522,1,0.9999795,block_ip
6523,1,0.9999795,block_ip
6524,1,0.9999795,block_ip
6525,1,0.9999795,block_ip
6526,1,0.9999795,block_ip
6527,1,0.9999795,block_ip
6528,1,0.9999795,block_ip
6529,1,0.9999795,block_ip
6530,1,0.9999795,block_ip
6531,1,0.9999795,block_ip
6532,1,0.9999795,block_ip
6533,1,0.9999795,block_ip
6534,1,0.9999795,block_ip
6535,1,0.9999795,block_ip
6536,1,0.9999795,block_ip
6537,1,0.9999795,block_ip
6538,1,0.9999795,block_ip
6539,1,0.9999795,block_ip
6540,1,0.9999795,block_ip
6541,1,0.9999795,block_ip
6542,1,0.9999795,block_ip
6543,1,0.9999795,block_ip
6544,1,0.9999795,block_ip
6545,1,0.9999795,block_ip
6546,1,0.9999795,block_ip
6547,1,0.9999795,block_ip
6548,1,0.9999795,block_ip
6549,1,0.9999795,block_ip
6550,1,0.9999795,block_ip
6551,1,0.9999795,block_ip
6552,1,0.9999795,block_ip
6553,1,0.9999795,block_ip
6554,1,0.9999795,block_ip
6555,1,0.9999795,block_ip
6556,1,0.9999795,block_ip
6557,1,0.9999795,block_ip
6558,1,0.9999795,block_ip
6559,1,0.9999795,block_ip
6560,1,0.9999795,block_ip
6561,1,0.9999795,block_ip
6562,1,0.9999795,block_ip
6563,1,0.9999795,block_ip
6564,1,0.9999795,block_ip
6565,1,0.9999795,block_ip
6566,1,0.9999795,block_ip
6567,1,0.9999795,block_ip
6568,1,0.9999795,block_ip
6569,1,0.9999795,block_ip
6570,1,0.9999795,block_ip
6571,1,0.9999795,block_ip
6572,1,0.9999795,block_ip
6573,1,0.9999795,block_ip
6574,1,0.9999795,block_ip
6575,1,0.9999795,block_ip
6576,1,0.9999795,block_ip
6577,1,0.9999795,block_ip
6578,1,0.9999795,block_ip
6579,1,0.9999795,block_ip
6580,1,0.9999795,block_ip
6581,1,0.9999795,block_ip
6582,1,0.9999795,block_ip
6583,1,0.9999795,block_ip
6584,1,0.9999795,block_ip
6585,1,0.9999795,block_ip
6586,1,0.9999795,block_ip
6587,1,0.9999795,block_ip
6588,1,0.9999795,block_ip
6589,1,0.9999795,block_ip
6590,1,0.9999795,block_ip
6591,1,0.9999795,block_ip
6592,1,0.9999795,block_ip
6593,1,0.9999795,block_ip
6594,1,0.9999795,block_ip
6595,1,0.9999795,block_ip
6596,1,0.9999795,block_ip
6597,1,0.9999795,block_ip
6598,1,0.9999795,block_ip
6599,1,0.9999795,block_ip
6600,1,0.9999795,block_ip
6601,1,0.9999795,block_ip
6602,1,0.9999795,block_ip
6603,1,0.9999795,block_ip
6604,1,0.9999795,block_ip
6605,1,0.9999795,block_ip
6606,1,0.9999795,block_ip
6607,1,0.9999795,block_ip
6608,1,0.9999795,block_ip
6609,1,0.9999795,block_ip
6610,1,0.9999795,block_ip
6611,1,0.9999795,block_ip
6612,1,0.9999795,block_ip
6613,1,0.9999795,block_ip
6614,1,0.9999795,block_ip
6615,1,0.9999795,block_ip
6616,1,0.9999795,block_ip
6617,1,0.9999795,block_ip
6618,1,0.9999795,block_ip
6619,1,0.9999795,block_ip
6620,1,0.9999795,block_ip
6621,1,0.9999795,block_ip
6622,1,0.9999795,block_ip
6623,1,0.9999795,block_ip
6624,1,0.9999795,block_ip
6625,1,0.9999795,block_ip
6626,1,0.9999795,block_ip
6627,1,0.9999795,block_ip
6628,1,0.9999795,block_ip
6629,1,0.9999795,block_ip
6630,1,0.9999795,block_ip
6631,1,0.9999795,block_ip
6632,1,0.9999795,block_ip
6633,1,0.9999795,block_ip
6634,1,0.9999795,block_ip
6635,1,0.9999795,block_ip
6636,1,0.9999795,block_ip
6637,1,0.9999795,block_ip
6638,1,0.9999795,block_ip
6639,1,0.9999795,block_ip
6640,1,0.9999795,block_ip
6641,1,0.9999795,block_ip
6642,1,0.9999795,block_ip
6643,1,0.9999795,block_ip
6644,1,0.9999795,block_ip
6645,1,0.9999795,block_ip
6646,1,0.9999795,block_ip
6647,1,0.9999795,block_ip
6648,1,0.9999795,block_ip
6649,1,0.9999795,block_ip
6650,1,0.9999795,block_ip
6651,1,0.9999795,block_ip
6652,1,0.9999795,block_ip
6653,1,0.9999795,block_ip
6654,1,0.9999795,block_ip
6655,1,0.9999795,block_ip
6656,1,0.9999795,block_ip
6657,1,0.9999795,block_ip
6658,1,0.9999795,block_ip
6659,1,0.9999795,block_ip
6660,1,0.9999795,block_ip
6661,1,0.9999795,block_ip
6662,1,0.9999795,block_ip
6663,1,0.9999795,block_ip
6664,1,0.9999795,block_ip
6665,1,0.9999795,block_ip
6666,1,0.9999795,block_ip
6667,1,0.9999795,block_ip
6668,1,0.9999795,block_ip
6669,1,0.9999795,block_ip
6670,1,0.9999795,block_ip
6671,1,0.9999795,block_ip
6672,1,0.9999795,block_ip
6673,1,0.9999795,block_ip
6674,1,0.9999795,block_ip
6675,1,0.9999795,block_ip
6676,1,0.9999795,block_ip
6677,1,0.9999795,block_ip
6678,1,0.9999795,block_ip
6679,1,0.9999795,block_ip
6680,1,0.9999795,block_ip
6681,1,0.9999795,block_ip
6682,1,0.9999795,block_ip
6683,1,0.9999795,block_ip
6684,1,0.9999795,block_ip
6685,1,0.9999795,block_ip
6686,1,0.9999795,block_ip
6687,1,0.9999795,block_ip
6688,1,0.9999795,block_ip
6689,1,0.9999795,block_ip
6690,1,0.9999795,block_ip
6691,1,0.9999795,block_ip
6692,1,0.9999795,block_ip
6693,1,0.9999795,block_ip
6694,1,0.9999795,block_ip
6695,1,0.9999795,block_ip
6696,1,0.9999795,block_ip
6697,1,0.9999795,block_ip
6698,1,0.9999795,block_ip
6699,1,0.9999795,block_ip
6700,1,0.9999795,block_ip
6701,1,0.9999795,block_ip
6702,1,0.9999795,block_ip
6703,1,0.9999795,block_ip
6704,1,0.9999795,block_ip
6705,1,0.9999795,block_ip
6706,1,0.9999795,block_ip
6707,1,0.9999795,block_ip
6708,1,0.9999795,block_ip
6709,1,0.9999795,block_ip
6710,1,0.9999795,block_ip
6711,1,0.9999795,block_ip
6712,1,0.9999795,block_ip
6713,1,0.9999795,block_ip
6714,1,0.9999795,block_ip
6715,1,0.9999795,block_ip
6716,1,0.9999795,block_ip
6717,1,0.9999795,block_ip
6718,1,0.9999795,block_ip
6719,1,0.9999795,block_ip
6720,1,0.9999795,block_ip
6721,1,0.9999795,block_ip
6722,1,0.9999795,block_ip
6723,1,0.9999795,block_ip
6724,1,0.9999795,block_ip
6725,1,0.9999795,block_ip
6726,1,0.9999795,block_ip
6727,1,0.9999795,block_ip
6728,1,0.9999795,block_ip
6729,1,0.9999795,block_ip
6730,1,0.9999795,block_ip
6731,1,0.9999795,block_ip
6732,1,0.9999795,block_ip
6733,1,0.9999795,block_ip
6734,1,0.9999795,block_ip
6735,1,0.9999795,block_ip
6736,1,0.9999795,block_ip
6737,1,0.9999795,block_ip
6738,1,0.9999795,block_ip
6739,1,0.9999795,block_ip
6740,1,0.9999795,block_ip
6741,1,0.9999795,block_ip
6742,1,0.9999795,block_ip
6743,1,0.9999795,block_ip
6744,1,0.9999795,block_ip
6745,1,0.9999795,block_ip
6746,1,0.9999795,block_ip
6747,1,0.9999795,block_ip
6748,1,0.9999795,block_ip
6749,1,0.9999795,block_ip
6750,1,0.9999795,block_ip
6751,1,0.9999795,block_ip
6752,1,0.9999795,block_ip
6753,1,0.9999795,block_ip
6754,1,0.9999795,block_ip
6755,1,0.9999795,block_ip
6756,1,0.9999795,block_ip
6757,1,0.9999795,block_ip
6758,1,0.9999795,block_ip
6759,1,0.9999795,block_ip
6760,1,0.9999795,block_ip
6761,1,0.9999795,block_ip
6762,1,0.9999795,block_ip
6763,1,0.9999795,block_ip
6764,1,0.9999795,block_ip
6765,1,0.9999795,block_ip
6766,1,0.9999795,block_ip
6767,1,0.9999795,block_ip
6768,1,0.9999795,block_ip
6769,1,0.9999795,block_ip
6770,1,0.9999795,block_ip
6771,1,0.9999795,block_ip
6772,1,0.9999795,block_ip
6773,1,0.9999795,block_ip
6774,1,0.9999795,block_ip
6775,1,0.9999795,block_ip
6776,1,0.9999795,block_ip
6777,1,0.9999795,block_ip
6778,1,0.9999795,block_ip
6779,1,0.9999795,block_ip
6780,1,0.9999795,block_ip
6781,1,0.9999795,block_ip
6782,1,0.9999795,block_ip
6783,1,0.9999795,block_ip
6784,1,0.9999795,block_ip
6785,1,0.9999795,block_ip
6786,1,0.9999795,block_ip
6787,1,0.9999795,block_ip
6788,1,0.9999795,block_ip
6789,1,0.9999795,block_ip
6790,1,0.9999795,block_ip
6791,1,0.9999795,block_ip
6792,1,0.9999795,block_ip
6793,1,0.9999795,block_ip
6794,1,0.9999795,block_ip
6795,1,0.9999795,block_ip
6796,1,0.9999795,block_ip
6797,1,0.9999795,block_ip
6798,1,0.9999795,block_ip
6799,1,0.9999795,block_ip
6800,1,0.9999795,block_ip
6801,1,0.9999795,block_ip
6802,1,0.9999795,block_ip
6803,1,0.9999795,block_ip
6804,1,0.9999795,block_ip
6805,1,0.9999795,block_ip
6806,1,0.9999795,block_ip
6807,1,0.9999795,block_ip
6808,1,0.9999795,block_ip
6809,1,0.9999795,block_ip
6810,1,0.9999795,block_ip
6811,1,0.9999795,block_ip
6812,1,0.9999795,block_ip
6813,1,0.9999795,block_ip
6814,1,0.9999795,block_ip
6815,1,0.9999795,block_ip
6816,1,0.9999795,block_ip
6817,1,0.9999795,block_ip
6818,1,0.9999795,block_ip
6819,1,0.9999795,block_ip
6820,1,0.9999795,block_ip
6821,1,0.9999795,block_ip
6822,1,0.9999795,block_ip
6823,1,0.9999795,block_ip
6824,1,0.9999795,block_ip
6825,1,0.9999795,block_ip
6826,1,0.9999795,block_ip
6827,1,0.9999795,block_ip
6828,1,0.9999795,block_ip
6829,1,0.9999795,block_ip
6830,1,0.9999795,block_ip
6831,1,0.9999795,block_ip
6832,1,0.9999795,block_ip
6833,1,0.9999795,block_ip
6834,1,0.9999795,block_ip
6835,1,0.9999795,block_ip
6836,1,0.9999795,block_ip
6837,1,0.9999795,block_ip
6838,1,0.9999795,block_ip
6839,1,0.9999795,block_ip
6840,1,0.9999795,block_ip
6841,1,0.9999795,block_ip
6842,1,0.9999795,block_ip
6843,1,0.9999795,block_ip
6844,1,0.9999795,block_ip
6845,1,0.9999795,block_ip
6846,1,0.9999795,block_ip
6847,1,0.9999795,block_ip
6848,1,0.9999795,block_ip
6849,1,0.9999795,block_ip
6850,1,0.9999795,block_ip
6851,1,0.9999795,block_ip
6852,1,0.9999795,block_ip
6853,1,0.9999795,block_ip
6854,1,0.9999795,block_ip
6855,1,0.9999795,block_ip
6856,1,0.9999795,block_ip
6857,1,0.9999795,block_ip
6858,1,0.9999795,block_ip
6859,1,0.9999795,block_ip
6860,1,0.9999795,block_ip
6861,1,0.9999795,block_ip
6862,1,0.9999795,block_ip
6863,1,0.9999795,block_ip
6864,1,0.9999795,block_ip
6865,1,0.9999795,block_ip
6866,1,0.9999795,block_ip
6867,1,0.9999795,block_ip
6868,1,0.9999795,block_ip
6869,1,0.9999795,block_ip
6870,1,0.9999795,block_ip
6871,1,0.9999795,block_ip
6872,1,0.9999795,block_ip
6873,1,0.9999795,block_ip
6874,1,0.9999795,block_ip
6875,1,0.9999795,block_ip
6876,1,0.9999795,block_ip
6877,1,0.9999795,block_ip
6878,1,0.9999795,block_ip
6879,1,0.9999795,block_ip
6880,1,0.9999795,block_ip
6881,1,0.9999795,block_ip
6882,1,0.9999795,block_ip
6883,1,0.9999795,block_ip
6884,1,0.9999795,block_ip
6885,1,0.9999795,block_ip
6886,1,0.9999795,block_ip
6887,1,0.9999795,block_ip
6888,1,0.9999795,block_ip
6889,1,0.9999795,block_ip
6890,1,0.9999795,block_ip
6891,1,0.9999795,block_ip
6892,1,0.9999795,block_ip
6893,1,0.9999795,block_ip
6894,1,0.9999795,block_ip
6895,1,0.9999795,block_ip
6896,1,0.9999795,block_ip
6897,1,0.9999795,block_ip
6898,1,0.9999795,block_ip
6899,1,0.9999795,block_ip
6900,1,0.9999795,block_ip
6901,1,0.9999795,block_ip
6902,1,0.9999795,block_ip
6903,1,0.9999795,block_ip
6904,1,0.9999795,block_ip
6905,1,0.9999795,block_ip
6906,1,0.9999795,block_ip
6907,1,0.9999795,block_ip
6908,1,0.9999795,block_ip
6909,1,0.9999795,block_ip
6910,1,0.9999795,block_ip
6911,1,0.9999795,block_ip
6912,1,0.9999795,block_ip
6913,1,0.9999795,block_ip
6914,1,0.9999795,block_ip
6915,1,0.9999795,block_ip
6916,1,0.9999795,block_ip
6917,1,0.9999795,block_ip
6918,1,0.9999795,block_ip
6919,1,0.9999795,block_ip
6920,1,0.9999795,block_ip
6921,1,0.9999795,block_ip
6922,1,0.9999795,block_ip
6923,1,0.9999795,block_ip
6924,1,0.9999795,block_ip
6925,1,0.9999795,block_ip
6926,1,0.9999795,block_ip
6927,1,0.9999795,block_ip
6928,1,0.9999795,block_ip
6929,1,0.9999795,block_ip
6930,1,0.9999795,block_ip
6931,1,0.9999795,block_ip
6932,1,0.9999795,block_ip
6933,1,0.9999795,block_ip
6934,1,0.9999795,block_ip
6935,1,0.9999795,block_ip
6936,1,0.9999795,block_ip
6937,1,0.9999795,block_ip
6938,1,0.9999795,block_ip
6939,1,0.9999795,block_ip
6940,1,0.9999795,block_ip
6941,1,0.9999795,block_ip
6942,1,0.9999795,block_ip
6943,1,0.9999795,block_ip
6944,1,0.9999795,block_ip
6945,1,0.9999795,block_ip
6946,1,0.9999795,block_ip
6947,1,0.9999795,block_ip
6948,1,0.9999795,block_ip
6949,1,0.9999795,block_ip
6950,1,0.9999795,block_ip
6951,1,0.9999795,block_ip
6952,1,0.9999795,block_ip
6953,1,0.9999795,block_ip
6954,1,0.9999795,block_ip
6955,1,0.9999795,block_ip
6956,1,0.9999795,block_ip
6957,1,0.9999795,block_ip
6958,1,0.9999795,block_ip
6959,1,0.9999795,block_ip
6960,1,0.9999795,block_ip
6961,1,0.9999795,block_ip
6962,1,0.9999795,block_ip
6963,1,0.9999795,block_ip
6964,1,0.9999795,block_ip
6965,1,0.9999795,block_ip
6966,1,0.9999795,block_ip
6967,1,0.9999795,block_ip
6968,1,0.9999795,block_ip
6969,1,0.9999795,block_ip
6970,1,0.9999795,block_ip
6971,1,0.9999795,block_ip
6972,1,0.9999795,block_ip
6973,1,0.9999795,block_ip
6974,1,0.9999795,block_ip
6975,1,0.9999795,block_ip
6976,1,0.9999795,block_ip
6977,1,0.9999795,block_ip
6978,1,0.9999795,block_ip
6979,1,0.9999795,block_ip
6980,1,0.9999795,block_ip
6981,1,0.9999795,block_ip
6982,1,0.9999795,block_ip
6983,1,0.9999795,block_ip
6984,1,0.9999795,block_ip
6985,1,0.9999795,block_ip
6986,1,0.9999795,block_ip
6987,1,0.9999795,block_ip
6988,1,0.9999795,block_ip
6989,1,0.9999795,block_ip
6990,1,0.9999795,block_ip
6991,1,0.9999795,block_ip
6992,1,0.9999795,block_ip
6993,1,0.9999795,block_ip
6994,1,0.9999795,block_ip
6995,1,0.9999795,block_ip
6996,1,0.9999795,block_ip
6997,1,0.9999795,block_ip
6998,1,0.9999795,block_ip
6999,1,0.9999795,block_ip
7000,1,0.99997544,block_ip
7001,1,0.99997544,block_ip
7002,1,0.99997544,block_ip
7003,1,0.99997544,block_ip
7004,1,0.99997807,block_ip
7005,1,0.99997544,block_ip
7006,1,0.99997544,block_ip
7007,1,0.99997544,block_ip
7008,1,0.99997807,block_ip
7009,1,0.99997807,block_ip
7010,1,0.99997807,block_ip
7011,1,0.99997544,block_ip
7012,1,0.99997544,block_ip
7013,1,0.99997544,block_ip
7014,1,0.99997544,block_ip
7015,1,0.99997544,block_ip
7016,1,0.99997544,block_ip
7017,1,0.99997544,block_ip
7018,1,0.99997544,block_ip
7019,1,0.99997544,block_ip
7020,1,0.99997544,block_ip
7021,1,0.99997544,block_ip
7022,1,0.99997544,block_ip
7023,1,0.99997544,block_ip
7024,1,0.99997544,block_ip
7025,1,0.99997544,block_ip
7026,1,0.99997544,block_ip
7027,1,0.99997544,block_ip
7028,1,0.99997544,block_ip
7029,1,0.99997544,block_ip
7030,1,0.99997544,block_ip
7031,1,0.99997544,block_ip
7032,1,0.99997544,block_ip
7033,1,0.99997544,block_ip
7034,1,0.99997807,block_ip
7035,1,0.99997544,block_ip
7036,1,0.99997544,block_ip
7037,1,0.99997807,block_ip
7038,1,0.99997807,block_ip
7039,1,0.99997807,block_ip
7040,1,0.99997807,block_ip
7041,1,0.99997807,block_ip
7042,1,0.99997807,block_ip
7043,1,0.99997807,block_ip
7044,1,0.99997807,block_ip
7045,1,0.99997807,block_ip
7046,1,0.99997807,block_ip
7047,1,0.99997544,block_ip
7048,1,0.99997544,block_ip
7049,1,0.99997544,block_ip
7050,1,0.99997544,block_ip
7051,1,0.99997544,block_ip
7052,1,0.99997544,block_ip
7053,1,0.99997544,block_ip
7054,1,0.99997544,block_ip
7055,1,0.99997544,block_ip
7056,1,0.99997544,block_ip
7057,1,0.99997544,block_ip
7058,1,0.99997544,block_ip
7059,1,0.99997544,block_ip
7060,1,0.99997807,block_ip
7061,1,0.99997807,block_ip
7062,1,0.99997544,block_ip
7063,1,0.99997544,block_ip
7064,1,0.99997544,block_ip
7065,1,0.99997544,block_ip
7066,1,0.99997544,block_ip
7067,1,0.99997544,block_ip
7068,1,0.99997544,block_ip
7069,1,0.99997544,block_ip
7070,1,0.99997544,block_ip
7071,1,0.99997807,block_ip
7072,1,0.99997807,block_ip
7073,1,0.99997807,block_ip
7074,1,0.99997807,block_ip
7075,1,0.99997807,block_ip
7076,1,0.99997807,block_ip
7077,1,0.99997807,block_ip
7078,1,0.99997807,block_ip
7079,1,0.99997807,block_ip
7080,1,0.99997807,block_ip
7081,1,0.99997807,block_ip
7082,1,0.99997807,block_ip
7083,1,0.99997807,block_ip
7084,1,0.99997807,block_ip
7085,1,0.99997807,block_ip
7086,1,0.99997807,block_ip
7087,1,0.99997807,block_ip
7088,1,0.99997807,block_ip
7089,1,0.99997807,block_ip
7090,1,0.99997807,block_ip
7091,1,0.99997807,block_ip
7092,1,0.99997807,block_ip
7093,1,0.99997807,block_ip
7094,1,0.99997807,block_ip
7095,1,0.99997807,block_ip
7096,1,0.99997807,block_ip
7097,1,0.99997807,block_ip
7098,1,0.99997807,block_ip
7099,1,0.99997807,block_ip
7100,1,0.99997807,block_ip
7101,1,0.99997807,block_ip
7102,1,0.99997807,block_ip
7103,1,0.99997807,block_ip
7104,1,0.99997807,block_ip
7105,1,0.99997807,block_ip
7106,1,0.99997807,block_ip
7107,1,0.99997807,block_ip
7108,1,0.99997807,block_ip
7109,1,0.99997807,block_ip
7110,1,0.99997807,block_ip
7111,1,0.99997807,block_ip
7112,1,0.99997807,block_ip
7113,1,0.99997807,block_ip
7114,1,0.99997807,block_ip
7115,1,0.99997807,block_ip
7116,1,0.99997807,block_ip
7117,1,0.99997807,block_ip
7118,1,0.99997807,block_ip
7119,1,0.99997807,block_ip
7120,1,0.99997807,block_ip
7121,1,0.99997807,block_ip
7122,1,0.99997807,block_ip
7123,1,0.99997807,block_ip
7124,1,0.99997807,block_ip
7125,1,0.99997807,block_ip
7126,1,0.99997807,block_ip
7127,1,0.99997807,block_ip
7128,1,0.99997807,block_ip
7129,1,0.99997807,block_ip
7130,1,0.99997807,block_ip
7131,1,0.99997807,block_ip
7132,1,0.99997807,block_ip
7133,1,0.99997807,block_ip
7134,1,0.99997807,block_ip
7135,1,0.99997807,block_ip
7136,1,0.99997807,block_ip
7137,1,0.99997807,block_ip
7138,1,0.99997807,block_ip
7139,1,0.99997807,block_ip
7140,1,0.99997807,block_ip
7141,1,0.99997807,block_ip
7142,1,0.99997807,block_ip
7143,1,0.99997807,block_ip
7144,1,0.99997807,block_ip
7145,1,0.99997807,block_ip
7146,1,0.99997807,block_ip
7147,1,0.99997807,block_ip
7148,1,0.99997807,block_ip
7149,1,0.99997807,block_ip
7150,1,0.99997807,block_ip
7151,1,0.99997807,block_ip
7152,1,0.99997807,block_ip
7153,1,0.99997807,block_ip
7154,1,0.99997807,block_ip
7155,1,0.99997807,block_ip
7156,1,0.99997807,block_ip
7157,1,0.99997807,block_ip
7158,1,0.99997807,block_ip
7159,1,0.99997807,block_ip
7160,1,0.99997807,block_ip
7161,1,0.99997807,block_ip
7162,1,0.99997807,block_ip
7163,1,0.99997807,block_ip
7164,1,0.99997807,block_ip
7165,1,0.99997807,block_ip
7166,1,0.99997807,block_ip
7167,1,0.99997807,block_ip
7168,1,0.99997807,block_ip
7169,1,0.99997807,block_ip
7170,1,0.99997807,block_ip
7171,1,0.99997807,block_ip
7172,1,0.99997807,block_ip
7173,1,0.99997807,block_ip
7174,1,0.99997807,block_ip
7175,1,0.99997807,block_ip
7176,1,0.99997807,block_ip
7177,1,0.99997807,block_ip
7178,1,0.99997807,block_ip
7179,1,0.99997807,block_ip
7180,1,0.99997807,block_ip
7181,1,0.99997807,block_ip
7182,1,0.99997807,block_ip
7183,1,0.99997807,block_ip
7184,1,0.99997807,block_ip
7185,1,0.99997807,block_ip
7186,1,0.99997807,block_ip
7187,1,0.99997807,block_ip
7188,1,0.99997807,block_ip
7189,1,0.99997807,block_ip
7190,1,0.99997807,block_ip
7191,1,0.99997807,block_ip
7192,1,0.99997807,block_ip
7193,1,0.99997807,block_ip
7194,1,0.99997807,block_ip
7195,1,0.99997807,block_ip
7196,1,0.99997807,block_ip
7197,1,0.99997807,block_ip
7198,1,0.99997807,block_ip
7199,1,0.99997807,block_ip
7200,1,0.99997807,block_ip
7201,1,0.99997807,block_ip
7202,1,0.99997807,block_ip
7203,1,0.99997807,block_ip
7204,1,0.99997807,block_ip
7205,1,0.99997807,block_ip
7206,1,0.99997807,block_ip
7207,1,0.99997807,block_ip
7208,1,0.99997807,block_ip
7209,1,0.99997807,block_ip
7210,1,0.99997807,block_ip
7211,1,0.99997807,block_ip
7212,1,0.99997807,block_ip
7213,1,0.99997807,block_ip
7214,1,0.99997807,block_ip
7215,1,0.99997807,block_ip
7216,1,0.99997807,block_ip
7217,1,0.99997807,block_ip
7218,1,0.99997807,block_ip
7219,1,0.99997807,block_ip
7220,1,0.99997807,block_ip
7221,1,0.99997807,block_ip
7222,1,0.99997807,block_ip
7223,1,0.99997807,block_ip
7224,1,0.99997807,block_ip
7225,1,0.99997807,block_ip
7226,1,0.99997807,block_ip
7227,1,0.99997807,block_ip
7228,1,0.99997807,block_ip
7229,1,0.99997807,block_ip
7230,1,0.99997807,block_ip
7231,1,0.99997807,block_ip
7232,1,0.99997807,block_ip
7233,1,0.99997807,block_ip
7234,1,0.99997807,block_ip
7235,1,0.99997807,block_ip
7236,1,0.99997807,block_ip
7237,1,0.99997807,block_ip
7238,1,0.99997807,block_ip
7239,1,0.99997807,block_ip
7240,1,0.99997807,block_ip
7241,1,0.99997807,block_ip
7242,1,0.99997807,block_ip
7243,1,0.99997807,block_ip
7244,1,0.99997807,block_ip
7245,1,0.99997807,block_ip
7246,1,0.99997807,block_ip
7247,1,0.99997807,block_ip
7248,1,0.99997807,block_ip
7249,1,0.99997807,block_ip
7250,1,0.99997807,block_ip
7251,1,0.99997807,block_ip
7252,1,0.99997807,block_ip
7253,1,0.99997807,block_ip
7254,1,0.99997807,block_ip
7255,1,0.99997807,block_ip
7256,1,0.99997807,block_ip
7257,1,0.99997807,block_ip
7258,1,0.99997807,block_ip
7259,1,0.99997807,block_ip
7260,1,0.99997807,block_ip
7261,1,0.99997807,block_ip
7262,1,0.99997807,block_ip
7263,1,0.99997807,block_ip
7264,1,0.99997807,block_ip
7265,1,0.99997807,block_ip
7266,1,0.99997807,block_ip
7267,1,0.99997807,block_ip
7268,1,0.99997807,block_ip
7269,1,0.99997807,block_ip
7270,1,0.99997807,block_ip
7271,1,0.99997807,block_ip
7272,1,0.99997807,block_ip
7273,1,0.99997807,block_ip
7274,1,0.99997807,block_ip
7275,1,0.99997807,block_ip
7276,1,0.99997807,block_ip
7277,1,0.99997807,block_ip
7278,1,0.99997807,block_ip
7279,1,0.99997807,block_ip
7280,1,0.99997807,block_ip
7281,1,0.99997807,block_ip
7282,1,0.99997807,block_ip
7283,1,0.99997807,block_ip
7284,1,0.99997807,block_ip
7285,1,0.99997807,block_ip
7286,1,0.99997807,block_ip
7287,1,0.99997807,block_ip
7288,1,0.99997807,block_ip
7289,1,0.99997807,block_ip
7290,1,0.99997807,block_ip
7291,1,0.99997807,block_ip
7292,1,0.99997807,block_ip
7293,1,0.99997807,block_ip
7294,1,0.99997807,block_ip
7295,1,0.99997807,block_ip
7296,1,0.99997807,block_ip
7297,1,0.99997807,block_ip
7298,1,0.99997807,block_ip
7299,1,0.99997807,block_ip
7300,1,0.99997807,block_ip
7301,1,0.99997807,block_ip
7302,1,0.99997807,block_ip
7303,1,0.99997807,block_ip
7304,1,0.99997807,block_ip
7305,1,0.99997807,block_ip
7306,1,0.99997807,block_ip
7307,1,0.99997807,block_ip
7308,1,0.99997807,block_ip
7309,1,0.99997807,block_ip
7310,1,0.99997807,block_ip
7311,1,0.99997807,block_ip
7312,1,0.99997807,block_ip
7313,1,0.99997807,block_ip
7314,1,0.99997807,block_ip
7315,1,0.99997807,block_ip
7316,1,0.99997807,block_ip
7317,1,0.99997807,block_ip
7318,1,0.99997807,block_ip
7319,1,0.99997807,block_ip
7320,1,0.99997807,block_ip
7321,1,0.99997807,block_ip
7322,1,0.99997807,block_ip
7323,1,0.99997807,block_ip
7324,1,0.99997807,block_ip
7325,1,0.99997807,block_ip
7326,1,0.99997807,block_ip
7327,1,0.99997807,block_ip
7328,1,0.99997807,block_ip
7329,1,0.99997807,block_ip
7330,1,0.99997807,block_ip
7331,1,0.99997807,block_ip
7332,1,0.99997807,block_ip
7333,1,0.99997807,block_ip
7334,1,0.99997807,block_ip
7335,1,0.99997807,block_ip
7336,1,0.99997807,block_ip
7337,1,0.99997807,block_ip
7338,1,0.99997807,block_ip
7339,1,0.99997807,block_ip
7340,1,0.99997807,block_ip
7341,1,0.99997807,block_ip
7342,1,0.99997807,block_ip
7343,1,0.99997807,block_ip
7344,1,0.99997807,block_ip
7345,1,0.99997807,block_ip
7346,1,0.99997807,block_ip
7347,1,0.99997807,block_ip
7348,1,0.99997807,block_ip
7349,1,0.99997807,block_ip
7350,1,0.99997807,block_ip
7351,1,0.99997807,block_ip
7352,1,0.99997807,block_ip
7353,1,0.99997807,block_ip
7354,1,0.99997807,block_ip
7355,1,0.99997807,block_ip
7356,1,0.99997807,block_ip
7357,1,0.99997807,block_ip
7358,1,0.99997807,block_ip
7359,1,0.99997807,block_ip
7360,1,0.99997807,block_ip
7361,1,0.99997807,block_ip
7362,1,0.99997807,block_ip
7363,1,0.99997807,block_ip
7364,1,0.99997807,block_ip
7365,1,0.99997807,block_ip
7366,1,0.99997807,block_ip
7367,1,0.99997807,block_ip
7368,1,0.99997807,block_ip
7369,1,0.99997807,block_ip
7370,1,0.99997807,block_ip
7371,1,0.99997807,block_ip
7372,1,0.99997807,block_ip
7373,1,0.99997807,block_ip
7374,1,0.99997807,block_ip
7375,1,0.99997807,block_ip
7376,1,0.99997807,block_ip
7377,1,0.99997807,block_ip
7378,1,0.99997807,block_ip
7379,1,0.99997807,block_ip
7380,1,0.99997807,block_ip
7381,1,0.99997807,block_ip
7382,1,0.99997807,block_ip
7383,1,0.99997807,block_ip
7384,1,0.99997807,block_ip
7385,1,0.99997807,block_ip
7386,1,0.99997807,block_ip
7387,1,0.99997807,block_ip
7388,1,0.99997807,block_ip
7389,1,0.99997807,block_ip
7390,1,0.99997807,block_ip
7391,1,0.99997807,block_ip
7392,1,0.99997807,block_ip
7393,1,0.99997807,block_ip
7394,1,0.99997807,block_ip
7395,1,0.99997807,block_ip
7396,1,0.99997807,block_ip
7397,1,0.99997807,block_ip
7398,1,0.99997807,block_ip
7399,1,0.99997807,block_ip
7400,1,0.99997807,block_ip
7401,1,0.99997807,block_ip
7402,1,0.99997807,block_ip
7403,1,0.99997807,block_ip
7404,1,0.99997807,block_ip
7405,1,0.99997807,block_ip
7406,1,0.99997807,block_ip
7407,1,0.99997807,block_ip
7408,1,0.99997807,block_ip
7409,1,0.99997807,block_ip
7410,1,0.99997807,block_ip
7411,1,0.99997807,block_ip
7412,1,0.99997807,block_ip
7413,1,0.99997807,block_ip
7414,1,0.99997807,block_ip
7415,1,0.99997807,block_ip
7416,1,0.99997807,block_ip
7417,1,0.99997807,block_ip
7418,1,0.99997807,block_ip
7419,1,0.99997807,block_ip
7420,1,0.99997807,block_ip
7421,1,0.99997807,block_ip
7422,1,0.99997807,block_ip
7423,1,0.99997807,block_ip
7424,1,0.99997807,block_ip
7425,1,0.99997807,block_ip
7426,1,0.99997807,block_ip
7427,1,0.99997807,block_ip
7428,1,0.99997807,block_ip
7429,1,0.99997807,block_ip
7430,1,0.99997807,block_ip
7431,1,0.99997807,block_ip
7432,1,0.99997807,block_ip
7433,1,0.99997807,block_ip
7434,1,0.99997807,block_ip
7435,1,0.99997807,block_ip
7436,1,0.99997807,block_ip
7437,1,0.99997807,block_ip
7438,1,0.99997807,block_ip
7439,1,0.99997807,block_ip
7440,1,0.99997807,block_ip
7441,1,0.99997807,block_ip
7442,1,0.99997807,block_ip
7443,1,0.99997807,block_ip
7444,1,0.99997807,block_ip
7445,1,0.99997807,block_ip
7446,1,0.99997807,block_ip
7447,1,0.99997807,block_ip
7448,1,0.99997807,block_ip
7449,1,0.99997807,block_ip
7450,1,0.99997807,block_ip
7451,1,0.99997807,block_ip
7452,1,0.99997807,block_ip
7453,1,0.99997807,block_ip
7454,1,0.99997807,block_ip
7455,1,0.99997807,block_ip
7456,1,0.99997807,block_ip
7457,1,0.99997807,block_ip
7458,1,0.99997807,block_ip
7459,1,0.99997807,block_ip
7460,1,0.99997807,block_ip
7461,1,0.99997807,block_ip
7462,1,0.99997807,block_ip
7463,1,0.99997807,block_ip
7464,1,0.99997807,block_ip
7465,1,0.99997807,block_ip
7466,1,0.99997807,block_ip
7467,1,0.99997807,block_ip
7468,1,0.99997807,block_ip
7469,1,0.99997807,block_ip
7470,1,0.99997807,block_ip
7471,1,0.99997807,block_ip
7472,1,0.99997807,block_ip
7473,1,0.99997807,block_ip
7474,1,0.99997807,block_ip
7475,1,0.99997807,block_ip
7476,1,0.99997807,block_ip
7477,1,0.99997807,block_ip
7478,1,0.99997807,block_ip
7479,1,0.99997807,block_ip
7480,1,0.99997807,block_ip
7481,1,0.99997807,block_ip
7482,1,0.99997807,block_ip
7483,1,0.99997807,block_ip
7484,1,0.99997807,block_ip
7485,1,0.99997807,block_ip
7486,1,0.99997807,block_ip
7487,1,0.99997807,block_ip
7488,1,0.99997807,block_ip
7489,1,0.99997807,block_ip
7490,1,0.99997807,block_ip
7491,1,0.99997807,block_ip
7492,1,0.99997807,block_ip
7493,1,0.99997807,block_ip
7494,1,0.99997807,block_ip
7495,1,0.99997807,block_ip
7496,1,0.99997807,block_ip
7497,1,0.99997807,block_ip
7498,1,0.99997807,block_ip
7499,1,0.99997807,block_ip
7500,1,0.99997807,block_ip
7501,1,0.99997807,block_ip
7502,1,0.99997807,block_ip
7503,1,0.99997807,block_ip
7504,1,0.99997807,block_ip
7505,1,0.99997807,block_ip
7506,1,0.99997807,block_ip
7507,1,0.99997807,block_ip
7508,1,0.99997807,block_ip
7509,1,0.99997807,block_ip
7510,1,0.99997807,block_ip
7511,1,0.99997807,block_ip
7512,1,0.99997807,block_ip
7513,1,0.99997807,block_ip
7514,1,0.99997807,block_ip
7515,1,0.99997807,block_ip
7516,1,0.99997807,block_ip
7517,1,0.99997807,block_ip
7518,1,0.99997807,block_ip
7519,1,0.99997807,block_ip
7520,1,0.99997807,block_ip
7521,1,0.99997807,block_ip
7522,1,0.99997807,block_ip
7523,1,0.99997807,block_ip
7524,1,0.99997807,block_ip
7525,1,0.99997807,block_ip
7526,1,0.99997807,block_ip
7527,1,0.99997807,block_ip
7528,1,0.99997807,block_ip
7529,1,0.99997807,block_ip
7530,1,0.99997807,block_ip
7531,1,0.99997807,block_ip
7532,1,0.99997807,block_ip
7533,1,0.99997807,block_ip
7534,1,0.99997807,block_ip
7535,1,0.99997807,block_ip
7536,1,0.99997807,block_ip
7537,1,0.99997807,block_ip
7538,1,0.99997807,block_ip
7539,1,0.99997807,block_ip
7540,1,0.99997807,block_ip
7541,1,0.99997807,block_ip
7542,1,0.99997807,block_ip
7543,1,0.99997807,block_ip
7544,1,0.99997807,block_ip
7545,1,0.99997807,block_ip
7546,1,0.99997807,block_ip
7547,1,0.99997807,block_ip
7548,1,0.99997807,block_ip
7549,1,0.99997807,block_ip
7550,1,0.99997807,block_ip
7551,1,0.99997807,block_ip
7552,1,0.99997807,block_ip
7553,1,0.99997807,block_ip
7554,1,0.99997807,block_ip
7555,1,0.99997807,block_ip
7556,1,0.99997807,block_ip
7557,1,0.99997807,block_ip
7558,1,0.99997807,block_ip
7559,1,0.99997807,block_ip
7560,1,0.99997807,block_ip
7561,1,0.99997807,block_ip
7562,1,0.99997807,block_ip
7563,1,0.99997807,block_ip
7564,1,0.99997807,block_ip
7565,1,0.99997807,block_ip
7566,1,0.99997807,block_ip
7567,1,0.99997807,block_ip
7568,1,0.99997807,block_ip
7569,1,0.99997807,block_ip
7570,1,0.99997807,block_ip
7571,1,0.99997807,block_ip
7572,1,0.99997807,block_ip
7573,1,0.99997807,block_ip
7574,1,0.99997807,block_ip
7575,1,0.99997807,block_ip
7576,1,0.99997807,block_ip
7577,1,0.99997807,block_ip
7578,1,0.99997807,block_ip
7579,1,0.99997807,block_ip
7580,1,0.99997807,block_ip
7581,1,0.99997807,block_ip
7582,1,0.99997807,block_ip
7583,1,0.99997807,block_ip
7584,1,0.99997807,block_ip
7585,1,0.99997807,block_ip
7586,1,0.99997807,block_ip
7587,1,0.99997807,block_ip
7588,1,0.99997807,block_ip
7589,1,0.99997807,block_ip
7590,1,0.99997807,block_ip
7591,1,0.99997807,block_ip
7592,1,0.99997807,block_ip
7593,1,0.99997807,block_ip
7594,1,0.99997807,block_ip
7595,1,0.99997807,block_ip
7596,1,0.99997807,block_ip
7597,1,0.99997807,block_ip
7598,1,0.99997807,block_ip
7599,1,0.99997807,block_ip
7600,1,0.99997807,block_ip
7601,1,0.99997807,block_ip
7602,1,0.99997807,block_ip
7603,1,0.99997807,block_ip
7604,1,0.99997807,block_ip
7605,1,0.99997807,block_ip
7606,1,0.99997807,block_ip
7607,1,0.99997807,block_ip
7608,1,0.99997807,block_ip
7609,1,0.99997807,block_ip
7610,1,0.99997807,block_ip
7611,1,0.99997807,block_ip
7612,1,0.99997807,block_ip
7613,1,0.99997807,block_ip
7614,1,0.99997807,block_ip
7615,1,0.99997807,block_ip
7616,1,0.99997807,block_ip
7617,1,0.99997807,block_ip
7618,1,0.99997807,block_ip
7619,1,0.99997807,block_ip
7620,1,0.99997807,block_ip
7621,1,0.99997807,block_ip
7622,1,0.99997807,block_ip
7623,1,0.99997807,block_ip
7624,1,0.99997807,block_ip
7625,1,0.99997807,block_ip
7626,1,0.99997807,block_ip
7627,1,0.99997807,block_ip
7628,1,0.99997807,block_ip
7629,1,0.99997807,block_ip
7630,1,0.99997807,block_ip
7631,1,0.99997807,block_ip
7632,1,0.99997807,block_ip
7633,1,0.99997807,block_ip
7634,1,0.99997807,block_ip
7635,1,0.99997807,block_ip
7636,1,0.99997807,block_ip
7637,1,0.99997807,block_ip
7638,1,0.99997807,block_ip
7639,1,0.99997807,block_ip
7640,1,0.99997807,block_ip
7641,1,0.99997807,block_ip
7642,1,0.99997807,block_ip
7643,1,0.99997807,block_ip
7644,1,0.99997807,block_ip
7645,1,0.99997807,block_ip
7646,1,0.99997807,block_ip
7647,1,0.99997807,block_ip
7648,1,0.99997807,block_ip
7649,1,0.99997807,block_ip
7650,1,0.99997807,block_ip
7651,1,0.99997807,block_ip
7652,1,0.99997807,block_ip
7653,1,0.99997807,block_ip
7654,1,0.99997807,block_ip
7655,1,0.99997807,block_ip
7656,1,0.99997807,block_ip
7657,1,0.99997807,block_ip
7658,1,0.99997807,block_ip
7659,1,0.99997807,block_ip
7660,1,0.99997807,block_ip
7661,1,0.99997807,block_ip
7662,1,0.99997807,block_ip
7663,1,0.99997807,block_ip
7664,1,0.99997807,block_ip
7665,1,0.99997807,block_ip
7666,1,0.99997807,block_ip
7667,1,0.99997807,block_ip
7668,1,0.99997807,block_ip
7669,1,0.99997807,block_ip
7670,1,0.99997807,block_ip
7671,1,0.99997807,block_ip
7672,1,0.99997807,block_ip
7673,1,0.99997807,block_ip
7674,1,0.99997807,block_ip
7675,1,0.99997807,block_ip
7676,1,0.99997807,block_ip
7677,1,0.99997807,block_ip
7678,1,0.99997807,block_ip
7679,1,0.99997807,block_ip
7680,1,0.99997807,block_ip
7681,1,0.99997807,block_ip
7682,1,0.99997807,block_ip
7683,1,0.99997807,block_ip
7684,1,0.99997807,block_ip
7685,1,0.99997807,block_ip
7686,1,0.99997807,block_ip
7687,1,0.99997807,block_ip
7688,1,0.99997807,block_ip
7689,1,0.99997807,block_ip
7690,1,0.99997807,block_ip
7691,1,0.99997807,block_ip
7692,1,0.99997807,block_ip
7693,1,0.99997807,block_ip
7694,1,0.99997807,block_ip
7695,1,0.99997807,block_ip
7696,1,0.99997807,block_ip
7697,1,0.99997807,block_ip
7698,1,0.99997807,block_ip
7699,1,0.99997807,block_ip
7700,1,0.99997807,block_ip
7701,1,0.99997807,block_ip
7702,1,0.99997807,block_ip
7703,1,0.99997807,block_ip
7704,1,0.99997807,block_ip
7705,1,0.99997807,block_ip
7706,1,0.99997807,block_ip
7707,1,0.99997807,block_ip
7708,1,0.99997807,block_ip
7709,1,0.99997807,block_ip
7710,1,0.99997807,block_ip
7711,1,0.99997807,block_ip
7712,1,0.99997807,block_ip
7713,1,0.99997807,block_ip
7714,1,0.99997807,block_ip
7715,1,0.99997807,block_ip
7716,1,0.99997807,block_ip
7717,1,0.99997807,block_ip
7718,1,0.99997807,block_ip
7719,1,0.99997807,block_ip
7720,1,0.99997807,block_ip
7721,1,0.99997807,block_ip
7722,1,0.99997807,block_ip
7723,1,0.99997807,block_ip
7724,1,0.99997807,block_ip
7725,1,0.99997807,block_ip
7726,1,0.99997807,block_ip
7727,1,0.99997807,block_ip
7728,1,0.99997807,block_ip
7729,1,0.99997807,block_ip
7730,1,0.99997807,block_ip
7731,1,0.99997807,block_ip
7732,1,0.99997807,block_ip
7733,1,0.99997807,block_ip
7734,1,0.99997807,block_ip
7735,1,0.99997807,block_ip
7736,1,0.99997807,block_ip
7737,1,0.99997807,block_ip
7738,1,0.99997807,block_ip
7739,1,0.99997807,block_ip
7740,1,0.99997807,block_ip
7741,1,0.99997807,block_ip
7742,1,0.99997807,block_ip
7743,1,0.99997807,block_ip
7744,1,0.99997807,block_ip
7745,1,0.99997807,block_ip
7746,1,0.99997807,block_ip
7747,1,0.99997807,block_ip
7748,1,0.99997807,block_ip
7749,1,0.99997807,block_ip
7750,1,0.99997807,block_ip
7751,1,0.99997807,block_ip
7752,1,0.99997807,block_ip
7753,1,0.99997807,block_ip
7754,1,0.99997807,block_ip
7755,1,0.99997807,block_ip
7756,1,0.99997807,block_ip
7757,1,0.99997807,block_ip
7758,1,0.99997807,block_ip
7759,1,0.99997807,block_ip
7760,1,0.99997807,block_ip
7761,1,0.99997807,block_ip
7762,1,0.99997807,block_ip
7763,1,0.99997807,block_ip
7764,1,0.99997807,block_ip
7765,1,0.99997807,block_ip
7766,1,0.99997807,block_ip
7767,1,0.99997807,block_ip
7768,1,0.99997807,block_ip
7769,1,0.99997807,block_ip
7770,1,0.99997807,block_ip
7771,1,0.99997807,block_ip
7772,1,0.99997807,block_ip
7773,1,0.99997807,block_ip
7774,1,0.99997807,block_ip
7775,1,0.99997807,block_ip
7776,1,0.99997807,block_ip
7777,1,0.99997807,block_ip
7778,1,0.99997807,block_ip
7779,1,0.99997807,block_ip
7780,1,0.99997807,block_ip
7781,1,0.99997807,block_ip
7782,1,0.99997807,block_ip
7783,1,0.99997807,block_ip
7784,1,0.99997807,block_ip
7785,1,0.99997807,block_ip
7786,1,0.99997807,block_ip
7787,1,0.99997807,block_ip
7788,1,0.99997807,block_ip
7789,1,0.99997807,block_ip
7790,1,0.99997807,block_ip
7791,1,0.99997807,block_ip
7792,1,0.99997807,block_ip
7793,1,0.99997807,block_ip
7794,1,0.99997807,block_ip
7795,1,0.99997807,block_ip
7796,1,0.99997807,block_ip
7797,1,0.99997807,block_ip
7798,1,0.99997807,block_ip
7799,1,0.99997807,block_ip
7800,1,0.99997807,block_ip
7801,1,0.99997807,block_ip
7802,1,0.99997807,block_ip
7803,1,0.99997807,block_ip
7804,1,0.99997807,block_ip
7805,1,0.99997807,block_ip
7806,1,0.99997807,block_ip
7807,1,0.99997807,block_ip
7808,1,0.99997807,block_ip
7809,1,0.99997807,block_ip
7810,1,0.99997807,block_ip
7811,1,0.99997807,block_ip
7812,1,0.99997807,block_ip
7813,1,0.99997807,block_ip
7814,1,0.99997807,block_ip
7815,1,0.99997807,block_ip
7816,1,0.99997807,block_ip
7817,1,0.99997807,block_ip
7818,1,0.99997807,block_ip
7819,1,0.99997807,block_ip
7820,1,0.99997807,block_ip
7821,1,0.99997807,block_ip
7822,1,0.99997807,block_ip
7823,1,0.99997807,block_ip
7824,1,0.99997807,block_ip
7825,1,0.99997807,block_ip
7826,1,0.99997807,block_ip
7827,1,0.99997807,block_ip
7828,1,0.99997807,block_ip
7829,1,0.99997807,block_ip
7830,1,0.99997807,block_ip
7831,1,0.99997807,block_ip
7832,1,0.99997807,block_ip
7833,1,0.99997807,block_ip
7834,1,0.99997807,block_ip
7835,1,0.99997807,block_ip
7836,1,0.99997807,block_ip
7837,1,0.99997807,block_ip
7838,1,0.99997807,block_ip
7839,1,0.99997807,block_ip
7840,1,0.99997807,block_ip
7841,1,0.99997807,block_ip
7842,1,0.99997807,block_ip
7843,1,0.99997807,block_ip
7844,1,0.99997807,block_ip
7845,1,0.99997807,block_ip
7846,1,0.99997807,block_ip
7847,1,0.99997807,block_ip
7848,1,0.99997807,block_ip
7849,1,0.99997807,block_ip
7850,1,0.99997807,block_ip
7851,1,0.99997807,block_ip
7852,1,0.99997807,block_ip
7853,1,0.99997807,block_ip
7854,1,0.99997807,block_ip
7855,1,0.99997807,block_ip
7856,1,0.99997807,block_ip
7857,1,0.99997807,block_ip
7858,1,0.99997807,block_ip
7859,1,0.99997807,block_ip
7860,1,0.99997807,block_ip
7861,1,0.99997807,block_ip
7862,1,0.99997807,block_ip
7863,1,0.99997807,block_ip
7864,1,0.99997807,block_ip
7865,1,0.99997807,block_ip
7866,1,0.99997807,block_ip
7867,1,0.99997807,block_ip
7868,1,0.99997807,block_ip
7869,1,0.99997807,block_ip
7870,1,0.99997807,block_ip
7871,1,0.99997807,block_ip
7872,1,0.99997807,block_ip
7873,1,0.99997807,block_ip
7874,1,0.99997807,block_ip
7875,1,0.99997807,block_ip
7876,1,0.99997807,block_ip
7877,1,0.99997807,block_ip
7878,1,0.99997807,block_ip
7879,1,0.99997807,block_ip
7880,1,0.99997807,block_ip
7881,1,0.99997807,block_ip
7882,1,0.99997807,block_ip
7883,1,0.99997807,block_ip
7884,1,0.99997807,block_ip
7885,1,0.99997807,block_ip
7886,1,0.99997807,block_ip
7887,1,0.99997807,block_ip
7888,1,0.99997807,block_ip
7889,1,0.99997807,block_ip
7890,1,0.99997807,block_ip
7891,1,0.99997807,block_ip
7892,1,0.99997807,block_ip
7893,1,0.99997807,block_ip
7894,1,0.99997807,block_ip
7895,1,0.99997807,block_ip
7896,1,0.99997807,block_ip
7897,1,0.99997807,block_ip
7898,1,0.99997807,block_ip
7899,1,0.99997807,block_ip
7900,1,0.99997807,block_ip
7901,1,0.99997807,block_ip
7902,1,0.99997807,block_ip
7903,1,0.99997807,block_ip
7904,1,0.99997807,block_ip
7905,1,0.99997807,block_ip
7906,1,0.99997807,block_ip
7907,1,0.99997807,block_ip
7908,1,0.99997807,block_ip
7909,1,0.99997807,block_ip
7910,1,0.99997807,block_ip
7911,1,0.99997807,block_ip
7912,1,0.99997807,block_ip
7913,1,0.99997807,block_ip
7914,1,0.99997807,block_ip
7915,1,0.99997807,block_ip
7916,1,0.99997807,block_ip
7917,1,0.99997807,block_ip
7918,1,0.99997807,block_ip
7919,1,0.99997807,block_ip
7920,1,0.99997807,block_ip
7921,1,0.99997807,block_ip
7922,1,0.99997807,block_ip
7923,1,0.99997807,block_ip
7924,1,0.99997807,block_ip
7925,1,0.99997807,block_ip
7926,1,0.99997807,block_ip
7927,1,0.99997807,block_ip
7928,1,0.99997807,block_ip
7929,1,0.99997807,block_ip
7930,1,0.99997807,block_ip
7931,1,0.99997807,block_ip
7932,1,0.99997807,block_ip
7933,1,0.99997807,block_ip
7934,1,0.99997807,block_ip
7935,1,0.99997807,block_ip
7936,1,0.99997807,block_ip
7937,1,0.99997807,block_ip
7938,1,0.99997807,block_ip
7939,1,0.99997807,block_ip
7940,1,0.99997807,block_ip
7941,1,0.99997807,block_ip
7942,1,0.99997807,block_ip
7943,1,0.99997807,block_ip
7944,1,0.99997807,block_ip
7945,1,0.99997807,block_ip
7946,1,0.99997807,block_ip
7947,1,0.99997807,block_ip
7948,1,0.99997807,block_ip
7949,1,0.99997807,block_ip
7950,1,0.99997807,block_ip
7951,1,0.99997807,block_ip
7952,1,0.99997807,block_ip
7953,1,0.99997807,block_ip
7954,1,0.99997807,block_ip
7955,1,0.99997807,block_ip
7956,1,0.99997807,block_ip
7957,1,0.99997807,block_ip
7958,1,0.99997807,block_ip
7959,1,0.99997807,block_ip
7960,1,0.99997807,block_ip
7961,1,0.99997807,block_ip
7962,1,0.99997807,block_ip
7963,1,0.99997807,block_ip
7964,1,0.99997807,block_ip
7965,1,0.99997807,block_ip
7966,1,0.99997807,block_ip
7967,1,0.99997807,block_ip
7968,1,0.99997807,block_ip
7969,1,0.99997807,block_ip
7970,1,0.99997807,block_ip
7971,1,0.99997807,block_ip
7972,1,0.99997807,block_ip
7973,1,0.99997807,block_ip
7974,1,0.99997807,block_ip
7975,1,0.99997807,block_ip
7976,1,0.99997807,block_ip
7977,1,0.99997807,block_ip
7978,1,0.99997807,block_ip
7979,1,0.99997807,block_ip
7980,1,0.99997807,block_ip
7981,1,0.99997807,block_ip
7982,1,0.99997807,block_ip
7983,1,0.99997807,block_ip
7984,1,0.99997807,block_ip
7985,1,0.99997807,block_ip
7986,1,0.99997807,block_ip
7987,1,0.99997807,block_ip
7988,1,0.99997807,block_ip
7989,1,0.99997807,block_ip
7990,1,0.99997807,block_ip
7991,1,0.99997807,block_ip
7992,1,0.99997807,block_ip
7993,1,0.99997807,block_ip
7994,1,0.99997807,block_ip
7995,1,0.99997807,block_ip
7996,1,0.99997807,block_ip
7997,1,0.99997807,block_ip
7998,1,0.99997807,block_ip
7999,1,0.99997807,block_ip
8000,0,0.9984262,allow
8001,0,0.9984262,allow
8002,0,0.9984262,allow
8003,0,0.9984262,allow
8004,0,0.9984262,allow
8005,0,0.9984262,allow
8006,0,0.9984262,allow
8007,0,0.9984262,allow
8008,0,0.9984262,allow
8009,0,0.9984262,allow
8010,0,0.9984262,allow
8011,0,0.9984262,allow
8012,0,0.9984262,allow
8013,0,0.9984262,allow
8014,0,0.9984262,allow
8015,0,0.9984262,allow
8016,0,0.9984262,allow
8017,0,0.9984262,allow
8018,0,0.9984262,allow
8019,0,0.9984262,allow
8020,0,0.9984262,allow
8021,0,0.9984262,allow
8022,0,0.9984262,allow
8023,0,0.9984262,allow
8024,0,0.9984262,allow
8025,0,0.9984262,allow
8026,0,0.9984262,allow
8027,0,0.9984262,allow
8028,0,0.9984262,allow
8029,0,0.9984262,allow
8030,0,0.9984262,allow
8031,0,0.9984262,allow
8032,0,0.9984262,allow
8033,0,0.9984262,allow
8034,0,0.9984262,allow
8035,0,0.9984262,allow
8036,0,0.9984262,allow
8037,0,0.9984262,allow
8038,0,0.9984262,allow
8039,0,0.9984262,allow
8040,0,0.9984262,allow
8041,0,0.9984262,allow
8042,0,0.9984262,allow
8043,0,0.9984262,allow
8044,0,0.9984262,allow
8045,0,0.9984262,allow
8046,0,0.9984262,allow
8047,0,0.9984262,allow
8048,0,0.9984262,allow
8049,0,0.9984262,allow
8050,0,0.9984262,allow
8051,0,0.9984262,allow
8052,0,0.9984262,allow
8053,0,0.9984262,allow
8054,0,0.9984262,allow
8055,0,0.9984262,allow
8056,0,0.998407,allow
8057,0,0.998407,allow
8058,0,0.998407,allow
8059,0,0.998407,allow
8060,0,0.998407,allow
8061,0,0.998407,allow
8062,0,0.998407,allow
8063,0,0.998407,allow
8064,0,0.998407,allow
8065,0,0.998407,allow
8066,0,0.998407,allow
8067,0,0.998407,allow
8068,0,0.998407,allow
8069,0,0.998407,allow
8070,0,0.998407,allow
8071,0,0.998407,allow
8072,0,0.998407,allow
8073,0,0.9984262,allow
8074,0,0.998407,allow
8075,0,0.998407,allow
8076,0,0.9984262,allow
8077,0,0.9984262,allow
8078,0,0.9984262,allow
8079,0,0.9984262,allow
8080,0,0.9984262,allow
8081,0,0.9984262,allow
8082,0,0.9984262,allow
8083,0,0.9984262,allow
8084,0,0.9984262,allow
8085,0,0.9984262,allow
8086,0,0.9984262,allow
8087,0,0.9984262,allow
8088,0,0.9984262,allow
8089,0,0.9984262,allow
8090,0,0.9984262,allow
8091,0,0.9984262,allow
8092,0,0.9984262,allow
8093,0,0.9984262,allow
8094,0,0.9984262,allow
8095,0,0.9984262,allow
8096,0,0.9984262,allow
8097,0,0.9984262,allow
8098,0,0.9984262,allow
8099,0,0.9984262,allow
8100,0,0.9984262,allow
8101,0,0.9984262,allow
8102,0,0.9984262,allow
8103,0,0.9984262,allow
8104,0,0.9984262,allow
8105,0,0.9984262,allow
8106,0,0.9984262,allow
8107,0,0.9984262,allow
8108,0,0.9984262,allow
8109,0,0.9984262,allow
8110,0,0.9984262,allow
8111,0,0.9984262,allow
8112,0,0.9984262,allow
8113,0,0.9984262,allow
8114,0,0.9984262,allow
8115,0,0.9984262,allow
8116,0,0.9984262,allow
8117,0,0.9984262,allow
8118,0,0.9984262,allow
8119,0,0.9984262,allow
8120,0,0.9984262,allow
8121,0,0.9984262,allow
8122,0,0.9984262,allow
8123,0,0.9984262,allow
8124,0,0.9984262,allow
8125,0,0.9984262,allow
8126,0,0.9984262,allow
8127,0,0.9984262,allow
8128,0,0.9984262,allow
8129,0,0.9984262,allow
8130,0,0.9984262,allow
8131,0,0.9984262,allow
8132,0,0.9984262,allow
8133,0,0.9984262,allow
8134,0,0.9984262,allow
8135,0,0.9984262,allow
8136,0,0.9984262,allow
8137,0,0.9984262,allow
8138,0,0.9984262,allow
8139,0,0.9984262,allow
8140,0,0.9984262,allow
8141,0,0.9984262,allow
8142,0,0.9984262,allow
8143,0,0.9984262,allow
8144,0,0.9984262,allow
8145,0,0.9984262,allow
8146,0,0.9984262,allow
8147,0,0.9984262,allow
8148,0,0.9984262,allow
8149,0,0.9984262,allow
8150,0,0.9984262,allow
8151,0,0.9984262,allow
8152,0,0.9984262,allow
8153,0,0.9984262,allow
8154,0,0.9984262,allow
8155,0,0.9984262,allow
8156,0,0.9984262,allow
8157,0,0.9984262,allow
8158,0,0.9984262,allow
8159,0,0.9984262,allow
8160,0,0.9984262,allow
8161,0,0.9984262,allow
8162,0,0.9984262,allow
8163,0,0.9984262,allow
8164,0,0.9984262,allow
8165,0,0.9984262,allow
8166,0,0.9984262,allow
8167,0,0.9984262,allow
8168,0,0.9984262,allow
8169,0,0.9984262,allow
8170,0,0.9984262,allow
8171,0,0.9984262,allow
8172,0,0.9984262,allow
8173,0,0.9984262,allow
8174,0,0.9984262,allow
8175,0,0.9984262,allow
8176,0,0.9984262,allow
8177,0,0.9984262,allow
8178,0,0.9984262,allow
8179,0,0.9984262,allow
8180,0,0.9984262,allow
8181,0,0.9984262,allow
8182,0,0.9984262,allow
8183,0,0.9984262,allow
8184,0,0.9984262,allow
8185,0,0.9984262,allow
8186,0,0.9984262,allow
8187,0,0.9984262,allow
8188,0,0.9984262,allow
8189,0,0.9984262,allow
8190,0,0.9984262,allow
8191,0,0.9984262,allow
8192,0,0.9984262,allow
8193,0,0.9984262,allow
8194,0,0.9984262,allow
8195,0,0.9984262,allow
8196,0,0.9984262,allow
8197,0,0.9984262,allow
8198,0,0.9984262,allow
8199,0,0.9984262,allow
8200,0,0.9984262,allow
8201,0,0.9984262,allow
8202,0,0.9984262,allow
8203,0,0.9984262,allow
8204,0,0.9984262,allow
8205,0,0.9984262,allow
8206,0,0.9984262,allow
8207,0,0.9984262,allow
8208,0,0.9984262,allow
8209,0,0.9984262,allow
8210,0,0.9984262,allow
8211,0,0.9984262,allow
8212,0,0.9984262,allow
8213,0,0.9984262,allow
8214,0,0.9984262,allow
8215,0,0.9984262,allow
8216,0,0.9984262,allow
8217,0,0.9984262,allow
8218,0,0.9984262,allow
8219,0,0.9984262,allow
8220,0,0.9987725,allow
8221,0,0.9987725,allow
8222,0,0.9987725,allow
8223,0,0.9987725,allow
8224,0,0.9987725,allow
8225,0,0.9987725,allow
8226,0,0.9987725,allow
8227,0,0.9987725,allow
8228,0,0.99877775,allow
8229,0,0.99877775,allow
8230,0,0.99877775,allow
8231,0,0.99870545,allow
8232,0,0.99870545,allow
8233,0,0.99870545,allow
8234,0,0.99870545,allow
8235,0,0.99870545,allow
8236,0,0.99870545,allow
8237,0,0.99870545,allow
8238,0,0.99870545,allow
8239,0,0.99870545,allow
8240,0,0.99870545,allow
8241,0,0.99870545,allow
8242,0,0.99870545,allow
8243,0,0.99870545,allow
8244,0,0.99870545,allow
8245,0,0.99870545,allow
8246,0,0.99870545,allow
8247,0,0.99870545,allow
8248,0,0.99870545,allow
8249,0,0.99870545,allow
8250,0,0.99870545,allow
8251,0,0.99870545,allow
8252,0,0.99870545,allow
8253,0,0.99870545,allow
8254,0,0.99870545,allow
8255,0,0.99870545,allow
8256,0,0.99870545,allow
8257,0,0.99870545,allow
8258,0,0.99870545,allow
8259,0,0.99870545,allow
8260,0,0.99870545,allow
8261,0,0.99870545,allow
8262,0,0.99870545,allow
8263,0,0.99870545,allow
8264,0,0.99870545,allow
8265,0,0.99870545,allow
8266,0,0.99870545,allow
8267,0,0.99870545,allow
8268,0,0.99870545,allow
8269,0,0.99870545,allow
8270,0,0.99870545,allow
8271,0,0.99870545,allow
8272,0,0.99870545,allow
8273,0,0.99870545,allow
8274,0,0.99870545,allow
8275,0,0.99870545,allow
8276,0,0.99870545,allow
8277,0,0.99870545,allow
8278,0,0.99870545,allow
8279,0,0.99870545,allow
8280,0,0.99870545,allow
8281,0,0.99870545,allow
8282,0,0.99870545,allow
8283,0,0.99870545,allow
8284,0,0.99870545,allow
8285,0,0.99870545,allow
8286,0,0.99870545,allow
8287,0,0.99870545,allow
8288,0,0.99870545,allow
8289,0,0.99870545,allow
8290,0,0.99870545,allow
8291,0,0.99870545,allow
8292,0,0.99870545,allow
8293,0,0.99870545,allow
8294,0,0.99870545,allow
8295,0,0.99870545,allow
8296,0,0.99870545,allow
8297,0,0.99870545,allow
8298,0,0.99870545,allow
8299,0,0.99870545,allow
8300,0,0.99870545,allow
8301,0,0.99870545,allow
8302,0,0.99870545,allow
8303,0,0.99870545,allow
8304,0,0.99870545,allow
8305,0,0.99870545,allow
8306,0,0.99870545,allow
8307,0,0.99870545,allow
8308,0,0.99870545,allow
8309,0,0.99870545,allow
8310,0,0.99870545,allow
8311,0,0.99870545,allow
8312,0,0.99870545,allow
8313,0,0.99870545,allow
8314,0,0.99870545,allow
8315,0,0.99870545,allow
8316,0,0.99870545,allow
8317,0,0.99870545,allow
8318,0,0.99870545,allow
8319,0,0.99870545,allow
8320,0,0.99870545,allow
8321,0,0.99870545,allow
8322,0,0.99870545,allow
8323,0,0.99870545,allow
8324,0,0.99870545,allow
8325,0,0.99870545,allow
8326,0,0.99870545,allow
8327,0,0.99870545,allow
8328,0,0.99870545,allow
8329,0,0.99870545,allow
8330,0,0.99870545,allow
8331,0,0.99870545,allow
8332,0,0.99870545,allow
8333,0,0.99870545,allow
8334,0,0.99870545,allow
8335,0,0.99870545,allow
8336,0,0.99870545,allow
8337,0,0.99870545,allow
8338,0,0.99870545,allow
8339,0,0.99870545,allow
8340,0,0.99870545,allow
8341,0,0.99870545,allow
8342,0,0.99870545,allow
8343,0,0.99870545,allow
8344,0,0.99870545,allow
8345,0,0.99870545,allow
8346,0,0.99870545,allow
8347,0,0.99870545,allow
8348,0,0.99870545,allow
8349,0,0.99870545,allow
8350,0,0.99870545,allow
8351,0,0.99870545,allow
8352,0,0.99870545,allow
8353,0,0.99870545,allow
8354,0,0.99870545,allow
8355,0,0.99870545,allow
8356,0,0.99870545,allow
8357,0,0.99870545,allow
8358,0,0.99870545,allow
8359,0,0.99870545,allow
8360,0,0.99870545,allow
8361,0,0.99870545,allow
8362,0,0.99870545,allow
8363,0,0.99870545,allow
8364,0,0.99870545,allow
8365,0,0.99870545,allow
8366,0,0.99870545,allow
8367,0,0.99870545,allow
8368,0,0.99870545,allow
8369,0,0.99870545,allow
8370,0,0.99870545,allow
8371,0,0.99870545,allow
8372,0,0.99870545,allow
8373,0,0.99870545,allow
8374,0,0.99870545,allow
8375,0,0.99870545,allow
8376,0,0.99870545,allow
8377,0,0.99870545,allow
8378,0,0.99870545,allow
8379,0,0.99870545,allow
8380,0,0.99870545,allow
8381,0,0.99870545,allow
8382,0,0.99870545,allow
8383,0,0.99870545,allow
8384,0,0.99870545,allow
8385,0,0.99870545,allow
8386,0,0.99870545,allow
8387,0,0.99870545,allow
8388,0,0.99870545,allow
8389,0,0.99870545,allow
8390,0,0.99870545,allow
8391,0,0.99870545,allow
8392,0,0.99870545,allow
8393,0,0.99870545,allow
8394,0,0.99870545,allow
8395,0,0.99870545,allow
8396,0,0.99870545,allow
8397,0,0.99870545,allow
8398,0,0.99870545,allow
8399,0,0.99870545,allow
8400,0,0.99870545,allow
8401,0,0.99870545,allow
8402,0,0.99870545,allow
8403,0,0.99870545,allow
8404,0,0.99870545,allow
8405,0,0.99870545,allow
8406,0,0.99870545,allow
8407,0,0.99870545,allow
8408,0,0.99870545,allow
8409,0,0.99870545,allow
8410,0,0.99870545,allow
8411,0,0.99870545,allow
8412,0,0.99870545,allow
8413,0,0.99870545,allow
8414,0,0.99870545,allow
8415,0,0.99870545,allow
8416,0,0.99870545,allow
8417,0,0.99870545,allow
8418,0,0.99870545,allow
8419,0,0.99870545,allow
8420,0,0.99870545,allow
8421,0,0.99870545,allow
8422,0,0.998715,allow
8423,0,0.998715,allow
8424,0,0.998715,allow
8425,0,0.998715,allow
8426,0,0.998715,allow
8427,0,0.998715,allow
8428,0,0.998715,allow
8429,0,0.998715,allow
8430,0,0.998715,allow
8431,0,0.998715,allow
8432,0,0.998715,allow
8433,0,0.998715,allow
8434,0,0.998715,allow
8435,0,0.998715,allow
8436,0,0.9983525,allow
8437,0,0.9983525,allow
8438,0,0.9983525,allow
8439,0,0.9983525,allow
8440,0,0.9983525,allow
8441,0,0.9983525,allow
8442,0,0.9983525,allow
8443,0,0.9983525,allow
8444,0,0.9983525,allow
8445,0,0.9983525,allow
8446,0,0.9983525,allow
8447,0,0.9983525,allow
8448,0,0.9983525,allow
8449,0,0.9983525,allow
8450,0,0.9983525,allow
8451,0,0.9983525,allow
8452,0,0.9983525,allow
8453,0,0.9983525,allow
8454,0,0.9983525,allow
8455,0,0.9983525,allow
8456,0,0.9983525,allow
8457,0,0.9983525,allow
8458,0,0.9983525,allow
8459,0,0.9983525,allow
8460,0,0.9983525,allow
8461,0,0.9983525,allow
8462,0,0.9983525,allow
8463,0,0.9983525,allow
8464,0,0.9983525,allow
8465,0,0.9983525,allow
8466,0,0.9983525,allow
8467,0,0.9983525,allow
8468,0,0.9983525,allow
8469,0,0.9983525,allow
8470,0,0.9983525,allow
8471,0,0.9983525,allow
8472,0,0.9983525,allow
8473,0,0.9983525,allow
8474,0,0.9983525,allow
8475,0,0.9983525,allow
8476,0,0.9983525,allow
8477,0,0.9983525,allow
8478,0,0.9983525,allow
8479,0,0.9983525,allow
8480,0,0.9983525,allow
8481,0,0.9983525,allow
8482,0,0.9983525,allow
8483,0,0.9983525,allow
8484,0,0.9983525,allow
8485,0,0.9983525,allow
8486,0,0.9983525,allow
8487,0,0.9983525,allow
8488,0,0.9983525,allow
8489,0,0.9983525,allow
8490,0,0.9983525,allow
8491,0,0.9983525,allow
8492,0,0.9983525,allow
8493,0,0.9983525,allow
8494,0,0.9983525,allow
8495,0,0.9983525,allow
8496,0,0.998715,allow
8497,0,0.998715,allow
8498,0,0.998715,allow
8499,0,0.998715,allow
8500,0,0.998715,allow
8501,0,0.998715,allow
8502,0,0.998715,allow
8503,0,0.998715,allow
8504,0,0.998715,allow
8505,0,0.998715,allow
8506,0,0.998715,allow
8507,0,0.998715,allow
8508,0,0.998715,allow
8509,0,0.998715,allow
8510,0,0.998715,allow
8511,0,0.998715,allow
8512,0,0.998715,allow
8513,0,0.998715,allow
8514,0,0.998715,allow
8515,0,0.998715,allow
8516,0,0.998715,allow
8517,0,0.998715,allow
8518,0,0.998715,allow
8519,0,0.998715,allow
8520,0,0.998715,allow
8521,0,0.998715,allow
8522,0,0.998715,allow
8523,0,0.998715,allow
8524,0,0.998715,allow
8525,0,0.998715,allow
8526,0,0.998715,allow
8527,0,0.998715,allow
8528,0,0.998715,allow
8529,0,0.998715,allow
8530,0,0.998715,allow
8531,0,0.998715,allow
8532,0,0.998715,allow
8533,0,0.998715,allow
8534,0,0.998715,allow
8535,0,0.998715,allow
8536,0,0.998715,allow
8537,0,0.998715,allow
8538,0,0.998715,allow
8539,0,0.998715,allow
8540,0,0.998715,allow
8541,0,0.998715,allow
8542,0,0.998715,allow
8543,0,0.998715,allow
8544,0,0.998715,allow
8545,0,0.998715,allow
8546,0,0.998715,allow
8547,0,0.998715,allow
8548,0,0.998715,allow
8549,0,0.998715,allow
8550,0,0.998715,allow
8551,0,0.998715,allow
8552,0,0.998715,allow
8553,0,0.998715,allow
8554,0,0.998715,allow
8555,0,0.998715,allow
8556,0,0.998715,allow
8557,0,0.998715,allow
8558,0,0.998715,allow
8559,0,0.998715,allow
8560,0,0.998715,allow
8561,0,0.998715,allow
8562,0,0.998715,allow
8563,0,0.998715,allow
8564,0,0.998715,allow
8565,0,0.998715,allow
8566,0,0.998715,allow
8567,0,0.998715,allow
8568,0,0.998715,allow
8569,0,0.998715,allow
8570,0,0.998715,allow
8571,0,0.998715,allow
8572,0,0.998715,allow
8573,0,0.998715,allow
8574,0,0.998715,allow
8575,0,0.998715,allow
8576,0,0.998715,allow
8577,0,0.998715,allow
8578,0,0.998715,allow
8579,0,0.998715,allow
8580,0,0.998715,allow
8581,0,0.998715,allow
8582,0,0.998715,allow
8583,0,0.998715,allow
8584,0,0.998715,allow
8585,0,0.998715,allow
8586,0,0.998715,allow
8587,0,0.998715,allow
8588,0,0.998715,allow
8589,0,0.998715,allow
8590,0,0.998715,allow
8591,0,0.998715,allow
8592,0,0.998715,allow
8593,0,0.998715,allow
8594,0,0.998715,allow
8595,0,0.998715,allow
8596,0,0.998715,allow
8597,0,0.998715,allow
8598,0,0.998715,allow
8599,0,0.998715,allow
8600,0,0.998715,allow
8601,0,0.998715,allow
8602,0,0.998715,allow
8603,0,0.998715,allow
8604,0,0.998715,allow
8605,0,0.998715,allow
8606,0,0.998715,allow
8607,0,0.998715,allow
8608,0,0.998715,allow
8609,0,0.998715,allow
8610,0,0.998715,allow
8611,0,0.998715,allow
8612,0,0.998715,allow
8613,0,0.998715,allow
8614,0,0.998715,allow
8615,0,0.998715,allow
8616,0,0.998715,allow
8617,0,0.998715,allow
8618,0,0.998715,allow
8619,0,0.998715,allow
8620,0,0.998715,allow
8621,0,0.998715,allow
8622,0,0.998715,allow
8623,0,0.998715,allow
8624,0,0.998715,allow
8625,0,0.998715,allow
8626,0,0.998715,allow
8627,0,0.998715,allow
8628,0,0.998715,allow
8629,0,0.998715,allow
8630,0,0.998715,allow
8631,0,0.998715,allow
8632,0,0.998715,allow
8633,0,0.998715,allow
8634,0,0.998715,allow
8635,0,0.998715,allow
8636,0,0.998715,allow
8637,0,0.998715,allow
8638,0,0.998715,allow
8639,0,0.998715,allow
8640,0,0.998715,allow
8641,0,0.998715,allow
8642,0,0.998715,allow
8643,0,0.998715,allow
8644,0,0.998715,allow
8645,0,0.998715,allow
8646,0,0.998715,allow
8647,0,0.998715,allow
8648,0,0.998715,allow
8649,0,0.998715,allow
8650,0,0.998715,allow
8651,0,0.998715,allow
8652,0,0.998715,allow
8653,0,0.998715,allow
8654,0,0.998715,allow
8655,0,0.998715,allow
8656,0,0.998715,allow
8657,0,0.998715,allow
8658,0,0.998715,allow
8659,0,0.998715,allow
8660,0,0.998715,allow
8661,0,0.998715,allow
8662,0,0.998715,allow
8663,0,0.998715,allow
8664,0,0.998715,allow
8665,0,0.998715,allow
8666,0,0.998715,allow
8667,0,0.998715,allow
8668,0,0.998715,allow
8669,0,0.998715,allow
8670,0,0.998715,allow
8671,0,0.998715,allow
8672,0,0.998715,allow
8673,0,0.998715,allow
8674,0,0.998715,allow
8675,0,0.998715,allow
8676,0,0.998715,allow
8677,0,0.998715,allow
8678,0,0.998715,allow
8679,0,0.998715,allow
8680,0,0.998715,allow
8681,0,0.998715,allow
8682,0,0.998715,allow
8683,0,0.998715,allow
8684,0,0.998715,allow
8685,0,0.998715,allow
8686,0,0.998715,allow
8687,0,0.998715,allow
8688,0,0.998715,allow
8689,0,0.998715,allow
8690,0,0.998715,allow
8691,0,0.998715,allow
8692,0,0.998715,allow
8693,0,0.998715,allow
8694,0,0.998715,allow
8695,0,0.998715,allow
8696,0,0.998715,allow
8697,0,0.998715,allow
8698,0,0.998715,allow
8699,0,0.998715,allow
8700,0,0.998715,allow
8701,0,0.998715,allow
8702,0,0.998715,allow
8703,0,0.998715,allow
8704,0,0.998715,allow
8705,0,0.998715,allow
8706,0,0.998715,allow
8707,0,0.998715,allow
8708,0,0.998715,allow
8709,0,0.998715,allow
8710,0,0.998715,allow
8711,0,0.998715,allow
8712,0,0.998715,allow
8713,0,0.998715,allow
8714,0,0.998715,allow
8715,0,0.998715,allow
8716,0,0.998715,allow
8717,0,0.998715,allow
8718,0,0.998715,allow
8719,0,0.998715,allow
8720,0,0.998715,allow
8721,0,0.998715,allow
8722,0,0.998715,allow
8723,0,0.998715,allow
8724,0,0.998715,allow
8725,0,0.9987853,allow
8726,0,0.9987853,allow
8727,0,0.9987853,allow
8728,0,0.9987853,allow
8729,0,0.9987853,allow
8730,0,0.9987853,allow
8731,0,0.9987853,allow
8732,0,0.9987853,allow
8733,0,0.9987853,allow
8734,0,0.9987853,allow
8735,0,0.9987853,allow
8736,0,0.9987853,allow
8737,0,0.9987853,allow
8738,0,0.9987853,allow
8739,0,0.9987853,allow
8740,0,0.9987853,allow
8741,0,0.9987853,allow
8742,0,0.9987853,allow
8743,0,0.9987853,allow
8744,0,0.9987853,allow
8745,0,0.9987853,allow
8746,0,0.9987853,allow
8747,0,0.9987853,allow
8748,0,0.9987853,allow
8749,0,0.9987853,allow
8750,0,0.9987853,allow
8751,0,0.9987853,allow
8752,0,0.9987853,allow
8753,0,0.9987853,allow
8754,0,0.9987853,allow
8755,0,0.9987853,allow
8756,0,0.9987853,allow
8757,0,0.9987853,allow
8758,0,0.9987853,allow
8759,0,0.9987853,allow
8760,0,0.9987853,allow
8761,0,0.9987853,allow
8762,0,0.9987853,allow
8763,0,0.9987853,allow
8764,0,0.9987853,allow
8765,0,0.9987853,allow
8766,0,0.9987853,allow
8767,0,0.9987853,allow
8768,0,0.9987853,allow
8769,0,0.9987853,allow
8770,0,0.9987853,allow
8771,0,0.9987853,allow
8772,0,0.9987853,allow
8773,0,0.9987853,allow
8774,0,0.9987853,allow
8775,0,0.9987853,allow
8776,0,0.9987853,allow
8777,0,0.9987853,allow
8778,0,0.9987853,allow
8779,0,0.9987853,allow
8780,0,0.9987853,allow
8781,0,0.9987853,allow
8782,0,0.9987853,allow
8783,0,0.9987853,allow
8784,0,0.9987853,allow
8785,0,0.9987853,allow
8786,0,0.9987853,allow
8787,0,0.9987853,allow
8788,0,0.9987853,allow
8789,0,0.9987853,allow
8790,0,0.9987853,allow
8791,0,0.9987853,allow
8792,0,0.9987853,allow
8793,0,0.9987853,allow
8794,0,0.9987853,allow
8795,0,0.9987853,allow
8796,0,0.9987853,allow
8797,0,0.9987853,allow
8798,0,0.9987853,allow
8799,0,0.9987853,allow
8800,0,0.9987853,allow
8801,0,0.9987853,allow
8802,0,0.9987853,allow
8803,0,0.9987853,allow
8804,0,0.9987853,allow
8805,0,0.9987853,allow
8806,0,0.9987853,allow
8807,0,0.9987853,allow
8808,0,0.9987853,allow
8809,0,0.9987853,allow
8810,0,0.9987853,allow
8811,0,0.9987853,allow
8812,0,0.9987853,allow
8813,0,0.9987853,allow
8814,0,0.9987853,allow
8815,0,0.9987853,allow
8816,0,0.9987853,allow
8817,0,0.9987853,allow
8818,0,0.9987853,allow
8819,0,0.9987853,allow
8820,0,0.9987853,allow
8821,0,0.9987853,allow
8822,0,0.9987853,allow
8823,0,0.9987853,allow
8824,0,0.9987853,allow
8825,0,0.9987853,allow
8826,0,0.9987853,allow
8827,0,0.9987853,allow
8828,0,0.9987853,allow
8829,0,0.9987853,allow
8830,0,0.9987853,allow
8831,0,0.9987853,allow
8832,0,0.9987853,allow
8833,0,0.9987853,allow
8834,0,0.9987853,allow
8835,0,0.9987853,allow
8836,0,0.9987853,allow
8837,0,0.9987853,allow
8838,0,0.9987853,allow
8839,0,0.9987853,allow
8840,0,0.9987853,allow
8841,0,0.9987853,allow
8842,0,0.9987853,allow
8843,0,0.9987853,allow
8844,0,0.9987853,allow
8845,0,0.9987853,allow
8846,0,0.9987853,allow
8847,0,0.9987853,allow
8848,0,0.9987853,allow
8849,0,0.9987853,allow
8850,0,0.9987853,allow
8851,0,0.9987853,allow
8852,0,0.9987853,allow
8853,0,0.9987853,allow
8854,0,0.9987853,allow
8855,0,0.9987853,allow
8856,0,0.9987853,allow
8857,0,0.9987853,allow
8858,0,0.9987853,allow
8859,0,0.9987853,allow
8860,0,0.9987853,allow
8861,0,0.9987853,allow
8862,0,0.9987853,allow
8863,0,0.9987853,allow
8864,0,0.9987853,allow
8865,0,0.9987853,allow
8866,0,0.9987853,allow
8867,0,0.9987853,allow
8868,0,0.9987853,allow
8869,0,0.9987853,allow
8870,0,0.9987853,allow
8871,0,0.9987853,allow
8872,0,0.9987853,allow
8873,0,0.9987853,allow
8874,0,0.9987853,allow
8875,0,0.9987853,allow
8876,0,0.9987853,allow
8877,0,0.9987853,allow
8878,0,0.9987853,allow
8879,0,0.9987853,allow
8880,0,0.9987853,allow
8881,0,0.9987853,allow
8882,0,0.9987853,allow
8883,0,0.9987853,allow
8884,0,0.9987853,allow
8885,0,0.9987853,allow
8886,0,0.9987853,allow
8887,0,0.9987853,allow
8888,0,0.9987853,allow
8889,0,0.9987853,allow
8890,0,0.9987853,allow
8891,0,0.9987853,allow
8892,0,0.9987853,allow
8893,0,0.9987853,allow
8894,0,0.9987853,allow
8895,0,0.9987853,allow
8896,0,0.9987853,allow
8897,0,0.9987853,allow
8898,0,0.9987853,allow
8899,0,0.9987853,allow
8900,0,0.9987853,allow
8901,0,0.9987853,allow
8902,0,0.9987853,allow
8903,0,0.9987853,allow
8904,0,0.9987853,allow
8905,0,0.9987853,allow
8906,0,0.9987853,allow
8907,0,0.9987853,allow
8908,0,0.9987853,allow
8909,0,0.9987853,allow
8910,0,0.9987853,allow
8911,0,0.9987853,allow
8912,0,0.9987853,allow
8913,0,0.9987853,allow
8914,0,0.9987853,allow
8915,0,0.9987853,allow
8916,0,0.9987853,allow
8917,0,0.9987853,allow
8918,0,0.9987853,allow
8919,0,0.9987853,allow
8920,0,0.9987853,allow
8921,0,0.9987853,allow
8922,0,0.9987853,allow
8923,0,0.9987853,allow
8924,0,0.9987853,allow
8925,0,0.9987853,allow
8926,0,0.9987853,allow
8927,0,0.9987853,allow
8928,0,0.9987853,allow
8929,0,0.9987853,allow
8930,0,0.9987853,allow
8931,0,0.9987853,allow
8932,0,0.9987853,allow
8933,0,0.9987853,allow
8934,0,0.9987853,allow
8935,0,0.9987853,allow
8936,0,0.9987853,allow
8937,0,0.9987853,allow
8938,0,0.9987853,allow
8939,0,0.9987853,allow
8940,0,0.9987853,allow
8941,0,0.9987853,allow
8942,0,0.9987853,allow
8943,0,0.9987853,allow
8944,0,0.9987853,allow
8945,0,0.9987853,allow
8946,0,0.9987853,allow
8947,0,0.9987853,allow
8948,0,0.9987853,allow
8949,0,0.9987853,allow
8950,0,0.9987853,allow
8951,0,0.9987853,allow
8952,0,0.9987853,allow
8953,0,0.9987853,allow
8954,0,0.9987853,allow
8955,0,0.9987853,allow
8956,0,0.9987853,allow
8957,0,0.9987853,allow
8958,0,0.9987853,allow
8959,0,0.9987853,allow
8960,0,0.9987853,allow
8961,0,0.9987853,allow
8962,0,0.9987853,allow
8963,0,0.9987853,allow
8964,0,0.9987853,allow
8965,0,0.9987853,allow
8966,0,0.9987853,allow
8967,0,0.9987853,allow
8968,0,0.9987853,allow
8969,0,0.9987853,allow
8970,0,0.9987853,allow
8971,0,0.9987853,allow
8972,0,0.9987853,allow
8973,0,0.9987853,allow
8974,0,0.9987853,allow
8975,0,0.9987853,allow
8976,0,0.9987853,allow
8977,0,0.9987853,allow
8978,0,0.9987853,allow
8979,0,0.9987853,allow
8980,0,0.9987853,allow
8981,0,0.9987853,allow
8982,0,0.9987853,allow
8983,0,0.9987853,allow
8984,0,0.9987853,allow
8985,0,0.9987853,allow
8986,0,0.9987853,allow
8987,0,0.9987853,allow
8988,0,0.9987853,allow
8989,0,0.9987853,allow
8990,0,0.9987853,allow
8991,0,0.9987853,allow
8992,0,0.9987853,allow
8993,0,0.9987853,allow
8994,0,0.9987853,allow
8995,0,0.9987853,allow
8996,0,0.9987853,allow
8997,0,0.9987853,allow
8998,0,0.9987853,allow
8999,0,0.9987853,allow
9000,0,0.9999691,allow
9001,0,0.9999691,allow
9002,0,0.9999691,allow
9003,0,0.9999691,allow
9004,0,0.9999691,allow
9005,0,0.9999691,allow
9006,0,0.9999691,allow
9007,0,0.9999708,allow
9008,0,0.9999708,allow
9009,0,0.9999708,allow
9010,0,0.9999708,allow
9011,0,0.9999708,allow
9012,0,0.9999708,allow
9013,0,0.9999708,allow
9014,0,0.9999708,allow
9015,0,0.9999708,allow
9016,0,0.9999708,allow
9017,0,0.9999708,allow
9018,0,0.9999708,allow
9019,0,0.9999708,allow
9020,0,0.9999708,allow
9021,0,0.9999708,allow
9022,0,0.9999708,allow
9023,0,0.9999708,allow
9024,0,0.9999708,allow
9025,0,0.9999708,allow
9026,0,0.9999708,allow
9027,0,0.9999708,allow
9028,0,0.9999708,allow
9029,0,0.9999708,allow
9030,0,0.9999708,allow
9031,0,0.9999708,allow
9032,0,0.9999708,allow
9033,0,0.9999708,allow
9034,0,0.9999708,allow
9035,0,0.9999708,allow
9036,0,0.9999708,allow
9037,0,0.9999708,allow
9038,0,0.9999708,allow
9039,0,0.9999708,allow
9040,0,0.9999708,allow
9041,0,0.9999708,allow
9042,0,0.9999708,allow
9043,0,0.9999708,allow
9044,0,0.9999708,allow
9045,0,0.9999708,allow
9046,0,0.9999708,allow
9047,0,0.9999708,allow
9048,0,0.9999708,allow
9049,0,0.9999708,allow
9050,0,0.9999708,allow
9051,0,0.9999708,allow
9052,0,0.9999708,allow
9053,0,0.9999708,allow
9054,0,0.9999708,allow
9055,0,0.9999708,allow
9056,0,0.9999708,allow
9057,0,0.9999708,allow
9058,0,0.9999708,allow
9059,0,0.9999708,allow
9060,0,0.9999708,allow
9061,0,0.9999708,allow
9062,0,0.9999708,allow
9063,0,0.9999708,allow
9064,0,0.9999708,allow
9065,0,0.9999708,allow
9066,0,0.9999708,allow
9067,0,0.9999708,allow
9068,0,0.9999708,allow
9069,0,0.9999708,allow
9070,0,0.9999708,allow
9071,0,0.9999708,allow
9072,0,0.9999708,allow
9073,0,0.9999708,allow
9074,0,0.9999708,allow
9075,0,0.9999708,allow
9076,0,0.9999708,allow
9077,0,0.9999708,allow
9078,0,0.9999708,allow
9079,0,0.9999708,allow
9080,0,0.9999708,allow
9081,0,0.9999708,allow
9082,0,0.9999708,allow
9083,0,0.9999709,allow
9084,0,0.9999709,allow
9085,0,0.9999709,allow
9086,0,0.9999709,allow
9087,0,0.9999709,allow
9088,0,0.9999709,allow
9089,0,0.9999709,allow
9090,0,0.9999709,allow
9091,0,0.9999709,allow
9092,0,0.9999709,allow
9093,0,0.9999709,allow
9094,0,0.9999709,allow
9095,0,0.9999709,allow
9096,0,0.9999709,allow
9097,0,0.9999709,allow
9098,0,0.9999709,allow
9099,0,0.9999709,allow
9100,0,0.9999709,allow
9101,0,0.9999709,allow
9102,0,0.9999709,allow
9103,0,0.9999709,allow
9104,0,0.9999709,allow
9105,0,0.9999709,allow
9106,0,0.9999709,allow
9107,0,0.9999709,allow
9108,0,0.99997115,allow
9109,0,0.99997115,allow
9110,0,0.99997115,allow
9111,0,0.99997115,allow
9112,0,0.99997115,allow
9113,0,0.99997115,allow
9114,0,0.99997115,allow
9115,0,0.99997115,allow
9116,0,0.99997115,allow
9117,0,0.99997115,allow
9118,0,0.99997115,allow
9119,0,0.99997115,allow
9120,0,0.99997115,allow
9121,0,0.99997115,allow
9122,0,0.99997115,allow
9123,0,0.99997115,allow
9124,0,0.99997115,allow
9125,0,0.99997115,allow
9126,0,0.99997115,allow
9127,0,0.99997115,allow
9128,0,0.99997115,allow
9129,0,0.99997115,allow
9130,0,0.99997115,allow
9131,0,0.99997115,allow
9132,0,0.99997115,allow
9133,0,0.99997115,allow
9134,0,0.99997115,allow
9135,0,0.99997115,allow
9136,0,0.99997115,allow
9137,0,0.99997115,allow
9138,0,0.99997115,allow
9139,0,0.99997115,allow
9140,0,0.99997115,allow
9141,0,0.99997115,allow
9142,0,0.99997115,allow
9143,0,0.99997115,allow
9144,0,0.99997115,allow
9145,0,0.99997115,allow
9146,0,0.99997115,allow
9147,0,0.99997115,allow
9148,0,0.99997115,allow
9149,0,0.99997115,allow
9150,0,0.99997115,allow
9151,0,0.99997115,allow
9152,0,0.99997115,allow
9153,0,0.99997115,allow
9154,0,0.99997115,allow
9155,0,0.99997115,allow
9156,0,0.99997115,allow
9157,0,0.99997115,allow
9158,0,0.99997115,allow
9159,0,0.99997115,allow
9160,0,0.99997115,allow
9161,0,0.99997115,allow
9162,0,0.99997115,allow
9163,0,0.99997115,allow
9164,0,0.99997115,allow
9165,0,0.99997115,allow
9166,0,0.99997115,allow
9167,0,0.99997115,allow
9168,0,0.99997115,allow
9169,0,0.99997115,allow
9170,0,0.99997115,allow
9171,0,0.99997115,allow
9172,0,0.99997115,allow
9173,0,0.99997115,allow
9174,0,0.99997115,allow
9175,0,0.99997115,allow
9176,0,0.99997115,allow
9177,0,0.99997115,allow
9178,0,0.99997115,allow
9179,0,0.99997115,allow
9180,0,0.99997115,allow
9181,0,0.99997115,allow
9182,0,0.99997115,allow
9183,0,0.99997115,allow
9184,0,0.99997115,allow
9185,0,0.99997115,allow
9186,0,0.99997115,allow
9187,0,0.99997115,allow
9188,0,0.99997115,allow
9189,0,0.99997115,allow
9190,0,0.99997115,allow
9191,0,0.99997115,allow
9192,0,0.99997115,allow
9193,0,0.99997115,allow
9194,0,0.99997115,allow
9195,0,0.99997115,allow
9196,0,0.99997115,allow
9197,0,0.99997115,allow
9198,0,0.99997115,allow
9199,0,0.99997115,allow
9200,0,0.99997115,allow
9201,0,0.99997115,allow
9202,0,0.99997115,allow
9203,0,0.99997115,allow
9204,0,0.99997115,allow
9205,0,0.99997115,allow
9206,0,0.99997115,allow
9207,0,0.99997115,allow
9208,0,0.99997115,allow
9209,0,0.99997115,allow
9210,0,0.99997115,allow
9211,0,0.99997115,allow
9212,0,0.99997115,allow
9213,0,0.99997115,allow
9214,0,0.99997115,allow
9215,0,0.99997115,allow
9216,0,0.99997115,allow
9217,0,0.99997115,allow
9218,0,0.99997115,allow
9219,0,0.99997115,allow
9220,0,0.99997115,allow
9221,0,0.99997115,allow
9222,0,0.99997115,allow
9223,0,0.99997115,allow
9224,0,0.99997115,allow
9225,0,0.99997115,allow
9226,0,0.99997115,allow
9227,0,0.99997115,allow
9228,0,0.99997115,allow
9229,0,0.99997115,allow
9230,0,0.99997115,allow
9231,0,0.99997115,allow
9232,0,0.99997115,allow
9233,0,0.99997115,allow
9234,0,0.99997115,allow
9235,0,0.99997115,allow
9236,0,0.99997115,allow
9237,0,0.99997115,allow
9238,0,0.99997115,allow
9239,0,0.99997115,allow
9240,0,0.99997115,allow
9241,0,0.99997115,allow
9242,0,0.99997115,allow
9243,0,0.99997115,allow
9244,0,0.99997115,allow
9245,0,0.99997115,allow
9246,0,0.99997115,allow
9247,0,0.99997115,allow
9248,0,0.99997115,allow
9249,0,0.99997115,allow
9250,0,0.99997115,allow
9251,0,0.99997115,allow
9252,0,0.99997115,allow
9253,0,0.99997115,allow
9254,0,0.99997115,allow
9255,0,0.99997115,allow
9256,0,0.99997115,allow
9257,0,0.99997115,allow
9258,0,0.99997115,allow
9259,0,0.99997115,allow
9260,0,0.99997115,allow
9261,0,0.99997115,allow
9262,0,0.99997115,allow
9263,0,0.99997115,allow
9264,0,0.99997115,allow
9265,0,0.99997115,allow
9266,0,0.99997115,allow
9267,0,0.99997115,allow
9268,0,0.99997115,allow
9269,0,0.99997115,allow
9270,0,0.99997115,allow
9271,0,0.99997115,allow
9272,0,0.99997115,allow
9273,0,0.99997115,allow
9274,0,0.99997115,allow
9275,0,0.99997115,allow
9276,0,0.99997115,allow
9277,0,0.99997115,allow
9278,0,0.99997115,allow
9279,0,0.99997115,allow
9280,0,0.99997115,allow
9281,0,0.99997115,allow
9282,0,0.99997115,allow
9283,0,0.99997115,allow
9284,0,0.99997115,allow
9285,0,0.99997115,allow
9286,0,0.99997115,allow
9287,0,0.99997115,allow
9288,0,0.99997115,allow
9289,0,0.99997115,allow
9290,0,0.99997115,allow
9291,0,0.99997115,allow
9292,0,0.99997115,allow
9293,0,0.99997115,allow
9294,0,0.99997115,allow
9295,0,0.99997115,allow
9296,0,0.99997115,allow
9297,0,0.99997115,allow
9298,0,0.99997115,allow
9299,0,0.99997115,allow
9300,0,0.99997115,allow
9301,0,0.99997115,allow
9302,0,0.99997115,allow
9303,0,0.99997115,allow
9304,0,0.99997115,allow
9305,0,0.99997115,allow
9306,0,0.99997115,allow
9307,0,0.99997115,allow
9308,0,0.99997115,allow
9309,0,0.99997115,allow
9310,0,0.99997115,allow
9311,0,0.99997115,allow
9312,0,0.99997115,allow
9313,0,0.99997115,allow
9314,0,0.99997115,allow
9315,0,0.99997115,allow
9316,0,0.99997115,allow
9317,0,0.99997115,allow
9318,0,0.99997115,allow
9319,0,0.99997115,allow
9320,0,0.99997115,allow
9321,0,0.99997115,allow
9322,0,0.99997115,allow
9323,0,0.99997115,allow
9324,0,0.99997115,allow
9325,0,0.99997115,allow
9326,0,0.99997115,allow
9327,0,0.99997115,allow
9328,0,0.99997115,allow
9329,0,0.99997115,allow
9330,0,0.99997115,allow
9331,0,0.99997115,allow
9332,0,0.99997115,allow
9333,0,0.99997115,allow
9334,0,0.99997115,allow
9335,0,0.99997115,allow
9336,0,0.99997115,allow
9337,0,0.99997115,allow
9338,0,0.99997115,allow
9339,0,0.99997115,allow
9340,0,0.99997115,allow
9341,0,0.99997115,allow
9342,0,0.99997115,allow
9343,0,0.99997115,allow
9344,0,0.99997115,allow
9345,0,0.99997115,allow
9346,0,0.99997115,allow
9347,0,0.99997115,allow
9348,0,0.99997115,allow
9349,0,0.99997115,allow
9350,0,0.99997115,allow
9351,0,0.99997115,allow
9352,0,0.99997115,allow
9353,0,0.99997115,allow
9354,0,0.99997115,allow
9355,0,0.99997115,allow
9356,0,0.99997115,allow
9357,0,0.99997115,allow
9358,0,0.99997115,allow
9359,0,0.99997115,allow
9360,0,0.99997115,allow
9361,0,0.99997115,allow
9362,0,0.99997115,allow
9363,0,0.99997115,allow
9364,0,0.99997115,allow
9365,0,0.99997115,allow
9366,0,0.99997115,allow
9367,0,0.99997115,allow
9368,0,0.99997115,allow
9369,0,0.99997115,allow
9370,0,0.99997115,allow
9371,0,0.99997115,allow
9372,0,0.99997115,allow
9373,0,0.99997115,allow
9374,0,0.99997115,allow
9375,0,0.99997115,allow
9376,0,0.99997115,allow
9377,0,0.99997115,allow
9378,0,0.99997115,allow
9379,0,0.99997115,allow
9380,0,0.99997115,allow
9381,0,0.99997115,allow
9382,0,0.99997115,allow
9383,0,0.99997115,allow
9384,0,0.99997115,allow
9385,0,0.99997115,allow
9386,0,0.99997115,allow
9387,0,0.99997115,allow
9388,0,0.99997115,allow
9389,0,0.99997115,allow
9390,0,0.99997115,allow
9391,0,0.99997115,allow
9392,0,0.99997115,allow
9393,0,0.99997115,allow
9394,0,0.99997115,allow
9395,0,0.99997115,allow
9396,0,0.99997115,allow
9397,0,0.99997115,allow
9398,0,0.99997115,allow
9399,0,0.99997115,allow
9400,0,0.99997115,allow
9401,0,0.99997115,allow
9402,0,0.99997115,allow
9403,0,0.99997115,allow
9404,0,0.99997115,allow
9405,0,0.99997115,allow
9406,0,0.99997115,allow
9407,0,0.99997115,allow
9408,0,0.99997115,allow
9409,0,0.99997115,allow
9410,0,0.99997115,allow
9411,0,0.99997115,allow
9412,0,0.99997115,allow
9413,0,0.99997115,allow
9414,0,0.99997115,allow
9415,0,0.99997115,allow
9416,0,0.99997115,allow
9417,0,0.99997115,allow
9418,0,0.99997115,allow
9419,0,0.99997115,allow
9420,0,0.99997115,allow
9421,0,0.99997115,allow
9422,0,0.99997115,allow
9423,0,0.99997115,allow
9424,0,0.99997115,allow
9425,0,0.99997115,allow
9426,0,0.99997044,allow
9427,0,0.99997044,allow
9428,0,0.99997044,allow
9429,0,0.99997044,allow
9430,0,0.99997044,allow
9431,0,0.99997044,allow
9432,0,0.99997044,allow
9433,0,0.99997044,allow
9434,0,0.99997044,allow
9435,0,0.99997044,allow
9436,0,0.99997044,allow
9437,0,0.99997044,allow
9438,0,0.99997044,allow
9439,0,0.99997044,allow
9440,0,0.99997044,allow
9441,0,0.99997044,allow
9442,0,0.99997044,allow
9443,0,0.99997044,allow
9444,0,0.99997044,allow
9445,0,0.99997044,allow
9446,0,0.99997044,allow
9447,0,0.99997044,allow
9448,0,0.99997044,allow
9449,0,0.99997044,allow
9450,0,0.99997044,allow
9451,0,0.99997044,allow
9452,0,0.99997044,allow
9453,0,0.99997044,allow
9454,0,0.99997044,allow
9455,0,0.99997044,allow
9456,0,0.99997044,allow
9457,0,0.99997044,allow
9458,0,0.99997044,allow
9459,0,0.99997044,allow
9460,0,0.99997044,allow
9461,0,0.99997044,allow
9462,0,0.99997044,allow
9463,0,0.99997044,allow
9464,0,0.99997044,allow
9465,0,0.99997044,allow
9466,0,0.99997044,allow
9467,0,0.99997044,allow
9468,0,0.99997044,allow
9469,0,0.99997044,allow
9470,0,0.99997044,allow
9471,0,0.99997044,allow
9472,0,0.99997044,allow
9473,0,0.99997044,allow
9474,0,0.99997044,allow
9475,0,0.99997044,allow
9476,0,0.99997044,allow
9477,0,0.99997044,allow
9478,0,0.99997044,allow
9479,0,0.99997044,allow
9480,0,0.99997044,allow
9481,0,0.99997044,allow
9482,0,0.99997044,allow
9483,0,0.99997044,allow
9484,0,0.99997044,allow
9485,0,0.99997044,allow
9486,0,0.99997044,allow
9487,0,0.99997044,allow
9488,0,0.99997044,allow
9489,0,0.99997044,allow
9490,0,0.99997044,allow
9491,0,0.99997044,allow
9492,0,0.99997044,allow
9493,0,0.99997044,allow
9494,0,0.99997044,allow
9495,0,0.99997044,allow
9496,0,0.99997044,allow
9497,0,0.99997044,allow
9498,0,0.99997044,allow
9499,0,0.99997044,allow
9500,0,0.99997044,allow
9501,0,0.99997044,allow
9502,0,0.99997044,allow
9503,0,0.99997044,allow
9504,0,0.99997044,allow
9505,0,0.99997044,allow
9506,0,0.99997044,allow
9507,0,0.99997044,allow
9508,0,0.99997044,allow
9509,0,0.99997044,allow
9510,0,0.99997044,allow
9511,0,0.99997044,allow
9512,0,0.99997044,allow
9513,0,0.99997044,allow
9514,0,0.99997044,allow
9515,0,0.99997044,allow
9516,0,0.99997044,allow
9517,0,0.99997044,allow
9518,0,0.99997044,allow
9519,0,0.99997044,allow
9520,0,0.99997044,allow
9521,0,0.99997044,allow
9522,0,0.99997044,allow
9523,0,0.99997044,allow
9524,0,0.99997044,allow
9525,0,0.99997044,allow
9526,0,0.99997044,allow
9527,0,0.99997044,allow
9528,0,0.99997044,allow
9529,0,0.99997044,allow
9530,0,0.99997044,allow
9531,0,0.99997044,allow
9532,0,0.99997044,allow
9533,0,0.99997044,allow
9534,0,0.99997044,allow
9535,0,0.99997044,allow
9536,0,0.99997044,allow
9537,0,0.99997044,allow
9538,0,0.99997044,allow
9539,0,0.99997044,allow
9540,0,0.99997044,allow
9541,0,0.99997044,allow
9542,0,0.99997044,allow
9543,0,0.99997044,allow
9544,0,0.99997044,allow
9545,0,0.99997044,allow
9546,0,0.99997044,allow
9547,0,0.99997044,allow
9548,0,0.99997044,allow
9549,0,0.99997044,allow
9550,0,0.99997044,allow
9551,0,0.99997044,allow
9552,0,0.99997044,allow
9553,0,0.99997044,allow
9554,0,0.99997044,allow
9555,0,0.99997044,allow
9556,0,0.99997044,allow
9557,0,0.99997044,allow
9558,0,0.99997044,allow
9559,0,0.99997044,allow
9560,0,0.99997044,allow
9561,0,0.99997044,allow
9562,0,0.99997044,allow
9563,0,0.99997044,allow
9564,0,0.99997044,allow
9565,0,0.99997044,allow
9566,0,0.99997044,allow
9567,0,0.99997044,allow
9568,0,0.99997044,allow
9569,0,0.99997044,allow
9570,0,0.99997044,allow
9571,0,0.99997044,allow
9572,0,0.99997044,allow
9573,0,0.99997044,allow
9574,0,0.99997044,allow
9575,0,0.99997044,allow
9576,0,0.99997044,allow
9577,0,0.99997044,allow
9578,0,0.99997044,allow
9579,0,0.99997044,allow
9580,0,0.99997044,allow
9581,0,0.99997044,allow
9582,0,0.99997044,allow
9583,0,0.99997044,allow
9584,0,0.99997044,allow
9585,0,0.99997044,allow
9586,0,0.99997044,allow
9587,0,0.99997044,allow
9588,0,0.99997044,allow
9589,0,0.99997044,allow
9590,0,0.99997044,allow
9591,0,0.99997044,allow
9592,0,0.99997044,allow
9593,0,0.99997044,allow
9594,0,0.99997044,allow
9595,0,0.99997044,allow
9596,0,0.99997044,allow
9597,0,0.99997044,allow
9598,0,0.99997044,allow
9599,0,0.99997044,allow
9600,0,0.99997044,allow
9601,0,0.99997044,allow
9602,0,0.99997044,allow
9603,0,0.99997044,allow
9604,0,0.99997044,allow
9605,0,0.99997044,allow
9606,0,0.99997044,allow
9607,0,0.99997044,allow
9608,0,0.99997044,allow
9609,0,0.99997044,allow
9610,0,0.99997044,allow
9611,0,0.99997044,allow
9612,0,0.99997044,allow
9613,0,0.99997044,allow
9614,0,0.99997044,allow
9615,0,0.99997044,allow
9616,0,0.99997044,allow
9617,0,0.99997044,allow
9618,0,0.99997044,allow
9619,0,0.99997044,allow
9620,0,0.99997044,allow
9621,0,0.99997044,allow
9622,0,0.99997044,allow
9623,0,0.99997044,allow
9624,0,0.99997044,allow
9625,0,0.99997044,allow
9626,0,0.99997044,allow
9627,0,0.99997044,allow
9628,0,0.99997044,allow
9629,0,0.99997044,allow
9630,0,0.99997044,allow
9631,0,0.99997044,allow
9632,0,0.99997044,allow
9633,0,0.99997044,allow
9634,0,0.99997044,allow
9635,0,0.99997044,allow
9636,0,0.99997044,allow
9637,0,0.99997044,allow
9638,0,0.99997044,allow
9639,0,0.99997044,allow
9640,0,0.99997044,allow
9641,0,0.99997044,allow
9642,0,0.99997044,allow
9643,0,0.99997044,allow
9644,0,0.99997044,allow
9645,0,0.99997044,allow
9646,0,0.99997044,allow
9647,0,0.99997044,allow
9648,0,0.99997044,allow
9649,0,0.99997044,allow
9650,0,0.99997044,allow
9651,0,0.99997044,allow
9652,0,0.99997044,allow
9653,0,0.99997044,allow
9654,0,0.99997044,allow
9655,0,0.99997044,allow
9656,0,0.99997044,allow
9657,0,0.99997044,allow
9658,0,0.99997044,allow
9659,0,0.99997044,allow
9660,0,0.99997044,allow
9661,0,0.99997044,allow
9662,0,0.99997044,allow
9663,0,0.99997044,allow
9664,0,0.99997044,allow
9665,0,0.99997044,allow
9666,0,0.99997044,allow
9667,0,0.99997044,allow
9668,0,0.99997044,allow
9669,0,0.99997044,allow
9670,0,0.99997044,allow
9671,0,0.99997044,allow
9672,0,0.99997044,allow
9673,0,0.99997044,allow
9674,0,0.99997044,allow
9675,0,0.99997044,allow
9676,0,0.99997044,allow
9677,0,0.99997044,allow
9678,0,0.99997044,allow
9679,0,0.99997044,allow
9680,0,0.99997044,allow
9681,0,0.99997044,allow
9682,0,0.99997044,allow
9683,0,0.99997044,allow
9684,0,0.99997044,allow
9685,0,0.99997044,allow
9686,0,0.99997044,allow
9687,0,0.99997044,allow
9688,0,0.99997044,allow
9689,0,0.99997044,allow
9690,0,0.99997044,allow
9691,0,0.99997044,allow
9692,0,0.99997044,allow
9693,0,0.99997044,allow
9694,0,0.99997044,allow
9695,0,0.99997044,allow
9696,0,0.99997044,allow
9697,0,0.99997044,allow
9698,0,0.99997044,allow
9699,0,0.99997044,allow
9700,0,0.99997044,allow
9701,0,0.99997044,allow
9702,0,0.99997044,allow
9703,0,0.99997044,allow
9704,0,0.99997044,allow
9705,0,0.99997044,allow
9706,0,0.99997044,allow
9707,0,0.99997044,allow
9708,0,0.99997044,allow
9709,0,0.99997044,allow
9710,0,0.99997044,allow
9711,0,0.99997044,allow
9712,0,0.99997044,allow
9713,0,0.99997044,allow
9714,0,0.99997044,allow
9715,0,0.99997044,allow
9716,0,0.99997044,allow
9717,0,0.99997044,allow
9718,0,0.99997044,allow
9719,0,0.99997044,allow
9720,0,0.99997044,allow
9721,0,0.99997044,allow
9722,0,0.99997044,allow
9723,0,0.99997044,allow
9724,0,0.99997044,allow
9725,0,0.99997044,allow
9726,0,0.99997044,allow
9727,0,0.99997044,allow
9728,0,0.99997044,allow
9729,0,0.99997044,allow
9730,0,0.99997044,allow
9731,0,0.99997044,allow
9732,0,0.99997044,allow
9733,0,0.99997044,allow
9734,0,0.99997044,allow
9735,0,0.99997044,allow
9736,0,0.99997044,allow
9737,0,0.99997044,allow
9738,0,0.99997044,allow
9739,0,0.99997044,allow
9740,0,0.99997044,allow
9741,0,0.99997044,allow
9742,0,0.99997044,allow
9743,0,0.99997044,allow
9744,0,0.99997044,allow
9745,0,0.99997044,allow
9746,0,0.99997044,allow
9747,0,0.99997044,allow
9748,0,0.99997044,allow
9749,0,0.99997044,allow
9750,0,0.99997044,allow
9751,0,0.99997044,allow
9752,0,0.99997044,allow
9753,0,0.99997044,allow
9754,0,0.99997044,allow
9755,0,0.99997044,allow
9756,0,0.99997044,allow
9757,0,0.99997044,allow
9758,0,0.99997044,allow
9759,0,0.99997044,allow
9760,0,0.99997044,allow
9761,0,0.99997044,allow
9762,0,0.99997044,allow
9763,0,0.99997044,allow
9764,0,0.99997044,allow
9765,0,0.99997044,allow
9766,0,0.99997044,allow
9767,0,0.99997044,allow
9768,0,0.99997044,allow
9769,0,0.99997044,allow
9770,0,0.99997044,allow
9771,0,0.99997044,allow
9772,0,0.99997044,allow
9773,0,0.99997044,allow
9774,0,0.99997044,allow
9775,0,0.99997044,allow
9776,0,0.99997044,allow
9777,0,0.99997044,allow
9778,0,0.99997044,allow
9779,0,0.99997044,allow
9780,0,0.99997044,allow
9781,0,0.99997044,allow
9782,0,0.99997044,allow
9783,0,0.99997044,allow
9784,0,0.99997044,allow
9785,0,0.99997044,allow
9786,0,0.99997044,allow
9787,0,0.99997044,allow
9788,0,0.99997044,allow
9789,0,0.99997044,allow
9790,0,0.99997044,allow
9791,0,0.99997044,allow
9792,0,0.99997044,allow
9793,0,0.99997044,allow
9794,0,0.99997044,allow
9795,0,0.99997044,allow
9796,0,0.99997044,allow
9797,0,0.99997044,allow
9798,0,0.99997044,allow
9799,0,0.99997044,allow
9800,0,0.99997044,allow
9801,0,0.99997044,allow
9802,0,0.99997044,allow
9803,0,0.99997044,allow
9804,0,0.99997044,allow
9805,0,0.99997044,allow
9806,0,0.99997044,allow
9807,0,0.99997044,allow
9808,0,0.99997044,allow
9809,0,0.99997044,allow
9810,0,0.99997044,allow
9811,0,0.99997044,allow
9812,0,0.99997044,allow
9813,0,0.99997044,allow
9814,0,0.99997044,allow
9815,0,0.99997044,allow
9816,0,0.99997044,allow
9817,0,0.99997044,allow
9818,0,0.99997044,allow
9819,0,0.99997044,allow
9820,0,0.99997044,allow
9821,0,0.99997044,allow
9822,0,0.99997044,allow
9823,0,0.99997044,allow
9824,0,0.99997044,allow
9825,0,0.99997044,allow
9826,0,0.99997044,allow
9827,0,0.99997044,allow
9828,0,0.99997044,allow
9829,0,0.99997044,allow
9830,0,0.99997044,allow
9831,0,0.99997044,allow
9832,0,0.99997044,allow
9833,0,0.99997044,allow
9834,0,0.99997044,allow
9835,0,0.99997044,allow
9836,0,0.99997044,allow
9837,0,0.99997044,allow
9838,0,0.99997044,allow
9839,0,0.99997044,allow
9840,0,0.99997044,allow
9841,0,0.99997044,allow
9842,0,0.99997044,allow
9843,0,0.99997044,allow
9844,0,0.99997044,allow
9845,0,0.99997044,allow
9846,0,0.99997044,allow
9847,0,0.99997044,allow
9848,0,0.99997044,allow
9849,0,0.99997044,allow
9850,0,0.99997044,allow
9851,0,0.99997044,allow
9852,0,0.99997044,allow
9853,0,0.99997044,allow
9854,0,0.99997044,allow
9855,0,0.99997044,allow
9856,0,0.99997044,allow
9857,0,0.99997044,allow
9858,0,0.99997044,allow
9859,0,0.99997044,allow
9860,0,0.99997044,allow
9861,0,0.99997044,allow
9862,0,0.99997044,allow
9863,0,0.99997044,allow
9864,0,0.99997044,allow
9865,0,0.99997044,allow
9866,0,0.99997044,allow
9867,0,0.99997044,allow
9868,0,0.99997044,allow
9869,0,0.99997044,allow
9870,0,0.99997044,allow
9871,0,0.99997044,allow
9872,0,0.99997044,allow
9873,0,0.99997044,allow
9874,0,0.99997044,allow
9875,0,0.99997044,allow
9876,0,0.99997044,allow
9877,0,0.99997044,allow
9878,0,0.99997044,allow
9879,0,0.99997044,allow
9880,0,0.99997044,allow
9881,0,0.99997044,allow
9882,0,0.99997044,allow
9883,0,0.99997044,allow
9884,0,0.99997044,allow
9885,0,0.99997044,allow
9886,0,0.99997044,allow
9887,0,0.99997044,allow
9888,0,0.99997044,allow
9889,0,0.99997044,allow
9890,0,0.99997044,allow
9891,0,0.99997044,allow
9892,0,0.99997044,allow
9893,0,0.99997044,allow
9894,0,0.99997044,allow
9895,0,0.99997044,allow
9896,0,0.99997044,allow
9897,0,0.99997044,allow
9898,0,0.99997044,allow
9899,0,0.99997044,allow
9900,0,0.99997044,allow
9901,0,0.99997044,allow
9902,0,0.99997044,allow
9903,0,0.99997044,allow
9904,0,0.99997044,allow
9905,0,0.99997044,allow
9906,0,0.99997044,allow
9907,0,0.99997044,allow
9908,0,0.99997044,allow
9909,0,0.99997044,allow
9910,0,0.99997044,allow
9911,0,0.99997044,allow
9912,0,0.99997044,allow
9913,0,0.99997044,allow
9914,0,0.99997044,allow
9915,0,0.99997044,allow
9916,0,0.99997044,allow
9917,0,0.99997044,allow
9918,0,0.99997044,allow
9919,0,0.99997044,allow
9920,0,0.99997044,allow
9921,0,0.99997044,allow
9922,0,0.99997044,allow
9923,0,0.99997044,allow
9924,0,0.99997044,allow
9925,0,0.99997044,allow
9926,0,0.99997044,allow
9927,0,0.99997044,allow
9928,0,0.99997044,allow
9929,0,0.99997044,allow
9930,0,0.99997044,allow
9931,0,0.99997044,allow
9932,0,0.99997044,allow
9933,0,0.99997044,allow
9934,0,0.99997044,allow
9935,0,0.99997044,allow
9936,0,0.99997044,allow
9937,0,0.99997044,allow
9938,0,0.99997044,allow
9939,0,0.99997044,allow
9940,0,0.99997044,allow
9941,0,0.99997044,allow
9942,0,0.99997044,allow
9943,0,0.99997044,allow
9944,0,0.99997044,allow
9945,0,0.99997044,allow
9946,0,0.99997044,allow
9947,0,0.99997044,allow
9948,0,0.99997044,allow
9949,0,0.99997044,allow
9950,0,0.99997044,allow
9951,0,0.99997044,allow
9952,0,0.99997044,allow
9953,0,0.99997044,allow
9954,0,0.99997044,allow
9955,0,0.99997044,allow
9956,0,0.99997044,allow
9957,0,0.99997044,allow
9958,0,0.99997044,allow
9959,0,0.99997044,allow
9960,0,0.99997044,allow
9961,0,0.99997044,allow
9962,0,0.99997044,allow
9963,0,0.99997044,allow
9964,0,0.99997044,allow
9965,0,0.99997044,allow
9966,0,0.99997044,allow
9967,0,0.99997044,allow
9968,0,0.99997044,allow
9969,0,0.99997044,allow
9970,0,0.99997044,allow
9971,0,0.99997044,allow
9972,0,0.99997044,allow
9973,0,0.99997044,allow
9974,0,0.99997044,allow
9975,0,0.99997044,allow
9976,0,0.99997044,allow
9977,0,0.99997044,allow
9978,0,0.99997044,allow
9979,0,0.99997044,allow
9980,0,0.99997044,allow
9981,0,0.99997044,allow
9982,0,0.99997044,allow
9983,0,0.99997044,allow
9984,0,0.99997044,allow
9985,0,0.99997044,allow
9986,0,0.99997044,allow
9987,0,0.99997044,allow
9988,0,0.99997044,allow
9989,0,0.99997044,allow
9990,0,0.99997044,allow
9991,0,0.99997044,allow
9992,0,0.99997044,allow
9993,0,0.99997044,allow
9994,0,0.99997044,allow
9995,0,0.99997044,allow
9996,0,0.99997044,allow
9997,0,0.99997044,allow
9998,0,0.99997044,allow
9999,0,0.99997044,allow
10000,1,0.999905,block_ip
10001,1,0.999905,block_ip
10002,1,0.999905,block_ip
10003,1,0.999905,block_ip
10004,1,0.999905,block_ip
10005,1,0.999905,block_ip
10006,1,0.999905,block_ip
10007,1,0.999905,block_ip
10008,1,0.999905,block_ip
10009,1,0.999905,block_ip
10010,1,0.999905,block_ip
10011,1,0.999905,block_ip
10012,1,0.999905,block_ip
10013,1,0.999905,block_ip
10014,1,0.999905,block_ip
10015,1,0.999905,block_ip
10016,1,0.999905,block_ip
10017,1,0.9999075,block_ip
10018,1,0.9999075,block_ip
10019,1,0.9999075,block_ip
10020,1,0.9999075,block_ip
10021,1,0.9999075,block_ip
10022,1,0.9999075,block_ip
10023,1,0.9999075,block_ip
10024,1,0.9999075,block_ip
10025,1,0.9999075,block_ip
10026,1,0.9999075,block_ip
10027,1,0.9999075,block_ip
10028,1,0.9999075,block_ip
10029,1,0.9999075,block_ip
10030,1,0.9999075,block_ip
10031,1,0.9999075,block_ip
10032,1,0.9999075,block_ip
10033,1,0.9999075,block_ip
10034,1,0.9999075,block_ip
10035,1,0.9999075,block_ip
10036,1,0.9999075,block_ip
10037,1,0.9999075,block_ip
10038,1,0.9999075,block_ip
10039,1,0.9999075,block_ip
10040,1,0.9999075,block_ip
10041,1,0.9999075,block_ip
10042,1,0.9999075,block_ip
10043,1,0.9999075,block_ip
10044,1,0.9999075,block_ip
10045,1,0.9999075,block_ip
10046,1,0.9999075,block_ip
10047,1,0.9999075,block_ip
10048,1,0.9999075,block_ip
10049,1,0.9999075,block_ip
10050,1,0.9999075,block_ip
10051,1,0.9999075,block_ip
10052,1,0.9999075,block_ip
10053,1,0.9999075,block_ip
10054,1,0.9999075,block_ip
10055,1,0.9999075,block_ip
10056,1,0.9999075,block_ip
10057,1,0.9999075,block_ip
10058,1,0.9999075,block_ip
10059,1,0.9999075,block_ip
10060,1,0.9999075,block_ip
10061,1,0.9999075,block_ip
10062,1,0.9999075,block_ip
10063,1,0.9999075,block_ip
10064,1,0.9999075,block_ip
10065,1,0.9999075,block_ip
10066,1,0.9999075,block_ip
10067,1,0.9999075,block_ip
10068,1,0.9999075,block_ip
10069,1,0.9999075,block_ip
10070,1,0.9999075,block_ip
10071,1,0.9999075,block_ip
10072,1,0.9999075,block_ip
10073,1,0.9999075,block_ip
10074,1,0.99990785,block_ip
10075,1,0.99990785,block_ip
10076,1,0.99990785,block_ip
10077,1,0.99990785,block_ip
10078,1,0.99990785,block_ip
10079,1,0.99990785,block_ip
10080,1,0.99990785,block_ip
10081,1,0.99990785,block_ip
10082,1,0.99990785,block_ip
10083,1,0.99990785,block_ip
10084,1,0.99990785,block_ip
10085,1,0.99990785,block_ip
10086,1,0.99990785,block_ip
10087,1,0.99990785,block_ip
10088,1,0.99990785,block_ip
10089,1,0.99990785,block_ip
10090,1,0.99990785,block_ip
10091,1,0.99990785,block_ip
10092,1,0.99990785,block_ip
10093,1,0.99990785,block_ip
10094,1,0.99990785,block_ip
10095,1,0.99990785,block_ip
10096,1,0.99990785,block_ip
10097,1,0.99990785,block_ip
10098,1,0.99990785,block_ip
10099,1,0.99990785,block_ip
10100,1,0.99990785,block_ip
10101,1,0.99990785,block_ip
10102,1,0.99990785,block_ip
10103,1,0.99990785,block_ip
10104,1,0.99990785,block_ip
10105,1,0.99990785,block_ip
10106,1,0.99990785,block_ip
10107,1,0.99990785,block_ip
10108,1,0.99990785,block_ip
10109,1,0.99990785,block_ip
10110,1,0.99990785,block_ip
10111,1,0.99990785,block_ip
10112,1,0.99990785,block_ip
10113,1,0.99990785,block_ip
10114,1,0.99990785,block_ip
10115,1,0.99990785,block_ip
10116,1,0.99990785,block_ip
10117,1,0.99990785,block_ip
10118,1,0.99990785,block_ip
10119,1,0.99990785,block_ip
10120,1,0.99990785,block_ip
10121,1,0.99990785,block_ip
10122,1,0.99990785,block_ip
10123,1,0.99990785,block_ip
10124,1,0.99990785,block_ip
10125,1,0.99990785,block_ip
10126,1,0.99990785,block_ip
10127,1,0.99990785,block_ip
10128,1,0.99990785,block_ip
10129,1,0.99990785,block_ip
10130,1,0.99994326,block_ip
10131,1,0.99994326,block_ip
10132,1,0.99994326,block_ip
10133,1,0.99994326,block_ip
10134,1,0.99994326,block_ip
10135,1,0.99994326,block_ip
10136,1,0.99994326,block_ip
10137,1,0.99994326,block_ip
10138,1,0.99994326,block_ip
10139,1,0.99994326,block_ip
10140,1,0.99994326,block_ip
10141,1,0.99994326,block_ip
10142,1,0.99994326,block_ip
10143,1,0.99994326,block_ip
10144,1,0.99994326,block_ip
10145,1,0.99994326,block_ip
10146,1,0.99994326,block_ip
10147,1,0.99994326,block_ip
10148,1,0.99994326,block_ip
10149,1,0.99994326,block_ip
10150,1,0.99994326,block_ip
10151,1,0.99994326,block_ip
10152,1,0.99994326,block_ip
10153,1,0.99994326,block_ip
10154,1,0.99994326,block_ip
10155,1,0.99994326,block_ip
10156,1,0.99994326,block_ip
10157,1,0.99994326,block_ip
10158,1,0.99994326,block_ip
10159,1,0.99994326,block_ip
10160,1,0.99994326,block_ip
10161,1,0.99994326,block_ip
10162,1,0.99994326,block_ip
10163,1,0.99994326,block_ip
10164,1,0.99994326,block_ip
10165,1,0.99994326,block_ip
10166,1,0.99994326,block_ip
10167,1,0.99994326,block_ip
10168,1,0.99994326,block_ip
10169,1,0.99994326,block_ip
10170,1,0.99994326,block_ip
10171,1,0.99994326,block_ip
10172,1,0.99994326,block_ip
10173,1,0.99994326,block_ip
10174,1,0.99994326,block_ip
10175,1,0.99994326,block_ip
10176,1,0.99994326,block_ip
10177,1,0.99994326,block_ip
10178,1,0.99994326,block_ip
10179,1,0.99994326,block_ip
10180,1,0.99994326,block_ip
10181,1,0.99994326,block_ip
10182,1,0.99994326,block_ip
10183,1,0.99994326,block_ip
10184,1,0.99994326,block_ip
10185,1,0.99994326,block_ip
10186,1,0.99994326,block_ip
10187,1,0.99994326,block_ip
10188,1,0.99994326,block_ip
10189,1,0.99994326,block_ip
10190,1,0.99994326,block_ip
10191,1,0.99994326,block_ip
10192,1,0.99994326,block_ip
10193,1,0.99994326,block_ip
10194,1,0.99994326,block_ip
10195,1,0.99994326,block_ip
10196,1,0.99994326,block_ip
10197,1,0.99994326,block_ip
10198,1,0.99994326,block_ip
10199,1,0.99994326,block_ip
10200,1,0.99994326,block_ip
10201,1,0.99994326,block_ip
10202,1,0.99994326,block_ip
10203,1,0.99994326,block_ip
10204,1,0.99994326,block_ip
10205,1,0.99994326,block_ip
10206,1,0.99994326,block_ip
10207,1,0.99994326,block_ip
10208,1,0.99994326,block_ip
10209,1,0.99994326,block_ip
10210,1,0.99994326,block_ip
10211,1,0.99994326,block_ip
10212,1,0.99994326,block_ip
10213,1,0.99994326,block_ip
10214,1,0.99994326,block_ip
10215,1,0.99994326,block_ip
10216,1,0.99994326,block_ip
10217,1,0.99994326,block_ip
10218,1,0.99994326,block_ip
10219,1,0.99994326,block_ip
10220,1,0.99994326,block_ip
10221,1,0.99994326,block_ip
10222,1,0.99994326,block_ip
10223,1,0.99994326,block_ip
10224,1,0.99994326,block_ip
10225,1,0.99994326,block_ip
10226,1,0.99994326,block_ip
10227,1,0.99994326,block_ip
10228,1,0.99994326,block_ip
10229,1,0.99994326,block_ip
10230,1,0.99994326,block_ip
10231,1,0.99994326,block_ip
10232,1,0.99994326,block_ip
10233,1,0.99994326,block_ip
10234,1,0.99994326,block_ip
10235,1,0.99994326,block_ip
10236,1,0.99994326,block_ip
10237,1,0.99994326,block_ip
10238,1,0.99994326,block_ip
10239,1,0.99994326,block_ip
10240,1,0.99994326,block_ip
10241,1,0.99994326,block_ip
10242,1,0.99994326,block_ip
10243,1,0.99994326,block_ip
10244,1,0.99994326,block_ip
10245,1,0.99994326,block_ip
10246,1,0.99994326,block_ip
10247,1,0.99994326,block_ip
10248,1,0.99994326,block_ip
10249,1,0.99994326,block_ip
10250,1,0.99994326,block_ip
10251,1,0.99994326,block_ip
10252,1,0.99994326,block_ip
10253,1,0.99994326,block_ip
10254,1,0.99994326,block_ip
10255,1,0.99994326,block_ip
10256,1,0.99994326,block_ip
10257,1,0.99994326,block_ip
10258,1,0.99994326,block_ip
10259,1,0.99994326,block_ip
10260,1,0.99994326,block_ip
10261,1,0.99994326,block_ip
10262,1,0.99994326,block_ip
10263,1,0.99994326,block_ip
10264,1,0.99994326,block_ip
10265,1,0.99994326,block_ip
10266,1,0.99994326,block_ip
10267,1,0.99994326,block_ip
10268,1,0.99994326,block_ip
10269,1,0.99994326,block_ip
10270,1,0.99994326,block_ip
10271,1,0.99994326,block_ip
10272,1,0.99994326,block_ip
10273,1,0.99994326,block_ip
10274,1,0.99994326,block_ip
10275,1,0.99994326,block_ip
10276,1,0.99994326,block_ip
10277,1,0.99994326,block_ip
10278,1,0.99994326,block_ip
10279,1,0.99994326,block_ip
10280,1,0.99994326,block_ip
10281,1,0.99994326,block_ip
10282,1,0.99994326,block_ip
10283,1,0.99994326,block_ip
10284,1,0.99994326,block_ip
10285,1,0.99994326,block_ip
10286,1,0.99994326,block_ip
10287,1,0.99994326,block_ip
10288,1,0.99994326,block_ip
10289,1,0.99994326,block_ip
10290,1,0.9999565,block_ip
10291,1,0.9999565,block_ip
10292,1,0.9999565,block_ip
10293,1,0.9999565,block_ip
10294,1,0.9999565,block_ip
10295,1,0.9999565,block_ip
10296,1,0.9999565,block_ip
10297,1,0.9999565,block_ip
10298,1,0.9999565,block_ip
10299,1,0.9999565,block_ip
10300,1,0.9999565,block_ip
10301,1,0.9999565,block_ip
10302,1,0.9999565,block_ip
10303,1,0.9999511,block_ip
10304,1,0.9999511,block_ip
10305,1,0.9999565,block_ip
10306,1,0.9999565,block_ip
10307,1,0.9999565,block_ip
10308,1,0.9999565,block_ip
10309,1,0.9999565,block_ip
10310,1,0.9999511,block_ip
10311,1,0.9999511,block_ip
10312,1,0.9999565,block_ip
10313,1,0.9999565,block_ip
10314,1,0.9999565,block_ip
10315,1,0.9999565,block_ip
10316,1,0.9999565,block_ip
10317,1,0.9999565,block_ip
10318,1,0.9999565,block_ip
10319,1,0.9999565,block_ip
10320,1,0.9999565,block_ip
10321,1,0.9999565,block_ip
10322,1,0.9999565,block_ip
10323,1,0.9999565,block_ip
10324,1,0.9999565,block_ip
10325,1,0.9999565,block_ip
10326,1,0.9999565,block_ip
10327,1,0.9999565,block_ip
10328,1,0.9999565,block_ip
10329,1,0.9999565,block_ip
10330,1,0.9999565,block_ip
10331,1,0.9999565,block_ip
10332,1,0.9999565,block_ip
10333,1,0.9999565,block_ip
10334,1,0.9999565,block_ip
10335,1,0.9999565,block_ip
10336,1,0.9999565,block_ip
10337,1,0.9999565,block_ip
10338,1,0.9999565,block_ip
10339,1,0.9999565,block_ip
10340,1,0.9999565,block_ip
10341,1,0.9999565,block_ip
10342,1,0.9999565,block_ip
10343,1,0.9999565,block_ip
10344,1,0.9999565,block_ip
10345,1,0.9999565,block_ip
10346,1,0.9999565,block_ip
10347,1,0.9999565,block_ip
10348,1,0.9999565,block_ip
10349,1,0.9999565,block_ip
10350,1,0.9999565,block_ip
10351,1,0.9999565,block_ip
10352,1,0.9999565,block_ip
10353,1,0.9999565,block_ip
10354,1,0.9999565,block_ip
10355,1,0.9999565,block_ip
10356,1,0.9999565,block_ip
10357,1,0.9999565,block_ip
10358,1,0.9999565,block_ip
10359,1,0.9999565,block_ip
10360,1,0.9999565,block_ip
10361,1,0.9999565,block_ip
10362,1,0.9999565,block_ip
10363,1,0.9999565,block_ip
10364,1,0.9999565,block_ip
10365,1,0.9999565,block_ip
10366,1,0.9999565,block_ip
10367,1,0.9999565,block_ip
10368,1,0.9999565,block_ip
10369,1,0.9999565,block_ip
10370,1,0.9999565,block_ip
10371,1,0.9999565,block_ip
10372,1,0.9999565,block_ip
10373,1,0.9999565,block_ip
10374,1,0.9999565,block_ip
10375,1,0.9999565,block_ip
10376,1,0.9999565,block_ip
10377,1,0.9999565,block_ip
10378,1,0.9999565,block_ip
10379,1,0.9999565,block_ip
10380,1,0.9999565,block_ip
10381,1,0.9999565,block_ip
10382,1,0.9999565,block_ip
10383,1,0.9999565,block_ip
10384,1,0.9999565,block_ip
10385,1,0.9999565,block_ip
10386,1,0.9999565,block_ip
10387,1,0.9999565,block_ip
10388,1,0.9999565,block_ip
10389,1,0.9999565,block_ip
10390,1,0.9999565,block_ip
10391,1,0.9999565,block_ip
10392,1,0.9999565,block_ip
10393,1,0.9999565,block_ip
10394,1,0.9999565,block_ip
10395,1,0.9999565,block_ip
10396,1,0.9999565,block_ip
10397,1,0.9999565,block_ip
10398,1,0.9999565,block_ip
10399,1,0.9999565,block_ip
10400,1,0.9999565,block_ip
10401,1,0.9999565,block_ip
10402,1,0.9999565,block_ip
10403,1,0.9999565,block_ip
10404,1,0.9999565,block_ip
10405,1,0.9999511,block_ip
10406,1,0.9999565,block_ip
10407,1,0.9999565,block_ip
10408,1,0.9999565,block_ip
10409,1,0.9999565,block_ip
10410,1,0.9999565,block_ip
10411,1,0.9999565,block_ip
10412,1,0.9999565,block_ip
10413,1,0.9999565,block_ip
10414,1,0.9999565,block_ip
10415,1,0.9999565,block_ip
10416,1,0.9999565,block_ip
10417,1,0.9999565,block_ip
10418,1,0.9999565,block_ip
10419,1,0.9999565,block_ip
10420,1,0.9999565,block_ip
10421,1,0.9999565,block_ip
10422,1,0.9999565,block_ip
10423,1,0.9999565,block_ip
10424,1,0.9999565,block_ip
10425,1,0.9999565,block_ip
10426,1,0.9999565,block_ip
10427,1,0.9999565,block_ip
10428,1,0.9999565,block_ip
10429,1,0.9999565,block_ip
10430,1,0.9999565,block_ip
10431,1,0.9999565,block_ip
10432,1,0.9999565,block_ip
10433,1,0.9999565,block_ip
10434,1,0.9999565,block_ip
10435,1,0.9999565,block_ip
10436,1,0.9999565,block_ip
10437,1,0.9999565,block_ip
10438,1,0.9999565,block_ip
10439,1,0.9999565,block_ip
10440,1,0.9999565,block_ip
10441,1,0.9999565,block_ip
10442,1,0.9999565,block_ip
10443,1,0.9999565,block_ip
10444,1,0.9999565,block_ip
10445,1,0.9999565,block_ip
10446,1,0.9999565,block_ip
10447,1,0.9999565,block_ip
10448,1,0.9999565,block_ip
10449,1,0.9999565,block_ip
10450,1,0.9999565,block_ip
10451,1,0.9999565,block_ip
10452,1,0.9999565,block_ip
10453,1,0.9999565,block_ip
10454,1,0.9999565,block_ip
10455,1,0.9999565,block_ip
10456,1,0.9999565,block_ip
10457,1,0.9999565,block_ip
10458,1,0.9999565,block_ip
10459,1,0.9999565,block_ip
10460,1,0.9999565,block_ip
10461,1,0.9999565,block_ip
10462,1,0.9999565,block_ip
10463,1,0.9999565,block_ip
10464,1,0.9999565,block_ip
10465,1,0.9999565,block_ip
10466,1,0.9999565,block_ip
10467,1,0.9999565,block_ip
10468,1,0.9999565,block_ip
10469,1,0.9999565,block_ip
10470,1,0.9999565,block_ip
10471,1,0.9999565,block_ip
10472,1,0.9999565,block_ip
10473,1,0.9999565,block_ip
10474,1,0.9999565,block_ip
10475,1,0.9999565,block_ip
10476,1,0.9999565,block_ip
10477,1,0.9999565,block_ip
10478,1,0.9999565,block_ip
10479,1,0.9999565,block_ip
10480,1,0.9999565,block_ip
10481,1,0.9999565,block_ip
10482,1,0.9999565,block_ip
10483,1,0.9999565,block_ip
10484,1,0.9999565,block_ip
10485,1,0.9999565,block_ip
10486,1,0.9999565,block_ip
10487,1,0.9999565,block_ip
10488,1,0.9999565,block_ip
10489,1,0.9999565,block_ip
10490,1,0.9999565,block_ip
10491,1,0.9999565,block_ip
10492,1,0.9999565,block_ip
10493,1,0.9999565,block_ip
10494,1,0.9999565,block_ip
10495,1,0.9999565,block_ip
10496,1,0.9999565,block_ip
10497,1,0.9999565,block_ip
10498,1,0.9999565,block_ip
10499,1,0.9999565,block_ip
10500,1,0.9999565,block_ip
10501,1,0.9999565,block_ip
10502,1,0.9999565,block_ip
10503,1,0.9999565,block_ip
10504,1,0.9999565,block_ip
10505,1,0.9999565,block_ip
10506,1,0.9999565,block_ip
10507,1,0.9999565,block_ip
10508,1,0.9999565,block_ip
10509,1,0.9999565,block_ip
10510,1,0.9999565,block_ip
10511,1,0.9999565,block_ip
10512,1,0.9999565,block_ip
10513,1,0.9999565,block_ip
10514,1,0.9999565,block_ip
10515,1,0.9999565,block_ip
10516,1,0.9999565,block_ip
10517,1,0.9999565,block_ip
10518,1,0.9999565,block_ip
10519,1,0.9999565,block_ip
10520,1,0.9999565,block_ip
10521,1,0.9999565,block_ip
10522,1,0.9999565,block_ip
10523,1,0.9999565,block_ip
10524,1,0.9999565,block_ip
10525,1,0.9999565,block_ip
10526,1,0.9999565,block_ip
10527,1,0.9999565,block_ip
10528,1,0.9999565,block_ip
10529,1,0.9999565,block_ip
10530,1,0.9999565,block_ip
10531,1,0.9999565,block_ip
10532,1,0.9999565,block_ip
10533,1,0.9999565,block_ip
10534,1,0.9999565,block_ip
10535,1,0.9999565,block_ip
10536,1,0.9999565,block_ip
10537,1,0.9999565,block_ip
10538,1,0.9999565,block_ip
10539,1,0.9999565,block_ip
10540,1,0.9999565,block_ip
10541,1,0.9999565,block_ip
10542,1,0.9999565,block_ip
10543,1,0.9999565,block_ip
10544,1,0.9999565,block_ip
10545,1,0.9999565,block_ip
10546,1,0.9999565,block_ip
10547,1,0.9999565,block_ip
10548,1,0.9999565,block_ip
10549,1,0.9999565,block_ip
10550,1,0.9999565,block_ip
10551,1,0.9999565,block_ip
10552,1,0.9999565,block_ip
10553,1,0.9999565,block_ip
10554,1,0.9999565,block_ip
10555,1,0.9999565,block_ip
10556,1,0.9999565,block_ip
10557,1,0.9999565,block_ip
10558,1,0.9999565,block_ip
10559,1,0.9999565,block_ip
10560,1,0.9999565,block_ip
10561,1,0.9999565,block_ip
10562,1,0.9999565,block_ip
10563,1,0.9999565,block_ip
10564,1,0.9999565,block_ip
10565,1,0.9999565,block_ip
10566,1,0.9999565,block_ip
10567,1,0.9999565,block_ip
10568,1,0.9999565,block_ip
10569,1,0.9999565,block_ip
10570,1,0.9999565,block_ip
10571,1,0.9999565,block_ip
10572,1,0.9999565,block_ip
10573,1,0.9999565,block_ip
10574,1,0.9999565,block_ip
10575,1,0.9999565,block_ip
10576,1,0.9999565,block_ip
10577,1,0.9999565,block_ip
10578,1,0.9999565,block_ip
10579,1,0.9999565,block_ip
10580,1,0.9999565,block_ip
10581,1,0.9999565,block_ip
10582,1,0.9999565,block_ip
10583,1,0.9999565,block_ip
10584,1,0.9999565,block_ip
10585,1,0.9999565,block_ip
10586,1,0.9999565,block_ip
10587,1,0.9999565,block_ip
10588,1,0.9999565,block_ip
10589,1,0.9999565,block_ip
10590,1,0.9999565,block_ip
10591,1,0.9999565,block_ip
10592,1,0.9999565,block_ip
10593,1,0.9999565,block_ip
10594,1,0.9999565,block_ip
10595,1,0.9999565,block_ip
10596,1,0.9999565,block_ip
10597,1,0.9999565,block_ip
10598,1,0.9999565,block_ip
10599,1,0.9999565,block_ip
10600,1,0.9999565,block_ip
10601,1,0.9999565,block_ip
10602,1,0.9999565,block_ip
10603,1,0.9999565,block_ip
10604,1,0.9999565,block_ip
10605,1,0.9999565,block_ip
10606,1,0.9999565,block_ip
10607,1,0.9999565,block_ip
10608,1,0.9999565,block_ip
10609,1,0.9999565,block_ip
10610,1,0.9999565,block_ip
10611,1,0.9999565,block_ip
10612,1,0.9999565,block_ip
10613,1,0.9999565,block_ip
10614,1,0.9999565,block_ip
10615,1,0.9999565,block_ip
10616,1,0.9999565,block_ip
10617,1,0.9999565,block_ip
10618,1,0.9999565,block_ip
10619,1,0.9999565,block_ip
10620,1,0.9999565,block_ip
10621,1,0.9999565,block_ip
10622,1,0.9999565,block_ip
10623,1,0.9999565,block_ip
10624,1,0.9999565,block_ip
10625,1,0.9999565,block_ip
10626,1,0.9999565,block_ip
10627,1,0.9999565,block_ip
10628,1,0.9999565,block_ip
10629,1,0.9999565,block_ip
10630,1,0.9999565,block_ip
10631,1,0.9999565,block_ip
10632,1,0.9999565,block_ip
10633,1,0.9999565,block_ip
10634,1,0.9999565,block_ip
10635,1,0.9999565,block_ip
10636,1,0.9999565,block_ip
10637,1,0.9999565,block_ip
10638,1,0.9999565,block_ip
10639,1,0.9999565,block_ip
10640,1,0.9999565,block_ip
10641,1,0.9999565,block_ip
10642,1,0.9999565,block_ip
10643,1,0.9999565,block_ip
10644,1,0.9999565,block_ip
10645,1,0.9999565,block_ip
10646,1,0.9999565,block_ip
10647,1,0.9999565,block_ip
10648,1,0.9999565,block_ip
10649,1,0.9999565,block_ip
10650,1,0.9999565,block_ip
10651,1,0.9999565,block_ip
10652,1,0.9999565,block_ip
10653,1,0.9999565,block_ip
10654,1,0.9999565,block_ip
10655,1,0.9999565,block_ip
10656,1,0.9999565,block_ip
10657,1,0.9999565,block_ip
10658,1,0.9999565,block_ip
10659,1,0.9999565,block_ip
10660,1,0.9999565,block_ip
10661,1,0.9999565,block_ip
10662,1,0.9999565,block_ip
10663,1,0.9999565,block_ip
10664,1,0.9999565,block_ip
10665,1,0.9999565,block_ip
10666,1,0.9999565,block_ip
10667,1,0.9999565,block_ip
10668,1,0.9999565,block_ip
10669,1,0.9999565,block_ip
10670,1,0.9999565,block_ip
10671,1,0.9999565,block_ip
10672,1,0.9999565,block_ip
10673,1,0.9999565,block_ip
10674,1,0.9999565,block_ip
10675,1,0.9999565,block_ip
10676,1,0.9999565,block_ip
10677,1,0.9999565,block_ip
10678,1,0.9999565,block_ip
10679,1,0.9999565,block_ip
10680,1,0.9999565,block_ip
10681,1,0.9999565,block_ip
10682,1,0.9999565,block_ip
10683,1,0.9999565,block_ip
10684,1,0.9999565,block_ip
10685,1,0.9999565,block_ip
10686,1,0.9999565,block_ip
10687,1,0.9999565,block_ip
10688,1,0.9999565,block_ip
10689,1,0.9999565,block_ip
10690,1,0.9999565,block_ip
10691,1,0.9999565,block_ip
10692,1,0.9999565,block_ip
10693,1,0.9999565,block_ip
10694,1,0.9999565,block_ip
10695,1,0.9999565,block_ip
10696,1,0.9999565,block_ip
10697,1,0.9999565,block_ip
10698,1,0.9999565,block_ip
10699,1,0.9999565,block_ip
10700,1,0.9999565,block_ip
10701,1,0.9999565,block_ip
10702,1,0.9999565,block_ip
10703,1,0.9999565,block_ip
10704,1,0.9999565,block_ip
10705,1,0.9999565,block_ip
10706,1,0.9999565,block_ip
10707,1,0.9999565,block_ip
10708,1,0.9999565,block_ip
10709,1,0.9999565,block_ip
10710,1,0.9999565,block_ip
10711,1,0.9999565,block_ip
10712,1,0.9999565,block_ip
10713,1,0.9999565,block_ip
10714,1,0.9999565,block_ip
10715,1,0.9999565,block_ip
10716,1,0.9999565,block_ip
10717,1,0.9999565,block_ip
10718,1,0.9999565,block_ip
10719,1,0.9999565,block_ip
10720,1,0.9999565,block_ip
10721,1,0.9999565,block_ip
10722,1,0.9999565,block_ip
10723,1,0.9999565,block_ip
10724,1,0.9999565,block_ip
10725,1,0.9999565,block_ip
10726,1,0.9999565,block_ip
10727,1,0.9999565,block_ip
10728,1,0.9999565,block_ip
10729,1,0.9999565,block_ip
10730,1,0.9999565,block_ip
10731,1,0.9999565,block_ip
10732,1,0.9999565,block_ip
10733,1,0.9999565,block_ip
10734,1,0.9999565,block_ip
10735,1,0.9999565,block_ip
10736,1,0.9999565,block_ip
10737,1,0.9999565,block_ip
10738,1,0.9999565,block_ip
10739,1,0.9999565,block_ip
10740,1,0.9999565,block_ip
10741,1,0.9999565,block_ip
10742,1,0.9999565,block_ip
10743,1,0.9999565,block_ip
10744,1,0.9999565,block_ip
10745,1,0.9999565,block_ip
10746,1,0.9999565,block_ip
10747,1,0.9999565,block_ip
10748,1,0.9999565,block_ip
10749,1,0.9999565,block_ip
10750,1,0.9999565,block_ip
10751,1,0.9999565,block_ip
10752,1,0.9999565,block_ip
10753,1,0.9999565,block_ip
10754,1,0.9999565,block_ip
10755,1,0.9999565,block_ip
10756,1,0.9999565,block_ip
10757,1,0.9999565,block_ip
10758,1,0.9999565,block_ip
10759,1,0.9999565,block_ip
10760,1,0.9999565,block_ip
10761,1,0.9999565,block_ip
10762,1,0.9999565,block_ip
10763,1,0.9999565,block_ip
10764,1,0.9999565,block_ip
10765,1,0.9999565,block_ip
10766,1,0.9999565,block_ip
10767,1,0.9999565,block_ip
10768,1,0.9999565,block_ip
10769,1,0.9999565,block_ip
10770,1,0.9999565,block_ip
10771,1,0.9999565,block_ip
10772,1,0.9999565,block_ip
10773,1,0.9999565,block_ip
10774,1,0.9999565,block_ip
10775,1,0.9999565,block_ip
10776,1,0.9999565,block_ip
10777,1,0.9999565,block_ip
10778,1,0.9999565,block_ip
10779,1,0.9999565,block_ip
10780,1,0.9999565,block_ip
10781,1,0.9999565,block_ip
10782,1,0.9999565,block_ip
10783,1,0.9999565,block_ip
10784,1,0.9999565,block_ip
10785,1,0.9999565,block_ip
10786,1,0.9999565,block_ip
10787,1,0.9999565,block_ip
10788,1,0.9999565,block_ip
10789,1,0.9999565,block_ip
10790,1,0.9999565,block_ip
10791,1,0.9999565,block_ip
10792,1,0.9999565,block_ip
10793,1,0.9999565,block_ip
10794,1,0.9999565,block_ip
10795,1,0.9999565,block_ip
10796,1,0.9999565,block_ip
10797,1,0.9999565,block_ip
10798,1,0.9999565,block_ip
10799,1,0.9999565,block_ip
10800,1,0.9999565,block_ip
10801,1,0.9999565,block_ip
10802,1,0.9999565,block_ip
10803,1,0.9999565,block_ip
10804,1,0.9999565,block_ip
10805,1,0.9999565,block_ip
10806,1,0.9999565,block_ip
10807,1,0.9999565,block_ip
10808,1,0.9999565,block_ip
10809,1,0.9999565,block_ip
10810,1,0.9999565,block_ip
10811,1,0.9999565,block_ip
10812,1,0.9999565,block_ip
10813,1,0.9999565,block_ip
10814,1,0.9999565,block_ip
10815,1,0.9999565,block_ip
10816,1,0.9999565,block_ip
10817,1,0.9999565,block_ip
10818,1,0.9999565,block_ip
10819,1,0.9999565,block_ip
10820,1,0.9999565,block_ip
10821,1,0.9999565,block_ip
10822,1,0.9999565,block_ip
10823,1,0.9999565,block_ip
10824,1,0.9999565,block_ip
10825,1,0.9999565,block_ip
10826,1,0.9999565,block_ip
10827,1,0.9999565,block_ip
10828,1,0.9999565,block_ip
10829,1,0.9999565,block_ip
10830,1,0.9999565,block_ip
10831,1,0.9999565,block_ip
10832,1,0.9999565,block_ip
10833,1,0.9999565,block_ip
10834,1,0.9999565,block_ip
10835,1,0.9999565,block_ip
10836,1,0.9999565,block_ip
10837,1,0.9999565,block_ip
10838,1,0.9999565,block_ip
10839,1,0.9999565,block_ip
10840,1,0.9999565,block_ip
10841,1,0.9999565,block_ip
10842,1,0.9999565,block_ip
10843,1,0.9999565,block_ip
10844,1,0.9999565,block_ip
10845,1,0.9999565,block_ip
10846,1,0.9999565,block_ip
10847,1,0.9999565,block_ip
10848,1,0.9999565,block_ip
10849,1,0.9999565,block_ip
10850,1,0.9999565,block_ip
10851,1,0.9999565,block_ip
10852,1,0.9999565,block_ip
10853,1,0.9999565,block_ip
10854,1,0.9999565,block_ip
10855,1,0.9999565,block_ip
10856,1,0.9999565,block_ip
10857,1,0.9999565,block_ip
10858,1,0.9999565,block_ip
10859,1,0.9999565,block_ip
10860,1,0.9999565,block_ip
10861,1,0.9999565,block_ip
10862,1,0.9999565,block_ip
10863,1,0.9999565,block_ip
10864,1,0.9999565,block_ip
10865,1,0.9999565,block_ip
10866,1,0.9999565,block_ip
10867,1,0.9999565,block_ip
10868,1,0.9999565,block_ip
10869,1,0.9999565,block_ip
10870,1,0.9999565,block_ip
10871,1,0.9999565,block_ip
10872,1,0.9999565,block_ip
10873,1,0.9999565,block_ip
10874,1,0.9999565,block_ip
10875,1,0.9999565,block_ip
10876,1,0.9999565,block_ip
10877,1,0.9999565,block_ip
10878,1,0.9999565,block_ip
10879,1,0.9999565,block_ip
10880,1,0.9999565,block_ip
10881,1,0.9999565,block_ip
10882,1,0.9999565,block_ip
10883,1,0.9999565,block_ip
10884,1,0.9999565,block_ip
10885,1,0.9999565,block_ip
10886,1,0.9999565,block_ip
10887,1,0.9999565,block_ip
10888,1,0.9999565,block_ip
10889,1,0.9999565,block_ip
10890,1,0.9999565,block_ip
10891,1,0.9999565,block_ip
10892,1,0.9999565,block_ip
10893,1,0.9999565,block_ip
10894,1,0.9999565,block_ip
10895,1,0.9999565,block_ip
10896,1,0.9999565,block_ip
10897,1,0.9999565,block_ip
10898,1,0.9999565,block_ip
10899,1,0.9999565,block_ip
10900,1,0.9999565,block_ip
10901,1,0.9999565,block_ip
10902,1,0.9999565,block_ip
10903,1,0.9999565,block_ip
10904,1,0.9999565,block_ip
10905,1,0.9999565,block_ip
10906,1,0.9999565,block_ip
10907,1,0.9999565,block_ip
10908,1,0.9999565,block_ip
10909,1,0.9999565,block_ip
10910,1,0.9999565,block_ip
10911,1,0.9999565,block_ip
10912,1,0.9999565,block_ip
10913,1,0.9999565,block_ip
10914,1,0.9999565,block_ip
10915,1,0.9999565,block_ip
10916,1,0.9999565,block_ip
10917,1,0.9999565,block_ip
10918,1,0.9999565,block_ip
10919,1,0.9999565,block_ip
10920,1,0.9999565,block_ip
10921,1,0.9999565,block_ip
10922,1,0.9999565,block_ip
10923,1,0.9999565,block_ip
10924,1,0.9999565,block_ip
10925,1,0.9999565,block_ip
10926,1,0.9999565,block_ip
10927,1,0.9999565,block_ip
10928,1,0.9999565,block_ip
10929,1,0.9999565,block_ip
10930,1,0.9999565,block_ip
10931,1,0.9999565,block_ip
10932,1,0.9999565,block_ip
10933,1,0.9999565,block_ip
10934,1,0.9999565,block_ip
10935,1,0.9999565,block_ip
10936,1,0.9999565,block_ip
10937,1,0.9999565,block_ip
10938,1,0.9999565,block_ip
10939,1,0.9999565,block_ip
10940,1,0.9999565,block_ip
10941,1,0.9999565,block_ip
10942,1,0.9999565,block_ip
10943,1,0.9999565,block_ip
10944,1,0.9999565,block_ip
10945,1,0.9999565,block_ip
10946,1,0.9999565,block_ip
10947,1,0.9999565,block_ip
10948,1,0.9999565,block_ip
10949,1,0.9999565,block_ip
10950,1,0.9999565,block_ip
10951,1,0.9999565,block_ip
10952,1,0.9999565,block_ip
10953,1,0.9999565,block_ip
10954,1,0.9999565,block_ip
10955,1,0.9999565,block_ip
10956,1,0.9999565,block_ip
10957,1,0.9999565,block_ip
10958,1,0.9999565,block_ip
10959,1,0.9999565,block_ip
10960,1,0.9999565,block_ip
10961,1,0.9999565,block_ip
10962,1,0.9999565,block_ip
10963,1,0.9999565,block_ip
10964,1,0.9999565,block_ip
10965,1,0.9999565,block_ip
10966,1,0.9999565,block_ip
10967,1,0.9999565,block_ip
10968,1,0.9999565,block_ip
10969,1,0.9999565,block_ip
10970,1,0.9999565,block_ip
10971,1,0.9999565,block_ip
10972,1,0.9999565,block_ip
10973,1,0.9999565,block_ip
10974,1,0.9999565,block_ip
10975,1,0.9999565,block_ip
10976,1,0.9999565,block_ip
10977,1,0.9999565,block_ip
10978,1,0.9999565,block_ip
10979,1,0.9999565,block_ip
10980,1,0.9999565,block_ip
10981,1,0.9999565,block_ip
10982,1,0.9999565,block_ip
10983,1,0.9999565,block_ip
10984,1,0.9999565,block_ip
10985,1,0.9999565,block_ip
10986,1,0.9999565,block_ip
10987,1,0.9999565,block_ip
10988,1,0.9999565,block_ip
10989,1,0.9999565,block_ip
10990,1,0.9999565,block_ip
10991,1,0.9999565,block_ip
10992,1,0.9999565,block_ip
10993,1,0.9999565,block_ip
10994,1,0.9999565,block_ip
10995,1,0.9999565,block_ip
10996,1,0.9999565,block_ip
10997,1,0.9999565,block_ip
10998,1,0.9999565,block_ip
10999,1,0.9999565,block_ip
11000,1,0.9999349,block_ip
11001,1,0.9999349,block_ip
11002,1,0.9999349,block_ip
11003,1,0.9999349,block_ip
11004,1,0.9999349,block_ip
11005,1,0.9999349,block_ip
11006,1,0.9999349,block_ip
11007,1,0.9999349,block_ip
11008,1,0.9999349,block_ip
11009,1,0.9999349,block_ip
11010,1,0.9999349,block_ip
11011,1,0.9999349,block_ip
11012,1,0.9999349,block_ip
11013,1,0.9999349,block_ip
11014,1,0.9999349,block_ip
11015,1,0.9999349,block_ip
11016,1,0.9999349,block_ip
11017,1,0.9999349,block_ip
11018,1,0.9999349,block_ip
11019,1,0.9999349,block_ip
11020,1,0.9999349,block_ip
11021,1,0.9999349,block_ip
11022,1,0.9999349,block_ip
11023,1,0.9999349,block_ip
11024,1,0.9999349,block_ip
11025,1,0.9999349,block_ip
11026,1,0.9999349,block_ip
11027,1,0.9999349,block_ip
11028,1,0.9999349,block_ip
11029,1,0.9999349,block_ip
11030,1,0.9999349,block_ip
11031,1,0.9999349,block_ip
11032,1,0.9999349,block_ip
11033,1,0.9999349,block_ip
11034,1,0.9999349,block_ip
11035,1,0.9999349,block_ip
11036,1,0.9999349,block_ip
11037,1,0.9999349,block_ip
11038,1,0.9999349,block_ip
11039,1,0.9999349,block_ip
11040,1,0.9999349,block_ip
11041,1,0.9999349,block_ip
11042,1,0.9999349,block_ip
11043,1,0.9999349,block_ip
11044,1,0.9999349,block_ip
11045,1,0.9999349,block_ip
11046,1,0.9999349,block_ip
11047,1,0.9999349,block_ip
11048,1,0.9999349,block_ip
11049,1,0.9999349,block_ip
11050,1,0.9999349,block_ip
11051,1,0.9999349,block_ip
11052,1,0.9999349,block_ip
11053,1,0.9999349,block_ip
11054,1,0.9999349,block_ip
11055,1,0.9999349,block_ip
11056,1,0.9999349,block_ip
11057,1,0.9999349,block_ip
11058,1,0.9999349,block_ip
11059,1,0.9999349,block_ip
11060,1,0.9999349,block_ip
11061,1,0.9999349,block_ip
11062,1,0.9999349,block_ip
11063,1,0.9999349,block_ip
11064,1,0.9999349,block_ip
11065,1,0.9999349,block_ip
11066,1,0.9999349,block_ip
11067,1,0.9999349,block_ip
11068,1,0.9999349,block_ip
11069,1,0.9999349,block_ip
11070,1,0.9999349,block_ip
11071,1,0.9999349,block_ip
11072,1,0.9999349,block_ip
11073,1,0.9999349,block_ip
11074,1,0.9999349,block_ip
11075,1,0.9999349,block_ip
11076,1,0.9999349,block_ip
11077,1,0.9999349,block_ip
11078,1,0.9999349,block_ip
11079,1,0.9999349,block_ip
11080,1,0.9999349,block_ip
11081,1,0.9999349,block_ip
11082,1,0.9999349,block_ip
11083,1,0.9999349,block_ip
11084,1,0.9999349,block_ip
11085,1,0.9999349,block_ip
11086,1,0.9999349,block_ip
11087,1,0.9999349,block_ip
11088,1,0.9999349,block_ip
11089,1,0.9999349,block_ip
11090,1,0.9999349,block_ip
11091,1,0.9999349,block_ip
11092,1,0.9999349,block_ip
11093,1,0.9999349,block_ip
11094,1,0.9999349,block_ip
11095,1,0.9999349,block_ip
11096,1,0.9999349,block_ip
11097,1,0.9999349,block_ip
11098,1,0.9999349,block_ip
11099,1,0.9999349,block_ip
11100,1,0.9999349,block_ip
11101,1,0.9999349,block_ip
11102,1,0.9999349,block_ip
11103,1,0.9999349,block_ip
11104,1,0.9999349,block_ip
11105,1,0.9999349,block_ip
11106,1,0.9999349,block_ip
11107,1,0.9999349,block_ip
11108,1,0.9999349,block_ip
11109,1,0.9999349,block_ip
11110,1,0.9999349,block_ip
11111,1,0.9999349,block_ip
11112,1,0.9999349,block_ip
11113,1,0.9999349,block_ip
11114,1,0.9999349,block_ip
11115,1,0.9999349,block_ip
11116,1,0.9999349,block_ip
11117,1,0.9999349,block_ip
11118,1,0.9999349,block_ip
11119,1,0.9999349,block_ip
11120,1,0.9999349,block_ip
11121,1,0.9999349,block_ip
11122,1,0.9999349,block_ip
11123,1,0.9999349,block_ip
11124,1,0.9999349,block_ip
11125,1,0.9999349,block_ip
11126,1,0.9999349,block_ip
11127,1,0.9999349,block_ip
11128,1,0.9999349,block_ip
11129,1,0.9999349,block_ip
11130,1,0.9999349,block_ip
11131,1,0.9999349,block_ip
11132,1,0.9999349,block_ip
11133,1,0.9999349,block_ip
11134,1,0.9999349,block_ip
11135,1,0.9999349,block_ip
11136,1,0.9999349,block_ip
11137,1,0.9999349,block_ip
11138,1,0.9999349,block_ip
11139,1,0.9999349,block_ip
11140,1,0.9999349,block_ip
11141,1,0.9999349,block_ip
11142,1,0.9999349,block_ip
11143,1,0.9999349,block_ip
11144,1,0.9999349,block_ip
11145,1,0.9999349,block_ip
11146,1,0.9999349,block_ip
11147,1,0.9999349,block_ip
11148,1,0.99993646,block_ip
11149,1,0.9998834,block_ip
11150,1,0.9998834,block_ip
11151,1,0.9998834,block_ip
11152,1,0.9998834,block_ip
11153,1,0.9998834,block_ip
11154,1,0.9998834,block_ip
11155,1,0.9998834,block_ip
11156,1,0.9998834,block_ip
11157,1,0.9998834,block_ip
11158,1,0.9998834,block_ip
11159,1,0.9998834,block_ip
11160,1,0.9998834,block_ip
11161,1,0.9998834,block_ip
11162,1,0.9998834,block_ip
11163,1,0.9998834,block_ip
11164,1,0.9998834,block_ip
11165,1,0.9998834,block_ip
11166,1,0.9998834,block_ip
11167,1,0.9998834,block_ip
11168,1,0.9998834,block_ip
11169,1,0.9998834,block_ip
11170,1,0.9998834,block_ip
11171,1,0.9998834,block_ip
11172,1,0.9998834,block_ip
11173,1,0.9998834,block_ip
11174,1,0.99988616,block_ip
11175,1,0.99988616,block_ip
11176,1,0.99988616,block_ip
11177,1,0.99988616,block_ip
11178,1,0.99988616,block_ip
11179,1,0.99988616,block_ip
11180,1,0.99988616,block_ip
11181,1,0.99988616,block_ip
11182,1,0.99988616,block_ip
11183,1,0.99988616,block_ip
11184,1,0.99988616,block_ip
11185,1,0.99988616,block_ip
11186,1,0.99988616,block_ip
11187,1,0.99988616,block_ip
11188,1,0.99988616,block_ip
11189,1,0.99988616,block_ip
11190,1,0.99988616,block_ip
11191,1,0.99988616,block_ip
11192,1,0.99988616,block_ip
11193,1,0.99988616,block_ip
11194,1,0.9998857,block_ip
11195,1,0.9998857,block_ip
11196,1,0.9998857,block_ip
11197,1,0.9998857,block_ip
11198,1,0.9998857,block_ip
11199,1,0.9998857,block_ip
11200,1,0.9998857,block_ip
11201,1,0.9998857,block_ip
11202,1,0.9998857,block_ip
11203,1,0.9998857,block_ip
11204,1,0.9998857,block_ip
11205,1,0.9998857,block_ip
11206,1,0.9998857,block_ip
11207,1,0.9998857,block_ip
11208,1,0.9998857,block_ip
11209,1,0.9998857,block_ip
11210,1,0.9998857,block_ip
11211,1,0.9998857,block_ip
11212,1,0.9998857,block_ip
11213,1,0.9998857,block_ip
11214,1,0.9998857,block_ip
11215,1,0.9998857,block_ip
11216,1,0.9998857,block_ip
11217,1,0.9998857,block_ip
11218,1,0.9998857,block_ip
11219,1,0.9998857,block_ip
11220,1,0.9998857,block_ip
11221,1,0.9998857,block_ip
11222,1,0.9998857,block_ip
11223,1,0.9998857,block_ip
11224,1,0.9998857,block_ip
11225,1,0.9998857,block_ip
11226,1,0.9998857,block_ip
11227,1,0.9998857,block_ip
11228,1,0.9998857,block_ip
11229,1,0.9998857,block_ip
11230,1,0.9998857,block_ip
11231,1,0.9998857,block_ip
11232,1,0.9998857,block_ip
11233,1,0.9998857,block_ip
11234,1,0.9998857,block_ip
11235,1,0.9998857,block_ip
11236,1,0.9998857,block_ip
11237,1,0.9998857,block_ip
11238,1,0.9998857,block_ip
11239,1,0.9998857,block_ip
11240,1,0.9998857,block_ip
11241,1,0.9998857,block_ip
11242,1,0.9998857,block_ip
11243,1,0.9998857,block_ip
11244,1,0.9998292,block_ip
11245,1,0.9998292,block_ip
11246,1,0.9998292,block_ip
11247,1,0.9998292,block_ip
11248,1,0.9998292,block_ip
11249,1,0.9998292,block_ip
11250,1,0.9998292,block_ip
11251,1,0.9998292,block_ip
11252,1,0.9998292,block_ip
11253,1,0.9998292,block_ip
11254,1,0.9998292,block_ip
11255,1,0.9998292,block_ip
11256,1,0.9998292,block_ip
11257,1,0.9998292,block_ip
11258,1,0.9998292,block_ip
11259,1,0.9998292,block_ip
11260,1,0.9998292,block_ip
11261,1,0.9998292,block_ip
11262,1,0.9998292,block_ip
11263,1,0.9998292,block_ip
11264,1,0.9998292,block_ip
11265,1,0.9998292,block_ip
11266,1,0.9998292,block_ip
11267,1,0.9998292,block_ip
11268,1,0.9998292,block_ip
11269,1,0.9998292,block_ip
11270,1,0.9998292,block_ip
11271,1,0.9998292,block_ip
11272,1,0.9998292,block_ip
11273,1,0.9998292,block_ip
11274,1,0.9998292,block_ip
11275,1,0.9998292,block_ip
11276,1,0.9998292,block_ip
11277,1,0.9998292,block_ip
11278,1,0.9998292,block_ip
11279,1,0.9998292,block_ip
11280,1,0.9998292,block_ip
11281,1,0.9998418,block_ip
11282,1,0.9998418,block_ip
11283,1,0.9998418,block_ip
11284,1,0.9998418,block_ip
11285,1,0.9998418,block_ip
11286,1,0.9998418,block_ip
11287,1,0.9998418,block_ip
11288,1,0.9998418,block_ip
11289,1,0.9998418,block_ip
11290,1,0.9998418,block_ip
11291,1,0.9998418,block_ip
11292,1,0.9998418,block_ip
11293,1,0.9998418,block_ip
11294,1,0.9998418,block_ip
11295,1,0.9998418,block_ip
11296,1,0.9998418,block_ip
11297,1,0.9998418,block_ip
11298,1,0.9998418,block_ip
11299,1,0.9998418,block_ip
11300,1,0.9998418,block_ip
11301,1,0.9998418,block_ip
11302,1,0.9998418,block_ip
11303,1,0.9998418,block_ip
11304,1,0.9998418,block_ip
11305,1,0.9998418,block_ip
11306,1,0.99982244,block_ip
11307,1,0.99982244,block_ip
11308,1,0.99982244,block_ip
11309,1,0.99982244,block_ip
11310,1,0.99982244,block_ip
11311,1,0.99982244,block_ip
11312,1,0.99982244,block_ip
11313,1,0.99982244,block_ip
11314,1,0.99983203,block_ip
11315,1,0.99983203,block_ip
11316,1,0.99983203,block_ip
11317,1,0.99983203,block_ip
11318,1,0.99983203,block_ip
11319,1,0.99983203,block_ip
11320,1,0.99983203,block_ip
11321,1,0.99983203,block_ip
11322,1,0.99983203,block_ip
11323,1,0.99983203,block_ip
11324,1,0.99983203,block_ip
11325,1,0.99983203,block_ip
11326,1,0.99983203,block_ip
11327,1,0.99983203,block_ip
11328,1,0.99983203,block_ip
11329,1,0.99983203,block_ip
11330,1,0.99983203,block_ip
11331,1,0.99983203,block_ip
11332,1,0.99983203,block_ip
11333,1,0.9998504,block_ip
11334,1,0.9998504,block_ip
11335,1,0.9998504,block_ip
11336,1,0.9998504,block_ip
11337,1,0.9998504,block_ip
11338,1,0.9998504,block_ip
11339,1,0.9998504,block_ip
11340,1,0.9998504,block_ip
11341,1,0.9998504,block_ip
11342,1,0.9998504,block_ip
11343,1,0.9998504,block_ip
11344,1,0.9998504,block_ip
11345,1,0.9998504,block_ip
11346,1,0.9998504,block_ip
11347,1,0.9998504,block_ip
11348,1,0.9998504,block_ip
11349,1,0.9998504,block_ip
11350,1,0.9998504,block_ip
11351,1,0.9998504,block_ip
11352,1,0.9998504,block_ip
11353,1,0.9998504,block_ip
11354,1,0.9998504,block_ip
11355,1,0.9998504,block_ip
11356,1,0.9998504,block_ip
11357,1,0.9998504,block_ip
11358,1,0.9998504,block_ip
11359,1,0.9998504,block_ip
11360,1,0.9998504,block_ip
11361,1,0.9998504,block_ip
11362,1,0.9998504,block_ip
11363,1,0.99996936,block_ip
11364,1,0.99996936,block_ip
11365,1,0.99996936,block_ip
11366,1,0.99996936,block_ip
11367,1,0.99996936,block_ip
11368,1,0.99996936,block_ip
11369,1,0.99996936,block_ip
11370,1,0.99996936,block_ip
11371,1,0.99996936,block_ip
11372,1,0.99996936,block_ip
11373,1,0.99996936,block_ip
11374,1,0.99996936,block_ip
11375,1,0.99996936,block_ip
11376,1,0.99996936,block_ip
11377,1,0.99996936,block_ip
11378,1,0.99996936,block_ip
11379,1,0.99996936,block_ip
11380,1,0.99996936,block_ip
11381,1,0.99996936,block_ip
11382,1,0.99996936,block_ip
11383,1,0.99996936,block_ip
11384,1,0.99996936,block_ip
11385,1,0.99996936,block_ip
11386,1,0.99996936,block_ip
11387,1,0.99996936,block_ip
11388,1,0.99996936,block_ip
11389,1,0.99996936,block_ip
11390,1,0.99996936,block_ip
11391,1,0.99996936,block_ip
11392,1,0.99996936,block_ip
11393,1,0.99996936,block_ip
11394,1,0.99996936,block_ip
11395,1,0.99996936,block_ip
11396,1,0.99996936,block_ip
11397,1,0.99996936,block_ip
11398,1,0.99996936,block_ip
11399,1,0.99996936,block_ip
11400,1,0.99996936,block_ip
11401,1,0.99996936,block_ip
11402,1,0.99996936,block_ip
11403,1,0.99996936,block_ip
11404,1,0.99996936,block_ip
11405,1,0.99996936,block_ip
11406,1,0.99996936,block_ip
11407,1,0.99996936,block_ip
11408,1,0.99996936,block_ip
11409,1,0.99996936,block_ip
11410,1,0.99996936,block_ip
11411,1,0.99996936,block_ip
11412,1,0.99996936,block_ip
11413,1,0.99996936,block_ip
11414,1,0.99996936,block_ip
11415,1,0.99996936,block_ip
11416,1,0.99996936,block_ip
11417,1,0.99996936,block_ip
11418,1,0.99996936,block_ip
11419,1,0.99996936,block_ip
11420,1,0.99996936,block_ip
11421,1,0.99996936,block_ip
11422,1,0.99996936,block_ip
11423,1,0.99996936,block_ip
11424,1,0.99996936,block_ip
11425,1,0.99996436,block_ip
11426,1,0.99996436,block_ip
11427,1,0.99996936,block_ip
11428,1,0.99996936,block_ip
11429,1,0.99996936,block_ip
11430,1,0.99996936,block_ip
11431,1,0.99996936,block_ip
11432,1,0.99996936,block_ip
11433,1,0.99996936,block_ip
11434,1,0.99996936,block_ip
11435,1,0.99996936,block_ip
11436,1,0.99996936,block_ip
11437,1,0.99996936,block_ip
11438,1,0.99996936,block_ip
11439,1,0.99996936,block_ip
11440,1,0.99996936,block_ip
11441,1,0.99996936,block_ip
11442,1,0.99996936,block_ip
11443,1,0.99996936,block_ip
11444,1,0.99996936,block_ip
11445,1,0.99996936,block_ip
11446,1,0.99996936,block_ip
11447,1,0.99996936,block_ip
11448,1,0.99996936,block_ip
11449,1,0.99996936,block_ip
11450,1,0.99996936,block_ip
11451,1,0.99996936,block_ip
11452,1,0.99996936,block_ip
11453,1,0.99996936,block_ip
11454,1,0.99996936,block_ip
11455,1,0.99996936,block_ip
11456,1,0.99996936,block_ip
11457,1,0.99996936,block_ip
11458,1,0.99996936,block_ip
11459,1,0.99996936,block_ip
11460,1,0.99996936,block_ip
11461,1,0.99996936,block_ip
11462,1,0.99996936,block_ip
11463,1,0.99996936,block_ip
11464,1,0.99996936,block_ip
11465,1,0.99996936,block_ip
11466,1,0.99996936,block_ip
11467,1,0.99996936,block_ip
11468,1,0.99996936,block_ip
11469,1,0.99996936,block_ip
11470,1,0.99996936,block_ip
11471,1,0.99996936,block_ip
11472,1,0.99996936,block_ip
11473,1,0.99996936,block_ip
11474,1,0.99996936,block_ip
11475,1,0.99996936,block_ip
11476,1,0.99996936,block_ip
11477,1,0.99996936,block_ip
11478,1,0.99996936,block_ip
11479,1,0.9999691,block_ip
11480,1,0.9999691,block_ip
11481,1,0.9999691,block_ip
11482,1,0.9999691,block_ip
11483,1,0.9999691,block_ip
11484,1,0.9999691,block_ip
11485,1,0.9999691,block_ip
11486,1,0.9999691,block_ip
11487,1,0.9999691,block_ip
11488,1,0.9999691,block_ip
11489,1,0.9999691,block_ip
11490,1,0.9999691,block_ip
11491,1,0.9999691,block_ip
11492,1,0.9999691,block_ip
11493,1,0.9999691,block_ip
11494,1,0.9999691,block_ip
11495,1,0.9999691,block_ip
11496,1,0.9999691,block_ip
11497,1,0.9999691,block_ip
11498,1,0.9999691,block_ip
11499,1,0.999967,block_ip
11500,1,0.9999691,block_ip
11501,1,0.9999691,block_ip
11502,1,0.9999691,block_ip
11503,1,0.9999691,block_ip
11504,1,0.9999691,block_ip
11505,1,0.9999691,block_ip
11506,1,0.9999691,block_ip
11507,1,0.9999691,block_ip
11508,1,0.9999691,block_ip
11509,1,0.9999691,block_ip
11510,1,0.9999691,block_ip
11511,1,0.9999691,block_ip
11512,1,0.9999691,block_ip
11513,1,0.9999691,block_ip
11514,1,0.9999691,block_ip
11515,1,0.99997044,block_ip
11516,1,0.99997044,block_ip
11517,1,0.99997044,block_ip
11518,1,0.99997044,block_ip
11519,1,0.99997044,block_ip
11520,1,0.99997044,block_ip
11521,1,0.99997044,block_ip
11522,1,0.99997044,block_ip
11523,1,0.99997044,block_ip
11524,1,0.99997044,block_ip
11525,1,0.99997044,block_ip
11526,1,0.99997044,block_ip
11527,1,0.99997044,block_ip
11528,1,0.99997044,block_ip
11529,1,0.99997044,block_ip
11530,1,0.99997044,block_ip
11531,1,0.99997044,block_ip
11532,1,0.99997044,block_ip
11533,1,0.99997044,block_ip
11534,1,0.99997044,block_ip
11535,1,0.99997044,block_ip
11536,1,0.99997044,block_ip
11537,1,0.99997044,block_ip
11538,1,0.99997044,block_ip
11539,1,0.99997044,block_ip
11540,1,0.99997044,block_ip
11541,1,0.99997044,block_ip
11542,1,0.99997044,block_ip
11543,1,0.99997044,block_ip
11544,1,0.99997044,block_ip
11545,1,0.99997044,block_ip
11546,1,0.99997044,block_ip
11547,1,0.99997044,block_ip
11548,1,0.99997044,block_ip
11549,1,0.99997044,block_ip
11550,1,0.99997044,block_ip
11551,1,0.99997044,block_ip
11552,1,0.99997044,block_ip
11553,1,0.99997044,block_ip
11554,1,0.99997044,block_ip
11555,1,0.99997044,block_ip
11556,1,0.99997044,block_ip
11557,1,0.99997044,block_ip
11558,1,0.99997044,block_ip
11559,1,0.99997044,block_ip
11560,1,0.99997044,block_ip
11561,1,0.99997044,block_ip
11562,1,0.99997044,block_ip
11563,1,0.99997044,block_ip
11564,1,0.99997044,block_ip
11565,1,0.99997044,block_ip
11566,1,0.99997044,block_ip
11567,1,0.99997044,block_ip
11568,1,0.99997044,block_ip
11569,1,0.99997044,block_ip
11570,1,0.99997044,block_ip
11571,1,0.99997044,block_ip
11572,1,0.99997044,block_ip
11573,1,0.99997044,block_ip
11574,1,0.99997044,block_ip
11575,1,0.99997044,block_ip
11576,1,0.99997044,block_ip
11577,1,0.99997044,block_ip
11578,1,0.9999701,block_ip
11579,1,0.9999701,block_ip
11580,1,0.9999701,block_ip
11581,1,0.9999701,block_ip
11582,1,0.9999701,block_ip
11583,1,0.9999701,block_ip
11584,1,0.9999701,block_ip
11585,1,0.9999701,block_ip
11586,1,0.9999701,block_ip
11587,1,0.9999701,block_ip
11588,1,0.9999701,block_ip
11589,1,0.9999701,block_ip
11590,1,0.9999701,block_ip
11591,1,0.9999701,block_ip
11592,1,0.9999701,block_ip
11593,1,0.9999701,block_ip
11594,1,0.9999701,block_ip
11595,1,0.9999701,block_ip
11596,1,0.9999701,block_ip
11597,1,0.9999701,block_ip
11598,1,0.9999701,block_ip
11599,1,0.9999701,block_ip
11600,1,0.9999701,block_ip
11601,1,0.9999701,block_ip
11602,1,0.9999701,block_ip
11603,1,0.9999701,block_ip
11604,1,0.9999701,block_ip
11605,1,0.9999701,block_ip
11606,1,0.9999701,block_ip
11607,1,0.9999701,block_ip
11608,1,0.9999701,block_ip
11609,1,0.9999701,block_ip
11610,1,0.9999701,block_ip
11611,1,0.9999701,block_ip
11612,1,0.9999701,block_ip
11613,1,0.9999701,block_ip
11614,1,0.9999701,block_ip
11615,1,0.9999701,block_ip
11616,1,0.9999701,block_ip
11617,1,0.9999701,block_ip
11618,1,0.9999701,block_ip
11619,1,0.9999701,block_ip
11620,1,0.9999701,block_ip
11621,1,0.9999701,block_ip
11622,1,0.9999701,block_ip
11623,1,0.9999701,block_ip
11624,1,0.9999701,block_ip
11625,1,0.9999701,block_ip
11626,1,0.9999701,block_ip
11627,1,0.9999701,block_ip
11628,1,0.9999701,block_ip
11629,1,0.9999701,block_ip
11630,1,0.9999701,block_ip
11631,1,0.9999664,block_ip
11632,1,0.9999701,block_ip
11633,1,0.9999701,block_ip
11634,1,0.9999701,block_ip
11635,1,0.9999701,block_ip
11636,1,0.9999701,block_ip
11637,1,0.9999701,block_ip
11638,1,0.9999701,block_ip
11639,1,0.9999701,block_ip
11640,1,0.9999701,block_ip
11641,1,0.9999701,block_ip
11642,1,0.9999701,block_ip
11643,1,0.9999701,block_ip
11644,1,0.9999701,block_ip
11645,1,0.9999701,block_ip
11646,1,0.9999701,block_ip
11647,1,0.9999701,block_ip
11648,1,0.9999701,block_ip
11649,1,0.9999701,block_ip
11650,1,0.9999701,block_ip
11651,1,0.9999701,block_ip
11652,1,0.9999701,block_ip
11653,1,0.9999701,block_ip
11654,1,0.9999701,block_ip
11655,1,0.9999701,block_ip
11656,1,0.9999701,block_ip
11657,1,0.9999701,block_ip
11658,1,0.9999701,block_ip
11659,1,0.9999701,block_ip
11660,1,0.9999701,block_ip
11661,1,0.9999701,block_ip
11662,1,0.9999701,block_ip
11663,1,0.9999701,block_ip
11664,1,0.9999701,block_ip
11665,1,0.9999701,block_ip
11666,1,0.9999701,block_ip
11667,1,0.9999701,block_ip
11668,1,0.9999701,block_ip
11669,1,0.9999701,block_ip
11670,1,0.9999701,block_ip
11671,1,0.9999701,block_ip
11672,1,0.9999701,block_ip
11673,1,0.9999701,block_ip
11674,1,0.9999701,block_ip
11675,1,0.9999701,block_ip
11676,1,0.9999701,block_ip
11677,1,0.9999701,block_ip
11678,1,0.9999701,block_ip
11679,1,0.9999701,block_ip
11680,1,0.9999701,block_ip
11681,1,0.9999701,block_ip
11682,1,0.9999701,block_ip
11683,1,0.9999701,block_ip
11684,1,0.9999701,block_ip
11685,1,0.9999701,block_ip
11686,1,0.9999701,block_ip
11687,1,0.9999701,block_ip
11688,1,0.9999701,block_ip
11689,1,0.9999701,block_ip
11690,1,0.9999701,block_ip
11691,1,0.9999701,block_ip
11692,1,0.9999701,block_ip
11693,1,0.9999701,block_ip
11694,1,0.9999701,block_ip
11695,1,0.9999701,block_ip
11696,1,0.9999701,block_ip
11697,1,0.9999701,block_ip
11698,1,0.9999701,block_ip
11699,1,0.9999701,block_ip
11700,1,0.9999701,block_ip
11701,1,0.9999701,block_ip
11702,1,0.9999701,block_ip
11703,1,0.9999701,block_ip
11704,1,0.9999701,block_ip
11705,1,0.9999701,block_ip
11706,1,0.9999701,block_ip
11707,1,0.9999701,block_ip
11708,1,0.9999701,block_ip
11709,1,0.9999701,block_ip
11710,1,0.9999701,block_ip
11711,1,0.9999701,block_ip
11712,1,0.9999701,block_ip
11713,1,0.9999701,block_ip
11714,1,0.9999701,block_ip
11715,1,0.9999701,block_ip
11716,1,0.9999701,block_ip
11717,1,0.9999701,block_ip
11718,1,0.9999701,block_ip
11719,1,0.9999701,block_ip
11720,1,0.9999701,block_ip
11721,1,0.9999701,block_ip
11722,1,0.9999701,block_ip
11723,1,0.9999701,block_ip
11724,1,0.9999701,block_ip
11725,1,0.9999701,block_ip
11726,1,0.9999701,block_ip
11727,1,0.9999701,block_ip
11728,1,0.9999701,block_ip
11729,1,0.9999701,block_ip
11730,1,0.9999701,block_ip
11731,1,0.9999701,block_ip
11732,1,0.9999701,block_ip
11733,1,0.9999701,block_ip
11734,1,0.9999701,block_ip
11735,1,0.9999701,block_ip
11736,1,0.9999701,block_ip
11737,1,0.9999701,block_ip
11738,1,0.9999701,block_ip
11739,1,0.9999701,block_ip
11740,1,0.9999701,block_ip
11741,1,0.9999701,block_ip
11742,1,0.9999701,block_ip
11743,1,0.9999701,block_ip
11744,1,0.9999701,block_ip
11745,1,0.9999701,block_ip
11746,1,0.9999701,block_ip
11747,1,0.9999701,block_ip
11748,1,0.9999701,block_ip
11749,1,0.9999701,block_ip
11750,1,0.9999701,block_ip
11751,1,0.9999701,block_ip
11752,1,0.9999701,block_ip
11753,1,0.9999701,block_ip
11754,1,0.9999701,block_ip
11755,1,0.9999701,block_ip
11756,1,0.9999701,block_ip
11757,1,0.9999701,block_ip
11758,1,0.9999701,block_ip
11759,1,0.9999701,block_ip
11760,1,0.9999701,block_ip
11761,1,0.9999701,block_ip
11762,1,0.9999701,block_ip
11763,1,0.9999701,block_ip
11764,1,0.9999701,block_ip
11765,1,0.9999701,block_ip
11766,1,0.9999701,block_ip
11767,1,0.9999701,block_ip
11768,1,0.9999701,block_ip
11769,1,0.9999701,block_ip
11770,1,0.9999701,block_ip
11771,1,0.9999701,block_ip
11772,1,0.9999701,block_ip
11773,1,0.9999701,block_ip
11774,1,0.9999701,block_ip
11775,1,0.9999701,block_ip
11776,1,0.9999701,block_ip
11777,1,0.9999701,block_ip
11778,1,0.9999701,block_ip
11779,1,0.9999701,block_ip
11780,1,0.9999701,block_ip
11781,1,0.9999701,block_ip
11782,1,0.9999701,block_ip
11783,1,0.9999701,block_ip
11784,1,0.9999701,block_ip
11785,1,0.9999701,block_ip
11786,1,0.9999701,block_ip
11787,1,0.9999701,block_ip
11788,1,0.9999701,block_ip
11789,1,0.9999701,block_ip
11790,1,0.9999701,block_ip
11791,1,0.9999701,block_ip
11792,1,0.9999701,block_ip
11793,1,0.9999701,block_ip
11794,1,0.9999701,block_ip
11795,1,0.9999701,block_ip
11796,1,0.9999701,block_ip
11797,1,0.9999701,block_ip
11798,1,0.9999701,block_ip
11799,1,0.9999701,block_ip
11800,1,0.9999701,block_ip
11801,1,0.9999701,block_ip
11802,1,0.9999701,block_ip
11803,1,0.9999701,block_ip
11804,1,0.9999701,block_ip
11805,1,0.9999701,block_ip
11806,1,0.9999701,block_ip
11807,1,0.9999701,block_ip
11808,1,0.9999701,block_ip
11809,1,0.9999701,block_ip
11810,1,0.9999701,block_ip
11811,1,0.9999701,block_ip
11812,1,0.9999701,block_ip
11813,1,0.9999701,block_ip
11814,1,0.9999701,block_ip
11815,1,0.9999701,block_ip
11816,1,0.9999701,block_ip
11817,1,0.9999701,block_ip
11818,1,0.9999701,block_ip
11819,1,0.9999701,block_ip
11820,1,0.9999701,block_ip
11821,1,0.9999701,block_ip
11822,1,0.9999701,block_ip
11823,1,0.9999701,block_ip
11824,1,0.9999701,block_ip
11825,1,0.9999701,block_ip
11826,1,0.9999701,block_ip
11827,1,0.9999701,block_ip
11828,1,0.9999701,block_ip
11829,1,0.9999701,block_ip
11830,1,0.9999701,block_ip
11831,1,0.9999701,block_ip
11832,1,0.9999701,block_ip
11833,1,0.9999701,block_ip
11834,1,0.9999701,block_ip
11835,1,0.9999701,block_ip
11836,1,0.9999701,block_ip
11837,1,0.9999701,block_ip
11838,1,0.9999701,block_ip
11839,1,0.9999701,block_ip
11840,1,0.9999701,block_ip
11841,1,0.9999701,block_ip
11842,1,0.9999701,block_ip
11843,1,0.9999701,block_ip
11844,1,0.9999701,block_ip
11845,1,0.9999701,block_ip
11846,1,0.9999701,block_ip
11847,1,0.9999701,block_ip
11848,1,0.9999701,block_ip
11849,1,0.9999701,block_ip
11850,1,0.9999701,block_ip
11851,1,0.9999701,block_ip
11852,1,0.9999701,block_ip
11853,1,0.9999701,block_ip
11854,1,0.9999701,block_ip
11855,1,0.9999701,block_ip
11856,1,0.9999701,block_ip
11857,1,0.9999701,block_ip
11858,1,0.9999701,block_ip
11859,1,0.9999701,block_ip
11860,1,0.9999701,block_ip
11861,1,0.9999701,block_ip
11862,1,0.9999701,block_ip
11863,1,0.9999701,block_ip
11864,1,0.9999701,block_ip
11865,1,0.9999701,block_ip
11866,1,0.9999701,block_ip
11867,1,0.9999701,block_ip
11868,1,0.9999701,block_ip
11869,1,0.9999701,block_ip
11870,1,0.9999701,block_ip
11871,1,0.9999701,block_ip
11872,1,0.9999701,block_ip
11873,1,0.9999701,block_ip
11874,1,0.9999701,block_ip
11875,1,0.9999701,block_ip
11876,1,0.9999701,block_ip
11877,1,0.9999701,block_ip
11878,1,0.9999701,block_ip
11879,1,0.9999701,block_ip
11880,1,0.9999701,block_ip
11881,1,0.9999701,block_ip
11882,1,0.9999701,block_ip
11883,1,0.9999701,block_ip
11884,1,0.9999701,block_ip
11885,1,0.9999701,block_ip
11886,1,0.9999701,block_ip
11887,1,0.9999701,block_ip
11888,1,0.9999701,block_ip
11889,1,0.9999701,block_ip
11890,1,0.9999701,block_ip
11891,1,0.9999701,block_ip
11892,1,0.9999701,block_ip
11893,1,0.9999701,block_ip
11894,1,0.9999701,block_ip
11895,1,0.9999701,block_ip
11896,1,0.9999701,block_ip
11897,1,0.9999701,block_ip
11898,1,0.9999701,block_ip
11899,1,0.9999701,block_ip
11900,1,0.9999701,block_ip
11901,1,0.9999701,block_ip
11902,1,0.9999701,block_ip
11903,1,0.9999701,block_ip
11904,1,0.9999701,block_ip
11905,1,0.9999701,block_ip
11906,1,0.9999701,block_ip
11907,1,0.9999701,block_ip
11908,1,0.9999701,block_ip
11909,1,0.9999701,block_ip
11910,1,0.9999701,block_ip
11911,1,0.9999701,block_ip
11912,1,0.9999701,block_ip
11913,1,0.9999701,block_ip
11914,1,0.9999701,block_ip
11915,1,0.9999701,block_ip
11916,1,0.9999701,block_ip
11917,1,0.9999701,block_ip
11918,1,0.9999701,block_ip
11919,1,0.9999701,block_ip
11920,1,0.9999701,block_ip
11921,1,0.9999701,block_ip
11922,1,0.9999701,block_ip
11923,1,0.9999701,block_ip
11924,1,0.9999701,block_ip
11925,1,0.9999701,block_ip
11926,1,0.9999701,block_ip
11927,1,0.9999701,block_ip
11928,1,0.9999701,block_ip
11929,1,0.9999701,block_ip
11930,1,0.9999701,block_ip
11931,1,0.9999701,block_ip
11932,1,0.9999701,block_ip
11933,1,0.9999701,block_ip
11934,1,0.9999701,block_ip
11935,1,0.9999701,block_ip
11936,1,0.9999701,block_ip
11937,1,0.9999701,block_ip
11938,1,0.9999701,block_ip
11939,1,0.9999701,block_ip
11940,1,0.9999701,block_ip
11941,1,0.9999701,block_ip
11942,1,0.9999701,block_ip
11943,1,0.9999701,block_ip
11944,1,0.9999701,block_ip
11945,1,0.9999701,block_ip
11946,1,0.9999701,block_ip
11947,1,0.9999701,block_ip
11948,1,0.9999701,block_ip
11949,1,0.9999701,block_ip
11950,1,0.9999701,block_ip
11951,1,0.9999701,block_ip
11952,1,0.9999701,block_ip
11953,1,0.9999701,block_ip
11954,1,0.9999701,block_ip
11955,1,0.9999701,block_ip
11956,1,0.9999701,block_ip
11957,1,0.9999701,block_ip
11958,1,0.9999701,block_ip
11959,1,0.9999701,block_ip
11960,1,0.9999701,block_ip
11961,1,0.9999701,block_ip
11962,1,0.9999701,block_ip
11963,1,0.9999701,block_ip
11964,1,0.9999701,block_ip
11965,1,0.9999701,block_ip
11966,1,0.9999701,block_ip
11967,1,0.9999701,block_ip
11968,1,0.9999701,block_ip
11969,1,0.9999701,block_ip
11970,1,0.9999701,block_ip
11971,1,0.9999701,block_ip
11972,1,0.9999701,block_ip
11973,1,0.9999701,block_ip
11974,1,0.9999701,block_ip
11975,1,0.9999701,block_ip
11976,1,0.9999701,block_ip
11977,1,0.9999701,block_ip
11978,1,0.9999701,block_ip
11979,1,0.9999701,block_ip
11980,1,0.9999701,block_ip
11981,1,0.9999701,block_ip
11982,1,0.9999701,block_ip
11983,1,0.9999701,block_ip
11984,1,0.9999701,block_ip
11985,1,0.9999701,block_ip
11986,1,0.9999701,block_ip
11987,1,0.9999701,block_ip
11988,1,0.9999701,block_ip
11989,1,0.9999701,block_ip
11990,1,0.9999701,block_ip
11991,1,0.9999701,block_ip
11992,1,0.9999701,block_ip
11993,1,0.9999701,block_ip
11994,1,0.9999701,block_ip
11995,1,0.9999701,block_ip
11996,1,0.9999701,block_ip
11997,1,0.9999701,block_ip
11998,1,0.9999701,block_ip
11999,1,0.9999701,block_ip
12000,0,0.9999785,allow
12001,0,0.9999785,allow
12002,0,0.99997586,allow
12003,0,0.99997586,allow
12004,0,0.9999785,allow
12005,0,0.9999785,allow
12006,0,0.9999785,allow
12007,0,0.9999785,allow
12008,0,0.9999785,allow
12009,0,0.9999785,allow
12010,0,0.9999785,allow
12011,0,0.9999785,allow
12012,0,0.9999785,allow
12013,0,0.9999785,allow
12014,0,0.9999785,allow
12015,0,0.9999785,allow
12016,0,0.9999785,allow
12017,0,0.9999785,allow
12018,0,0.9999785,allow
12019,0,0.9999785,allow
12020,0,0.9999785,allow
12021,0,0.9999785,allow
12022,0,0.9999785,allow
12023,0,0.9999785,allow
12024,0,0.9999785,allow
12025,0,0.9999785,allow
12026,0,0.9999785,allow
12027,0,0.9999785,allow
12028,0,0.9999785,allow
12029,0,0.9999785,allow
12030,0,0.9999785,allow
12031,0,0.9999785,allow
12032,0,0.9999785,allow
12033,0,0.9999785,allow
12034,0,0.99997586,allow
12035,0,0.9999785,allow
12036,0,0.9999785,allow
12037,0,0.9999785,allow
12038,0,0.9999785,allow
12039,0,0.9999785,allow
12040,0,0.9999785,allow
12041,0,0.9999785,allow
12042,0,0.9999785,allow
12043,0,0.99997103,allow
12044,0,0.99997103,allow
12045,0,0.99997103,allow
12046,0,0.99997103,allow
12047,0,0.99997103,allow
12048,0,0.99997103,allow
12049,0,0.99997103,allow
12050,0,0.99997103,allow
12051,0,0.99997103,allow
12052,0,0.99997103,allow
12053,0,0.99997103,allow
12054,0,0.99997103,allow
12055,0,0.99997103,allow
12056,0,0.99997103,allow
12057,0,0.99997103,allow
12058,0,0.99997103,allow
12059,0,0.99997103,allow
12060,0,0.99997103,allow
12061,0,0.99997103,allow
12062,0,0.99997103,allow
12063,0,0.99997103,allow
12064,0,0.99997103,allow
12065,0,0.99997103,allow
12066,0,0.99997103,allow
12067,0,0.99997103,allow
12068,0,0.99997103,allow
12069,0,0.99997103,allow
12070,0,0.99997103,allow
12071,0,0.99997103,allow
12072,0,0.99997103,allow
12073,0,0.99997103,allow
12074,0,0.99997103,allow
12075,0,0.99997103,allow
12076,0,0.99997103,allow
12077,0,0.99997103,allow
12078,0,0.99997103,allow
12079,0,0.99997103,allow
12080,0,0.99997103,allow
12081,0,0.99997103,allow
12082,0,0.99997103,allow
12083,0,0.99997044,allow
12084,0,0.99997044,allow
12085,0,0.99997044,allow
12086,0,0.99997103,allow
12087,0,0.99997103,allow
12088,0,0.99997103,allow
12089,0,0.99997103,allow
12090,0,0.99997103,allow
12091,0,0.99997103,allow
12092,0,0.99997103,allow
12093,0,0.99997103,allow
12094,0,0.99997103,allow
12095,0,0.99997103,allow
12096,0,0.99997103,allow
12097,0,0.99997103,allow
12098,0,0.99997103,allow
12099,0,0.99997044,allow
12100,0,0.99997044,allow
12101,0,0.99997044,allow
12102,0,0.99997044,allow
12103,0,0.99997044,allow
12104,0,0.99997044,allow
12105,0,0.99997044,allow
12106,0,0.99997044,allow
12107,0,0.99997044,allow
12108,0,0.99997044,allow
12109,0,0.99997044,allow
12110,0,0.99997044,allow
12111,0,0.99997044,allow
12112,0,0.99997044,allow
12113,0,0.99997044,allow
12114,0,0.99997044,allow
12115,0,0.99997044,allow
12116,0,0.99997044,allow
12117,0,0.99997044,allow
12118,0,0.99997044,allow
12119,0,0.99997044,allow
12120,0,0.99997044,allow
12121,0,0.99997044,allow
12122,0,0.99997044,allow
12123,0,0.99997044,allow
12124,0,0.99997044,allow
12125,0,0.99997044,allow
12126,0,0.99997044,allow
12127,0,0.99997044,allow
12128,0,0.99997044,allow
12129,0,0.99997044,allow
12130,0,0.99997044,allow
12131,0,0.99997044,allow
12132,0,0.99997044,allow
12133,0,0.99997044,allow
12134,0,0.99997044,allow
12135,0,0.99997044,allow
12136,0,0.99997044,allow
12137,0,0.99997044,allow
12138,0,0.99997044,allow
12139,0,0.99997044,allow
12140,0,0.99997044,allow
12141,0,0.99997044,allow
12142,0,0.99997044,allow
12143,0,0.99997044,allow
12144,0,0.99997044,allow
12145,0,0.99997044,allow
12146,0,0.99997044,allow
12147,0,0.99997044,allow
12148,0,0.99997044,allow
12149,0,0.99997044,allow
12150,0,0.99997044,allow
12151,0,0.99997044,allow
12152,0,0.99997044,allow
12153,0,0.99997044,allow
12154,0,0.99997044,allow
12155,0,0.9999725,allow
12156,0,0.9999725,allow
12157,0,0.9999725,allow
12158,0,0.9999725,allow
12159,0,0.9999725,allow
12160,0,0.9999725,allow
12161,0,0.9999725,allow
12162,0,0.9999725,allow
12163,0,0.9999725,allow
12164,0,0.9999725,allow
12165,0,0.9999725,allow
12166,0,0.9999725,allow
12167,0,0.9999725,allow
12168,0,0.9999725,allow
12169,0,0.9999725,allow
12170,0,0.9999725,allow
12171,0,0.9999725,allow
12172,0,0.9999725,allow
12173,0,0.9999725,allow
12174,0,0.9999725,allow
12175,0,0.9999725,allow
12176,0,0.9999725,allow
12177,0,0.9999725,allow
12178,0,0.9999725,allow
12179,0,0.9999727,allow
12180,0,0.9999727,allow
12181,0,0.9999727,allow
12182,0,0.9999727,allow
12183,0,0.9999727,allow
12184,0,0.9999727,allow
12185,0,0.9999727,allow
12186,0,0.9999727,allow
12187,0,0.9999727,allow
12188,0,0.9999727,allow
12189,0,0.9999727,allow
12190,0,0.9999727,allow
12191,0,0.9999727,allow
12192,0,0.9999727,allow
12193,0,0.9999727,allow
12194,0,0.9999727,allow
12195,0,0.9999727,allow
12196,0,0.9999727,allow
12197,0,0.9999727,allow
12198,0,0.9999727,allow
12199,0,0.9999727,allow
12200,0,0.9999727,allow
12201,0,0.9999727,allow
12202,0,0.9999727,allow
12203,0,0.9999727,allow
12204,0,0.9999727,allow
12205,0,0.9999727,allow
12206,0,0.9999727,allow
12207,0,0.9999727,allow
12208,0,0.9999727,allow
12209,0,0.9999727,allow
12210,0,0.9999727,allow
12211,0,0.9999727,allow
12212,0,0.9999727,allow
12213,0,0.9999727,allow
12214,0,0.9999727,allow
12215,0,0.9999727,allow
12216,0,0.9999727,allow
12217,0,0.9999727,allow
12218,0,0.9999727,allow
12219,0,0.9999727,allow
12220,0,0.9999727,allow
12221,0,0.9999727,allow
12222,0,0.9999727,allow
12223,0,0.9999727,allow
12224,0,0.9999727,allow
12225,0,0.9999727,allow
12226,0,0.9999727,allow
12227,0,0.9999727,allow
12228,0,0.9999727,allow
12229,0,0.9999727,allow
12230,0,0.9999727,allow
12231,0,0.9999727,allow
12232,0,0.9999727,allow
12233,0,0.9999727,allow
12234,0,0.9999727,allow
12235,0,0.9999727,allow
12236,0,0.9999727,allow
12237,0,0.9999727,allow
12238,0,0.9999727,allow
12239,0,0.9999727,allow
12240,0,0.9999727,allow
12241,0,0.9999727,allow
12242,0,0.9999727,allow
12243,0,0.9999727,allow
12244,0,0.9999727,allow
12245,0,0.9999727,allow
12246,0,0.9999727,allow
12247,0,0.9999727,allow
12248,0,0.9999727,allow
12249,0,0.9999727,allow
12250,0,0.9999727,allow
12251,0,0.9999727,allow
12252,0,0.9999727,allow
12253,0,0.9999727,allow
12254,0,0.9999727,allow
12255,0,0.9999727,allow
12256,0,0.9999727,allow
12257,0,0.9999727,allow
12258,0,0.9999727,allow
12259,0,0.9999727,allow
12260,0,0.9999727,allow
12261,0,0.9999727,allow
12262,0,0.9999727,allow
12263,0,0.9999727,allow
12264,0,0.9999727,allow
12265,0,0.9999727,allow
12266,0,0.9999727,allow
12267,0,0.9999727,allow
12268,0,0.9999727,allow
12269,0,0.9999727,allow
12270,0,0.9999727,allow
12271,0,0.9999727,allow
12272,0,0.9999727,allow
12273,0,0.9999727,allow
12274,0,0.9999727,allow
12275,0,0.9999727,allow
12276,0,0.9999727,allow
12277,0,0.9999727,allow
12278,0,0.9999727,allow
12279,0,0.9999727,allow
12280,0,0.9999727,allow
12281,0,0.9999727,allow
12282,0,0.9999727,allow
12283,0,0.9999727,allow
12284,0,0.9999727,allow
12285,0,0.9999727,allow
12286,0,0.9999727,allow
12287,0,0.9999727,allow
12288,0,0.9999727,allow
12289,0,0.9999727,allow
12290,0,0.9999727,allow
12291,0,0.9999727,allow
12292,0,0.9999727,allow
12293,0,0.9999727,allow
12294,0,0.9999727,allow
12295,0,0.9999727,allow
12296,0,0.9999727,allow
12297,0,0.9999727,allow
12298,0,0.9999727,allow
12299,0,0.9999727,allow
12300,0,0.9999727,allow
12301,0,0.9999727,allow
12302,0,0.9999727,allow
12303,0,0.9999727,allow
12304,0,0.9999727,allow
12305,0,0.9999727,allow
12306,0,0.9999727,allow
12307,0,0.9999727,allow
12308,0,0.9999727,allow
12309,0,0.9999727,allow
12310,0,0.9999727,allow
12311,0,0.9999727,allow
12312,0,0.9999727,allow
12313,0,0.9999727,allow
12314,0,0.9999727,allow
12315,0,0.9999727,allow
12316,0,0.9999727,allow
12317,0,0.9999727,allow
12318,0,0.9999727,allow
12319,0,0.9999727,allow
12320,0,0.9999727,allow
12321,0,0.9999727,allow
12322,0,0.9999727,allow
12323,0,0.9999727,allow
12324,0,0.9999727,allow
12325,0,0.9999727,allow
12326,0,0.9999727,allow
12327,0,0.9999727,allow
12328,0,0.9999727,allow
12329,0,0.9999727,allow
12330,0,0.9999727,allow
12331,0,0.9999727,allow
12332,0,0.9999727,allow
12333,0,0.9999727,allow
12334,0,0.9999727,allow
12335,0,0.9999727,allow
12336,0,0.9999727,allow
12337,0,0.9999727,allow
12338,0,0.9999727,allow
12339,0,0.9999727,allow
12340,0,0.9999727,allow
12341,0,0.9999727,allow
12342,0,0.9999727,allow
12343,0,0.9999727,allow
12344,0,0.9999727,allow
12345,0,0.9999727,allow
12346,0,0.9999727,allow
12347,0,0.9999727,allow
12348,0,0.9999727,allow
12349,0,0.9999727,allow
12350,0,0.9999727,allow
12351,0,0.9999727,allow
12352,0,0.9999727,allow
12353,0,0.9999727,allow
12354,0,0.9999727,allow
12355,0,0.9999727,allow
12356,0,0.9999727,allow
12357,0,0.9999727,allow
12358,0,0.9999727,allow
12359,0,0.9999727,allow
12360,0,0.9999727,allow
12361,0,0.9999727,allow
12362,0,0.9999727,allow
12363,0,0.9999727,allow
12364,0,0.9999727,allow
12365,0,0.9999727,allow
12366,0,0.9999727,allow
12367,0,0.9999727,allow
12368,0,0.9999727,allow
12369,0,0.9999727,allow
12370,0,0.9999727,allow
12371,0,0.9999727,allow
12372,0,0.9999727,allow
12373,0,0.9999727,allow
12374,0,0.9999727,allow
12375,0,0.9999727,allow
12376,0,0.9999727,allow
12377,0,0.9999727,allow
12378,0,0.9999727,allow
12379,0,0.9999727,allow
12380,0,0.9999727,allow
12381,0,0.9999727,allow
12382,0,0.9999727,allow
12383,0,0.9999727,allow
12384,0,0.9999727,allow
12385,0,0.9999727,allow
12386,0,0.9999727,allow
12387,0,0.9999727,allow
12388,0,0.9999727,allow
12389,0,0.9999727,allow
12390,0,0.9999727,allow
12391,0,0.9999727,allow
12392,0,0.9999727,allow
12393,0,0.9999727,allow
12394,0,0.9999727,allow
12395,0,0.9999727,allow
12396,0,0.9999727,allow
12397,0,0.9999727,allow
12398,0,0.9999727,allow
12399,0,0.9999727,allow
12400,0,0.9999727,allow
12401,0,0.9999727,allow
12402,0,0.9999727,allow
12403,0,0.9999727,allow
12404,0,0.9999727,allow
12405,0,0.9999727,allow
12406,0,0.9999727,allow
12407,0,0.9999727,allow
12408,0,0.9999727,allow
12409,0,0.9999727,allow
12410,0,0.9999727,allow
12411,0,0.9999727,allow
12412,0,0.9999727,allow
12413,0,0.9999727,allow
12414,0,0.9999727,allow
12415,0,0.9999727,allow
12416,0,0.9999727,allow
12417,0,0.9999727,allow
12418,0,0.9999727,allow
12419,0,0.9999727,allow
12420,0,0.9999727,allow
12421,0,0.9999727,allow
12422,0,0.9999727,allow
12423,0,0.9999727,allow
12424,0,0.9999727,allow
12425,0,0.9999727,allow
12426,0,0.9999727,allow
12427,0,0.9999727,allow
12428,0,0.9999727,allow
12429,0,0.9999727,allow
12430,0,0.9999727,allow
12431,0,0.9999727,allow
12432,0,0.9999727,allow
12433,0,0.9999727,allow
12434,0,0.9999727,allow
12435,0,0.9999727,allow
12436,0,0.9999727,allow
12437,0,0.9999727,allow
12438,0,0.9999727,allow
12439,0,0.9999727,allow
12440,0,0.9999727,allow
12441,0,0.9999727,allow
12442,0,0.9999727,allow
12443,0,0.9999727,allow
12444,0,0.9999727,allow
12445,0,0.9999727,allow
12446,0,0.9999727,allow
12447,0,0.9999727,allow
12448,0,0.9999727,allow
12449,0,0.9999727,allow
12450,0,0.9999727,allow
12451,0,0.9999727,allow
12452,0,0.9999727,allow
12453,0,0.9999727,allow
12454,0,0.9999727,allow
12455,0,0.9999727,allow
12456,0,0.9999727,allow
12457,0,0.9999727,allow
12458,0,0.9999727,allow
12459,0,0.9999727,allow
12460,0,0.9999727,allow
12461,0,0.9999727,allow
12462,0,0.9999727,allow
12463,0,0.9999727,allow
12464,0,0.9999727,allow
12465,0,0.9999727,allow
12466,0,0.9999727,allow
12467,0,0.9999727,allow
12468,0,0.9999727,allow
12469,0,0.9999727,allow
12470,0,0.9999727,allow
12471,0,0.9999727,allow
12472,0,0.9999727,allow
12473,0,0.9999727,allow
12474,0,0.9999727,allow
12475,0,0.9999727,allow
12476,0,0.9999727,allow
12477,0,0.9999727,allow
12478,0,0.9999727,allow
12479,0,0.9999727,allow
12480,0,0.9999727,allow
12481,0,0.9999727,allow
12482,0,0.9999727,allow
12483,0,0.9999727,allow
12484,0,0.9999727,allow
12485,0,0.9999727,allow
12486,0,0.9999727,allow
12487,0,0.9999727,allow
12488,0,0.9999727,allow
12489,0,0.9999727,allow
12490,0,0.9999727,allow
12491,0,0.9999727,allow
12492,0,0.9999727,allow
12493,0,0.9999727,allow
12494,0,0.9999727,allow
12495,0,0.9999727,allow
12496,0,0.9999727,allow
12497,0,0.9999727,allow
12498,0,0.9999727,allow
12499,0,0.9999727,allow
12500,0,0.9999727,allow
12501,0,0.9999727,allow
12502,0,0.9999727,allow
12503,0,0.9999727,allow
12504,0,0.9999727,allow
12505,0,0.9999727,allow
12506,0,0.9999727,allow
12507,0,0.9999727,allow
12508,0,0.9999727,allow
12509,0,0.9999727,allow
12510,0,0.9999727,allow
12511,0,0.9999727,allow
12512,0,0.9999727,allow
12513,0,0.9999727,allow
12514,0,0.9999727,allow
12515,0,0.9999727,allow
12516,0,0.9999727,allow
12517,0,0.9999727,allow
12518,0,0.9999727,allow
12519,0,0.9999727,allow
12520,0,0.9999727,allow
12521,0,0.9999727,allow
12522,0,0.9999727,allow
12523,0,0.9999727,allow
12524,0,0.9999727,allow
12525,0,0.9999727,allow
12526,0,0.9999727,allow
12527,0,0.9999727,allow
12528,0,0.9999727,allow
12529,0,0.9999727,allow
12530,0,0.9999727,allow
12531,0,0.9999727,allow
12532,0,0.9999727,allow
12533,0,0.9999727,allow
12534,0,0.9999727,allow
12535,0,0.9999727,allow
12536,0,0.9999727,allow
12537,0,0.9999727,allow
12538,0,0.9999727,allow
12539,0,0.9999727,allow
12540,0,0.9999727,allow
12541,0,0.9999727,allow
12542,0,0.9999727,allow
12543,0,0.9999727,allow
12544,0,0.9999727,allow
12545,0,0.9999727,allow
12546,0,0.9999727,allow
12547,0,0.9999727,allow
12548,0,0.9999727,allow
12549,0,0.9999727,allow
12550,0,0.9999727,allow
12551,0,0.9999727,allow
12552,0,0.9999727,allow
12553,0,0.9999727,allow
12554,0,0.9999727,allow
12555,0,0.9999727,allow
12556,0,0.9999727,allow
12557,0,0.9999727,allow
12558,0,0.9999727,allow
12559,0,0.9999727,allow
12560,0,0.9999727,allow
12561,0,0.9999727,allow
12562,0,0.9999727,allow
12563,0,0.9999727,allow
12564,0,0.9999727,allow
12565,0,0.9999727,allow
12566,0,0.9999727,allow
12567,0,0.9999727,allow
12568,0,0.9999727,allow
12569,0,0.9999727,allow
12570,0,0.9999727,allow
12571,0,0.9999727,allow
12572,0,0.9999727,allow
12573,0,0.9999727,allow
12574,0,0.9999727,allow
12575,0,0.9999727,allow
12576,0,0.9999727,allow
12577,0,0.9999727,allow
12578,0,0.9999727,allow
12579,0,0.9999727,allow
12580,0,0.9999727,allow
12581,0,0.9999727,allow
12582,0,0.9999727,allow
12583,0,0.9999727,allow
12584,0,0.9999727,allow
12585,0,0.9999727,allow
12586,0,0.9999727,allow
12587,0,0.9999727,allow
12588,0,0.9999727,allow
12589,0,0.9999727,allow
12590,0,0.9999727,allow
12591,0,0.9999727,allow
12592,0,0.9999727,allow
12593,0,0.9999727,allow
12594,0,0.9999727,allow
12595,0,0.9999727,allow
12596,0,0.9999727,allow
12597,0,0.9999727,allow
12598,0,0.9999727,allow
12599,0,0.9999727,allow
12600,0,0.9999727,allow
12601,0,0.9999727,allow
12602,0,0.9999727,allow
12603,0,0.9999727,allow
12604,0,0.9999727,allow
12605,0,0.9999727,allow
12606,0,0.9999727,allow
12607,0,0.9999727,allow
12608,0,0.9999727,allow
12609,0,0.9999727,allow
12610,0,0.9999727,allow
12611,0,0.9999727,allow
12612,0,0.9999727,allow
12613,0,0.9999727,allow
12614,0,0.9999727,allow
12615,0,0.9999727,allow
12616,0,0.9999727,allow
12617,0,0.9999727,allow
12618,0,0.9999727,allow
12619,0,0.9999727,allow
12620,0,0.9999727,allow
12621,0,0.9999727,allow
12622,0,0.9999727,allow
12623,0,0.9999727,allow
12624,0,0.9999727,allow
12625,0,0.9999727,allow
12626,0,0.9999727,allow
12627,0,0.9999727,allow
12628,0,0.9999727,allow
12629,0,0.9999727,allow
12630,0,0.9999727,allow
12631,0,0.9999727,allow
12632,0,0.9999727,allow
12633,0,0.9999727,allow
12634,0,0.9999727,allow
12635,0,0.9999727,allow
12636,0,0.9999727,allow
12637,0,0.9999727,allow
12638,0,0.9999727,allow
12639,0,0.9999727,allow
12640,0,0.9999727,allow
12641,0,0.9999727,allow
12642,0,0.9999727,allow
12643,0,0.9999727,allow
12644,0,0.9999727,allow
12645,0,0.9999727,allow
12646,0,0.9999727,allow
12647,0,0.9999727,allow
12648,0,0.9999727,allow
12649,0,0.9999727,allow
12650,0,0.9999727,allow
12651,0,0.9999727,allow
12652,0,0.9999727,allow
12653,0,0.9999727,allow
12654,0,0.9999727,allow
12655,0,0.9999727,allow
12656,0,0.9999727,allow
12657,0,0.9999727,allow
12658,0,0.9999727,allow
12659,0,0.9999727,allow
12660,0,0.9999727,allow
12661,0,0.9999727,allow
12662,0,0.9999727,allow
12663,0,0.9999727,allow
12664,0,0.9999727,allow
12665,0,0.9999727,allow
12666,0,0.9999727,allow
12667,0,0.9999727,allow
12668,0,0.9999727,allow
12669,0,0.9999727,allow
12670,0,0.9999727,allow
12671,0,0.9999727,allow
12672,0,0.9999727,allow
12673,0,0.9999727,allow
12674,0,0.9999727,allow
12675,0,0.9999727,allow
12676,0,0.9999727,allow
12677,0,0.9999727,allow
12678,0,0.9999727,allow
12679,0,0.9999727,allow
12680,0,0.9999727,allow
12681,0,0.9999727,allow
12682,0,0.9999727,allow
12683,0,0.9999727,allow
12684,0,0.9999727,allow
12685,0,0.9999727,allow
12686,0,0.9999727,allow
12687,0,0.9999727,allow
12688,0,0.9999727,allow
12689,0,0.9999727,allow
12690,0,0.9999727,allow
12691,0,0.9999727,allow
12692,0,0.9999727,allow
12693,0,0.9999727,allow
12694,0,0.9999727,allow
12695,0,0.9999727,allow
12696,0,0.9999727,allow
12697,0,0.9999727,allow
12698,0,0.9999727,allow
12699,0,0.9999727,allow
12700,0,0.9999727,allow
12701,0,0.9999727,allow
12702,0,0.9999727,allow
12703,0,0.9999727,allow
12704,0,0.9999727,allow
12705,0,0.9999727,allow
12706,0,0.9999727,allow
12707,0,0.9999727,allow
12708,0,0.9999727,allow
12709,0,0.9999727,allow
12710,0,0.9999727,allow
12711,0,0.9999727,allow
12712,0,0.9999727,allow
12713,0,0.9999727,allow
12714,0,0.9999727,allow
12715,0,0.9999727,allow
12716,0,0.9999727,allow
12717,0,0.9999727,allow
12718,0,0.9999727,allow
12719,0,0.9999727,allow
12720,0,0.9999727,allow
12721,0,0.9999727,allow
12722,0,0.9999727,allow
12723,0,0.9999727,allow
12724,0,0.9999727,allow
12725,0,0.9999727,allow
12726,0,0.9999727,allow
12727,0,0.9999727,allow
12728,0,0.9999727,allow
12729,0,0.9999727,allow
12730,0,0.9999727,allow
12731,0,0.9999727,allow
12732,0,0.9999727,allow
12733,0,0.9999727,allow
12734,0,0.9999727,allow
12735,0,0.9999727,allow
12736,0,0.9999727,allow
12737,0,0.9999727,allow
12738,0,0.9999727,allow
12739,0,0.9999727,allow
12740,0,0.9999727,allow
12741,0,0.9999727,allow
12742,0,0.9999727,allow
12743,0,0.9999727,allow
12744,0,0.9999727,allow
12745,0,0.9999727,allow
12746,0,0.9999727,allow
12747,0,0.9999727,allow
12748,0,0.9999727,allow
12749,0,0.9999727,allow
12750,0,0.9999727,allow
12751,0,0.9999727,allow
12752,0,0.9999727,allow
12753,0,0.9999727,allow
12754,0,0.9999727,allow
12755,0,0.9999727,allow
12756,0,0.9999727,allow
12757,0,0.9999727,allow
12758,0,0.9999727,allow
12759,0,0.9999727,allow
12760,0,0.9999727,allow
12761,0,0.9999727,allow
12762,0,0.9999727,allow
12763,0,0.9999727,allow
12764,0,0.9999727,allow
12765,0,0.9999727,allow
12766,0,0.9999727,allow
12767,0,0.9999727,allow
12768,0,0.9999727,allow
12769,0,0.9999727,allow
12770,0,0.9999727,allow
12771,0,0.9999727,allow
12772,0,0.9999727,allow
12773,0,0.9999727,allow
12774,0,0.9999727,allow
12775,0,0.9999727,allow
12776,0,0.9999727,allow
12777,0,0.9999727,allow
12778,0,0.9999727,allow
12779,0,0.9999727,allow
12780,0,0.9999727,allow
12781,0,0.9999727,allow
12782,0,0.9999727,allow
12783,0,0.9999727,allow
12784,0,0.9999727,allow
12785,0,0.9999727,allow
12786,0,0.9999727,allow
12787,0,0.9999727,allow
12788,0,0.9999727,allow
12789,0,0.9999727,allow
12790,0,0.9999727,allow
12791,0,0.9999727,allow
12792,0,0.9999727,allow
12793,0,0.9999727,allow
12794,0,0.9999727,allow
12795,0,0.9999727,allow
12796,0,0.9999727,allow
12797,0,0.9999727,allow
12798,0,0.9999727,allow
12799,0,0.9999727,allow
12800,0,0.9999727,allow
12801,0,0.9999727,allow
12802,0,0.9999727,allow
12803,0,0.9999727,allow
12804,0,0.9999727,allow
12805,0,0.9999727,allow
12806,0,0.9999727,allow
12807,0,0.9999727,allow
12808,0,0.9999727,allow
12809,0,0.9999727,allow
12810,0,0.9999727,allow
12811,0,0.9999727,allow
12812,0,0.9999727,allow
12813,0,0.9999727,allow
12814,0,0.9999727,allow
12815,0,0.9999727,allow
12816,0,0.9999727,allow
12817,0,0.9999727,allow
12818,0,0.9999727,allow
12819,0,0.9999727,allow
12820,0,0.9999727,allow
12821,0,0.9999727,allow
12822,0,0.9999727,allow
12823,0,0.9999727,allow
12824,0,0.9999727,allow
12825,0,0.9999727,allow
12826,0,0.9999727,allow
12827,0,0.9999727,allow
12828,0,0.9999727,allow
12829,0,0.9999727,allow
12830,0,0.9999727,allow
12831,0,0.9999727,allow
12832,0,0.9999727,allow
12833,0,0.9999727,allow
12834,0,0.9999727,allow
12835,0,0.9999727,allow
12836,0,0.9999727,allow
12837,0,0.9999727,allow
12838,0,0.9999727,allow
12839,0,0.9999727,allow
12840,0,0.9999727,allow
12841,0,0.9999727,allow
12842,0,0.9999727,allow
12843,0,0.9999727,allow
12844,0,0.9999727,allow
12845,0,0.9999727,allow
12846,0,0.9999727,allow
12847,0,0.9999727,allow
12848,0,0.9999727,allow
12849,0,0.9999727,allow
12850,0,0.9999727,allow
12851,0,0.9999727,allow
12852,0,0.9999727,allow
12853,0,0.9999727,allow
12854,0,0.9999727,allow
12855,0,0.9999727,allow
12856,0,0.9999727,allow
12857,0,0.9999727,allow
12858,0,0.9999727,allow
12859,0,0.9999727,allow
12860,0,0.9999727,allow
12861,0,0.9999727,allow
12862,0,0.9999727,allow
12863,0,0.9999727,allow
12864,0,0.9999727,allow
12865,0,0.9999727,allow
12866,0,0.9999727,allow
12867,0,0.9999727,allow
12868,0,0.9999727,allow
12869,0,0.9999727,allow
12870,0,0.9999727,allow
12871,0,0.9999727,allow
12872,0,0.9999727,allow
12873,0,0.9999727,allow
12874,0,0.9999727,allow
12875,0,0.9999802,allow
12876,0,0.9999802,allow
12877,0,0.9999802,allow
12878,0,0.9999802,allow
12879,0,0.9999802,allow
12880,0,0.9999802,allow
12881,0,0.9999727,allow
12882,0,0.9999727,allow
12883,0,0.9999727,allow
12884,0,0.9999727,allow
12885,0,0.9999727,allow
12886,0,0.9999727,allow
12887,0,0.9999727,allow
12888,0,0.9999727,allow
12889,0,0.9999727,allow
12890,0,0.9999727,allow
12891,0,0.9999727,allow
12892,0,0.9999727,allow
12893,0,0.9999727,allow
12894,0,0.9999727,allow
12895,0,0.9999727,allow
12896,0,0.9999727,allow
12897,0,0.9999727,allow
12898,0,0.9999727,allow
12899,0,0.9999727,allow
12900,0,0.9999727,allow
12901,0,0.9999727,allow
12902,0,0.9999727,allow
12903,0,0.9999727,allow
12904,0,0.9999727,allow
12905,0,0.9999727,allow
12906,0,0.9999727,allow
12907,0,0.9999727,allow
12908,0,0.9999727,allow
12909,0,0.9999727,allow
12910,0,0.9999727,allow
12911,0,0.9999727,allow
12912,0,0.9999727,allow
12913,0,0.9999727,allow
12914,0,0.9999727,allow
12915,0,0.9999727,allow
12916,0,0.9999727,allow
12917,0,0.9999727,allow
12918,0,0.9999727,allow
12919,0,0.9999727,allow
12920,0,0.9999727,allow
12921,0,0.9999727,allow
12922,0,0.9999727,allow
12923,0,0.9999727,allow
12924,0,0.9999727,allow
12925,0,0.9999727,allow
12926,0,0.9999727,allow
12927,0,0.9999727,allow
12928,0,0.9999727,allow
12929,0,0.9999727,allow
12930,0,0.9999727,allow
12931,0,0.9999727,allow
12932,0,0.9999727,allow
12933,0,0.9999727,allow
12934,0,0.9999727,allow
12935,0,0.9999727,allow
12936,0,0.9999727,allow
12937,0,0.9999727,allow
12938,0,0.9999727,allow
12939,0,0.9999727,allow
12940,0,0.9999727,allow
12941,0,0.9999727,allow
12942,0,0.9999727,allow
12943,0,0.9999727,allow
12944,0,0.9999727,allow
12945,0,0.9999727,allow
12946,0,0.9999727,allow
12947,0,0.9999727,allow
12948,0,0.9999727,allow
12949,0,0.9999727,allow
12950,0,0.9999727,allow
12951,0,0.9999727,allow
12952,0,0.9999727,allow
12953,0,0.9999727,allow
12954,0,0.9999727,allow
12955,0,0.9999727,allow
12956,0,0.9999727,allow
12957,0,0.9999727,allow
12958,0,0.9999727,allow
12959,0,0.9999727,allow
12960,0,0.9999727,allow
12961,0,0.9999727,allow
12962,0,0.9999727,allow
12963,0,0.9999727,allow
12964,0,0.9999727,allow
12965,0,0.9999727,allow
12966,0,0.9999727,allow
12967,0,0.9999727,allow
12968,0,0.9999727,allow
12969,0,0.9999727,allow
12970,0,0.9999727,allow
12971,0,0.9999727,allow
12972,0,0.9999727,allow
12973,0,0.9999727,allow
12974,0,0.9999727,allow
12975,0,0.9999727,allow
12976,0,0.9999727,allow
12977,0,0.9999727,allow
12978,0,0.9999727,allow
12979,0,0.9999727,allow
12980,0,0.9999727,allow
12981,0,0.9999727,allow
12982,0,0.9999727,allow
12983,0,0.9999727,allow
12984,0,0.9999727,allow
12985,0,0.9999727,allow
12986,0,0.9999727,allow
12987,0,0.9999727,allow
12988,0,0.9999727,allow
12989,0,0.9999727,allow
12990,0,0.9999727,allow
12991,0,0.9999727,allow
12992,0,0.9999727,allow
12993,0,0.9999727,allow
12994,0,0.9999727,allow
12995,0,0.9999727,allow
12996,0,0.9999727,allow
12997,0,0.9999727,allow
12998,0,0.9999727,allow
12999,0,0.9999727,allow
13000,0,0.9999629,allow
13001,0,0.9999629,allow
13002,0,0.9999629,allow
13003,0,0.9999629,allow
13004,0,0.9999629,allow
13005,0,0.9999629,allow
13006,0,0.9999629,allow
13007,0,0.9999629,allow
13008,0,0.9999629,allow
13009,0,0.9999629,allow
13010,0,0.9999629,allow
13011,0,0.9999629,allow
13012,0,0.9999629,allow
13013,0,0.9999629,allow
13014,0,0.9999629,allow
13015,0,0.9999629,allow
13016,0,0.9999629,allow
13017,0,0.9999629,allow
13018,0,0.9999629,allow
13019,0,0.9999629,allow
13020,0,0.9999629,allow
13021,0,0.9999629,allow
13022,0,0.9999629,allow
13023,0,0.9999629,allow
13024,0,0.9999629,allow
13025,0,0.9999629,allow
13026,0,0.9999629,allow
13027,0,0.9999629,allow
13028,0,0.9999629,allow
13029,0,0.9999629,allow
13030,0,0.9999629,allow
13031,0,0.9999629,allow
13032,0,0.9999629,allow
13033,0,0.9999629,allow
13034,0,0.9999629,allow
13035,0,0.9999629,allow
13036,0,0.9999629,allow
13037,0,0.9999629,allow
13038,0,0.9999629,allow
13039,0,0.9999629,allow
13040,0,0.9999629,allow
13041,0,0.9999629,allow
13042,0,0.9999629,allow
13043,0,0.9999629,allow
13044,0,0.9999629,allow
13045,0,0.9999629,allow
13046,0,0.9999629,allow
13047,0,0.9999629,allow
13048,0,0.9999629,allow
13049,0,0.9999629,allow
13050,0,0.9999629,allow
13051,0,0.9999629,allow
13052,0,0.9999629,allow
13053,0,0.9999629,allow
13054,0,0.9999629,allow
13055,0,0.9999629,allow
13056,0,0.9999629,allow
13057,0,0.9999629,allow
13058,0,0.9999629,allow
13059,0,0.9999629,allow
13060,0,0.9999629,allow
13061,0,0.9999629,allow
13062,0,0.9999629,allow
13063,0,0.9999629,allow
13064,0,0.9999629,allow
13065,0,0.9999629,allow
13066,0,0.9999629,allow
13067,0,0.9999629,allow
13068,0,0.9999629,allow
13069,0,0.9999629,allow
13070,0,0.9999629,allow
13071,0,0.9999629,allow
13072,0,0.9999629,allow
13073,0,0.9999629,allow
13074,0,0.9999629,allow
13075,0,0.9999629,allow
13076,0,0.9999629,allow
13077,0,0.9999629,allow
13078,0,0.9999629,allow
13079,0,0.9999629,allow
13080,0,0.9999629,allow
13081,0,0.9999629,allow
13082,0,0.9999629,allow
13083,0,0.9999629,allow
13084,0,0.9999629,allow
13085,0,0.9999629,allow
13086,0,0.9999629,allow
13087,0,0.9999629,allow
13088,0,0.9999629,allow
13089,0,0.9999629,allow
13090,0,0.9999629,allow
13091,0,0.9999629,allow
13092,0,0.9999629,allow
13093,0,0.9999629,allow
13094,0,0.9999629,allow
13095,0,0.9999629,allow
13096,0,0.9999629,allow
13097,0,0.9999629,allow
13098,0,0.9999629,allow
13099,0,0.9999629,allow
13100,0,0.9999629,allow
13101,0,0.9999629,allow
13102,0,0.9999629,allow
13103,0,0.9999629,allow
13104,0,0.9999629,allow
13105,0,0.9999629,allow
13106,0,0.9999629,allow
13107,0,0.9999629,allow
13108,0,0.9999629,allow
13109,0,0.9999629,allow
13110,0,0.9999629,allow
13111,0,0.9999629,allow
13112,0,0.9999629,allow
13113,0,0.9999629,allow
13114,0,0.9999629,allow
13115,0,0.9999629,allow
13116,0,0.9999629,allow
13117,0,0.9999629,allow
13118,0,0.9999629,allow
13119,0,0.9999629,allow
13120,0,0.9999629,allow
13121,0,0.9999629,allow
13122,0,0.9999629,allow
13123,0,0.9999629,allow
13124,0,0.9999629,allow
13125,0,0.9999629,allow
13126,0,0.9999629,allow
13127,0,0.9999629,allow
13128,0,0.9999629,allow
13129,0,0.9999629,allow
13130,0,0.9999629,allow
13131,0,0.9999629,allow
13132,0,0.9999629,allow
13133,0,0.9999629,allow
13134,0,0.9999629,allow
13135,0,0.9999629,allow
13136,0,0.9999629,allow
13137,0,0.9999629,allow
13138,0,0.9999629,allow
13139,0,0.9999629,allow
13140,0,0.9999629,allow
13141,0,0.9999629,allow
13142,0,0.9999629,allow
13143,0,0.9999629,allow
13144,0,0.9999629,allow
13145,0,0.9999629,allow
13146,0,0.9999629,allow
13147,0,0.9999629,allow
13148,0,0.9999629,allow
13149,0,0.9999629,allow
13150,0,0.9999629,allow
13151,0,0.9999629,allow
13152,0,0.9999629,allow
13153,0,0.9999629,allow
13154,0,0.9999629,allow
13155,0,0.9999629,allow
13156,0,0.9999629,allow
13157,0,0.9999629,allow
13158,0,0.9999629,allow
13159,0,0.9999629,allow
13160,0,0.9999629,allow
13161,0,0.9999629,allow
13162,0,0.9999629,allow
13163,0,0.9999629,allow
13164,0,0.9999629,allow
13165,0,0.9999629,allow
13166,0,0.9999629,allow
13167,0,0.9999629,allow
13168,0,0.9999629,allow
13169,0,0.9999629,allow
13170,0,0.9999629,allow
13171,0,0.9999629,allow
13172,0,0.9999629,allow
13173,0,0.9999629,allow
13174,0,0.9999629,allow
13175,0,0.9999629,allow
13176,0,0.9999629,allow
13177,0,0.9999629,allow
13178,0,0.9999629,allow
13179,0,0.9999629,allow
13180,0,0.9999629,allow
13181,0,0.9999629,allow
13182,0,0.9999629,allow
13183,0,0.9999629,allow
13184,0,0.9999629,allow
13185,0,0.9999629,allow
13186,0,0.9999629,allow
13187,0,0.9999629,allow
13188,0,0.9999629,allow
13189,0,0.9999629,allow
13190,0,0.9999629,allow
13191,0,0.9999629,allow
13192,0,0.9999629,allow
13193,0,0.9999629,allow
13194,0,0.9999629,allow
13195,0,0.9999629,allow
13196,0,0.9999629,allow
13197,0,0.9999629,allow
13198,0,0.9999629,allow
13199,0,0.9999629,allow
13200,0,0.9999629,allow
13201,0,0.9999629,allow
13202,0,0.9999629,allow
13203,0,0.9999629,allow
13204,0,0.9999629,allow
13205,0,0.9999629,allow
13206,0,0.9999629,allow
13207,0,0.9999629,allow
13208,0,0.9999629,allow
13209,0,0.9999629,allow
13210,0,0.9999629,allow
13211,0,0.9999629,allow
13212,0,0.9999629,allow
13213,0,0.9999629,allow
13214,0,0.9999629,allow
13215,0,0.9999629,allow
13216,0,0.9999629,allow
13217,0,0.9999629,allow
13218,0,0.9999629,allow
13219,0,0.9999629,allow
13220,0,0.9999629,allow
13221,0,0.9999629,allow
13222,0,0.9999629,allow
13223,0,0.9999629,allow
13224,0,0.9999629,allow
13225,0,0.9999629,allow
13226,0,0.9999629,allow
13227,0,0.9999629,allow
13228,0,0.9999629,allow
13229,0,0.9999629,allow
13230,0,0.9999629,allow
13231,0,0.9999629,allow
13232,0,0.9999629,allow
13233,0,0.9999629,allow
13234,0,0.9999629,allow
13235,0,0.9999629,allow
13236,0,0.9999629,allow
13237,0,0.9999629,allow
13238,0,0.9999629,allow
13239,0,0.9999629,allow
13240,0,0.9999629,allow
13241,0,0.9999629,allow
13242,0,0.9999629,allow
13243,0,0.9999629,allow
13244,0,0.9999629,allow
13245,0,0.9999629,allow
13246,0,0.9999629,allow
13247,0,0.9999629,allow
13248,0,0.9999629,allow
13249,0,0.9999629,allow
13250,0,0.9999629,allow
13251,0,0.9999629,allow
13252,0,0.9999629,allow
13253,0,0.9999629,allow
13254,0,0.9999629,allow
13255,0,0.9999629,allow
13256,0,0.9999629,allow
13257,0,0.9999629,allow
13258,0,0.9999629,allow
13259,0,0.9999629,allow
13260,0,0.9999629,allow
13261,0,0.9999629,allow
13262,0,0.9999629,allow
13263,0,0.9999629,allow
13264,0,0.9999629,allow
13265,0,0.9999629,allow
13266,0,0.9999629,allow
13267,0,0.9999629,allow
13268,0,0.9999629,allow
13269,0,0.9999629,allow
13270,0,0.9999629,allow
13271,0,0.9999629,allow
13272,0,0.9999629,allow
13273,0,0.9999629,allow
13274,0,0.9999629,allow
13275,0,0.9999629,allow
13276,0,0.9999629,allow
13277,0,0.9999629,allow
13278,0,0.9999629,allow
13279,0,0.9999629,allow
13280,0,0.9999629,allow
13281,0,0.9999629,allow
13282,0,0.9999629,allow
13283,0,0.9999629,allow
13284,0,0.9999629,allow
13285,0,0.9999629,allow
13286,0,0.9999629,allow
13287,0,0.9999629,allow
13288,0,0.9999629,allow
13289,0,0.9999629,allow
13290,0,0.9999629,allow
13291,0,0.9999629,allow
13292,0,0.9999629,allow
13293,0,0.9999629,allow
13294,0,0.9999629,allow
13295,0,0.9999629,allow
13296,0,0.9999629,allow
13297,0,0.9999629,allow
13298,0,0.9999629,allow
13299,0,0.9999629,allow
13300,0,0.9999629,allow
13301,0,0.9999629,allow
13302,0,0.9999629,allow
13303,0,0.9999629,allow
13304,0,0.9999629,allow
13305,0,0.9999629,allow
13306,0,0.9999629,allow
13307,0,0.9999629,allow
13308,0,0.9999629,allow
13309,0,0.9999629,allow
13310,0,0.9999629,allow
13311,0,0.9999629,allow
13312,0,0.9999629,allow
13313,0,0.9999629,allow
13314,0,0.9999629,allow
13315,0,0.9999629,allow
13316,0,0.9999629,allow
13317,0,0.9999629,allow
13318,0,0.9999629,allow
13319,0,0.9999629,allow
13320,0,0.9999629,allow
13321,0,0.9999629,allow
13322,0,0.9999629,allow
13323,0,0.9999629,allow
13324,0,0.9999629,allow
13325,0,0.9999629,allow
13326,0,0.9999629,allow
13327,0,0.9999629,allow
13328,0,0.9999629,allow
13329,0,0.9999629,allow
13330,0,0.9999629,allow
13331,0,0.9999629,allow
13332,0,0.9999629,allow
13333,0,0.9999629,allow
13334,0,0.9999629,allow
13335,0,0.9999629,allow
13336,0,0.9999629,allow
13337,0,0.9999629,allow
13338,0,0.9999629,allow
13339,0,0.9999629,allow
13340,0,0.9999629,allow
13341,0,0.9999629,allow
13342,0,0.9999629,allow
13343,0,0.9999629,allow
13344,0,0.9999629,allow
13345,0,0.9999629,allow
13346,0,0.9999629,allow
13347,0,0.9999629,allow
13348,0,0.9999629,allow
13349,0,0.9999629,allow
13350,0,0.9999629,allow
13351,0,0.9999629,allow
13352,0,0.9999629,allow
13353,0,0.9999629,allow
13354,0,0.9999629,allow
13355,0,0.9999629,allow
13356,0,0.9999629,allow
13357,0,0.9999629,allow
13358,0,0.9999629,allow
13359,0,0.9999629,allow
13360,0,0.9999629,allow
13361,0,0.9999629,allow
13362,0,0.9999629,allow
13363,0,0.9999629,allow
13364,0,0.9999629,allow
13365,0,0.9999629,allow
13366,0,0.9999629,allow
13367,0,0.9999629,allow
13368,0,0.9999629,allow
13369,0,0.9999629,allow
13370,0,0.9999629,allow
13371,0,0.9999629,allow
13372,0,0.9999629,allow
13373,0,0.9999629,allow
13374,0,0.9999629,allow
13375,0,0.9999629,allow
13376,0,0.9999629,allow
13377,0,0.9999629,allow
13378,0,0.9999629,allow
13379,0,0.9999629,allow
13380,0,0.9999629,allow
13381,0,0.9999629,allow
13382,0,0.9999629,allow
13383,0,0.9999629,allow
13384,0,0.9999629,allow
13385,0,0.9999629,allow
13386,0,0.9999629,allow
13387,0,0.9999629,allow
13388,0,0.9999629,allow
13389,0,0.9999629,allow
13390,0,0.9999629,allow
13391,0,0.9999629,allow
13392,0,0.9999629,allow
13393,0,0.9999629,allow
13394,0,0.9999629,allow
13395,0,0.9999629,allow
13396,0,0.9999629,allow
13397,0,0.9999629,allow
13398,0,0.9999629,allow
13399,0,0.9999629,allow
13400,0,0.9999629,allow
13401,0,0.9999629,allow
13402,0,0.9999629,allow
13403,0,0.9999629,allow
13404,0,0.9999629,allow
13405,0,0.9999629,allow
13406,0,0.9999629,allow
13407,0,0.9999629,allow
13408,0,0.9999629,allow
13409,0,0.9999629,allow
13410,0,0.9999629,allow
13411,0,0.9999629,allow
13412,0,0.9999629,allow
13413,0,0.9999629,allow
13414,0,0.9999629,allow
13415,0,0.9999629,allow
13416,0,0.9999629,allow
13417,0,0.9999629,allow
13418,0,0.9999629,allow
13419,0,0.9999629,allow
13420,0,0.9999629,allow
13421,0,0.9999629,allow
13422,0,0.9999629,allow
13423,0,0.9999629,allow
13424,0,0.9999629,allow
13425,0,0.9999629,allow
13426,0,0.9999629,allow
13427,0,0.9999629,allow
13428,0,0.9999629,allow
13429,0,0.9999629,allow
13430,0,0.9999629,allow
13431,0,0.9999629,allow
13432,0,0.9999629,allow
13433,0,0.9999629,allow
13434,0,0.9999629,allow
13435,0,0.9999629,allow
13436,0,0.9999629,allow
13437,0,0.9999629,allow
13438,0,0.9999629,allow
13439,0,0.9999629,allow
13440,0,0.9999629,allow
13441,0,0.9999629,allow
13442,0,0.9999629,allow
13443,0,0.9999629,allow
13444,0,0.9999629,allow
13445,0,0.9999629,allow
13446,0,0.9999629,allow
13447,0,0.9999629,allow
13448,0,0.9999629,allow
13449,0,0.9999629,allow
13450,0,0.9999629,allow
13451,0,0.9999629,allow
13452,0,0.9999629,allow
13453,0,0.9999629,allow
13454,0,0.9999629,allow
13455,0,0.9999629,allow
13456,0,0.9999629,allow
13457,0,0.9999629,allow
13458,0,0.9999629,allow
13459,0,0.9999629,allow
13460,0,0.9999629,allow
13461,0,0.9999629,allow
13462,0,0.9999629,allow
13463,0,0.9999629,allow
13464,0,0.9999629,allow
13465,0,0.9999629,allow
13466,0,0.9999629,allow
13467,0,0.9999629,allow
13468,0,0.9999629,allow
13469,0,0.9999629,allow
13470,0,0.9999629,allow
13471,0,0.9999629,allow
13472,0,0.9999629,allow
13473,0,0.9999629,allow
13474,0,0.9999629,allow
13475,0,0.9999629,allow
13476,0,0.9999629,allow
13477,0,0.9999629,allow
13478,0,0.9999629,allow
13479,0,0.9999629,allow
13480,0,0.9999629,allow
13481,0,0.9999629,allow
13482,0,0.9999629,allow
13483,0,0.9999629,allow
13484,0,0.9999629,allow
13485,0,0.9999629,allow
13486,0,0.9999629,allow
13487,0,0.9999629,allow
13488,0,0.9999629,allow
13489,0,0.9999629,allow
13490,0,0.9999629,allow
13491,0,0.9999629,allow
13492,0,0.9999629,allow
13493,0,0.9999629,allow
13494,0,0.9999629,allow
13495,0,0.9999629,allow
13496,0,0.9999629,allow
13497,0,0.9999629,allow
13498,0,0.9999629,allow
13499,0,0.9999629,allow
13500,0,0.9999629,allow
13501,0,0.9999629,allow
13502,0,0.9999629,allow
13503,0,0.9999629,allow
13504,0,0.9999629,allow
13505,0,0.9999629,allow
13506,0,0.9999629,allow
13507,0,0.9999629,allow
13508,0,0.9999629,allow
13509,0,0.9999629,allow
13510,0,0.9999629,allow
13511,0,0.9999629,allow
13512,0,0.9999629,allow
13513,0,0.9999629,allow
13514,0,0.9999629,allow
13515,0,0.9999629,allow
13516,0,0.9999629,allow
13517,0,0.9999629,allow
13518,0,0.9999629,allow
13519,0,0.9999629,allow
13520,0,0.9999629,allow
13521,0,0.9999629,allow
13522,0,0.9999629,allow
13523,0,0.9999629,allow
13524,0,0.9999629,allow
13525,0,0.9999629,allow
13526,0,0.9999629,allow
13527,0,0.9999629,allow
13528,0,0.9999629,allow
13529,0,0.9999629,allow
13530,0,0.9999629,allow
13531,0,0.9999629,allow
13532,0,0.9999629,allow
13533,0,0.9999629,allow
13534,0,0.9999629,allow
13535,0,0.9999629,allow
13536,0,0.9999629,allow
13537,0,0.9999629,allow
13538,0,0.9999629,allow
13539,0,0.9999629,allow
13540,0,0.9999629,allow
13541,0,0.9999629,allow
13542,0,0.9999629,allow
13543,0,0.9999629,allow
13544,0,0.9999629,allow
13545,0,0.9999629,allow
13546,0,0.9999629,allow
13547,0,0.9999629,allow
13548,0,0.9999629,allow
13549,0,0.9999629,allow
13550,0,0.9999629,allow
13551,0,0.9999629,allow
13552,0,0.9999629,allow
13553,0,0.9999629,allow
13554,0,0.9999629,allow
13555,0,0.9999629,allow
13556,0,0.9999629,allow
13557,0,0.9999629,allow
13558,0,0.9999629,allow
13559,0,0.9999629,allow
13560,0,0.9999629,allow
13561,0,0.9999629,allow
13562,0,0.9999629,allow
13563,0,0.9999629,allow
13564,0,0.9999629,allow
13565,0,0.9999629,allow
13566,0,0.9999629,allow
13567,0,0.9999629,allow
13568,0,0.9999629,allow
13569,0,0.9999629,allow
13570,0,0.9999629,allow
13571,0,0.9999629,allow
13572,0,0.9999629,allow
13573,0,0.9999629,allow
13574,0,0.9999629,allow
13575,0,0.9999629,allow
13576,0,0.9999629,allow
13577,0,0.9999629,allow
13578,0,0.9999629,allow
13579,0,0.9999629,allow
13580,0,0.9999629,allow
13581,0,0.9999629,allow
13582,0,0.9999629,allow
13583,0,0.9999629,allow
13584,0,0.9999629,allow
13585,0,0.9999629,allow
13586,0,0.9999629,allow
13587,0,0.9999629,allow
13588,0,0.9999629,allow
13589,0,0.9999629,allow
13590,0,0.9999629,allow
13591,0,0.9999629,allow
13592,0,0.9999629,allow
13593,0,0.9999629,allow
13594,0,0.9999629,allow
13595,0,0.9999629,allow
13596,0,0.9999629,allow
13597,0,0.9999629,allow
13598,0,0.9999629,allow
13599,0,0.9999629,allow
13600,0,0.9999629,allow
13601,0,0.9999629,allow
13602,0,0.9999629,allow
13603,0,0.9999629,allow
13604,0,0.9999629,allow
13605,0,0.9999629,allow
13606,0,0.9999629,allow
13607,0,0.9999629,allow
13608,0,0.9999629,allow
13609,0,0.9999629,allow
13610,0,0.9999629,allow
13611,0,0.9999629,allow
13612,0,0.9999629,allow
13613,0,0.9999629,allow
13614,0,0.9999629,allow
13615,0,0.9999629,allow
13616,0,0.9999629,allow
13617,0,0.9999629,allow
13618,0,0.9999629,allow
13619,0,0.9999629,allow
13620,0,0.9999629,allow
13621,0,0.9999629,allow
13622,0,0.9999629,allow
13623,0,0.9999629,allow
13624,0,0.9999629,allow
13625,0,0.9999629,allow
13626,0,0.9999629,allow
13627,0,0.9999629,allow
13628,0,0.9999629,allow
13629,0,0.9999629,allow
13630,0,0.9999629,allow
13631,0,0.9999629,allow
13632,0,0.9999629,allow
13633,0,0.9999629,allow
13634,0,0.9999629,allow
13635,0,0.9999629,allow
13636,0,0.9999629,allow
13637,0,0.9999629,allow
13638,0,0.9999629,allow
13639,0,0.9999629,allow
13640,0,0.9999629,allow
13641,0,0.9999629,allow
13642,0,0.9999629,allow
13643,0,0.9999629,allow
13644,0,0.9999629,allow
13645,0,0.9999629,allow
13646,0,0.9999629,allow
13647,0,0.9999629,allow
13648,0,0.9999629,allow
13649,0,0.9999629,allow
13650,0,0.9999629,allow
13651,0,0.9999629,allow
13652,0,0.9999629,allow
13653,0,0.9999629,allow
13654,0,0.9999629,allow
13655,0,0.9999629,allow
13656,0,0.9999629,allow
13657,0,0.9999629,allow
13658,0,0.9999629,allow
13659,0,0.9999629,allow
13660,0,0.9999629,allow
13661,0,0.9999629,allow
13662,0,0.9999629,allow
13663,0,0.9999629,allow
13664,0,0.9999629,allow
13665,0,0.9999629,allow
13666,0,0.9999629,allow
13667,0,0.9999629,allow
13668,0,0.9999629,allow
13669,0,0.9999629,allow
13670,0,0.9999629,allow
13671,0,0.9999629,allow
13672,0,0.9999629,allow
13673,0,0.9999629,allow
13674,0,0.9999629,allow
13675,0,0.9999629,allow
13676,0,0.9999629,allow
13677,0,0.9999629,allow
13678,0,0.9999629,allow
13679,0,0.9999629,allow
13680,0,0.9999629,allow
13681,0,0.9999629,allow
13682,0,0.9999629,allow
13683,0,0.9999629,allow
13684,0,0.9999629,allow
13685,0,0.9999629,allow
13686,0,0.9999629,allow
13687,0,0.9999629,allow
13688,0,0.9999629,allow
13689,0,0.9999629,allow
13690,0,0.9999629,allow
13691,0,0.9999629,allow
13692,0,0.9999629,allow
13693,0,0.9999629,allow
13694,0,0.9999629,allow
13695,0,0.9999629,allow
13696,0,0.9999629,allow
13697,0,0.9999629,allow
13698,0,0.9999629,allow
13699,0,0.9999629,allow
13700,0,0.9999629,allow
13701,0,0.9999629,allow
13702,0,0.9999629,allow
13703,0,0.9999629,allow
13704,0,0.9999629,allow
13705,0,0.9999629,allow
13706,0,0.9999629,allow
13707,0,0.9999629,allow
13708,0,0.9999629,allow
13709,0,0.9999629,allow
13710,0,0.9999629,allow
13711,0,0.9999629,allow
13712,0,0.9999629,allow
13713,0,0.9999629,allow
13714,0,0.9999629,allow
13715,0,0.9999629,allow
13716,0,0.9999629,allow
13717,0,0.9999629,allow
13718,0,0.9999629,allow
13719,0,0.9999629,allow
13720,0,0.9999629,allow
13721,0,0.9999629,allow
13722,0,0.9999629,allow
13723,0,0.9999629,allow
13724,0,0.9999629,allow
13725,0,0.9999629,allow
13726,0,0.9999629,allow
13727,0,0.9999629,allow
13728,0,0.9999629,allow
13729,0,0.9999629,allow
13730,0,0.9999629,allow
13731,0,0.9999629,allow
13732,0,0.9999629,allow
13733,0,0.9999629,allow
13734,0,0.9999629,allow
13735,0,0.9999629,allow
13736,0,0.9999629,allow
13737,0,0.9999629,allow
13738,0,0.9999629,allow
13739,0,0.9999629,allow
13740,0,0.9999629,allow
13741,0,0.9999629,allow
13742,0,0.9999629,allow
13743,0,0.9999629,allow
13744,0,0.9999629,allow
13745,0,0.9999629,allow
13746,0,0.9999629,allow
13747,0,0.9999629,allow
13748,0,0.9999629,allow
13749,0,0.9999629,allow
13750,0,0.9999629,allow
13751,0,0.9999629,allow
13752,0,0.9999629,allow
13753,0,0.9999629,allow
13754,0,0.9999629,allow
13755,0,0.9999629,allow
13756,0,0.9999629,allow
13757,0,0.9999629,allow
13758,0,0.9999629,allow
13759,0,0.9999629,allow
13760,0,0.9999629,allow
13761,0,0.9999629,allow
13762,0,0.9999629,allow
13763,0,0.9999629,allow
13764,0,0.9999629,allow
13765,0,0.9999629,allow
13766,0,0.9999629,allow
13767,0,0.9999629,allow
13768,0,0.9999629,allow
13769,0,0.9999629,allow
13770,0,0.9999629,allow
13771,0,0.9999629,allow
13772,0,0.9999629,allow
13773,0,0.9999629,allow
13774,0,0.9999629,allow
13775,0,0.9999629,allow
13776,0,0.9999629,allow
13777,0,0.9999629,allow
13778,0,0.9999629,allow
13779,0,0.9999629,allow
13780,0,0.9999629,allow
13781,0,0.9999629,allow
13782,0,0.9999629,allow
13783,0,0.9999629,allow
13784,0,0.9999629,allow
13785,0,0.9999629,allow
13786,0,0.9999629,allow
13787,0,0.9999629,allow
13788,0,0.9999629,allow
13789,0,0.9999629,allow
13790,0,0.9999629,allow
13791,0,0.9999629,allow
13792,0,0.9999629,allow
13793,0,0.9999629,allow
13794,0,0.9999629,allow
13795,0,0.9999629,allow
13796,0,0.9999629,allow
13797,0,0.9999629,allow
13798,0,0.9999629,allow
13799,0,0.9999629,allow
13800,0,0.9999629,allow
13801,0,0.9999629,allow
13802,0,0.9999629,allow
13803,0,0.9999629,allow
13804,0,0.9999629,allow
13805,0,0.9999629,allow
13806,0,0.9999629,allow
13807,0,0.9999629,allow
13808,0,0.9999629,allow
13809,0,0.9999629,allow
13810,0,0.9999629,allow
13811,0,0.9999629,allow
13812,0,0.9999629,allow
13813,0,0.9999629,allow
13814,0,0.9999629,allow
13815,0,0.9999629,allow
13816,0,0.9999629,allow
13817,0,0.9999629,allow
13818,0,0.9999629,allow
13819,0,0.9999629,allow
13820,0,0.9999629,allow
13821,0,0.9999629,allow
13822,0,0.9999629,allow
13823,0,0.9999629,allow
13824,0,0.9999629,allow
13825,0,0.9999629,allow
13826,0,0.9999629,allow
13827,0,0.9999629,allow
13828,0,0.9999629,allow
13829,0,0.9999629,allow
13830,0,0.9999629,allow
13831,0,0.9999629,allow
13832,0,0.9999629,allow
13833,0,0.9999629,allow
13834,0,0.9999629,allow
13835,0,0.9999629,allow
13836,0,0.9999629,allow
13837,0,0.9999629,allow
13838,0,0.9999629,allow
13839,0,0.9999629,allow
13840,0,0.9999629,allow
13841,0,0.9999629,allow
13842,0,0.9999629,allow
13843,0,0.9999629,allow
13844,0,0.9999629,allow
13845,0,0.9999629,allow
13846,0,0.9999629,allow
13847,0,0.9999629,allow
13848,0,0.9999629,allow
13849,0,0.9999629,allow
13850,0,0.9999629,allow
13851,0,0.9999629,allow
13852,0,0.9999629,allow
13853,0,0.9999629,allow
13854,0,0.9999629,allow
13855,0,0.9999629,allow
13856,0,0.9999629,allow
13857,0,0.9999629,allow
13858,0,0.9999629,allow
13859,0,0.9999629,allow
13860,0,0.9999629,allow
13861,0,0.9999629,allow
13862,0,0.9999629,allow
13863,0,0.9999629,allow
13864,0,0.9999629,allow
13865,0,0.9999629,allow
13866,0,0.9999629,allow
13867,0,0.9999629,allow
13868,0,0.9999629,allow
13869,0,0.9999629,allow
13870,0,0.9999629,allow
13871,0,0.9999629,allow
13872,0,0.9999629,allow
13873,0,0.9999629,allow
13874,0,0.9999629,allow
13875,0,0.9999629,allow
13876,0,0.9999629,allow
13877,0,0.9999629,allow
13878,0,0.9999629,allow
13879,0,0.9999629,allow
13880,0,0.9999629,allow
13881,0,0.9999629,allow
13882,0,0.9999629,allow
13883,0,0.9999629,allow
13884,0,0.9999629,allow
13885,0,0.9999629,allow
13886,0,0.9999629,allow
13887,0,0.9999629,allow
13888,0,0.9999629,allow
13889,0,0.9999629,allow
13890,0,0.9999629,allow
13891,0,0.9999629,allow
13892,0,0.9999629,allow
13893,0,0.9999629,allow
13894,0,0.9999629,allow
13895,0,0.9999629,allow
13896,0,0.9999629,allow
13897,0,0.9999629,allow
13898,0,0.9999629,allow
13899,0,0.9999629,allow
13900,0,0.9999629,allow
13901,0,0.9999629,allow
13902,0,0.9999629,allow
13903,0,0.9999629,allow
13904,0,0.9999629,allow
13905,0,0.9999629,allow
13906,0,0.9999629,allow
13907,0,0.9999629,allow
13908,0,0.9999629,allow
13909,0,0.9999629,allow
13910,0,0.9999629,allow
13911,0,0.9999629,allow
13912,0,0.9999629,allow
13913,0,0.9999629,allow
13914,0,0.9999629,allow
13915,0,0.9999629,allow
13916,0,0.9999629,allow
13917,0,0.9999629,allow
13918,0,0.9999629,allow
13919,0,0.9999629,allow
13920,0,0.9999629,allow
13921,0,0.9999629,allow
13922,0,0.9999629,allow
13923,0,0.9999629,allow
13924,0,0.9999629,allow
13925,0,0.9999629,allow
13926,0,0.9999629,allow
13927,0,0.9999629,allow
13928,0,0.9999629,allow
13929,0,0.9999629,allow
13930,0,0.9999629,allow
13931,0,0.9999629,allow
13932,0,0.9999629,allow
13933,0,0.9999629,allow
13934,0,0.9999629,allow
13935,0,0.9999629,allow
13936,0,0.9999629,allow
13937,0,0.9999629,allow
13938,0,0.9999629,allow
13939,0,0.9999629,allow
13940,0,0.9999629,allow
13941,0,0.9999629,allow
13942,0,0.9999629,allow
13943,0,0.9999629,allow
13944,0,0.9999629,allow
13945,0,0.9999629,allow
13946,0,0.9999629,allow
13947,0,0.9999629,allow
13948,0,0.9999629,allow
13949,0,0.9999629,allow
13950,0,0.9999629,allow
13951,0,0.9999629,allow
13952,0,0.9999629,allow
13953,0,0.9999629,allow
13954,0,0.9999629,allow
13955,0,0.9999629,allow
13956,0,0.9999629,allow
13957,0,0.9999629,allow
13958,0,0.9999629,allow
13959,0,0.9999629,allow
13960,0,0.9999629,allow
13961,0,0.9999629,allow
13962,0,0.9999629,allow
13963,0,0.9999629,allow
13964,0,0.9999629,allow
13965,0,0.9999629,allow
13966,0,0.9999629,allow
13967,0,0.9999629,allow
13968,0,0.9999629,allow
13969,0,0.9999629,allow
13970,0,0.9999629,allow
13971,0,0.9999629,allow
13972,0,0.9999629,allow
13973,0,0.9999629,allow
13974,0,0.9999629,allow
13975,0,0.9999629,allow
13976,0,0.9999629,allow
13977,0,0.9999629,allow
13978,0,0.9999629,allow
13979,0,0.9999629,allow
13980,0,0.9999629,allow
13981,0,0.9999629,allow
13982,0,0.9999629,allow
13983,0,0.9999629,allow
13984,0,0.9999629,allow
13985,0,0.9999629,allow
13986,0,0.9999629,allow
13987,0,0.9999629,allow
13988,0,0.9999629,allow
13989,0,0.9999629,allow
13990,0,0.9999629,allow
13991,0,0.9999629,allow
13992,0,0.9999629,allow
13993,0,0.9999629,allow
13994,0,0.9999629,allow
13995,0,0.9999629,allow
13996,0,0.9999629,allow
13997,0,0.9999629,allow
13998,0,0.9999629,allow
13999,0,0.9999629,allow
14000,1,0.9999795,block_ip
14001,1,0.9999795,block_ip
14002,1,0.9999795,block_ip
14003,1,0.9999795,block_ip
14004,1,0.9999795,block_ip
14005,1,0.9999795,block_ip
14006,1,0.9999795,block_ip
14007,1,0.9999795,block_ip
14008,1,0.9999795,block_ip
14009,1,0.9999795,block_ip
14010,1,0.9999795,block_ip
14011,1,0.9999795,block_ip
14012,1,0.9999795,block_ip
14013,1,0.9999795,block_ip
14014,1,0.9999795,block_ip
14015,1,0.9999795,block_ip
14016,1,0.9999795,block_ip
14017,1,0.9999795,block_ip
14018,1,0.9999795,block_ip
14019,1,0.9999795,block_ip
14020,1,0.9999795,block_ip
14021,1,0.9999795,block_ip
14022,1,0.9999795,block_ip
14023,1,0.9999795,block_ip
14024,1,0.9999795,block_ip
14025,1,0.9999795,block_ip
14026,1,0.9999795,block_ip
14027,1,0.9999795,block_ip
14028,1,0.9999795,block_ip
14029,1,0.9999795,block_ip
14030,1,0.9999795,block_ip
14031,1,0.9999795,block_ip
14032,1,0.9999795,block_ip
14033,1,0.9999795,block_ip
14034,1,0.9999795,block_ip
14035,1,0.9999795,block_ip
14036,1,0.9999795,block_ip
14037,1,0.9999795,block_ip
14038,1,0.9999795,block_ip
14039,1,0.9999795,block_ip
14040,1,0.9999795,block_ip
14041,1,0.9999795,block_ip
14042,1,0.9999795,block_ip
14043,1,0.9999795,block_ip
14044,1,0.9999795,block_ip
14045,1,0.9999795,block_ip
14046,1,0.9999795,block_ip
14047,1,0.9999795,block_ip
14048,1,0.9999795,block_ip
14049,1,0.9999795,block_ip
14050,1,0.9999795,block_ip
14051,1,0.9999795,block_ip
14052,1,0.9999795,block_ip
14053,1,0.9999795,block_ip
14054,1,0.9999795,block_ip
14055,1,0.9999795,block_ip
14056,1,0.9999795,block_ip
14057,1,0.9999795,block_ip
14058,1,0.9999795,block_ip
14059,1,0.9999795,block_ip
14060,1,0.9999795,block_ip
14061,1,0.9999795,block_ip
14062,1,0.9999795,block_ip
14063,1,0.9999795,block_ip
14064,1,0.9999795,block_ip
14065,1,0.9999795,block_ip
14066,1,0.9999795,block_ip
14067,1,0.9999795,block_ip
14068,1,0.9999795,block_ip
14069,1,0.9999795,block_ip
14070,1,0.9999795,block_ip
14071,1,0.9999795,block_ip
14072,1,0.9999795,block_ip
14073,1,0.9999795,block_ip
14074,1,0.9999795,block_ip
14075,1,0.9999795,block_ip
14076,1,0.9999795,block_ip
14077,1,0.9999795,block_ip
14078,1,0.9999795,block_ip
14079,1,0.9999795,block_ip
14080,1,0.9999795,block_ip
14081,1,0.9999795,block_ip
14082,1,0.9999795,block_ip
14083,1,0.9999795,block_ip
14084,1,0.9999795,block_ip
14085,1,0.9999795,block_ip
14086,1,0.9999795,block_ip
14087,1,0.9999795,block_ip
14088,1,0.9999795,block_ip
14089,1,0.9999795,block_ip
14090,1,0.9999795,block_ip
14091,1,0.9999795,block_ip
14092,1,0.9999795,block_ip
14093,1,0.9999795,block_ip
14094,1,0.9999795,block_ip
14095,1,0.9999795,block_ip
14096,1,0.9999795,block_ip
14097,1,0.9999795,block_ip
14098,1,0.9999795,block_ip
14099,1,0.9999795,block_ip
14100,1,0.9999795,block_ip
14101,1,0.9999795,block_ip
14102,1,0.9999795,block_ip
14103,1,0.9999795,block_ip
14104,1,0.9999795,block_ip
14105,1,0.9999795,block_ip
14106,1,0.9999795,block_ip
14107,1,0.9999795,block_ip
14108,1,0.9999795,block_ip
14109,1,0.9999795,block_ip
14110,1,0.9999795,block_ip
14111,1,0.9999795,block_ip
14112,1,0.9999795,block_ip
14113,1,0.9999795,block_ip
14114,1,0.9999795,block_ip
14115,1,0.9999795,block_ip
14116,1,0.9999795,block_ip
14117,1,0.9999795,block_ip
14118,1,0.9999795,block_ip
14119,1,0.9999795,block_ip
14120,1,0.9999795,block_ip
14121,1,0.9999795,block_ip
14122,1,0.9999795,block_ip
14123,1,0.9999795,block_ip
14124,1,0.9999795,block_ip
14125,1,0.9999795,block_ip
14126,1,0.9999795,block_ip
14127,1,0.9999795,block_ip
14128,1,0.9999795,block_ip
14129,1,0.9999795,block_ip
14130,1,0.9999795,block_ip
14131,1,0.9999795,block_ip
14132,1,0.9999795,block_ip
14133,1,0.9999795,block_ip
14134,1,0.9999795,block_ip
14135,1,0.9999795,block_ip
14136,1,0.9999795,block_ip
14137,1,0.9999795,block_ip
14138,1,0.9999795,block_ip
14139,1,0.9999795,block_ip
14140,1,0.9999795,block_ip
14141,1,0.9999795,block_ip
14142,1,0.9999795,block_ip
14143,1,0.9999795,block_ip
14144,1,0.9999795,block_ip
14145,1,0.9999795,block_ip
14146,1,0.9999795,block_ip
14147,1,0.9999795,block_ip
14148,1,0.9999795,block_ip
14149,1,0.9999795,block_ip
14150,1,0.9999795,block_ip
14151,1,0.9999795,block_ip
14152,1,0.9999795,block_ip
14153,1,0.9999795,block_ip
14154,1,0.9999795,block_ip
14155,1,0.9999795,block_ip
14156,1,0.9999795,block_ip
14157,1,0.9999795,block_ip
14158,1,0.9999795,block_ip
14159,1,0.9999795,block_ip
14160,1,0.9999795,block_ip
14161,1,0.9999795,block_ip
14162,1,0.9999795,block_ip
14163,1,0.9999795,block_ip
14164,1,0.9999795,block_ip
14165,1,0.9999795,block_ip
14166,1,0.9999795,block_ip
14167,1,0.9999795,block_ip
14168,1,0.9999795,block_ip
14169,1,0.9999795,block_ip
14170,1,0.9999795,block_ip
14171,1,0.9999795,block_ip
14172,1,0.9999795,block_ip
14173,1,0.9999795,block_ip
14174,1,0.9999795,block_ip
14175,1,0.9999795,block_ip
14176,1,0.9999795,block_ip
14177,1,0.9999795,block_ip
14178,1,0.9999795,block_ip
14179,1,0.9999795,block_ip
14180,1,0.9999795,block_ip
14181,1,0.9999795,block_ip
14182,1,0.9999795,block_ip
14183,1,0.9999795,block_ip
14184,1,0.9999795,block_ip
14185,1,0.9999795,block_ip
14186,1,0.9999795,block_ip
14187,1,0.9999795,block_ip
14188,1,0.9999795,block_ip
14189,1,0.9999795,block_ip
14190,1,0.9999795,block_ip
14191,1,0.9999795,block_ip
14192,1,0.9999795,block_ip
14193,1,0.9999795,block_ip
14194,1,0.9999795,block_ip
14195,1,0.9999795,block_ip
14196,1,0.9999795,block_ip
14197,1,0.9999795,block_ip
14198,1,0.9999795,block_ip
14199,1,0.9999795,block_ip
14200,1,0.9999795,block_ip
14201,1,0.9999795,block_ip
14202,1,0.9999795,block_ip
14203,1,0.9999795,block_ip
14204,1,0.9999795,block_ip
14205,1,0.9999795,block_ip
14206,1,0.9999795,block_ip
14207,1,0.9999795,block_ip
14208,1,0.9999795,block_ip
14209,1,0.9999795,block_ip
14210,1,0.9999795,block_ip
14211,1,0.9999795,block_ip
14212,1,0.9999795,block_ip
14213,1,0.9999795,block_ip
14214,1,0.9999795,block_ip
14215,1,0.9999795,block_ip
14216,1,0.9999795,block_ip
14217,1,0.9999795,block_ip
14218,1,0.9999795,block_ip
14219,1,0.9999795,block_ip
14220,1,0.9999795,block_ip
14221,1,0.9999795,block_ip
14222,1,0.9999795,block_ip
14223,1,0.9999795,block_ip
14224,1,0.9999795,block_ip
14225,1,0.9999795,block_ip
14226,1,0.9999795,block_ip
14227,1,0.9999795,block_ip
14228,1,0.9999795,block_ip
14229,1,0.9999795,block_ip
14230,1,0.9999795,block_ip
14231,1,0.9999795,block_ip
14232,1,0.9999795,block_ip
14233,1,0.9999795,block_ip
14234,1,0.9999795,block_ip
14235,1,0.9999795,block_ip
14236,1,0.9999795,block_ip
14237,1,0.9999795,block_ip
14238,1,0.9999795,block_ip
14239,1,0.9999795,block_ip
14240,1,0.9999795,block_ip
14241,1,0.9999795,block_ip
14242,1,0.9999795,block_ip
14243,1,0.9999795,block_ip
14244,1,0.9999795,block_ip
14245,1,0.9999795,block_ip
14246,1,0.9999795,block_ip
14247,1,0.9999795,block_ip
14248,1,0.9999795,block_ip
14249,1,0.9999795,block_ip
14250,1,0.9999795,block_ip
14251,1,0.9999795,block_ip
14252,1,0.9999795,block_ip
14253,1,0.9999795,block_ip
14254,1,0.9999795,block_ip
14255,1,0.9999795,block_ip
14256,1,0.9999795,block_ip
14257,1,0.9999795,block_ip
14258,1,0.9999795,block_ip
14259,1,0.9999795,block_ip
14260,1,0.9999795,block_ip
14261,1,0.9999795,block_ip
14262,1,0.9999795,block_ip
14263,1,0.9999795,block_ip
14264,1,0.9999795,block_ip
14265,1,0.9999795,block_ip
14266,1,0.9999795,block_ip
14267,1,0.9999795,block_ip
14268,1,0.9999795,block_ip
14269,1,0.9999795,block_ip
14270,1,0.9999795,block_ip
14271,1,0.9999795,block_ip
14272,1,0.9999795,block_ip
14273,1,0.9999795,block_ip
14274,1,0.9999795,block_ip
14275,1,0.9999795,block_ip
14276,1,0.9999795,block_ip
14277,1,0.9999795,block_ip
14278,1,0.9999795,block_ip
14279,1,0.9999795,block_ip
14280,1,0.9999795,block_ip
14281,1,0.9999795,block_ip
14282,1,0.9999795,block_ip
14283,1,0.9999795,block_ip
14284,1,0.9999795,block_ip
14285,1,0.9999795,block_ip
14286,1,0.9999795,block_ip
14287,1,0.9999795,block_ip
14288,1,0.9999795,block_ip
14289,1,0.9999795,block_ip
14290,1,0.9999795,block_ip
14291,1,0.9999795,block_ip
14292,1,0.9999795,block_ip
14293,1,0.9999795,block_ip
14294,1,0.9999795,block_ip
14295,1,0.9999795,block_ip
14296,1,0.9999795,block_ip
14297,1,0.9999795,block_ip
14298,1,0.9999795,block_ip
14299,1,0.9999795,block_ip
14300,1,0.9999795,block_ip
14301,1,0.9999795,block_ip
14302,1,0.9999795,block_ip
14303,1,0.9999795,block_ip
14304,1,0.9999795,block_ip
14305,1,0.9999795,block_ip
14306,1,0.9999795,block_ip
14307,1,0.9999795,block_ip
14308,1,0.9999795,block_ip
14309,1,0.9999795,block_ip
14310,1,0.9999795,block_ip
14311,1,0.9999795,block_ip
14312,1,0.9999795,block_ip
14313,1,0.9999795,block_ip
14314,1,0.9999795,block_ip
14315,1,0.9999795,block_ip
14316,1,0.9999795,block_ip
14317,1,0.9999795,block_ip
14318,1,0.9999795,block_ip
14319,1,0.9999795,block_ip
14320,1,0.9999795,block_ip
14321,1,0.9999795,block_ip
14322,1,0.9999795,block_ip
14323,1,0.9999795,block_ip
14324,1,0.9999795,block_ip
14325,1,0.9999795,block_ip
14326,1,0.9999795,block_ip
14327,1,0.9999795,block_ip
14328,1,0.9999795,block_ip
14329,1,0.9999795,block_ip
14330,1,0.9999795,block_ip
14331,1,0.9999795,block_ip
14332,1,0.9999795,block_ip
14333,1,0.9999795,block_ip
14334,1,0.9999795,block_ip
14335,1,0.9999795,block_ip
14336,1,0.9999795,block_ip
14337,1,0.9999795,block_ip
14338,1,0.9999795,block_ip
14339,1,0.9999795,block_ip
14340,1,0.9999795,block_ip
14341,1,0.9999795,block_ip
14342,1,0.9999795,block_ip
14343,1,0.9999795,block_ip
14344,1,0.9999795,block_ip
14345,1,0.9999795,block_ip
14346,1,0.9999795,block_ip
14347,1,0.9999795,block_ip
14348,1,0.9999795,block_ip
14349,1,0.9999795,block_ip
14350,1,0.9999795,block_ip
14351,1,0.9999795,block_ip
14352,1,0.9999795,block_ip
14353,1,0.9999795,block_ip
14354,1,0.9999795,block_ip
14355,1,0.9999795,block_ip
14356,1,0.9999795,block_ip
14357,1,0.9999795,block_ip
14358,1,0.9999795,block_ip
14359,1,0.9999795,block_ip
14360,1,0.9999795,block_ip
14361,1,0.9999795,block_ip
14362,1,0.9999795,block_ip
14363,1,0.9999795,block_ip
14364,1,0.9999795,block_ip
14365,1,0.9999795,block_ip
14366,1,0.9999795,block_ip
14367,1,0.9999795,block_ip
14368,1,0.9999795,block_ip
14369,1,0.9999795,block_ip
14370,1,0.9999795,block_ip
14371,1,0.9999795,block_ip
14372,1,0.9999795,block_ip
14373,1,0.9999795,block_ip
14374,1,0.9999795,block_ip
14375,1,0.9999795,block_ip
14376,1,0.9999795,block_ip
14377,1,0.9999795,block_ip
14378,1,0.9999795,block_ip
14379,1,0.9999795,block_ip
14380,1,0.9999795,block_ip
14381,1,0.9999795,block_ip
14382,1,0.9999795,block_ip
14383,1,0.9999795,block_ip
14384,1,0.9999795,block_ip
14385,1,0.9999795,block_ip
14386,1,0.9999795,block_ip
14387,1,0.9999795,block_ip
14388,1,0.9999795,block_ip
14389,1,0.9999795,block_ip
14390,1,0.9999795,block_ip
14391,1,0.9999795,block_ip
14392,1,0.9999795,block_ip
14393,1,0.9999795,block_ip
14394,1,0.9999795,block_ip
14395,1,0.9999795,block_ip
14396,1,0.9999795,block_ip
14397,1,0.9999795,block_ip
14398,1,0.9999795,block_ip
14399,1,0.9999795,block_ip
14400,1,0.9999795,block_ip
14401,1,0.9999795,block_ip
14402,1,0.9999795,block_ip
14403,1,0.9999795,block_ip
14404,1,0.9999795,block_ip
14405,1,0.9999795,block_ip
14406,1,0.9999795,block_ip
14407,1,0.9999795,block_ip
14408,1,0.9999795,block_ip
14409,1,0.9999795,block_ip
14410,1,0.9999795,block_ip
14411,1,0.9999795,block_ip
14412,1,0.9999795,block_ip
14413,1,0.9999795,block_ip
14414,1,0.9999795,block_ip
14415,1,0.9999795,block_ip
14416,1,0.9999795,block_ip
14417,1,0.9999795,block_ip
14418,1,0.9999795,block_ip
14419,1,0.9999795,block_ip
14420,1,0.9999795,block_ip
14421,1,0.9999795,block_ip
14422,1,0.9999795,block_ip
14423,1,0.9999795,block_ip
14424,1,0.9999795,block_ip
14425,1,0.9999795,block_ip
14426,1,0.9999795,block_ip
14427,1,0.9999795,block_ip
14428,1,0.9999795,block_ip
14429,1,0.9999795,block_ip
14430,1,0.9999795,block_ip
14431,1,0.9999795,block_ip
14432,1,0.9999795,block_ip
14433,1,0.9999795,block_ip
14434,1,0.9999795,block_ip
14435,1,0.9999795,block_ip
14436,1,0.9999795,block_ip
14437,1,0.9999795,block_ip
14438,1,0.9999795,block_ip
14439,1,0.9999795,block_ip
14440,1,0.9999795,block_ip
14441,1,0.9999795,block_ip
14442,1,0.9999795,block_ip
14443,1,0.9999795,block_ip
14444,1,0.9999795,block_ip
14445,1,0.9999795,block_ip
14446,1,0.9999795,block_ip
14447,1,0.9999795,block_ip
14448,1,0.9999795,block_ip
14449,1,0.9999795,block_ip
14450,1,0.9999795,block_ip
14451,1,0.9999795,block_ip
14452,1,0.9999795,block_ip
14453,1,0.9999795,block_ip
14454,1,0.9999795,block_ip
14455,1,0.9999795,block_ip
14456,1,0.9999795,block_ip
14457,1,0.9999795,block_ip
14458,1,0.9999795,block_ip
14459,1,0.9999795,block_ip
14460,1,0.9999795,block_ip
14461,1,0.9999795,block_ip
14462,1,0.9999795,block_ip
14463,1,0.9999795,block_ip
14464,1,0.9999795,block_ip
14465,1,0.9999795,block_ip
14466,1,0.9999795,block_ip
14467,1,0.9999795,block_ip
14468,1,0.9999795,block_ip
14469,1,0.9999795,block_ip
14470,1,0.9999795,block_ip
14471,1,0.9999795,block_ip
14472,1,0.9999795,block_ip
14473,1,0.9999795,block_ip
14474,1,0.9999795,block_ip
14475,1,0.9999795,block_ip
14476,1,0.9999795,block_ip
14477,1,0.9999795,block_ip
14478,1,0.9999795,block_ip
14479,1,0.9999795,block_ip
14480,1,0.9999795,block_ip
14481,1,0.9999795,block_ip
14482,1,0.9999795,block_ip
14483,1,0.9999795,block_ip
14484,1,0.9999795,block_ip
14485,1,0.9999795,block_ip
14486,1,0.9999795,block_ip
14487,1,0.9999795,block_ip
14488,1,0.9999795,block_ip
14489,1,0.9999795,block_ip
14490,1,0.9999795,block_ip
14491,1,0.9999795,block_ip
14492,1,0.9999795,block_ip
14493,1,0.9999795,block_ip
14494,1,0.9999795,block_ip
14495,1,0.9999795,block_ip
14496,1,0.9999795,block_ip
14497,1,0.9999795,block_ip
14498,1,0.9999795,block_ip
14499,1,0.9999795,block_ip
14500,1,0.9999795,block_ip
14501,1,0.9999795,block_ip
14502,1,0.9999795,block_ip
14503,1,0.9999795,block_ip
14504,1,0.9999795,block_ip
14505,1,0.9999795,block_ip
14506,1,0.9999795,block_ip
14507,1,0.9999795,block_ip
14508,1,0.9999795,block_ip
14509,1,0.9999795,block_ip
14510,1,0.9999795,block_ip
14511,1,0.9999795,block_ip
14512,1,0.9999795,block_ip
14513,1,0.9999795,block_ip
14514,1,0.9999795,block_ip
14515,1,0.9999795,block_ip
14516,1,0.9999795,block_ip
14517,1,0.9999795,block_ip
14518,1,0.9999795,block_ip
14519,1,0.9999795,block_ip
14520,1,0.9999795,block_ip
14521,1,0.9999795,block_ip
14522,1,0.9999795,block_ip
14523,1,0.9999795,block_ip
14524,1,0.9999795,block_ip
14525,1,0.9999795,block_ip
14526,1,0.9999795,block_ip
14527,1,0.9999795,block_ip
14528,1,0.9999795,block_ip
14529,1,0.9999795,block_ip
14530,1,0.9999795,block_ip
14531,1,0.9999795,block_ip
14532,1,0.9999795,block_ip
14533,1,0.9999795,block_ip
14534,1,0.9999795,block_ip
14535,1,0.9999795,block_ip
14536,1,0.9999795,block_ip
14537,1,0.9999795,block_ip
14538,1,0.9999795,block_ip
14539,1,0.9999795,block_ip
14540,1,0.9999795,block_ip
14541,1,0.9999795,block_ip
14542,1,0.9999795,block_ip
14543,1,0.9999795,block_ip
14544,1,0.9999795,block_ip
14545,1,0.9999795,block_ip
14546,1,0.9999795,block_ip
14547,1,0.9999795,block_ip
14548,1,0.9999795,block_ip
14549,1,0.9999795,block_ip
14550,1,0.9999795,block_ip
14551,1,0.9999795,block_ip
14552,1,0.9999795,block_ip
14553,1,0.9999795,block_ip
14554,1,0.9999795,block_ip
14555,1,0.9999795,block_ip
14556,1,0.9999795,block_ip
14557,1,0.9999795,block_ip
14558,1,0.9999795,block_ip
14559,1,0.9999795,block_ip
14560,1,0.9999795,block_ip
14561,1,0.9999795,block_ip
14562,1,0.9999795,block_ip
14563,1,0.9999795,block_ip
14564,1,0.9999795,block_ip
14565,1,0.9999795,block_ip
14566,1,0.9999795,block_ip
14567,1,0.9999795,block_ip
14568,1,0.9999795,block_ip
14569,1,0.9999795,block_ip
14570,1,0.9999795,block_ip
14571,1,0.9999795,block_ip
14572,1,0.9999795,block_ip
14573,1,0.9999795,block_ip
14574,1,0.9999795,block_ip
14575,1,0.9999795,block_ip
14576,1,0.9999795,block_ip
14577,1,0.9999795,block_ip
14578,1,0.9999795,block_ip
14579,1,0.9999795,block_ip
14580,1,0.9999795,block_ip
14581,1,0.9999795,block_ip
14582,1,0.9999795,block_ip
14583,1,0.9999795,block_ip
14584,1,0.9999795,block_ip
14585,1,0.9999795,block_ip
14586,1,0.9999795,block_ip
14587,1,0.9999795,block_ip
14588,1,0.9999795,block_ip
14589,1,0.9999795,block_ip
14590,1,0.9999795,block_ip
14591,1,0.9999795,block_ip
14592,1,0.9999795,block_ip
14593,1,0.9999795,block_ip
14594,1,0.9999795,block_ip
14595,1,0.9999795,block_ip
14596,1,0.9999795,block_ip
14597,1,0.9999795,block_ip
14598,1,0.9999795,block_ip
14599,1,0.9999795,block_ip
14600,1,0.9999795,block_ip
14601,1,0.9999795,block_ip
14602,1,0.9999795,block_ip
14603,1,0.9999795,block_ip
14604,1,0.9999795,block_ip
14605,1,0.9999795,block_ip
14606,1,0.9999795,block_ip
14607,1,0.9999795,block_ip
14608,1,0.9999795,block_ip
14609,1,0.9999795,block_ip
14610,1,0.9999795,block_ip
14611,1,0.9999795,block_ip
14612,1,0.9999795,block_ip
14613,1,0.9999795,block_ip
14614,1,0.9999795,block_ip
14615,1,0.9999795,block_ip
14616,1,0.9999795,block_ip
14617,1,0.9999795,block_ip
14618,1,0.9999795,block_ip
14619,1,0.9999795,block_ip
14620,1,0.9999795,block_ip
14621,1,0.9999795,block_ip
14622,1,0.9999795,block_ip
14623,1,0.9999795,block_ip
14624,1,0.9999795,block_ip
14625,1,0.9999795,block_ip
14626,1,0.9999795,block_ip
14627,1,0.9999795,block_ip
14628,1,0.9999795,block_ip
14629,1,0.9999795,block_ip
14630,1,0.9999795,block_ip
14631,1,0.9999795,block_ip
14632,1,0.9999795,block_ip
14633,1,0.9999795,block_ip
14634,1,0.9999795,block_ip
14635,1,0.9999795,block_ip
14636,1,0.9999795,block_ip
14637,1,0.9999795,block_ip
14638,1,0.9999795,block_ip
14639,1,0.9999795,block_ip
14640,1,0.9999795,block_ip
14641,1,0.9999795,block_ip
14642,1,0.9999795,block_ip
14643,1,0.9999795,block_ip
14644,1,0.9999795,block_ip
14645,1,0.9999795,block_ip
14646,1,0.9999795,block_ip
14647,1,0.9999795,block_ip
14648,1,0.9999795,block_ip
14649,1,0.9999795,block_ip
14650,1,0.9999795,block_ip
14651,1,0.9999795,block_ip
14652,1,0.9999795,block_ip
14653,1,0.9999795,block_ip
14654,1,0.9999795,block_ip
14655,1,0.9999795,block_ip
14656,1,0.9999795,block_ip
14657,1,0.9999795,block_ip
14658,1,0.9999795,block_ip
14659,1,0.9999795,block_ip
14660,1,0.9999795,block_ip
14661,1,0.9999795,block_ip
14662,1,0.9999795,block_ip
14663,1,0.9999795,block_ip
14664,1,0.9999795,block_ip
14665,1,0.9999795,block_ip
14666,1,0.9999795,block_ip
14667,1,0.9999795,block_ip
14668,1,0.9999795,block_ip
14669,1,0.9999795,block_ip
14670,1,0.9999795,block_ip
14671,1,0.9999795,block_ip
14672,1,0.9999795,block_ip
14673,1,0.9999795,block_ip
14674,1,0.9999795,block_ip
14675,1,0.9999795,block_ip
14676,1,0.9999795,block_ip
14677,1,0.9999795,block_ip
14678,1,0.9999795,block_ip
14679,1,0.9999795,block_ip
14680,1,0.9999795,block_ip
14681,1,0.9999795,block_ip
14682,1,0.9999795,block_ip
14683,1,0.9999795,block_ip
14684,1,0.9999795,block_ip
14685,1,0.9999795,block_ip
14686,1,0.9999795,block_ip
14687,1,0.9999795,block_ip
14688,1,0.9999795,block_ip
14689,1,0.9999795,block_ip
14690,1,0.9999795,block_ip
14691,1,0.9999795,block_ip
14692,1,0.9999795,block_ip
14693,1,0.9999795,block_ip
14694,1,0.9999795,block_ip
14695,1,0.9999795,block_ip
14696,1,0.9999795,block_ip
14697,1,0.9999795,block_ip
14698,1,0.9999795,block_ip
14699,1,0.9999795,block_ip
14700,1,0.9999795,block_ip
14701,1,0.9999795,block_ip
14702,1,0.9999795,block_ip
14703,1,0.9999795,block_ip
14704,1,0.9999795,block_ip
14705,1,0.9999795,block_ip
14706,1,0.9999795,block_ip
14707,1,0.9999795,block_ip
14708,1,0.9999795,block_ip
14709,1,0.9999795,block_ip
14710,1,0.9999795,block_ip
14711,1,0.9999795,block_ip
14712,1,0.9999795,block_ip
14713,1,0.9999795,block_ip
14714,1,0.9999795,block_ip
14715,1,0.9999795,block_ip
14716,1,0.9999795,block_ip
14717,1,0.9999795,block_ip
14718,1,0.9999795,block_ip
14719,1,0.9999795,block_ip
14720,1,0.9999795,block_ip
14721,1,0.9999795,block_ip
14722,1,0.9999795,block_ip
14723,1,0.9999795,block_ip
14724,1,0.9999795,block_ip
14725,1,0.9999795,block_ip
14726,1,0.9999795,block_ip
14727,1,0.9999795,block_ip
14728,1,0.9999795,block_ip
14729,1,0.9999795,block_ip
14730,1,0.9999795,block_ip
14731,1,0.9999795,block_ip
14732,1,0.9999795,block_ip
14733,1,0.9999795,block_ip
14734,1,0.9999795,block_ip
14735,1,0.9999795,block_ip
14736,1,0.9999795,block_ip
14737,1,0.9999795,block_ip
14738,1,0.9999795,block_ip
14739,1,0.9999795,block_ip
14740,1,0.9999795,block_ip
14741,1,0.9999795,block_ip
14742,1,0.9999795,block_ip
14743,1,0.9999795,block_ip
14744,1,0.9999795,block_ip
14745,1,0.9999795,block_ip
14746,1,0.9999795,block_ip
14747,1,0.9999795,block_ip
14748,1,0.9999795,block_ip
14749,1,0.9999795,block_ip
14750,1,0.9999795,block_ip
14751,1,0.9999795,block_ip
14752,1,0.9999795,block_ip
14753,1,0.9999795,block_ip
14754,1,0.9999795,block_ip
14755,1,0.9999795,block_ip
14756,1,0.9999795,block_ip
14757,1,0.9999795,block_ip
14758,1,0.9999795,block_ip
14759,1,0.9999795,block_ip
14760,1,0.9999795,block_ip
14761,1,0.9999795,block_ip
14762,1,0.9999795,block_ip
14763,1,0.9999795,block_ip
14764,1,0.9999795,block_ip
14765,1,0.9999795,block_ip
14766,1,0.9999795,block_ip
14767,1,0.9999795,block_ip
14768,1,0.9999795,block_ip
14769,1,0.9999795,block_ip
14770,1,0.9999795,block_ip
14771,1,0.9999795,block_ip
14772,1,0.9999795,block_ip
14773,1,0.9999795,block_ip
14774,1,0.9999795,block_ip
14775,1,0.9999795,block_ip
14776,1,0.9999795,block_ip
14777,1,0.9999795,block_ip
14778,1,0.9999795,block_ip
14779,1,0.9999795,block_ip
14780,1,0.9999795,block_ip
14781,1,0.9999795,block_ip
14782,1,0.9999795,block_ip
14783,1,0.9999795,block_ip
14784,1,0.9999795,block_ip
14785,1,0.9999795,block_ip
14786,1,0.9999795,block_ip
14787,1,0.9999795,block_ip
14788,1,0.9999795,block_ip
14789,1,0.9999795,block_ip
14790,1,0.9999795,block_ip
14791,1,0.9999795,block_ip
14792,1,0.9999795,block_ip
14793,1,0.9999795,block_ip
14794,1,0.9999795,block_ip
14795,1,0.9999795,block_ip
14796,1,0.9999795,block_ip
14797,1,0.9999795,block_ip
14798,1,0.9999795,block_ip
14799,1,0.9999795,block_ip
14800,1,0.9999795,block_ip
14801,1,0.9999795,block_ip
14802,1,0.9999795,block_ip
14803,1,0.9999795,block_ip
14804,1,0.9999795,block_ip
14805,1,0.9999795,block_ip
14806,1,0.9999795,block_ip
14807,1,0.9999795,block_ip
14808,1,0.9999795,block_ip
14809,1,0.9999795,block_ip
14810,1,0.9999795,block_ip
14811,1,0.9999795,block_ip
14812,1,0.9999795,block_ip
14813,1,0.9999795,block_ip
14814,1,0.9999795,block_ip
14815,1,0.9999795,block_ip
14816,1,0.9999795,block_ip
14817,1,0.9999795,block_ip
14818,1,0.9999795,block_ip
14819,1,0.9999795,block_ip
14820,1,0.9999795,block_ip
14821,1,0.9999795,block_ip
14822,1,0.9999795,block_ip
14823,1,0.9999795,block_ip
14824,1,0.9999795,block_ip
14825,1,0.9999795,block_ip
14826,1,0.9999795,block_ip
14827,1,0.9999795,block_ip
14828,1,0.9999795,block_ip
14829,1,0.9999795,block_ip
14830,1,0.9999795,block_ip
14831,1,0.9999795,block_ip
14832,1,0.9999795,block_ip
14833,1,0.9999795,block_ip
14834,1,0.9999795,block_ip
14835,1,0.9999795,block_ip
14836,1,0.9999795,block_ip
14837,1,0.9999795,block_ip
14838,1,0.9999795,block_ip
14839,1,0.9999795,block_ip
14840,1,0.9999795,block_ip
14841,1,0.9999795,block_ip
14842,1,0.9999795,block_ip
14843,1,0.9999795,block_ip
14844,1,0.9999795,block_ip
14845,1,0.9999795,block_ip
14846,1,0.9999795,block_ip
14847,1,0.9999795,block_ip
14848,1,0.9999795,block_ip
14849,1,0.9999795,block_ip
14850,1,0.9999795,block_ip
14851,1,0.9999795,block_ip
14852,1,0.9999795,block_ip
14853,1,0.9999795,block_ip
14854,1,0.9999795,block_ip
14855,1,0.9999795,block_ip
14856,1,0.9999795,block_ip
14857,1,0.9999795,block_ip
14858,1,0.9999795,block_ip
14859,1,0.9999795,block_ip
14860,1,0.9999795,block_ip
14861,1,0.9999795,block_ip
14862,1,0.9999795,block_ip
14863,1,0.9999795,block_ip
14864,1,0.9999795,block_ip
14865,1,0.9999795,block_ip
14866,1,0.9999795,block_ip
14867,1,0.9999795,block_ip
14868,1,0.9999795,block_ip
14869,1,0.9999795,block_ip
14870,1,0.9999795,block_ip
14871,1,0.9999795,block_ip
14872,1,0.9999795,block_ip
14873,1,0.9999795,block_ip
14874,1,0.9999795,block_ip
14875,1,0.9999795,block_ip
14876,1,0.9999795,block_ip
14877,1,0.9999795,block_ip
14878,1,0.9999795,block_ip
14879,1,0.9999795,block_ip
14880,1,0.9999795,block_ip
14881,1,0.9999795,block_ip
14882,1,0.9999795,block_ip
14883,1,0.9999795,block_ip
14884,1,0.9999795,block_ip
14885,1,0.9999795,block_ip
14886,1,0.9999795,block_ip
14887,1,0.9999795,block_ip
14888,1,0.9999795,block_ip
14889,1,0.9999795,block_ip
14890,1,0.9999795,block_ip
14891,1,0.9999795,block_ip
14892,1,0.9999795,block_ip
14893,1,0.9999795,block_ip
14894,1,0.9999795,block_ip
14895,1,0.9999795,block_ip
14896,1,0.9999795,block_ip
14897,1,0.9999795,block_ip
14898,1,0.9999795,block_ip
14899,1,0.9999795,block_ip
14900,1,0.9999795,block_ip
14901,1,0.9999795,block_ip
14902,1,0.9999795,block_ip
14903,1,0.9999795,block_ip
14904,1,0.9999795,block_ip
14905,1,0.9999795,block_ip
14906,1,0.9999795,block_ip
14907,1,0.9999795,block_ip
14908,1,0.9999795,block_ip
14909,1,0.9999795,block_ip
14910,1,0.9999795,block_ip
14911,1,0.9999795,block_ip
14912,1,0.9999795,block_ip
14913,1,0.9999795,block_ip
14914,1,0.9999795,block_ip
14915,1,0.9999795,block_ip
14916,1,0.9999795,block_ip
14917,1,0.9999795,block_ip
14918,1,0.9999795,block_ip
14919,1,0.9999795,block_ip
14920,1,0.9999795,block_ip
14921,1,0.9999795,block_ip
14922,1,0.9999795,block_ip
14923,1,0.9999795,block_ip
14924,1,0.9999795,block_ip
14925,1,0.9999795,block_ip
14926,1,0.9999795,block_ip
14927,1,0.9999795,block_ip
14928,1,0.9999795,block_ip
14929,1,0.9999795,block_ip
14930,1,0.9999795,block_ip
14931,1,0.9999795,block_ip
14932,1,0.9999795,block_ip
14933,1,0.9999795,block_ip
14934,1,0.9999795,block_ip
14935,1,0.9999795,block_ip
14936,1,0.9999795,block_ip
14937,1,0.9999795,block_ip
14938,1,0.9999795,block_ip
14939,1,0.9999795,block_ip
14940,1,0.9999795,block_ip
14941,1,0.9999795,block_ip
14942,1,0.9999795,block_ip
14943,1,0.9999795,block_ip
14944,1,0.9999795,block_ip
14945,1,0.9999795,block_ip
14946,1,0.9999795,block_ip
14947,1,0.9999795,block_ip
14948,1,0.9999795,block_ip
14949,1,0.9999795,block_ip
14950,1,0.9999795,block_ip
14951,1,0.9999795,block_ip
14952,1,0.9999795,block_ip
14953,1,0.9999795,block_ip
14954,1,0.9999795,block_ip
14955,1,0.9999795,block_ip
14956,1,0.9999795,block_ip
14957,1,0.9999795,block_ip
14958,1,0.9999795,block_ip
14959,1,0.9999795,block_ip
14960,1,0.9999795,block_ip
14961,1,0.9999795,block_ip
14962,1,0.9999795,block_ip
14963,1,0.9999795,block_ip
14964,1,0.9999795,block_ip
14965,1,0.9999795,block_ip
14966,1,0.9999795,block_ip
14967,1,0.9999795,block_ip
14968,1,0.9999795,block_ip
14969,1,0.9999795,block_ip
14970,1,0.9999795,block_ip
14971,1,0.9999795,block_ip
14972,1,0.9999795,block_ip
14973,1,0.9999795,block_ip
14974,1,0.9999795,block_ip
14975,1,0.9999795,block_ip
14976,1,0.9999795,block_ip
14977,1,0.9999795,block_ip
14978,1,0.9999795,block_ip
14979,1,0.9999795,block_ip
14980,1,0.9999795,block_ip
14981,1,0.9999795,block_ip
14982,1,0.9999795,block_ip
14983,1,0.9999795,block_ip
14984,1,0.9999795,block_ip
14985,1,0.9999795,block_ip
14986,1,0.9999795,block_ip
14987,1,0.9999795,block_ip
14988,1,0.9999795,block_ip
14989,1,0.9999795,block_ip
14990,1,0.9999795,block_ip
14991,1,0.9999795,block_ip
14992,1,0.9999795,block_ip
14993,1,0.9999795,block_ip
14994,1,0.9999795,block_ip
14995,1,0.9999795,block_ip
14996,1,0.9999795,block_ip
14997,1,0.9999795,block_ip
14998,1,0.9999795,block_ip
14999,1,0.9999795,block_ip
15000,1,0.9999795,block_ip
15001,1,0.9999795,block_ip
15002,1,0.9999795,block_ip
15003,1,0.9999795,block_ip
15004,1,0.9999795,block_ip
15005,1,0.9999795,block_ip
15006,1,0.9999795,block_ip
15007,1,0.9999795,block_ip
15008,1,0.9999795,block_ip
15009,1,0.9999795,block_ip
15010,1,0.9999795,block_ip
15011,1,0.9999795,block_ip
15012,1,0.9999795,block_ip
15013,1,0.9999795,block_ip
15014,1,0.9999795,block_ip
15015,1,0.9999795,block_ip
15016,1,0.9999795,block_ip
15017,1,0.9999795,block_ip
15018,1,0.9999795,block_ip
15019,1,0.9999795,block_ip
15020,1,0.9999795,block_ip
15021,1,0.9999795,block_ip
15022,1,0.9999795,block_ip
15023,1,0.9999795,block_ip
15024,1,0.9999795,block_ip
15025,1,0.9999795,block_ip
15026,1,0.9999795,block_ip
15027,1,0.9999795,block_ip
15028,1,0.9999795,block_ip
15029,1,0.9999795,block_ip
15030,1,0.9999795,block_ip
15031,1,0.9999795,block_ip
15032,1,0.9999795,block_ip
15033,1,0.9999795,block_ip
15034,1,0.9999795,block_ip
15035,1,0.9999795,block_ip
15036,1,0.9999795,block_ip
15037,1,0.9999795,block_ip
15038,1,0.9999795,block_ip
15039,1,0.9999795,block_ip
15040,1,0.9999795,block_ip
15041,1,0.9999795,block_ip
15042,1,0.9999795,block_ip
15043,1,0.9999795,block_ip
15044,1,0.9999795,block_ip
15045,1,0.9999795,block_ip
15046,1,0.9999795,block_ip
15047,1,0.9999795,block_ip
15048,1,0.9999795,block_ip
15049,1,0.9999795,block_ip
15050,1,0.9999795,block_ip
15051,1,0.9999795,block_ip
15052,1,0.9999795,block_ip
15053,1,0.9999795,block_ip
15054,1,0.9999795,block_ip
15055,1,0.9999795,block_ip
15056,1,0.9999795,block_ip
15057,1,0.9999795,block_ip
15058,1,0.9999795,block_ip
15059,1,0.9999795,block_ip
15060,1,0.9999795,block_ip
15061,1,0.9999795,block_ip
15062,1,0.9999795,block_ip
15063,1,0.9999795,block_ip
15064,1,0.9999795,block_ip
15065,1,0.9999795,block_ip
15066,1,0.9999795,block_ip
15067,1,0.9999795,block_ip
15068,1,0.9999795,block_ip
15069,1,0.9999795,block_ip
15070,1,0.9999795,block_ip
15071,1,0.9999795,block_ip
15072,1,0.9999795,block_ip
15073,1,0.9999795,block_ip
15074,1,0.9999795,block_ip
15075,1,0.9999795,block_ip
15076,1,0.9999795,block_ip
15077,1,0.9999795,block_ip
15078,1,0.9999795,block_ip
15079,1,0.9999795,block_ip
15080,1,0.9999795,block_ip
15081,1,0.9999795,block_ip
15082,1,0.9999795,block_ip
15083,1,0.9999795,block_ip
15084,1,0.9999795,block_ip
15085,1,0.9999795,block_ip
15086,1,0.9999795,block_ip
15087,1,0.9999795,block_ip
15088,1,0.9999795,block_ip
15089,1,0.9999795,block_ip
15090,1,0.9999795,block_ip
15091,1,0.9999795,block_ip
15092,1,0.9999795,block_ip
15093,1,0.9999795,block_ip
15094,1,0.9999795,block_ip
15095,1,0.9999795,block_ip
15096,1,0.9999795,block_ip
15097,1,0.9999795,block_ip
15098,1,0.9999795,block_ip
15099,1,0.9999795,block_ip
15100,1,0.9999795,block_ip
15101,1,0.9999795,block_ip
15102,1,0.9999795,block_ip
15103,1,0.9999795,block_ip
15104,1,0.9999795,block_ip
15105,1,0.9999795,block_ip
15106,1,0.9999795,block_ip
15107,1,0.9999795,block_ip
15108,1,0.9999795,block_ip
15109,1,0.9999795,block_ip
15110,1,0.9999795,block_ip
15111,1,0.9999795,block_ip
15112,1,0.9999795,block_ip
15113,1,0.9999795,block_ip
15114,1,0.9999795,block_ip
15115,1,0.9999795,block_ip
15116,1,0.9999795,block_ip
15117,1,0.9999795,block_ip
15118,1,0.9999795,block_ip
15119,1,0.9999795,block_ip
15120,1,0.9999795,block_ip
15121,1,0.9999795,block_ip
15122,1,0.9999795,block_ip
15123,1,0.9999795,block_ip
15124,1,0.9999795,block_ip
15125,1,0.9999795,block_ip
15126,1,0.9999795,block_ip
15127,1,0.9999795,block_ip
15128,1,0.9999795,block_ip
15129,1,0.9999795,block_ip
15130,1,0.9999795,block_ip
15131,1,0.9999795,block_ip
15132,1,0.9999795,block_ip
15133,1,0.9999795,block_ip
15134,1,0.9999795,block_ip
15135,1,0.9999795,block_ip
15136,1,0.9999795,block_ip
15137,1,0.9999795,block_ip
15138,1,0.9999795,block_ip
15139,1,0.9999795,block_ip
15140,1,0.9999795,block_ip
15141,1,0.9999795,block_ip
15142,1,0.9999795,block_ip
15143,1,0.9999795,block_ip
15144,1,0.9999795,block_ip
15145,1,0.9999795,block_ip
15146,1,0.9999795,block_ip
15147,1,0.9999795,block_ip
15148,1,0.9999795,block_ip
15149,1,0.9999795,block_ip
15150,1,0.9999795,block_ip
15151,1,0.9999795,block_ip
15152,1,0.9999795,block_ip
15153,1,0.9999795,block_ip
15154,1,0.9999795,block_ip
15155,1,0.9999795,block_ip
15156,1,0.9999795,block_ip
15157,1,0.9999795,block_ip
15158,1,0.9999795,block_ip
15159,1,0.9999795,block_ip
15160,1,0.9999795,block_ip
15161,1,0.9999795,block_ip
15162,1,0.9999795,block_ip
15163,1,0.9999795,block_ip
15164,1,0.9999795,block_ip
15165,1,0.9999795,block_ip
15166,1,0.9999795,block_ip
15167,1,0.9999795,block_ip
15168,1,0.9999795,block_ip
15169,1,0.9999795,block_ip
15170,1,0.9999795,block_ip
15171,1,0.9999795,block_ip
15172,1,0.9999795,block_ip
15173,1,0.9999795,block_ip
15174,1,0.9999795,block_ip
15175,1,0.9999795,block_ip
15176,1,0.9999795,block_ip
15177,1,0.9999795,block_ip
15178,1,0.9999795,block_ip
15179,1,0.9999795,block_ip
15180,1,0.9999795,block_ip
15181,1,0.9999795,block_ip
15182,1,0.9999795,block_ip
15183,1,0.9999795,block_ip
15184,1,0.9999795,block_ip
15185,1,0.9999795,block_ip
15186,1,0.9999795,block_ip
15187,1,0.9999795,block_ip
15188,1,0.9999795,block_ip
15189,1,0.9999795,block_ip
15190,1,0.9999795,block_ip
15191,1,0.9999795,block_ip
15192,1,0.9999795,block_ip
15193,1,0.9999795,block_ip
15194,1,0.9999795,block_ip
15195,1,0.9999795,block_ip
15196,1,0.9999795,block_ip
15197,1,0.9999795,block_ip
15198,1,0.9999795,block_ip
15199,1,0.9999795,block_ip
15200,1,0.9999795,block_ip
15201,1,0.9999795,block_ip
15202,1,0.9999795,block_ip
15203,1,0.9999795,block_ip
15204,1,0.9999795,block_ip
15205,1,0.9999795,block_ip
15206,1,0.9999795,block_ip
15207,1,0.9999795,block_ip
15208,1,0.9999795,block_ip
15209,1,0.9999795,block_ip
15210,1,0.9999795,block_ip
15211,1,0.9999795,block_ip
15212,1,0.9999795,block_ip
15213,1,0.9999795,block_ip
15214,1,0.9999795,block_ip
15215,1,0.9999795,block_ip
15216,1,0.9999795,block_ip
15217,1,0.9999795,block_ip
15218,1,0.9999795,block_ip
15219,1,0.9999795,block_ip
15220,1,0.9999795,block_ip
15221,1,0.9999795,block_ip
15222,1,0.9999795,block_ip
15223,1,0.9999795,block_ip
15224,1,0.9999795,block_ip
15225,1,0.9999795,block_ip
15226,1,0.9999795,block_ip
15227,1,0.9999795,block_ip
15228,1,0.9999795,block_ip
15229,1,0.9999795,block_ip
15230,1,0.9999795,block_ip
15231,1,0.9999795,block_ip
15232,1,0.9999795,block_ip
15233,1,0.9999795,block_ip
15234,1,0.9999795,block_ip
15235,1,0.9999795,block_ip
15236,1,0.9999795,block_ip
15237,1,0.9999795,block_ip
15238,1,0.9999795,block_ip
15239,1,0.9999795,block_ip
15240,1,0.9999795,block_ip
15241,1,0.9999795,block_ip
15242,1,0.9999795,block_ip
15243,1,0.9999795,block_ip
15244,1,0.9999795,block_ip
15245,1,0.9999795,block_ip
15246,1,0.9999795,block_ip
15247,1,0.9999795,block_ip
15248,1,0.9999795,block_ip
15249,1,0.9999795,block_ip
15250,1,0.9999795,block_ip
15251,1,0.9999795,block_ip
15252,1,0.9999795,block_ip
15253,1,0.9999795,block_ip
15254,1,0.9999795,block_ip
15255,1,0.9999795,block_ip
15256,1,0.9999795,block_ip
15257,1,0.9999795,block_ip
15258,1,0.9999795,block_ip
15259,1,0.9999795,block_ip
15260,1,0.9999795,block_ip
15261,1,0.9999795,block_ip
15262,1,0.9999795,block_ip
15263,1,0.9999795,block_ip
15264,1,0.9999795,block_ip
15265,1,0.9999795,block_ip
15266,1,0.9999795,block_ip
15267,1,0.9999795,block_ip
15268,1,0.9999795,block_ip
15269,1,0.9999795,block_ip
15270,1,0.9999795,block_ip
15271,1,0.9999795,block_ip
15272,1,0.9999795,block_ip
15273,1,0.9999795,block_ip
15274,1,0.9999795,block_ip
15275,1,0.9999795,block_ip
15276,1,0.9999795,block_ip
15277,1,0.9999795,block_ip
15278,1,0.9999795,block_ip
15279,1,0.9999795,block_ip
15280,1,0.9999795,block_ip
15281,1,0.9999795,block_ip
15282,1,0.9999795,block_ip
15283,1,0.9999795,block_ip
15284,1,0.9999795,block_ip
15285,1,0.9999795,block_ip
15286,1,0.9999795,block_ip
15287,1,0.9999795,block_ip
15288,1,0.9999795,block_ip
15289,1,0.9999795,block_ip
15290,1,0.9999795,block_ip
15291,1,0.9999795,block_ip
15292,1,0.9999795,block_ip
15293,1,0.9999795,block_ip
15294,1,0.9999795,block_ip
15295,1,0.9999795,block_ip
15296,1,0.9999795,block_ip
15297,1,0.9999795,block_ip
15298,1,0.9999795,block_ip
15299,1,0.9999795,block_ip
15300,1,0.9999795,block_ip
15301,1,0.9999795,block_ip
15302,1,0.9999795,block_ip
15303,1,0.9999795,block_ip
15304,1,0.9999795,block_ip
15305,1,0.9999795,block_ip
15306,1,0.9999795,block_ip
15307,1,0.9999795,block_ip
15308,1,0.9999795,block_ip
15309,1,0.9999795,block_ip
15310,1,0.9999795,block_ip
15311,1,0.9999795,block_ip
15312,1,0.9999795,block_ip
15313,1,0.9999795,block_ip
15314,1,0.9999795,block_ip
15315,1,0.9999795,block_ip
15316,1,0.9999795,block_ip
15317,1,0.9999795,block_ip
15318,1,0.9999795,block_ip
15319,1,0.9999795,block_ip
15320,1,0.9999795,block_ip
15321,1,0.9999795,block_ip
15322,1,0.9999795,block_ip
15323,1,0.9999795,block_ip
15324,1,0.9999795,block_ip
15325,1,0.9999795,block_ip
15326,1,0.9999795,block_ip
15327,1,0.9999795,block_ip
15328,1,0.9999795,block_ip
15329,1,0.9999795,block_ip
15330,1,0.9999795,block_ip
15331,1,0.9999795,block_ip
15332,1,0.9999795,block_ip
15333,1,0.9999795,block_ip
15334,1,0.9999795,block_ip
15335,1,0.9999795,block_ip
15336,1,0.9999795,block_ip
15337,1,0.9999795,block_ip
15338,1,0.9999795,block_ip
15339,1,0.9999795,block_ip
15340,1,0.9999795,block_ip
15341,1,0.9999795,block_ip
15342,1,0.9999795,block_ip
15343,1,0.9999795,block_ip
15344,1,0.9999795,block_ip
15345,1,0.9999795,block_ip
15346,1,0.9999795,block_ip
15347,1,0.9999795,block_ip
15348,1,0.9999795,block_ip
15349,1,0.9999795,block_ip
15350,1,0.9999795,block_ip
15351,1,0.9999795,block_ip
15352,1,0.9999795,block_ip
15353,1,0.9999795,block_ip
15354,1,0.9999795,block_ip
15355,1,0.9999795,block_ip
15356,1,0.9999795,block_ip
15357,1,0.9999795,block_ip
15358,1,0.9999795,block_ip
15359,1,0.9999795,block_ip
15360,1,0.9999795,block_ip
15361,1,0.9999795,block_ip
15362,1,0.9999795,block_ip
15363,1,0.9999795,block_ip
15364,1,0.9999795,block_ip
15365,1,0.9999795,block_ip
15366,1,0.9999795,block_ip
15367,1,0.9999795,block_ip
15368,1,0.9999795,block_ip
15369,1,0.9999795,block_ip
15370,1,0.9999795,block_ip
15371,1,0.9999795,block_ip
15372,1,0.9999795,block_ip
15373,1,0.9999795,block_ip
15374,1,0.9999795,block_ip
15375,1,0.9999795,block_ip
15376,1,0.9999795,block_ip
15377,1,0.9999795,block_ip
15378,1,0.9999795,block_ip
15379,1,0.9999795,block_ip
15380,1,0.9999795,block_ip
15381,1,0.9999795,block_ip
15382,1,0.9999795,block_ip
15383,1,0.9999795,block_ip
15384,1,0.9999795,block_ip
15385,1,0.9999795,block_ip
15386,1,0.9999795,block_ip
15387,1,0.9999795,block_ip
15388,1,0.9999795,block_ip
15389,1,0.9999795,block_ip
15390,1,0.9999795,block_ip
15391,1,0.9999795,block_ip
15392,1,0.9999795,block_ip
15393,1,0.9999795,block_ip
15394,1,0.9999795,block_ip
15395,1,0.9999795,block_ip
15396,1,0.9999795,block_ip
15397,1,0.9999795,block_ip
15398,1,0.9999795,block_ip
15399,1,0.9999795,block_ip
15400,1,0.9999795,block_ip
15401,1,0.9999795,block_ip
15402,1,0.9999795,block_ip
15403,1,0.9999795,block_ip
15404,1,0.9999795,block_ip
15405,1,0.9999795,block_ip
15406,1,0.9999795,block_ip
15407,1,0.9999795,block_ip
15408,1,0.9999795,block_ip
15409,1,0.9999795,block_ip
15410,1,0.9999795,block_ip
15411,1,0.9999795,block_ip
15412,1,0.9999795,block_ip
15413,1,0.9999795,block_ip
15414,1,0.9999795,block_ip
15415,1,0.9999795,block_ip
15416,1,0.9999795,block_ip
15417,1,0.9999795,block_ip
15418,1,0.9999795,block_ip
15419,1,0.9999795,block_ip
15420,1,0.9999795,block_ip
15421,1,0.9999795,block_ip
15422,1,0.9999795,block_ip
15423,1,0.9999795,block_ip
15424,1,0.9999795,block_ip
15425,1,0.9999795,block_ip
15426,1,0.9999795,block_ip
15427,1,0.9999795,block_ip
15428,1,0.9999795,block_ip
15429,1,0.9999795,block_ip
15430,1,0.9999795,block_ip
15431,1,0.9999795,block_ip
15432,1,0.9999795,block_ip
15433,1,0.9999795,block_ip
15434,1,0.9999795,block_ip
15435,1,0.9999795,block_ip
15436,1,0.9999795,block_ip
15437,1,0.9999795,block_ip
15438,1,0.9999795,block_ip
15439,1,0.9999795,block_ip
15440,1,0.9999795,block_ip
15441,1,0.9999795,block_ip
15442,1,0.9999795,block_ip
15443,1,0.9999795,block_ip
15444,1,0.9999795,block_ip
15445,1,0.9999795,block_ip
15446,1,0.9999795,block_ip
15447,1,0.9999795,block_ip
15448,1,0.9999795,block_ip
15449,1,0.9999795,block_ip
15450,1,0.9999795,block_ip
15451,1,0.9999795,block_ip
15452,1,0.9999795,block_ip
15453,1,0.9999795,block_ip
15454,1,0.9999795,block_ip
15455,1,0.9999795,block_ip
15456,1,0.9999795,block_ip
15457,1,0.9999795,block_ip
15458,1,0.9999795,block_ip
15459,1,0.9999795,block_ip
15460,1,0.9999795,block_ip
15461,1,0.9999795,block_ip
15462,1,0.9999795,block_ip
15463,1,0.9999795,block_ip
15464,1,0.9999795,block_ip
15465,1,0.9999795,block_ip
15466,1,0.9999795,block_ip
15467,1,0.9999795,block_ip
15468,1,0.9999795,block_ip
15469,1,0.9999795,block_ip
15470,1,0.9999795,block_ip
15471,1,0.9999795,block_ip
15472,1,0.9999795,block_ip
15473,1,0.9999795,block_ip
15474,1,0.9999795,block_ip
15475,1,0.9999795,block_ip
15476,1,0.9999795,block_ip
15477,1,0.9999795,block_ip
15478,1,0.9999795,block_ip
15479,1,0.9999795,block_ip
15480,1,0.9999795,block_ip
15481,1,0.9999795,block_ip
15482,1,0.9999795,block_ip
15483,1,0.9999795,block_ip
15484,1,0.9999795,block_ip
15485,1,0.9999795,block_ip
15486,1,0.9999795,block_ip
15487,1,0.9999795,block_ip
15488,1,0.9999795,block_ip
15489,1,0.9999795,block_ip
15490,1,0.9999795,block_ip
15491,1,0.9999795,block_ip
15492,1,0.9999795,block_ip
15493,1,0.9999795,block_ip
15494,1,0.9999795,block_ip
15495,1,0.9999795,block_ip
15496,1,0.9999795,block_ip
15497,1,0.9999795,block_ip
15498,1,0.9999795,block_ip
15499,1,0.9999795,block_ip
15500,1,0.9999795,block_ip
15501,1,0.9999795,block_ip
15502,1,0.9999795,block_ip
15503,1,0.9999795,block_ip
15504,1,0.9999795,block_ip
15505,1,0.9999795,block_ip
15506,1,0.9999795,block_ip
15507,1,0.9999795,block_ip
15508,1,0.9999795,block_ip
15509,1,0.9999795,block_ip
15510,1,0.9999795,block_ip
15511,1,0.9999795,block_ip
15512,1,0.9999795,block_ip
15513,1,0.9999795,block_ip
15514,1,0.9999795,block_ip
15515,1,0.9999795,block_ip
15516,1,0.9999795,block_ip
15517,1,0.9999795,block_ip
15518,1,0.9999795,block_ip
15519,1,0.9999795,block_ip
15520,1,0.9999795,block_ip
15521,1,0.9999795,block_ip
15522,1,0.9999795,block_ip
15523,1,0.9999795,block_ip
15524,1,0.9999795,block_ip
15525,1,0.9999795,block_ip
15526,1,0.9999795,block_ip
15527,1,0.9999795,block_ip
15528,1,0.9999795,block_ip
15529,1,0.9999795,block_ip
15530,1,0.9999795,block_ip
15531,1,0.9999795,block_ip
15532,1,0.9999795,block_ip
15533,1,0.9999795,block_ip
15534,1,0.9999795,block_ip
15535,1,0.9999795,block_ip
15536,1,0.9999795,block_ip
15537,1,0.9999795,block_ip
15538,1,0.9999795,block_ip
15539,1,0.9999795,block_ip
15540,1,0.9999795,block_ip
15541,1,0.9999795,block_ip
15542,1,0.9999795,block_ip
15543,1,0.9999795,block_ip
15544,1,0.9999795,block_ip
15545,1,0.9999795,block_ip
15546,1,0.9999795,block_ip
15547,1,0.9999795,block_ip
15548,1,0.9999795,block_ip
15549,1,0.9999795,block_ip
15550,1,0.9999795,block_ip
15551,1,0.9999795,block_ip
15552,1,0.9999795,block_ip
15553,1,0.9999795,block_ip
15554,1,0.9999795,block_ip
15555,1,0.9999795,block_ip
15556,1,0.9999795,block_ip
15557,1,0.9999795,block_ip
15558,1,0.9999795,block_ip
15559,1,0.9999795,block_ip
15560,1,0.9999795,block_ip
15561,1,0.9999795,block_ip
15562,1,0.9999795,block_ip
15563,1,0.9999795,block_ip
15564,1,0.9999795,block_ip
15565,1,0.9999795,block_ip
15566,1,0.9999795,block_ip
15567,1,0.9999795,block_ip
15568,1,0.9999795,block_ip
15569,1,0.9999795,block_ip
15570,1,0.9999795,block_ip
15571,1,0.9999795,block_ip
15572,1,0.9999795,block_ip
15573,1,0.9999795,block_ip
15574,1,0.9999795,block_ip
15575,1,0.9999795,block_ip
15576,1,0.9999795,block_ip
15577,1,0.9999795,block_ip
15578,1,0.9999795,block_ip
15579,1,0.9999795,block_ip
15580,1,0.9999795,block_ip
15581,1,0.9999795,block_ip
15582,1,0.9999795,block_ip
15583,1,0.9999795,block_ip
15584,1,0.9999795,block_ip
15585,1,0.9999795,block_ip
15586,1,0.9999795,block_ip
15587,1,0.9999795,block_ip
15588,1,0.9999795,block_ip
15589,1,0.9999795,block_ip
15590,1,0.9999795,block_ip
15591,1,0.9999795,block_ip
15592,1,0.9999795,block_ip
15593,1,0.9999795,block_ip
15594,1,0.9999795,block_ip
15595,1,0.9999795,block_ip
15596,1,0.9999795,block_ip
15597,1,0.9999795,block_ip
15598,1,0.9999795,block_ip
15599,1,0.9999795,block_ip
15600,1,0.9999795,block_ip
15601,1,0.9999795,block_ip
15602,1,0.9999795,block_ip
15603,1,0.9999795,block_ip
15604,1,0.9999795,block_ip
15605,1,0.9999795,block_ip
15606,1,0.9999795,block_ip
15607,1,0.9999795,block_ip
15608,1,0.9999795,block_ip
15609,1,0.9999795,block_ip
15610,1,0.9999795,block_ip
15611,1,0.9999795,block_ip
15612,1,0.9999795,block_ip
15613,1,0.9999795,block_ip
15614,1,0.9999795,block_ip
15615,1,0.9999795,block_ip
15616,1,0.9999795,block_ip
15617,1,0.9999795,block_ip
15618,1,0.9999795,block_ip
15619,1,0.9999795,block_ip
15620,1,0.9999795,block_ip
15621,1,0.9999795,block_ip
15622,1,0.9999795,block_ip
15623,1,0.9999795,block_ip
15624,1,0.9999795,block_ip
15625,1,0.9999795,block_ip
15626,1,0.9999795,block_ip
15627,1,0.9999795,block_ip
15628,1,0.9999795,block_ip
15629,1,0.9999795,block_ip
15630,1,0.9999795,block_ip
15631,1,0.9999795,block_ip
15632,1,0.9999795,block_ip
15633,1,0.9999795,block_ip
15634,1,0.9999795,block_ip
15635,1,0.9999795,block_ip
15636,1,0.9999795,block_ip
15637,1,0.9999795,block_ip
15638,1,0.9999795,block_ip
15639,1,0.9999795,block_ip
15640,1,0.9999795,block_ip
15641,1,0.9999795,block_ip
15642,1,0.9999795,block_ip
15643,1,0.9999795,block_ip
15644,1,0.9999795,block_ip
15645,1,0.9999795,block_ip
15646,1,0.9999795,block_ip
15647,1,0.9999795,block_ip
15648,1,0.9999795,block_ip
15649,1,0.9999795,block_ip
15650,1,0.9999795,block_ip
15651,1,0.9999795,block_ip
15652,1,0.9999795,block_ip
15653,1,0.9999795,block_ip
15654,1,0.9999795,block_ip
15655,1,0.9999795,block_ip
15656,1,0.9999795,block_ip
15657,1,0.9999795,block_ip
15658,1,0.9999795,block_ip
15659,1,0.9999795,block_ip
15660,1,0.9999795,block_ip
15661,1,0.9999795,block_ip
15662,1,0.9999795,block_ip
15663,1,0.9999795,block_ip
15664,1,0.9999795,block_ip
15665,1,0.9999795,block_ip
15666,1,0.9999795,block_ip
15667,1,0.9999795,block_ip
15668,1,0.9999795,block_ip
15669,1,0.9999795,block_ip
15670,1,0.9999795,block_ip
15671,1,0.9999795,block_ip
15672,1,0.9999795,block_ip
15673,1,0.9999795,block_ip
15674,1,0.9999795,block_ip
15675,1,0.9999795,block_ip
15676,1,0.9999795,block_ip
15677,1,0.9999795,block_ip
15678,1,0.9999795,block_ip
15679,1,0.9999795,block_ip
15680,1,0.9999795,block_ip
15681,1,0.9999795,block_ip
15682,1,0.9999795,block_ip
15683,1,0.9999795,block_ip
15684,1,0.9999795,block_ip
15685,1,0.9999795,block_ip
15686,1,0.9999795,block_ip
15687,1,0.9999795,block_ip
15688,1,0.9999795,block_ip
15689,1,0.9999795,block_ip
15690,1,0.9999795,block_ip
15691,1,0.9999795,block_ip
15692,1,0.9999795,block_ip
15693,1,0.9999795,block_ip
15694,1,0.9999795,block_ip
15695,1,0.9999795,block_ip
15696,1,0.9999795,block_ip
15697,1,0.9999795,block_ip
15698,1,0.9999795,block_ip
15699,1,0.9999795,block_ip
15700,1,0.9999795,block_ip
15701,1,0.9999795,block_ip
15702,1,0.9999795,block_ip
15703,1,0.9999795,block_ip
15704,1,0.9999795,block_ip
15705,1,0.9999795,block_ip
15706,1,0.9999795,block_ip
15707,1,0.9999795,block_ip
15708,1,0.9999795,block_ip
15709,1,0.9999795,block_ip
15710,1,0.9999795,block_ip
15711,1,0.9999795,block_ip
15712,1,0.9999795,block_ip
15713,1,0.9999795,block_ip
15714,1,0.9999795,block_ip
15715,1,0.9999795,block_ip
15716,1,0.9999795,block_ip
15717,1,0.9999795,block_ip
15718,1,0.9999795,block_ip
15719,1,0.9999795,block_ip
15720,1,0.9999795,block_ip
15721,1,0.9999795,block_ip
15722,1,0.9999795,block_ip
15723,1,0.9999795,block_ip
15724,1,0.9999795,block_ip
15725,1,0.9999795,block_ip
15726,1,0.9999795,block_ip
15727,1,0.9999795,block_ip
15728,1,0.9999795,block_ip
15729,1,0.9999795,block_ip
15730,1,0.9999795,block_ip
15731,1,0.9999795,block_ip
15732,1,0.9999795,block_ip
15733,1,0.9999795,block_ip
15734,1,0.9999795,block_ip
15735,1,0.9999795,block_ip
15736,1,0.9999795,block_ip
15737,1,0.9999795,block_ip
15738,1,0.9999795,block_ip
15739,1,0.9999795,block_ip
15740,1,0.9999795,block_ip
15741,1,0.9999795,block_ip
15742,1,0.9999795,block_ip
15743,1,0.9999795,block_ip
15744,1,0.9999795,block_ip
15745,1,0.9999795,block_ip
15746,1,0.9999795,block_ip
15747,1,0.9999795,block_ip
15748,1,0.9999795,block_ip
15749,1,0.9999795,block_ip
15750,1,0.9999795,block_ip
15751,1,0.9999795,block_ip
15752,1,0.9999795,block_ip
15753,1,0.9999795,block_ip
15754,1,0.9999795,block_ip
15755,1,0.9999795,block_ip
15756,1,0.9999795,block_ip
15757,1,0.9999795,block_ip
15758,1,0.9999795,block_ip
15759,1,0.9999795,block_ip
15760,1,0.9999795,block_ip
15761,1,0.9999795,block_ip
15762,1,0.9999795,block_ip
15763,1,0.9999795,block_ip
15764,1,0.9999795,block_ip
15765,1,0.9999795,block_ip
15766,1,0.9999795,block_ip
15767,1,0.9999795,block_ip
15768,1,0.9999795,block_ip
15769,1,0.9999795,block_ip
15770,1,0.9999795,block_ip
15771,1,0.9999795,block_ip
15772,1,0.9999795,block_ip
15773,1,0.9999795,block_ip
15774,1,0.9999795,block_ip
15775,1,0.9999795,block_ip
15776,1,0.9999795,block_ip
15777,1,0.9999795,block_ip
15778,1,0.9999795,block_ip
15779,1,0.9999795,block_ip
15780,1,0.9999795,block_ip
15781,1,0.9999795,block_ip
15782,1,0.9999795,block_ip
15783,1,0.9999795,block_ip
15784,1,0.9999795,block_ip
15785,1,0.9999795,block_ip
15786,1,0.9999795,block_ip
15787,1,0.9999795,block_ip
15788,1,0.9999795,block_ip
15789,1,0.9999795,block_ip
15790,1,0.9999795,block_ip
15791,1,0.9999795,block_ip
15792,1,0.9999795,block_ip
15793,1,0.9999795,block_ip
15794,1,0.9999795,block_ip
15795,1,0.9999795,block_ip
15796,1,0.9999795,block_ip
15797,1,0.9999795,block_ip
15798,1,0.9999795,block_ip
15799,1,0.9999795,block_ip
15800,1,0.9999795,block_ip
15801,1,0.9999795,block_ip
15802,1,0.9999795,block_ip
15803,1,0.9999795,block_ip
15804,1,0.9999795,block_ip
15805,1,0.9999795,block_ip
15806,1,0.9999795,block_ip
15807,1,0.9999795,block_ip
15808,1,0.9999795,block_ip
15809,1,0.9999795,block_ip
15810,1,0.9999795,block_ip
15811,1,0.9999795,block_ip
15812,1,0.9999795,block_ip
15813,1,0.9999795,block_ip
15814,1,0.9999795,block_ip
15815,1,0.9999795,block_ip
15816,1,0.9999795,block_ip
15817,1,0.9999795,block_ip
15818,1,0.9999795,block_ip
15819,1,0.9999795,block_ip
15820,1,0.9999795,block_ip
15821,1,0.9999795,block_ip
15822,1,0.9999795,block_ip
15823,1,0.9999795,block_ip
15824,1,0.9999795,block_ip
15825,1,0.9999795,block_ip
15826,1,0.9999795,block_ip
15827,1,0.9999795,block_ip
15828,1,0.9999795,block_ip
15829,1,0.9999795,block_ip
15830,1,0.9999795,block_ip
15831,1,0.9999795,block_ip
15832,1,0.9999795,block_ip
15833,1,0.9999795,block_ip
15834,1,0.9999795,block_ip
15835,1,0.9999795,block_ip
15836,1,0.9999795,block_ip
15837,1,0.9999795,block_ip
15838,1,0.9999795,block_ip
15839,1,0.9999795,block_ip
15840,1,0.9999795,block_ip
15841,1,0.9999795,block_ip
15842,1,0.9999795,block_ip
15843,1,0.9999795,block_ip
15844,1,0.9999795,block_ip
15845,1,0.9999795,block_ip
15846,1,0.9999795,block_ip
15847,1,0.9999795,block_ip
15848,1,0.9999795,block_ip
15849,1,0.9999795,block_ip
15850,1,0.9999795,block_ip
15851,1,0.9999795,block_ip
15852,1,0.9999795,block_ip
15853,1,0.9999795,block_ip
15854,1,0.9999795,block_ip
15855,1,0.9999795,block_ip
15856,1,0.9999795,block_ip
15857,1,0.9999795,block_ip
15858,1,0.9999795,block_ip
15859,1,0.9999795,block_ip
15860,1,0.9999795,block_ip
15861,1,0.9999795,block_ip
15862,1,0.9999795,block_ip
15863,1,0.9999795,block_ip
15864,1,0.9999795,block_ip
15865,1,0.9999795,block_ip
15866,1,0.9999795,block_ip
15867,1,0.9999795,block_ip
15868,1,0.9999795,block_ip
15869,1,0.9999795,block_ip
15870,1,0.9999795,block_ip
15871,1,0.9999795,block_ip
15872,1,0.9999795,block_ip
15873,1,0.9999795,block_ip
15874,1,0.9999795,block_ip
15875,1,0.9999795,block_ip
15876,1,0.9999795,block_ip
15877,1,0.9999795,block_ip
15878,1,0.9999795,block_ip
15879,1,0.9999795,block_ip
15880,1,0.9999795,block_ip
15881,1,0.9999795,block_ip
15882,1,0.9999795,block_ip
15883,1,0.9999795,block_ip
15884,1,0.9999795,block_ip
15885,1,0.9999795,block_ip
15886,1,0.9999795,block_ip
15887,1,0.9999795,block_ip
15888,1,0.9999795,block_ip
15889,1,0.9999795,block_ip
15890,1,0.9999795,block_ip
15891,1,0.9999795,block_ip
15892,1,0.9999795,block_ip
15893,1,0.9999795,block_ip
15894,1,0.9999795,block_ip
15895,1,0.9999795,block_ip
15896,1,0.9999795,block_ip
15897,1,0.9999795,block_ip
15898,1,0.9999752,block_ip
15899,1,0.9999752,block_ip
15900,1,0.9999752,block_ip
15901,1,0.9999752,block_ip
15902,1,0.9999752,block_ip
15903,1,0.9999752,block_ip
15904,1,0.9999752,block_ip
15905,1,0.9999752,block_ip
15906,1,0.9999752,block_ip
15907,1,0.9999752,block_ip
15908,1,0.9999752,block_ip
15909,1,0.9999752,block_ip
15910,1,0.9999752,block_ip
15911,1,0.9999752,block_ip
15912,1,0.9999752,block_ip
15913,1,0.9999752,block_ip
15914,1,0.9999752,block_ip
15915,1,0.9999752,block_ip
15916,1,0.9999752,block_ip
15917,1,0.9999752,block_ip
15918,1,0.9999752,block_ip
15919,1,0.9999752,block_ip
15920,1,0.9999752,block_ip
15921,1,0.9999752,block_ip
15922,1,0.9999752,block_ip
15923,1,0.9999752,block_ip
15924,1,0.9999752,block_ip
15925,1,0.9999752,block_ip
15926,1,0.9999752,block_ip
15927,1,0.9999752,block_ip
15928,1,0.9999752,block_ip
15929,1,0.9999752,block_ip
15930,1,0.9999752,block_ip
15931,1,0.9999752,block_ip
15932,1,0.9999752,block_ip
15933,1,0.9999752,block_ip
15934,1,0.9999752,block_ip
15935,1,0.9999752,block_ip
15936,1,0.9999752,block_ip
15937,1,0.9999752,block_ip
15938,1,0.9999752,block_ip
15939,1,0.9999752,block_ip
15940,1,0.9999752,block_ip
15941,1,0.9999752,block_ip
15942,1,0.9999752,block_ip
15943,1,0.9999752,block_ip
15944,1,0.9999752,block_ip
15945,1,0.9999752,block_ip
15946,1,0.9999752,block_ip
15947,1,0.9999752,block_ip
15948,1,0.9999752,block_ip
15949,1,0.9999752,block_ip
15950,1,0.9999752,block_ip
15951,1,0.9999752,block_ip
15952,1,0.9999752,block_ip
15953,1,0.9999752,block_ip
15954,1,0.9999752,block_ip
15955,1,0.9999752,block_ip
15956,1,0.9999752,block_ip
15957,1,0.9999752,block_ip
15958,1,0.9999752,block_ip
15959,1,0.9999752,block_ip
15960,1,0.9999752,block_ip
15961,1,0.9999752,block_ip
15962,1,0.9999752,block_ip
15963,1,0.9999752,block_ip
15964,1,0.9999752,block_ip
15965,1,0.9999752,block_ip
15966,1,0.9999752,block_ip
15967,1,0.9999752,block_ip
15968,1,0.9999752,block_ip
15969,1,0.9999752,block_ip
15970,1,0.9999752,block_ip
15971,1,0.9999752,block_ip
15972,1,0.9999752,block_ip
15973,1,0.9999752,block_ip
15974,1,0.9999752,block_ip
15975,1,0.9999752,block_ip
15976,1,0.9999752,block_ip
15977,1,0.9999752,block_ip
15978,1,0.9999752,block_ip
15979,1,0.9999752,block_ip
15980,1,0.9999752,block_ip
15981,1,0.9999752,block_ip
15982,1,0.9999752,block_ip
15983,1,0.9999752,block_ip
15984,1,0.9999752,block_ip
15985,1,0.9999752,block_ip
15986,1,0.9999752,block_ip
15987,1,0.9999752,block_ip
15988,1,0.9999752,block_ip
15989,1,0.9999752,block_ip
15990,1,0.9999752,block_ip
15991,1,0.9999752,block_ip
15992,1,0.9999752,block_ip
15993,1,0.9999752,block_ip
15994,1,0.9999752,block_ip
15995,1,0.9999752,block_ip
15996,1,0.9999752,block_ip
15997,1,0.9999752,block_ip
15998,1,0.9999752,block_ip
15999,1,0.9999752,block_ip
16000,1,0.9999795,block_ip
16001,1,0.9999795,block_ip
16002,1,0.9999795,block_ip
16003,1,0.9999795,block_ip
16004,1,0.9999795,block_ip
16005,1,0.9999795,block_ip
16006,1,0.9999795,block_ip
16007,1,0.9999795,block_ip
16008,1,0.9999795,block_ip
16009,1,0.9999795,block_ip
16010,1,0.9999795,block_ip
16011,1,0.9999795,block_ip
16012,1,0.9999795,block_ip
16013,1,0.9999795,block_ip
16014,1,0.9999795,block_ip
16015,1,0.9999795,block_ip
16016,1,0.9999795,block_ip
16017,1,0.9999795,block_ip
16018,1,0.9999795,block_ip
16019,1,0.9999795,block_ip
16020,1,0.9999795,block_ip
16021,1,0.9999795,block_ip
16022,1,0.9999795,block_ip
16023,1,0.9999795,block_ip
16024,1,0.9999795,block_ip
16025,1,0.9999795,block_ip
16026,1,0.9999795,block_ip
16027,1,0.9999795,block_ip
16028,1,0.9999795,block_ip
16029,1,0.9999795,block_ip
16030,1,0.9999795,block_ip
16031,1,0.9999795,block_ip
16032,1,0.9999795,block_ip
16033,1,0.9999795,block_ip
16034,1,0.9999795,block_ip
16035,1,0.9999795,block_ip
16036,1,0.9999795,block_ip
16037,1,0.9999795,block_ip
16038,1,0.9999795,block_ip
16039,1,0.9999795,block_ip
16040,1,0.9999795,block_ip
16041,1,0.9999795,block_ip
16042,1,0.9999795,block_ip
16043,1,0.9999795,block_ip
16044,1,0.9999795,block_ip
16045,1,0.9999795,block_ip
16046,1,0.9999795,block_ip
16047,1,0.9999795,block_ip
16048,1,0.9999795,block_ip
16049,1,0.9999795,block_ip
16050,1,0.9999795,block_ip
16051,1,0.9999795,block_ip
16052,1,0.9999795,block_ip
16053,1,0.9999795,block_ip
16054,1,0.9999795,block_ip
16055,1,0.9999795,block_ip
16056,1,0.9999795,block_ip
16057,1,0.9999795,block_ip
16058,1,0.9999795,block_ip
16059,1,0.9999795,block_ip
16060,1,0.9999795,block_ip
16061,1,0.9999795,block_ip
16062,1,0.9999795,block_ip
16063,1,0.9999795,block_ip
16064,1,0.9999795,block_ip
16065,1,0.9999795,block_ip
16066,1,0.9999795,block_ip
16067,1,0.9999795,block_ip
16068,1,0.9999795,block_ip
16069,1,0.9999795,block_ip
16070,1,0.9999795,block_ip
16071,1,0.9999795,block_ip
16072,1,0.9999795,block_ip
16073,1,0.9999795,block_ip
16074,1,0.9999795,block_ip
16075,1,0.9999795,block_ip
16076,1,0.9999795,block_ip
16077,1,0.9999795,block_ip
16078,1,0.9999795,block_ip
16079,1,0.9999795,block_ip
16080,1,0.9999795,block_ip
16081,1,0.9999795,block_ip
16082,1,0.9999795,block_ip
16083,1,0.9999795,block_ip
16084,1,0.9999795,block_ip
16085,1,0.9999795,block_ip
16086,1,0.9999795,block_ip
16087,1,0.9999795,block_ip
16088,1,0.9999795,block_ip
16089,1,0.9999795,block_ip
16090,1,0.9999795,block_ip
16091,1,0.9999795,block_ip
16092,1,0.9999795,block_ip
16093,1,0.9999795,block_ip
16094,1,0.9999795,block_ip
16095,1,0.9999795,block_ip
16096,1,0.9999795,block_ip
16097,1,0.9999795,block_ip
16098,1,0.9999795,block_ip
16099,1,0.9999795,block_ip
16100,1,0.9999795,block_ip
16101,1,0.9999795,block_ip
16102,1,0.9999795,block_ip
16103,1,0.9999795,block_ip
16104,1,0.9999795,block_ip
16105,1,0.9999795,block_ip
16106,1,0.9999795,block_ip
16107,1,0.9999795,block_ip
16108,1,0.9999795,block_ip
16109,1,0.9999795,block_ip
16110,1,0.9999795,block_ip
16111,1,0.9999795,block_ip
16112,1,0.9999795,block_ip
16113,1,0.9999795,block_ip
16114,1,0.9999795,block_ip
16115,1,0.9999795,block_ip
16116,1,0.9999795,block_ip
16117,1,0.9999795,block_ip
16118,1,0.9999795,block_ip
16119,1,0.9999795,block_ip
16120,1,0.9999795,block_ip
16121,1,0.9999795,block_ip
16122,1,0.9999795,block_ip
16123,1,0.9999795,block_ip
16124,1,0.9999795,block_ip
16125,1,0.9999795,block_ip
16126,1,0.9999795,block_ip
16127,1,0.9999795,block_ip
16128,1,0.9999795,block_ip
16129,1,0.9999795,block_ip
16130,1,0.9999795,block_ip
16131,1,0.9999795,block_ip
16132,1,0.9999795,block_ip
16133,1,0.9999795,block_ip
16134,1,0.9999795,block_ip
16135,1,0.9999795,block_ip
16136,1,0.9999795,block_ip
16137,1,0.9999795,block_ip
16138,1,0.9999795,block_ip
16139,1,0.9999795,block_ip
16140,1,0.9999795,block_ip
16141,1,0.9999795,block_ip
16142,1,0.9999795,block_ip
16143,1,0.9999795,block_ip
16144,1,0.9999795,block_ip
16145,1,0.9999795,block_ip
16146,1,0.9999795,block_ip
16147,1,0.9999795,block_ip
16148,1,0.9999795,block_ip
16149,1,0.9999795,block_ip
16150,1,0.9999795,block_ip
16151,1,0.9999795,block_ip
16152,1,0.9999795,block_ip
16153,1,0.9999795,block_ip
16154,1,0.9999795,block_ip
16155,1,0.9999795,block_ip
16156,1,0.9999795,block_ip
16157,1,0.9999795,block_ip
16158,1,0.9999795,block_ip
16159,1,0.9999795,block_ip
16160,1,0.9999795,block_ip
16161,1,0.9999795,block_ip
16162,1,0.9999795,block_ip
16163,1,0.9999795,block_ip
16164,1,0.9999795,block_ip
16165,1,0.9999795,block_ip
16166,1,0.9999795,block_ip
16167,1,0.9999795,block_ip
16168,1,0.9999795,block_ip
16169,1,0.9999795,block_ip
16170,1,0.9999795,block_ip
16171,1,0.9999795,block_ip
16172,1,0.9999795,block_ip
16173,1,0.9999795,block_ip
16174,1,0.9999795,block_ip
16175,1,0.9999795,block_ip
16176,1,0.9999795,block_ip
16177,1,0.9999795,block_ip
16178,1,0.9999795,block_ip
16179,1,0.9999795,block_ip
16180,1,0.9999795,block_ip
16181,1,0.9999795,block_ip
16182,1,0.9999795,block_ip
16183,1,0.9999795,block_ip
16184,1,0.9999795,block_ip
16185,1,0.9999795,block_ip
16186,1,0.9999795,block_ip
16187,1,0.9999795,block_ip
16188,1,0.9999795,block_ip
16189,1,0.9999795,block_ip
16190,1,0.9999795,block_ip
16191,1,0.9999795,block_ip
16192,1,0.9999795,block_ip
16193,1,0.9999795,block_ip
16194,1,0.9999795,block_ip
16195,1,0.9999795,block_ip
16196,1,0.9999795,block_ip
16197,1,0.9999795,block_ip
16198,1,0.9999795,block_ip
16199,1,0.9999795,block_ip
16200,1,0.9999795,block_ip
16201,1,0.9999795,block_ip
16202,1,0.9999795,block_ip
16203,1,0.9999795,block_ip
16204,1,0.9999795,block_ip
16205,1,0.9999795,block_ip
16206,1,0.9999795,block_ip
16207,1,0.9999795,block_ip
16208,1,0.9999795,block_ip
16209,1,0.9999795,block_ip
16210,1,0.9999795,block_ip
16211,1,0.9999795,block_ip
16212,1,0.9999795,block_ip
16213,1,0.9999795,block_ip
16214,1,0.9999795,block_ip
16215,1,0.9999795,block_ip
16216,1,0.9999795,block_ip
16217,1,0.9999795,block_ip
16218,1,0.9999795,block_ip
16219,1,0.9999795,block_ip
16220,1,0.9999795,block_ip
16221,1,0.9999795,block_ip
16222,1,0.9999795,block_ip
16223,1,0.9999795,block_ip
16224,1,0.9999795,block_ip
16225,1,0.9999795,block_ip
16226,1,0.9999795,block_ip
16227,1,0.9999795,block_ip
16228,1,0.9999795,block_ip
16229,1,0.9999795,block_ip
16230,1,0.9999795,block_ip
16231,1,0.9999795,block_ip
16232,1,0.9999795,block_ip
16233,1,0.9999795,block_ip
16234,1,0.9999795,block_ip
16235,1,0.9999795,block_ip
16236,1,0.9999795,block_ip
16237,1,0.9999795,block_ip
16238,1,0.9999795,block_ip
16239,1,0.9999795,block_ip
16240,1,0.9999795,block_ip
16241,1,0.9999795,block_ip
16242,1,0.9999795,block_ip
16243,1,0.9999795,block_ip
16244,1,0.9999795,block_ip
16245,1,0.9999795,block_ip
16246,1,0.9999795,block_ip
16247,1,0.9999795,block_ip
16248,1,0.9999795,block_ip
16249,1,0.9999795,block_ip
16250,1,0.9999795,block_ip
16251,1,0.9999795,block_ip
16252,1,0.9999795,block_ip
16253,1,0.9999795,block_ip
16254,1,0.9999795,block_ip
16255,1,0.9999795,block_ip
16256,1,0.9999795,block_ip
16257,1,0.9999795,block_ip
16258,1,0.9999795,block_ip
16259,1,0.9999795,block_ip
16260,1,0.9999795,block_ip
16261,1,0.9999795,block_ip
16262,1,0.9999795,block_ip
16263,1,0.9999795,block_ip
16264,1,0.9999795,block_ip
16265,1,0.9999795,block_ip
16266,1,0.9999795,block_ip
16267,1,0.9999795,block_ip
16268,1,0.9999795,block_ip
16269,1,0.9999795,block_ip
16270,1,0.9999795,block_ip
16271,1,0.9999795,block_ip
16272,1,0.9999795,block_ip
16273,1,0.9999795,block_ip
16274,1,0.9999795,block_ip
16275,1,0.9999795,block_ip
16276,1,0.9999795,block_ip
16277,1,0.9999795,block_ip
16278,1,0.9999795,block_ip
16279,1,0.9999795,block_ip
16280,1,0.9999795,block_ip
16281,1,0.9999795,block_ip
16282,1,0.9999795,block_ip
16283,1,0.9999795,block_ip
16284,1,0.9999795,block_ip
16285,1,0.9999795,block_ip
16286,1,0.9999795,block_ip
16287,1,0.9999795,block_ip
16288,1,0.9999795,block_ip
16289,1,0.9999795,block_ip
16290,1,0.9999795,block_ip
16291,1,0.9999795,block_ip
16292,1,0.9999795,block_ip
16293,1,0.9999795,block_ip
16294,1,0.9999795,block_ip
16295,1,0.9999795,block_ip
16296,1,0.9999795,block_ip
16297,1,0.9999795,block_ip
16298,1,0.9999795,block_ip
16299,1,0.9999795,block_ip
16300,1,0.9999795,block_ip
16301,1,0.9999795,block_ip
16302,1,0.9999795,block_ip
16303,1,0.9999795,block_ip
16304,1,0.9999795,block_ip
16305,1,0.9999795,block_ip
16306,1,0.9999795,block_ip
16307,1,0.9999795,block_ip
16308,1,0.9999795,block_ip
16309,1,0.9999795,block_ip
16310,1,0.9999795,block_ip
16311,1,0.9999795,block_ip
16312,1,0.9999795,block_ip
16313,1,0.9999795,block_ip
16314,1,0.9999795,block_ip
16315,1,0.9999795,block_ip
16316,1,0.9999795,block_ip
16317,1,0.9999795,block_ip
16318,1,0.9999795,block_ip
16319,1,0.9999795,block_ip
16320,1,0.9999795,block_ip
16321,1,0.9999795,block_ip
16322,1,0.9999795,block_ip
16323,1,0.9999795,block_ip
16324,1,0.9999795,block_ip
16325,1,0.9999795,block_ip
16326,1,0.9999795,block_ip
16327,1,0.9999795,block_ip
16328,1,0.9999795,block_ip
16329,1,0.9999795,block_ip
16330,1,0.9999795,block_ip
16331,1,0.9999795,block_ip
16332,1,0.9999795,block_ip
16333,1,0.9999795,block_ip
16334,1,0.9999795,block_ip
16335,1,0.9999795,block_ip
16336,1,0.9999795,block_ip
16337,1,0.9999795,block_ip
16338,1,0.9999795,block_ip
16339,1,0.9999795,block_ip
16340,1,0.9999795,block_ip
16341,1,0.9999795,block_ip
16342,1,0.9999795,block_ip
16343,1,0.9999795,block_ip
16344,1,0.9999795,block_ip
16345,1,0.9999795,block_ip
16346,1,0.9999795,block_ip
16347,1,0.9999795,block_ip
16348,1,0.9999795,block_ip
16349,1,0.9999795,block_ip
16350,1,0.9999795,block_ip
16351,1,0.9999795,block_ip
16352,1,0.9999795,block_ip
16353,1,0.9999795,block_ip
16354,1,0.9999795,block_ip
16355,1,0.9999795,block_ip
16356,1,0.9999795,block_ip
16357,1,0.9999795,block_ip
16358,1,0.9999795,block_ip
16359,1,0.9999795,block_ip
16360,1,0.9999795,block_ip
16361,1,0.9999795,block_ip
16362,1,0.9999795,block_ip
16363,1,0.9999795,block_ip
16364,1,0.9999795,block_ip
16365,1,0.9999795,block_ip
16366,1,0.9999795,block_ip
16367,1,0.9999795,block_ip
16368,1,0.9999795,block_ip
16369,1,0.9999795,block_ip
16370,1,0.9999795,block_ip
16371,1,0.9999795,block_ip
16372,1,0.9999795,block_ip
16373,1,0.9999795,block_ip
16374,1,0.9999795,block_ip
16375,1,0.9999795,block_ip
16376,1,0.9999795,block_ip
16377,1,0.9999795,block_ip
16378,1,0.9999795,block_ip
16379,1,0.9999795,block_ip
16380,1,0.9999795,block_ip
16381,1,0.9999795,block_ip
16382,1,0.9999795,block_ip
16383,1,0.9999795,block_ip
16384,1,0.9999795,block_ip
16385,1,0.9999795,block_ip
16386,1,0.9999795,block_ip
16387,1,0.9999795,block_ip
16388,1,0.9999795,block_ip
16389,1,0.9999795,block_ip
16390,1,0.9999795,block_ip
16391,1,0.9999795,block_ip
16392,1,0.9999795,block_ip
16393,1,0.9999795,block_ip
16394,1,0.9999795,block_ip
16395,1,0.9999795,block_ip
16396,1,0.9999795,block_ip
16397,1,0.9999795,block_ip
16398,1,0.9999795,block_ip
16399,1,0.9999795,block_ip
16400,1,0.9999795,block_ip
16401,1,0.9999795,block_ip
16402,1,0.9999795,block_ip
16403,1,0.9999795,block_ip
16404,1,0.9999795,block_ip
16405,1,0.9999795,block_ip
16406,1,0.9999795,block_ip
16407,1,0.9999795,block_ip
16408,1,0.9999795,block_ip
16409,1,0.9999795,block_ip
16410,1,0.9999795,block_ip
16411,1,0.9999795,block_ip
16412,1,0.9999795,block_ip
16413,1,0.9999795,block_ip
16414,1,0.9999795,block_ip
16415,1,0.9999795,block_ip
16416,1,0.9999795,block_ip
16417,1,0.9999795,block_ip
16418,1,0.9999795,block_ip
16419,1,0.9999795,block_ip
16420,1,0.9999795,block_ip
16421,1,0.9999795,block_ip
16422,1,0.9999795,block_ip
16423,1,0.9999795,block_ip
16424,1,0.9999795,block_ip
16425,1,0.9999795,block_ip
16426,1,0.9999795,block_ip
16427,1,0.9999795,block_ip
16428,1,0.9999795,block_ip
16429,1,0.9999795,block_ip
16430,1,0.9999795,block_ip
16431,1,0.9999795,block_ip
16432,1,0.9999795,block_ip
16433,1,0.9999795,block_ip
16434,1,0.9999795,block_ip
16435,1,0.9999795,block_ip
16436,1,0.9999795,block_ip
16437,1,0.9999795,block_ip
16438,1,0.9999795,block_ip
16439,1,0.9999795,block_ip
16440,1,0.9999795,block_ip
16441,1,0.9999795,block_ip
16442,1,0.9999795,block_ip
16443,1,0.9999795,block_ip
16444,1,0.9999795,block_ip
16445,1,0.9999795,block_ip
16446,1,0.9999795,block_ip
16447,1,0.9999795,block_ip
16448,1,0.9999795,block_ip
16449,1,0.9999795,block_ip
16450,1,0.9999795,block_ip
16451,1,0.9999795,block_ip
16452,1,0.9999795,block_ip
16453,1,0.9999795,block_ip
16454,1,0.9999795,block_ip
16455,1,0.9999795,block_ip
16456,1,0.9999795,block_ip
16457,1,0.9999795,block_ip
16458,1,0.9999795,block_ip
16459,1,0.9999795,block_ip
16460,1,0.9999795,block_ip
16461,1,0.9999795,block_ip
16462,1,0.9999795,block_ip
16463,1,0.9999795,block_ip
16464,1,0.9999795,block_ip
16465,1,0.9999795,block_ip
16466,1,0.9999795,block_ip
16467,1,0.9999795,block_ip
16468,1,0.9999795,block_ip
16469,1,0.9999795,block_ip
16470,1,0.9999795,block_ip
16471,1,0.9999795,block_ip
16472,1,0.9999795,block_ip
16473,1,0.9999795,block_ip
16474,1,0.9999795,block_ip
16475,1,0.9999795,block_ip
16476,1,0.9999795,block_ip
16477,1,0.9999795,block_ip
16478,1,0.9999795,block_ip
16479,1,0.9999795,block_ip
16480,1,0.9999795,block_ip
16481,1,0.9999795,block_ip
16482,1,0.9999795,block_ip
16483,1,0.9999795,block_ip
16484,1,0.9999795,block_ip
16485,1,0.9999795,block_ip
16486,1,0.9999795,block_ip
16487,1,0.9999795,block_ip
16488,1,0.9999795,block_ip
16489,1,0.9999795,block_ip
16490,1,0.9999795,block_ip
16491,1,0.9999795,block_ip
16492,1,0.9999795,block_ip
16493,1,0.9999795,block_ip
16494,1,0.9999795,block_ip
16495,1,0.9999795,block_ip
16496,1,0.9999795,block_ip
16497,1,0.9999795,block_ip
16498,1,0.9999795,block_ip
16499,1,0.9999795,block_ip
16500,1,0.9999795,block_ip
16501,1,0.9999795,block_ip
16502,1,0.9999795,block_ip
16503,1,0.9999795,block_ip
16504,1,0.9999795,block_ip
16505,1,0.9999795,block_ip
16506,1,0.9999795,block_ip
16507,1,0.9999795,block_ip
16508,1,0.9999795,block_ip
16509,1,0.9999795,block_ip
16510,1,0.9999795,block_ip
16511,1,0.9999795,block_ip
16512,1,0.9999795,block_ip
16513,1,0.9999795,block_ip
16514,1,0.9999795,block_ip
16515,1,0.9999795,block_ip
16516,1,0.9999795,block_ip
16517,1,0.9999795,block_ip
16518,1,0.9999795,block_ip
16519,1,0.9999795,block_ip
16520,1,0.9999795,block_ip
16521,1,0.9999795,block_ip
16522,1,0.9999795,block_ip
16523,1,0.9999795,block_ip
16524,1,0.9999795,block_ip
16525,1,0.9999795,block_ip
16526,1,0.9999795,block_ip
16527,1,0.9999795,block_ip
16528,1,0.9999795,block_ip
16529,1,0.9999795,block_ip
16530,1,0.9999795,block_ip
16531,1,0.9999795,block_ip
16532,1,0.9999795,block_ip
16533,1,0.9999795,block_ip
16534,1,0.9999795,block_ip
16535,1,0.9999795,block_ip
16536,1,0.9999795,block_ip
16537,1,0.9999795,block_ip
16538,1,0.9999795,block_ip
16539,1,0.9999795,block_ip
16540,1,0.9999795,block_ip
16541,1,0.9999795,block_ip
16542,1,0.9999795,block_ip
16543,1,0.9999795,block_ip
16544,1,0.9999795,block_ip
16545,1,0.9999795,block_ip
16546,1,0.9999795,block_ip
16547,1,0.9999795,block_ip
16548,1,0.9999795,block_ip
16549,1,0.9999795,block_ip
16550,1,0.9999795,block_ip
16551,1,0.9999795,block_ip
16552,1,0.9999795,block_ip
16553,1,0.9999795,block_ip
16554,1,0.9999795,block_ip
16555,1,0.9999795,block_ip
16556,1,0.9999795,block_ip
16557,1,0.9999795,block_ip
16558,1,0.9999795,block_ip
16559,1,0.9999795,block_ip
16560,1,0.9999795,block_ip
16561,1,0.9999795,block_ip
16562,1,0.9999795,block_ip
16563,1,0.9999795,block_ip
16564,1,0.9999795,block_ip
16565,1,0.9999795,block_ip
16566,1,0.9999795,block_ip
16567,1,0.9999795,block_ip
16568,1,0.9999795,block_ip
16569,1,0.9999795,block_ip
16570,1,0.9999795,block_ip
16571,1,0.9999795,block_ip
16572,1,0.9999795,block_ip
16573,1,0.9999795,block_ip
16574,1,0.9999795,block_ip
16575,1,0.9999795,block_ip
16576,1,0.9999795,block_ip
16577,1,0.9999795,block_ip
16578,1,0.9999795,block_ip
16579,1,0.9999795,block_ip
16580,1,0.9999795,block_ip
16581,1,0.9999795,block_ip
16582,1,0.9999795,block_ip
16583,1,0.9999795,block_ip
16584,1,0.9999795,block_ip
16585,1,0.9999795,block_ip
16586,1,0.9999795,block_ip
16587,1,0.9999795,block_ip
16588,1,0.9999795,block_ip
16589,1,0.9999795,block_ip
16590,1,0.9999795,block_ip
16591,1,0.9999795,block_ip
16592,1,0.9999795,block_ip
16593,1,0.9999795,block_ip
16594,1,0.9999795,block_ip
16595,1,0.9999795,block_ip
16596,1,0.9999795,block_ip
16597,1,0.9999795,block_ip
16598,1,0.9999795,block_ip
16599,1,0.9999795,block_ip
16600,1,0.9999795,block_ip
16601,1,0.9999795,block_ip
16602,1,0.9999795,block_ip
16603,1,0.9999795,block_ip
16604,1,0.9999795,block_ip
16605,1,0.9999795,block_ip
16606,1,0.9999795,block_ip
16607,1,0.9999795,block_ip
16608,1,0.9999795,block_ip
16609,1,0.9999795,block_ip
16610,1,0.9999795,block_ip
16611,1,0.9999795,block_ip
16612,1,0.9999795,block_ip
16613,1,0.9999795,block_ip
16614,1,0.9999795,block_ip
16615,1,0.9999795,block_ip
16616,1,0.9999795,block_ip
16617,1,0.9999795,block_ip
16618,1,0.9999795,block_ip
16619,1,0.9999795,block_ip
16620,1,0.9999795,block_ip
16621,1,0.9999795,block_ip
16622,1,0.9999795,block_ip
16623,1,0.9999795,block_ip
16624,1,0.9999795,block_ip
16625,1,0.9999795,block_ip
16626,1,0.9999795,block_ip
16627,1,0.9999795,block_ip
16628,1,0.9999795,block_ip
16629,1,0.9999795,block_ip
16630,1,0.9999795,block_ip
16631,1,0.9999795,block_ip
16632,1,0.9999795,block_ip
16633,1,0.9999795,block_ip
16634,1,0.9999795,block_ip
16635,1,0.9999795,block_ip
16636,1,0.9999795,block_ip
16637,1,0.9999795,block_ip
16638,1,0.9999795,block_ip
16639,1,0.9999795,block_ip
16640,1,0.9999795,block_ip
16641,1,0.9999795,block_ip
16642,1,0.9999795,block_ip
16643,1,0.9999795,block_ip
16644,1,0.9999795,block_ip
16645,1,0.9999795,block_ip
16646,1,0.9999795,block_ip
16647,1,0.9999795,block_ip
16648,1,0.9999795,block_ip
16649,1,0.9999795,block_ip
16650,1,0.9999795,block_ip
16651,1,0.9999795,block_ip
16652,1,0.9999795,block_ip
16653,1,0.9999795,block_ip
16654,1,0.9999795,block_ip
16655,1,0.9999795,block_ip
16656,1,0.9999795,block_ip
16657,1,0.9999795,block_ip
16658,1,0.9999795,block_ip
16659,1,0.9999795,block_ip
16660,1,0.9999795,block_ip
16661,1,0.9999795,block_ip
16662,1,0.9999795,block_ip
16663,1,0.9999795,block_ip
16664,1,0.9999795,block_ip
16665,1,0.9999795,block_ip
16666,1,0.9999795,block_ip
16667,1,0.9999795,block_ip
16668,1,0.9999795,block_ip
16669,1,0.9999795,block_ip
16670,1,0.9999795,block_ip
16671,1,0.9999795,block_ip
16672,1,0.9999795,block_ip
16673,1,0.9999795,block_ip
16674,1,0.9999795,block_ip
16675,1,0.9999795,block_ip
16676,1,0.9999795,block_ip
16677,1,0.9999795,block_ip
16678,1,0.9999795,block_ip
16679,1,0.9999795,block_ip
16680,1,0.9999795,block_ip
16681,1,0.9999795,block_ip
16682,1,0.9999795,block_ip
16683,1,0.9999795,block_ip
16684,1,0.9999795,block_ip
16685,1,0.9999795,block_ip
16686,1,0.9999795,block_ip
16687,1,0.9999795,block_ip
16688,1,0.9999795,block_ip
16689,1,0.9999795,block_ip
16690,1,0.9999795,block_ip
16691,1,0.9999795,block_ip
16692,1,0.9999795,block_ip
16693,1,0.9999795,block_ip
16694,1,0.9999795,block_ip
16695,1,0.9999795,block_ip
16696,1,0.9999795,block_ip
16697,1,0.9999795,block_ip
16698,1,0.9999795,block_ip
16699,1,0.9999795,block_ip
16700,1,0.9999795,block_ip
16701,1,0.9999795,block_ip
16702,1,0.9999795,block_ip
16703,1,0.9999795,block_ip
16704,1,0.9999795,block_ip
16705,1,0.9999795,block_ip
16706,1,0.9999795,block_ip
16707,1,0.9999795,block_ip
16708,1,0.9999795,block_ip
16709,1,0.9999795,block_ip
16710,1,0.9999795,block_ip
16711,1,0.9999795,block_ip
16712,1,0.9999795,block_ip
16713,1,0.9999795,block_ip
16714,1,0.9999795,block_ip
16715,1,0.9999795,block_ip
16716,1,0.9999795,block_ip
16717,1,0.9999795,block_ip
16718,1,0.9999795,block_ip
16719,1,0.9999795,block_ip
16720,1,0.9999795,block_ip
16721,1,0.9999795,block_ip
16722,1,0.9999795,block_ip
16723,1,0.9999795,block_ip
16724,1,0.9999795,block_ip
16725,1,0.9999795,block_ip
16726,1,0.9999795,block_ip
16727,1,0.9999795,block_ip
16728,1,0.9999795,block_ip
16729,1,0.9999795,block_ip
16730,1,0.9999795,block_ip
16731,1,0.9999795,block_ip
16732,1,0.9999795,block_ip
16733,1,0.9999795,block_ip
16734,1,0.9999795,block_ip
16735,1,0.9999795,block_ip
16736,1,0.9999795,block_ip
16737,1,0.9999795,block_ip
16738,1,0.9999795,block_ip
16739,1,0.9999795,block_ip
16740,1,0.9999795,block_ip
16741,1,0.9999795,block_ip
16742,1,0.9999795,block_ip
16743,1,0.9999795,block_ip
16744,1,0.9999795,block_ip
16745,1,0.9999795,block_ip
16746,1,0.9999795,block_ip
16747,1,0.9999795,block_ip
16748,1,0.9999795,block_ip
16749,1,0.9999795,block_ip
16750,1,0.9999795,block_ip
16751,1,0.9999795,block_ip
16752,1,0.9999795,block_ip
16753,1,0.9999795,block_ip
16754,1,0.9999795,block_ip
16755,1,0.9999795,block_ip
16756,1,0.9999795,block_ip
16757,1,0.9999795,block_ip
16758,1,0.9999795,block_ip
16759,1,0.9999795,block_ip
16760,1,0.9999795,block_ip
16761,1,0.9999795,block_ip
16762,1,0.9999795,block_ip
16763,1,0.9999795,block_ip
16764,1,0.9999795,block_ip
16765,1,0.9999795,block_ip
16766,1,0.9999795,block_ip
16767,1,0.9999795,block_ip
16768,1,0.9999795,block_ip
16769,1,0.9999795,block_ip
16770,1,0.9999795,block_ip
16771,1,0.9999795,block_ip
16772,1,0.9999795,block_ip
16773,1,0.9999795,block_ip
16774,1,0.9999795,block_ip
16775,1,0.9999795,block_ip
16776,1,0.9999795,block_ip
16777,1,0.9999795,block_ip
16778,1,0.9999795,block_ip
16779,1,0.9999795,block_ip
16780,1,0.9999795,block_ip
16781,1,0.9999795,block_ip
16782,1,0.9999795,block_ip
16783,1,0.9999795,block_ip
16784,1,0.9999795,block_ip
16785,1,0.9999795,block_ip
16786,1,0.9999795,block_ip
16787,1,0.9999795,block_ip
16788,1,0.9999795,block_ip
16789,1,0.9999795,block_ip
16790,1,0.9999795,block_ip
16791,1,0.9999795,block_ip
16792,1,0.9999795,block_ip
16793,1,0.9999795,block_ip
16794,1,0.9999795,block_ip
16795,1,0.9999795,block_ip
16796,1,0.9999795,block_ip
16797,1,0.9999795,block_ip
16798,1,0.9999795,block_ip
16799,1,0.9999795,block_ip
16800,1,0.9999795,block_ip
16801,1,0.9999795,block_ip
16802,1,0.9999795,block_ip
16803,1,0.9999795,block_ip
16804,1,0.9999795,block_ip
16805,1,0.9999795,block_ip
16806,1,0.9999795,block_ip
16807,1,0.9999795,block_ip
16808,1,0.9999795,block_ip
16809,1,0.9999795,block_ip
16810,1,0.9999795,block_ip
16811,1,0.9999795,block_ip
16812,1,0.9999795,block_ip
16813,1,0.9999795,block_ip
16814,1,0.9999795,block_ip
16815,1,0.9999795,block_ip
16816,1,0.9999795,block_ip
16817,1,0.9999795,block_ip
16818,1,0.9999795,block_ip
16819,1,0.9999795,block_ip
16820,1,0.9999795,block_ip
16821,1,0.9999795,block_ip
16822,1,0.9999795,block_ip
16823,1,0.9999795,block_ip
16824,1,0.9999795,block_ip
16825,1,0.9999795,block_ip
16826,1,0.9999795,block_ip
16827,1,0.9999795,block_ip
16828,1,0.9999795,block_ip
16829,1,0.9999795,block_ip
16830,1,0.9999795,block_ip
16831,1,0.9999795,block_ip
16832,1,0.9999795,block_ip
16833,1,0.9999795,block_ip
16834,1,0.9999795,block_ip
16835,1,0.9999795,block_ip
16836,1,0.9999795,block_ip
16837,1,0.9999795,block_ip
16838,1,0.9999795,block_ip
16839,1,0.9999795,block_ip
16840,1,0.9999795,block_ip
16841,1,0.9999795,block_ip
16842,1,0.9999795,block_ip
16843,1,0.9999795,block_ip
16844,1,0.9999795,block_ip
16845,1,0.9999795,block_ip
16846,1,0.9999795,block_ip
16847,1,0.9999795,block_ip
16848,1,0.9999795,block_ip
16849,1,0.9999795,block_ip
16850,1,0.9999795,block_ip
16851,1,0.9999795,block_ip
16852,1,0.9999795,block_ip
16853,1,0.9999795,block_ip
16854,1,0.9999795,block_ip
16855,1,0.9999795,block_ip
16856,1,0.9999795,block_ip
16857,1,0.9999795,block_ip
16858,1,0.9999795,block_ip
16859,1,0.9999795,block_ip
16860,1,0.9999795,block_ip
16861,1,0.9999795,block_ip
16862,1,0.9999795,block_ip
16863,1,0.9999795,block_ip
16864,1,0.9999795,block_ip
16865,1,0.9999795,block_ip
16866,1,0.9999795,block_ip
16867,1,0.9999795,block_ip
16868,1,0.9999795,block_ip
16869,1,0.9999795,block_ip
16870,1,0.9999795,block_ip
16871,1,0.9999795,block_ip
16872,1,0.9999795,block_ip
16873,1,0.9999795,block_ip
16874,1,0.9999795,block_ip
16875,1,0.9999795,block_ip
16876,1,0.9999795,block_ip
16877,1,0.9999795,block_ip
16878,1,0.9999795,block_ip
16879,1,0.9999795,block_ip
16880,1,0.9999795,block_ip
16881,1,0.9999795,block_ip
16882,1,0.9999795,block_ip
16883,1,0.9999795,block_ip
16884,1,0.9999795,block_ip
16885,1,0.9999795,block_ip
16886,1,0.9999795,block_ip
16887,1,0.9999795,block_ip
16888,1,0.9999795,block_ip
16889,1,0.9999795,block_ip
16890,1,0.9999795,block_ip
16891,1,0.9999795,block_ip
16892,1,0.9999795,block_ip
16893,1,0.9999795,block_ip
16894,1,0.9999795,block_ip
16895,1,0.9999795,block_ip
16896,1,0.9999795,block_ip
16897,1,0.9999795,block_ip
16898,1,0.9999795,block_ip
16899,1,0.9999795,block_ip
16900,1,0.9999795,block_ip
16901,1,0.9999795,block_ip
16902,1,0.9999795,block_ip
16903,1,0.9999795,block_ip
16904,1,0.9999795,block_ip
16905,1,0.9999795,block_ip
16906,1,0.9999795,block_ip
16907,1,0.9999795,block_ip
16908,1,0.9999795,block_ip
16909,1,0.9999795,block_ip
16910,1,0.9999795,block_ip
16911,1,0.9999795,block_ip
16912,1,0.9999795,block_ip
16913,1,0.9999795,block_ip
16914,1,0.9999795,block_ip
16915,1,0.9999795,block_ip
16916,1,0.9999795,block_ip
16917,1,0.9999795,block_ip
16918,1,0.9999795,block_ip
16919,1,0.9999795,block_ip
16920,1,0.9999795,block_ip
16921,1,0.9999795,block_ip
16922,1,0.9999795,block_ip
16923,1,0.9999795,block_ip
16924,1,0.9999795,block_ip
16925,1,0.9999795,block_ip
16926,1,0.9999795,block_ip
16927,1,0.9999795,block_ip
16928,1,0.9999795,block_ip
16929,1,0.9999795,block_ip
16930,1,0.9999795,block_ip
16931,1,0.9999795,block_ip
16932,1,0.9999795,block_ip
16933,1,0.9999795,block_ip
16934,1,0.9999795,block_ip
16935,1,0.9999795,block_ip
16936,1,0.9999795,block_ip
16937,1,0.9999795,block_ip
16938,1,0.9999795,block_ip
16939,1,0.9999795,block_ip
16940,1,0.9999795,block_ip
16941,1,0.9999795,block_ip
16942,1,0.9999795,block_ip
16943,1,0.9999795,block_ip
16944,1,0.9999795,block_ip
16945,1,0.9999795,block_ip
16946,1,0.9999795,block_ip
16947,1,0.9999795,block_ip
16948,1,0.9999795,block_ip
16949,1,0.9999795,block_ip
16950,1,0.9999795,block_ip
16951,1,0.9999795,block_ip
16952,1,0.9999795,block_ip
16953,1,0.9999795,block_ip
16954,1,0.9999795,block_ip
16955,1,0.9999795,block_ip
16956,1,0.9999795,block_ip
16957,1,0.9999795,block_ip
16958,1,0.9999795,block_ip
16959,1,0.9999795,block_ip
16960,1,0.9999795,block_ip
16961,1,0.9999795,block_ip
16962,1,0.9999795,block_ip
16963,1,0.9999795,block_ip
16964,1,0.9999795,block_ip
16965,1,0.9999795,block_ip
16966,1,0.9999795,block_ip
16967,1,0.9999795,block_ip
16968,1,0.9999795,block_ip
16969,1,0.9999795,block_ip
16970,1,0.9999795,block_ip
16971,1,0.9999795,block_ip
16972,1,0.9999795,block_ip
16973,1,0.9999795,block_ip
16974,1,0.9999795,block_ip
16975,1,0.9999795,block_ip
16976,1,0.9999795,block_ip
16977,1,0.9999795,block_ip
16978,1,0.9999795,block_ip
16979,1,0.9999795,block_ip
16980,1,0.9999795,block_ip
16981,1,0.9999795,block_ip
16982,1,0.9999795,block_ip
16983,1,0.9999795,block_ip
16984,1,0.9999795,block_ip
16985,1,0.9999795,block_ip
16986,1,0.9999795,block_ip
16987,1,0.9999795,block_ip
16988,1,0.9999795,block_ip
16989,1,0.9999795,block_ip
16990,1,0.9999795,block_ip
16991,1,0.9999795,block_ip
16992,1,0.9999795,block_ip
16993,1,0.9999795,block_ip
16994,1,0.9999795,block_ip
16995,1,0.9999795,block_ip
16996,1,0.9999795,block_ip
16997,1,0.9999795,block_ip
16998,1,0.9999795,block_ip
16999,1,0.9999795,block_ip
17000,1,0.99996936,block_ip
17001,1,0.99996936,block_ip
17002,1,0.99996936,block_ip
17003,1,0.99996936,block_ip
17004,1,0.99996936,block_ip
17005,1,0.99996936,block_ip
17006,1,0.99996936,block_ip
17007,1,0.99996936,block_ip
17008,1,0.99996936,block_ip
17009,1,0.99996936,block_ip
17010,1,0.99996936,block_ip
17011,1,0.99996936,block_ip
17012,1,0.99996936,block_ip
17013,1,0.99996936,block_ip
17014,1,0.99996936,block_ip
17015,1,0.99996936,block_ip
17016,1,0.99996936,block_ip
17017,1,0.99996936,block_ip
17018,1,0.99996936,block_ip
17019,1,0.99996936,block_ip
17020,1,0.99996936,block_ip
17021,1,0.99996936,block_ip
17022,1,0.99996936,block_ip
17023,1,0.99996936,block_ip
17024,1,0.99996936,block_ip
17025,1,0.99996936,block_ip
17026,1,0.99996936,block_ip
17027,1,0.99996936,block_ip
17028,1,0.99996936,block_ip
17029,1,0.99996936,block_ip
17030,1,0.99996936,block_ip
17031,1,0.99996936,block_ip
17032,1,0.99996936,block_ip
17033,1,0.99996936,block_ip
17034,1,0.99996936,block_ip
17035,1,0.99996936,block_ip
17036,1,0.99996936,block_ip
17037,1,0.99996936,block_ip
17038,1,0.99996936,block_ip
17039,1,0.99996936,block_ip
17040,1,0.99996936,block_ip
17041,1,0.99996936,block_ip
17042,1,0.99996936,block_ip
17043,1,0.99996936,block_ip
17044,1,0.99996936,block_ip
17045,1,0.99996936,block_ip
17046,1,0.99996936,block_ip
17047,1,0.99996936,block_ip
17048,1,0.99996936,block_ip
17049,1,0.99996936,block_ip
17050,1,0.99996936,block_ip
17051,1,0.99996936,block_ip
17052,1,0.99996936,block_ip
17053,1,0.99996936,block_ip
17054,1,0.99996936,block_ip
17055,1,0.99996936,block_ip
17056,1,0.99996936,block_ip
17057,1,0.99996936,block_ip
17058,1,0.99996936,block_ip
17059,1,0.99996936,block_ip
17060,1,0.99996936,block_ip
17061,1,0.99996936,block_ip
17062,1,0.99996936,block_ip
17063,1,0.99996936,block_ip
17064,1,0.99996936,block_ip
17065,1,0.99996936,block_ip
17066,1,0.99996936,block_ip
17067,1,0.99996936,block_ip
17068,1,0.99996936,block_ip
17069,1,0.99996936,block_ip
17070,1,0.99996936,block_ip
17071,1,0.99996936,block_ip
17072,1,0.99996936,block_ip
17073,1,0.99996936,block_ip
17074,1,0.99996936,block_ip
17075,1,0.99996936,block_ip
17076,1,0.99996936,block_ip
17077,1,0.99996936,block_ip
17078,1,0.99996936,block_ip
17079,1,0.99996936,block_ip
17080,1,0.99996936,block_ip
17081,1,0.99996936,block_ip
17082,1,0.99996936,block_ip
17083,1,0.99996936,block_ip
17084,1,0.99996936,block_ip
17085,1,0.99996936,block_ip
17086,1,0.99996936,block_ip
17087,1,0.99996936,block_ip
17088,1,0.99996936,block_ip
17089,1,0.99996936,block_ip
17090,1,0.99996936,block_ip
17091,1,0.99996936,block_ip
17092,1,0.99996936,block_ip
17093,1,0.99996936,block_ip
17094,1,0.99996936,block_ip
17095,1,0.99996936,block_ip
17096,1,0.99996936,block_ip
17097,1,0.99996936,block_ip
17098,1,0.99996936,block_ip
17099,1,0.99996936,block_ip
17100,1,0.99996936,block_ip
17101,1,0.99996936,block_ip
17102,1,0.99996936,block_ip
17103,1,0.99996936,block_ip
17104,1,0.99996936,block_ip
17105,1,0.99996936,block_ip
17106,1,0.99996936,block_ip
17107,1,0.99996936,block_ip
17108,1,0.99996936,block_ip
17109,1,0.99996936,block_ip
17110,1,0.99996936,block_ip
17111,1,0.99996936,block_ip
17112,1,0.99996936,block_ip
17113,1,0.99996936,block_ip
17114,1,0.99996936,block_ip
17115,1,0.99996936,block_ip
17116,1,0.99996936,block_ip
17117,1,0.99996936,block_ip
17118,1,0.99996936,block_ip
17119,1,0.99996936,block_ip
17120,1,0.99996936,block_ip
17121,1,0.99996936,block_ip
17122,1,0.99996936,block_ip
17123,1,0.99996936,block_ip
17124,1,0.99996936,block_ip
17125,1,0.99996936,block_ip
17126,1,0.99996936,block_ip
17127,1,0.99996936,block_ip
17128,1,0.99996936,block_ip
17129,1,0.99996936,block_ip
17130,1,0.99996936,block_ip
17131,1,0.99996936,block_ip
17132,1,0.99996936,block_ip
17133,1,0.99996936,block_ip
17134,1,0.99996936,block_ip
17135,1,0.99996936,block_ip
17136,1,0.99996936,block_ip
17137,1,0.99996936,block_ip
17138,1,0.99996936,block_ip
17139,1,0.99996936,block_ip
17140,1,0.99996936,block_ip
17141,1,0.99996936,block_ip
17142,1,0.99996936,block_ip
17143,1,0.99996936,block_ip
17144,1,0.99996936,block_ip
17145,1,0.99996936,block_ip
17146,1,0.99996936,block_ip
17147,1,0.99996936,block_ip
17148,1,0.99996936,block_ip
17149,1,0.99996936,block_ip
17150,1,0.99996936,block_ip
17151,1,0.99996936,block_ip
17152,1,0.99996936,block_ip
17153,1,0.99996936,block_ip
17154,1,0.99996936,block_ip
17155,1,0.99996936,block_ip
17156,1,0.99996936,block_ip
17157,1,0.99996936,block_ip
17158,1,0.99996936,block_ip
17159,1,0.99996936,block_ip
17160,1,0.99996936,block_ip
17161,1,0.99996936,block_ip
17162,1,0.99996936,block_ip
17163,1,0.99996936,block_ip
17164,1,0.99996936,block_ip
17165,1,0.99996936,block_ip
17166,1,0.99996936,block_ip
17167,1,0.99996936,block_ip
17168,1,0.99996936,block_ip
17169,1,0.99996936,block_ip
17170,1,0.99996936,block_ip
17171,1,0.99996936,block_ip
17172,1,0.99996936,block_ip
17173,1,0.99996936,block_ip
17174,1,0.99996936,block_ip
17175,1,0.99996936,block_ip
17176,1,0.99996936,block_ip
17177,1,0.99996936,block_ip
17178,1,0.99996936,block_ip
17179,1,0.99996936,block_ip
17180,1,0.99996936,block_ip
17181,1,0.99996936,block_ip
17182,1,0.99996936,block_ip
17183,1,0.99996936,block_ip
17184,1,0.99996936,block_ip
17185,1,0.99996936,block_ip
17186,1,0.99996936,block_ip
17187,1,0.99996936,block_ip
17188,1,0.99996936,block_ip
17189,1,0.99996936,block_ip
17190,1,0.99996936,block_ip
17191,1,0.99996936,block_ip
17192,1,0.99996936,block_ip
17193,1,0.99996936,block_ip
17194,1,0.99996936,block_ip
17195,1,0.99996936,block_ip
17196,1,0.99996936,block_ip
17197,1,0.99996936,block_ip
17198,1,0.99996936,block_ip
17199,1,0.99996936,block_ip
17200,1,0.99996936,block_ip
17201,1,0.99996936,block_ip
17202,1,0.99996936,block_ip
17203,1,0.99996936,block_ip
17204,1,0.99996936,block_ip
17205,1,0.99996936,block_ip
17206,1,0.99996936,block_ip
17207,1,0.99996936,block_ip
17208,1,0.99996936,block_ip
17209,1,0.99996936,block_ip
17210,1,0.99996936,block_ip
17211,1,0.99996936,block_ip
17212,1,0.99996936,block_ip
17213,1,0.99996936,block_ip
17214,1,0.99996936,block_ip
17215,1,0.99996936,block_ip
17216,1,0.99996936,block_ip
17217,1,0.99996936,block_ip
17218,1,0.99996936,block_ip
17219,1,0.99996936,block_ip
17220,1,0.99996936,block_ip
17221,1,0.99996936,block_ip
17222,1,0.99996936,block_ip
17223,1,0.99996936,block_ip
17224,1,0.99996936,block_ip
17225,1,0.99996936,block_ip
17226,1,0.99996936,block_ip
17227,1,0.99996936,block_ip
17228,1,0.99996936,block_ip
17229,1,0.99996936,block_ip
17230,1,0.99996936,block_ip
17231,1,0.99996936,block_ip
17232,1,0.99996936,block_ip
17233,1,0.99996936,block_ip
17234,1,0.99996936,block_ip
17235,1,0.99996936,block_ip
17236,1,0.99996936,block_ip
17237,1,0.99996936,block_ip
17238,1,0.99996936,block_ip
17239,1,0.99996936,block_ip
17240,1,0.99996936,block_ip
17241,1,0.99996936,block_ip
17242,1,0.99996936,block_ip
17243,1,0.99996936,block_ip
17244,1,0.99996936,block_ip
17245,1,0.99996936,block_ip
17246,1,0.99996936,block_ip
17247,1,0.99996936,block_ip
17248,1,0.99996936,block_ip
17249,1,0.99996936,block_ip
17250,1,0.99996936,block_ip
17251,1,0.99996936,block_ip
17252,1,0.99996936,block_ip
17253,1,0.99996936,block_ip
17254,1,0.99996936,block_ip
17255,1,0.99996936,block_ip
17256,1,0.99996936,block_ip
17257,1,0.99996936,block_ip
17258,1,0.99996936,block_ip
17259,1,0.99996936,block_ip
17260,1,0.99996936,block_ip
17261,1,0.99996936,block_ip
17262,1,0.99996936,block_ip
17263,1,0.99996936,block_ip
17264,1,0.99996936,block_ip
17265,1,0.99996936,block_ip
17266,1,0.99996936,block_ip
17267,1,0.99996936,block_ip
17268,1,0.99996936,block_ip
17269,1,0.99996936,block_ip
17270,1,0.99996936,block_ip
17271,1,0.99996936,block_ip
17272,1,0.99996936,block_ip
17273,1,0.99996936,block_ip
17274,1,0.99996936,block_ip
17275,1,0.99996936,block_ip
17276,1,0.99996936,block_ip
17277,1,0.99996936,block_ip
17278,1,0.99996936,block_ip
17279,1,0.99996936,block_ip
17280,1,0.99996936,block_ip
17281,1,0.99996936,block_ip
17282,1,0.99996936,block_ip
17283,1,0.99996936,block_ip
17284,1,0.99996936,block_ip
17285,1,0.99996936,block_ip
17286,1,0.99996936,block_ip
17287,1,0.99996936,block_ip
17288,1,0.99996936,block_ip
17289,1,0.99996936,block_ip
17290,1,0.99996936,block_ip
17291,1,0.99996936,block_ip
17292,1,0.99996936,block_ip
17293,1,0.99996936,block_ip
17294,1,0.99996936,block_ip
17295,1,0.99996936,block_ip
17296,1,0.99996936,block_ip
17297,1,0.99996936,block_ip
17298,1,0.99996936,block_ip
17299,1,0.99996936,block_ip
17300,1,0.99996936,block_ip
17301,1,0.99996936,block_ip
17302,1,0.99996936,block_ip
17303,1,0.99996936,block_ip
17304,1,0.99996936,block_ip
17305,1,0.99996936,block_ip
17306,1,0.99996936,block_ip
17307,1,0.99996936,block_ip
17308,1,0.99996936,block_ip
17309,1,0.99996936,block_ip
17310,1,0.99996936,block_ip
17311,1,0.99996936,block_ip
17312,1,0.99996936,block_ip
17313,1,0.99996936,block_ip
17314,1,0.99996936,block_ip
17315,1,0.99996936,block_ip
17316,1,0.99996936,block_ip
17317,1,0.99996936,block_ip
17318,1,0.99996936,block_ip
17319,1,0.99996936,block_ip
17320,1,0.99996936,block_ip
17321,1,0.99996936,block_ip
17322,1,0.99996936,block_ip
17323,1,0.99996936,block_ip
17324,1,0.99996936,block_ip
17325,1,0.99996936,block_ip
17326,1,0.99996936,block_ip
17327,1,0.99996936,block_ip
17328,1,0.99996936,block_ip
17329,1,0.99996936,block_ip
17330,1,0.99996936,block_ip
17331,1,0.99996936,block_ip
17332,1,0.99996936,block_ip
17333,1,0.99996936,block_ip
17334,1,0.99996936,block_ip
17335,1,0.99996936,block_ip
17336,1,0.99996936,block_ip
17337,1,0.99996936,block_ip
17338,1,0.99996936,block_ip
17339,1,0.99996936,block_ip
17340,1,0.99996936,block_ip
17341,1,0.99996936,block_ip
17342,1,0.99996936,block_ip
17343,1,0.99996936,block_ip
17344,1,0.99996936,block_ip
17345,1,0.99996936,block_ip
17346,1,0.99996936,block_ip
17347,1,0.99996936,block_ip
17348,1,0.99996936,block_ip
17349,1,0.99996936,block_ip
17350,1,0.99996936,block_ip
17351,1,0.99996936,block_ip
17352,1,0.99996936,block_ip
17353,1,0.99996936,block_ip
17354,1,0.99996936,block_ip
17355,1,0.99996936,block_ip
17356,1,0.99996936,block_ip
17357,1,0.99996936,block_ip
17358,1,0.99996936,block_ip
17359,1,0.99996936,block_ip
17360,1,0.99996936,block_ip
17361,1,0.99996936,block_ip
17362,1,0.99996936,block_ip
17363,1,0.99996936,block_ip
17364,1,0.99996936,block_ip
17365,1,0.99996936,block_ip
17366,1,0.99996936,block_ip
17367,1,0.99996936,block_ip
17368,1,0.99996936,block_ip
17369,1,0.99996936,block_ip
17370,1,0.99996936,block_ip
17371,1,0.99996936,block_ip
17372,1,0.99996936,block_ip
17373,1,0.99996936,block_ip
17374,1,0.99996936,block_ip
17375,1,0.99996936,block_ip
17376,1,0.99996936,block_ip
17377,1,0.99996936,block_ip
17378,1,0.99996936,block_ip
17379,1,0.99996936,block_ip
17380,1,0.99996936,block_ip
17381,1,0.99996936,block_ip
17382,1,0.99996936,block_ip
17383,1,0.99996936,block_ip
17384,1,0.99996936,block_ip
17385,1,0.99996936,block_ip
17386,1,0.99996936,block_ip
17387,1,0.99996936,block_ip
17388,1,0.99996936,block_ip
17389,1,0.99996936,block_ip
17390,1,0.99996936,block_ip
17391,1,0.99996936,block_ip
17392,1,0.99996936,block_ip
17393,1,0.99996936,block_ip
17394,1,0.99996936,block_ip
17395,1,0.99996936,block_ip
17396,1,0.99996936,block_ip
17397,1,0.99996936,block_ip
17398,1,0.99996936,block_ip
17399,1,0.99996936,block_ip
17400,1,0.99996936,block_ip
17401,1,0.99996936,block_ip
17402,1,0.99996936,block_ip
17403,1,0.99996936,block_ip
17404,1,0.99996936,block_ip
17405,1,0.99996936,block_ip
17406,1,0.99996936,block_ip
17407,1,0.99996936,block_ip
17408,1,0.99996936,block_ip
17409,1,0.99996936,block_ip
17410,1,0.99996936,block_ip
17411,1,0.99996936,block_ip
17412,1,0.99996936,block_ip
17413,1,0.99996936,block_ip
17414,1,0.99996936,block_ip
17415,1,0.99996936,block_ip
17416,1,0.99996936,block_ip
17417,1,0.99996936,block_ip
17418,1,0.99996936,block_ip
17419,1,0.99996936,block_ip
17420,1,0.99996936,block_ip
17421,1,0.99996936,block_ip
17422,1,0.99996936,block_ip
17423,1,0.99996936,block_ip
17424,1,0.99996936,block_ip
17425,1,0.99996936,block_ip
17426,1,0.99996936,block_ip
17427,1,0.99996936,block_ip
17428,1,0.99996936,block_ip
17429,1,0.99996936,block_ip
17430,1,0.99996936,block_ip
17431,1,0.99996936,block_ip
17432,1,0.99996936,block_ip
17433,1,0.99996936,block_ip
17434,1,0.99996936,block_ip
17435,1,0.99996936,block_ip
17436,1,0.99996936,block_ip
17437,1,0.99996936,block_ip
17438,1,0.99996936,block_ip
17439,1,0.99996936,block_ip
17440,1,0.99996936,block_ip
17441,1,0.99996936,block_ip
17442,1,0.99996936,block_ip
17443,1,0.99996936,block_ip
17444,1,0.99996936,block_ip
17445,1,0.99996936,block_ip
17446,1,0.99996936,block_ip
17447,1,0.99996936,block_ip
17448,1,0.99996936,block_ip
17449,1,0.99996936,block_ip
17450,1,0.99996936,block_ip
17451,1,0.99996936,block_ip
17452,1,0.99996936,block_ip
17453,1,0.99996936,block_ip
17454,1,0.99996936,block_ip
17455,1,0.99996936,block_ip
17456,1,0.99996936,block_ip
17457,1,0.99996936,block_ip
17458,1,0.99996936,block_ip
17459,1,0.99996936,block_ip
17460,1,0.99996936,block_ip
17461,1,0.99996936,block_ip
17462,1,0.99996936,block_ip
17463,1,0.99996936,block_ip
17464,1,0.99996936,block_ip
17465,1,0.99996936,block_ip
17466,1,0.99996936,block_ip
17467,1,0.99996936,block_ip
17468,1,0.99996936,block_ip
17469,1,0.99996936,block_ip
17470,1,0.99996936,block_ip
17471,1,0.99996936,block_ip
17472,1,0.99996936,block_ip
17473,1,0.99996936,block_ip
17474,1,0.99996936,block_ip
17475,1,0.99996936,block_ip
17476,1,0.99996936,block_ip
17477,1,0.99996936,block_ip
17478,1,0.99996936,block_ip
17479,1,0.99996936,block_ip
17480,1,0.99996936,block_ip
17481,1,0.99996936,block_ip
17482,1,0.99996936,block_ip
17483,1,0.99996936,block_ip
17484,1,0.99996936,block_ip
17485,1,0.99996936,block_ip
17486,1,0.99996936,block_ip
17487,1,0.99996936,block_ip
17488,1,0.99996936,block_ip
17489,1,0.99996936,block_ip
17490,1,0.99996936,block_ip
17491,1,0.99996936,block_ip
17492,1,0.99996936,block_ip
17493,1,0.99996936,block_ip
17494,1,0.99996936,block_ip
17495,1,0.99996936,block_ip
17496,1,0.99996936,block_ip
17497,1,0.99996936,block_ip
17498,1,0.99996936,block_ip
17499,1,0.99996936,block_ip
17500,1,0.99996936,block_ip
17501,1,0.99996936,block_ip
17502,1,0.99996936,block_ip
17503,1,0.99996936,block_ip
17504,1,0.99996936,block_ip
17505,1,0.99996936,block_ip
17506,1,0.99996936,block_ip
17507,1,0.99996936,block_ip
17508,1,0.99996936,block_ip
17509,1,0.99996936,block_ip
17510,1,0.99996936,block_ip
17511,1,0.99996936,block_ip
17512,1,0.99996936,block_ip
17513,1,0.99996936,block_ip
17514,1,0.99996936,block_ip
17515,1,0.99996936,block_ip
17516,1,0.99996936,block_ip
17517,1,0.99996936,block_ip
17518,1,0.99996936,block_ip
17519,1,0.99996936,block_ip
17520,1,0.99996936,block_ip
17521,1,0.99996936,block_ip
17522,1,0.99996936,block_ip
17523,1,0.99996936,block_ip
17524,1,0.99996936,block_ip
17525,1,0.99996936,block_ip
17526,1,0.99996936,block_ip
17527,1,0.99996936,block_ip
17528,1,0.99996936,block_ip
17529,1,0.99996936,block_ip
17530,1,0.99996936,block_ip
17531,1,0.99996936,block_ip
17532,1,0.99996936,block_ip
17533,1,0.99996936,block_ip
17534,1,0.99996936,block_ip
17535,1,0.99996936,block_ip
17536,1,0.99996936,block_ip
17537,1,0.99996936,block_ip
17538,1,0.99996936,block_ip
17539,1,0.99996936,block_ip
17540,1,0.99996936,block_ip
17541,1,0.99996936,block_ip
17542,1,0.99996936,block_ip
17543,1,0.99996936,block_ip
17544,1,0.99996936,block_ip
17545,1,0.99996936,block_ip
17546,1,0.99996936,block_ip
17547,1,0.99996936,block_ip
17548,1,0.99996936,block_ip
17549,1,0.99996936,block_ip
17550,1,0.99996936,block_ip
17551,1,0.99996936,block_ip
17552,1,0.99996936,block_ip
17553,1,0.99996936,block_ip
17554,1,0.99996936,block_ip
17555,1,0.99996936,block_ip
17556,1,0.99996936,block_ip
17557,1,0.99996936,block_ip
17558,1,0.99996936,block_ip
17559,1,0.99996936,block_ip
17560,1,0.99996936,block_ip
17561,1,0.99996936,block_ip
17562,1,0.99996936,block_ip
17563,1,0.99996936,block_ip
17564,1,0.99996936,block_ip
17565,1,0.99996936,block_ip
17566,1,0.99996936,block_ip
17567,1,0.99996936,block_ip
17568,1,0.99996936,block_ip
17569,1,0.99996936,block_ip
17570,1,0.99996936,block_ip
17571,1,0.99996936,block_ip
17572,1,0.99996936,block_ip
17573,1,0.99996936,block_ip
17574,1,0.99996936,block_ip
17575,1,0.99996936,block_ip
17576,1,0.99996936,block_ip
17577,1,0.99996936,block_ip
17578,1,0.99996936,block_ip
17579,1,0.99996936,block_ip
17580,1,0.99996936,block_ip
17581,1,0.99996936,block_ip
17582,1,0.99996936,block_ip
17583,1,0.99996936,block_ip
17584,1,0.99996936,block_ip
17585,1,0.99996936,block_ip
17586,1,0.99996936,block_ip
17587,1,0.99996936,block_ip
17588,1,0.99996936,block_ip
17589,1,0.99996936,block_ip
17590,1,0.99996936,block_ip
17591,1,0.99996936,block_ip
17592,1,0.99996936,block_ip
17593,1,0.99996936,block_ip
17594,1,0.99996936,block_ip
17595,1,0.99996936,block_ip
17596,1,0.99996936,block_ip
17597,1,0.99996936,block_ip
17598,1,0.99996936,block_ip
17599,1,0.99996936,block_ip
17600,1,0.99996936,block_ip
17601,1,0.99996936,block_ip
17602,1,0.99996936,block_ip
17603,1,0.99996936,block_ip
17604,1,0.99996936,block_ip
17605,1,0.99996936,block_ip
17606,1,0.99996936,block_ip
17607,1,0.99996936,block_ip
17608,1,0.99996936,block_ip
17609,1,0.99996936,block_ip
17610,1,0.99996936,block_ip
17611,1,0.99996936,block_ip
17612,1,0.99996936,block_ip
17613,1,0.99996936,block_ip
17614,1,0.99996936,block_ip
17615,1,0.99996936,block_ip
17616,1,0.99996936,block_ip
17617,1,0.99996936,block_ip
17618,1,0.99996936,block_ip
17619,1,0.99996936,block_ip
17620,1,0.99996936,block_ip
17621,1,0.99996936,block_ip
17622,1,0.99996936,block_ip
17623,1,0.99996936,block_ip
17624,1,0.99996936,block_ip
17625,1,0.99996936,block_ip
17626,1,0.99996936,block_ip
17627,1,0.99996936,block_ip
17628,1,0.99996936,block_ip
17629,1,0.99996936,block_ip
17630,1,0.99996936,block_ip
17631,1,0.99996936,block_ip
17632,1,0.99996936,block_ip
17633,1,0.99996936,block_ip
17634,1,0.99996936,block_ip
17635,1,0.99996936,block_ip
17636,1,0.99996936,block_ip
17637,1,0.99996936,block_ip
17638,1,0.99996936,block_ip
17639,1,0.99996936,block_ip
17640,1,0.99996936,block_ip
17641,1,0.99996936,block_ip
17642,1,0.99996936,block_ip
17643,1,0.99996936,block_ip
17644,1,0.99996936,block_ip
17645,1,0.99996936,block_ip
17646,1,0.99996936,block_ip
17647,1,0.99996936,block_ip
17648,1,0.99996936,block_ip
17649,1,0.99996936,block_ip
17650,1,0.99996936,block_ip
17651,1,0.99996936,block_ip
17652,1,0.99996936,block_ip
17653,1,0.99996936,block_ip
17654,1,0.99996936,block_ip
17655,1,0.99996936,block_ip
17656,1,0.99996936,block_ip
17657,1,0.99996936,block_ip
17658,1,0.99996936,block_ip
17659,1,0.99996936,block_ip
17660,1,0.99996936,block_ip
17661,1,0.99996936,block_ip
17662,1,0.99996936,block_ip
17663,1,0.99996936,block_ip
17664,1,0.99996936,block_ip
17665,1,0.99996936,block_ip
17666,1,0.99996936,block_ip
17667,1,0.99996936,block_ip
17668,1,0.99996936,block_ip
17669,1,0.99996936,block_ip
17670,1,0.99996936,block_ip
17671,1,0.99996936,block_ip
17672,1,0.99996936,block_ip
17673,1,0.99996936,block_ip
17674,1,0.99996936,block_ip
17675,1,0.99996936,block_ip
17676,1,0.99996936,block_ip
17677,1,0.99996936,block_ip
17678,1,0.99996936,block_ip
17679,1,0.99996936,block_ip
17680,1,0.99996936,block_ip
17681,1,0.99996936,block_ip
17682,1,0.99996936,block_ip
17683,1,0.99996936,block_ip
17684,1,0.99996936,block_ip
17685,1,0.99996936,block_ip
17686,1,0.99996936,block_ip
17687,1,0.99996936,block_ip
17688,1,0.99996936,block_ip
17689,1,0.99996936,block_ip
17690,1,0.99996936,block_ip
17691,1,0.99996936,block_ip
17692,1,0.99996936,block_ip
17693,1,0.99996936,block_ip
17694,1,0.99996936,block_ip
17695,1,0.99996936,block_ip
17696,1,0.99996936,block_ip
17697,1,0.99996936,block_ip
17698,1,0.99996936,block_ip
17699,1,0.99996936,block_ip
17700,1,0.99996936,block_ip
17701,1,0.99996936,block_ip
17702,1,0.99996936,block_ip
17703,1,0.99996936,block_ip
17704,1,0.99996936,block_ip
17705,1,0.99996936,block_ip
17706,1,0.99996936,block_ip
17707,1,0.99996936,block_ip
17708,1,0.99996936,block_ip
17709,1,0.99996936,block_ip
17710,1,0.99996936,block_ip
17711,1,0.99996936,block_ip
17712,1,0.99996936,block_ip
17713,1,0.99996936,block_ip
17714,1,0.99996936,block_ip
17715,1,0.99996936,block_ip
17716,1,0.99996936,block_ip
17717,1,0.99996936,block_ip
17718,1,0.99996936,block_ip
17719,1,0.99996936,block_ip
17720,1,0.99996936,block_ip
17721,1,0.99996936,block_ip
17722,1,0.99996936,block_ip
17723,1,0.99996936,block_ip
17724,1,0.99996936,block_ip
17725,1,0.99996936,block_ip
17726,1,0.99996936,block_ip
17727,1,0.99996936,block_ip
17728,1,0.99996936,block_ip
17729,1,0.99996936,block_ip
17730,1,0.99996936,block_ip
17731,1,0.99996936,block_ip
17732,1,0.99996936,block_ip
17733,1,0.99996936,block_ip
17734,1,0.99996936,block_ip
17735,1,0.99996936,block_ip
17736,1,0.99996936,block_ip
17737,1,0.99996936,block_ip
17738,1,0.99996936,block_ip
17739,1,0.99996936,block_ip
17740,1,0.99996936,block_ip
17741,1,0.99996936,block_ip
17742,1,0.99996936,block_ip
17743,1,0.99996936,block_ip
17744,1,0.99996936,block_ip
17745,1,0.99996936,block_ip
17746,1,0.99996936,block_ip
17747,1,0.99996936,block_ip
17748,1,0.99996936,block_ip
17749,1,0.99996936,block_ip
17750,1,0.99996936,block_ip
17751,1,0.99996936,block_ip
17752,1,0.99996936,block_ip
17753,1,0.99996936,block_ip
17754,1,0.99996936,block_ip
17755,1,0.99996936,block_ip
17756,1,0.99996936,block_ip
17757,1,0.99996936,block_ip
17758,1,0.99996936,block_ip
17759,1,0.99996936,block_ip
17760,1,0.99996936,block_ip
17761,1,0.99996936,block_ip
17762,1,0.99996936,block_ip
17763,1,0.99996936,block_ip
17764,1,0.99996936,block_ip
17765,1,0.99996936,block_ip
17766,1,0.99996936,block_ip
17767,1,0.99996936,block_ip
17768,1,0.99996936,block_ip
17769,1,0.99996936,block_ip
17770,1,0.99996936,block_ip
17771,1,0.99996936,block_ip
17772,1,0.99996936,block_ip
17773,1,0.99996936,block_ip
17774,1,0.99996936,block_ip
17775,1,0.99996936,block_ip
17776,1,0.99996936,block_ip
17777,1,0.99996936,block_ip
17778,1,0.99996936,block_ip
17779,1,0.99996936,block_ip
17780,1,0.99996936,block_ip
17781,1,0.99996936,block_ip
17782,1,0.99996936,block_ip
17783,1,0.99996936,block_ip
17784,1,0.99996936,block_ip
17785,1,0.99996936,block_ip
17786,1,0.99996936,block_ip
17787,1,0.99996936,block_ip
17788,1,0.99996936,block_ip
17789,1,0.99996936,block_ip
17790,1,0.99996936,block_ip
17791,1,0.99996936,block_ip
17792,1,0.99996936,block_ip
17793,1,0.99996936,block_ip
17794,1,0.99996936,block_ip
17795,1,0.99996936,block_ip
17796,1,0.99996936,block_ip
17797,1,0.99996936,block_ip
17798,1,0.99996936,block_ip
17799,1,0.99996936,block_ip
17800,1,0.99996936,block_ip
17801,1,0.99996936,block_ip
17802,1,0.99996936,block_ip
17803,1,0.99996936,block_ip
17804,1,0.99996936,block_ip
17805,1,0.99996936,block_ip
17806,1,0.99996936,block_ip
17807,1,0.99996936,block_ip
17808,1,0.99996936,block_ip
17809,1,0.99996936,block_ip
17810,1,0.99996936,block_ip
17811,1,0.99996936,block_ip
17812,1,0.99996936,block_ip
17813,1,0.99996936,block_ip
17814,1,0.99996936,block_ip
17815,1,0.99996936,block_ip
17816,1,0.99996936,block_ip
17817,1,0.99996936,block_ip
17818,1,0.99996936,block_ip
17819,1,0.99996936,block_ip
17820,1,0.99996936,block_ip
17821,1,0.99996936,block_ip
17822,1,0.99996936,block_ip
17823,1,0.99996936,block_ip
17824,1,0.99996936,block_ip
17825,1,0.99996936,block_ip
17826,1,0.99996936,block_ip
17827,1,0.99996936,block_ip
17828,1,0.99996936,block_ip
17829,1,0.99996936,block_ip
17830,1,0.99996936,block_ip
17831,1,0.99996936,block_ip
17832,1,0.99996936,block_ip
17833,1,0.99996936,block_ip
17834,1,0.99996936,block_ip
17835,1,0.99996936,block_ip
17836,1,0.99996936,block_ip
17837,1,0.99996936,block_ip
17838,1,0.99996936,block_ip
17839,1,0.99996936,block_ip
17840,1,0.99996936,block_ip
17841,1,0.99996936,block_ip
17842,1,0.99996936,block_ip
17843,1,0.99996936,block_ip
17844,1,0.99996936,block_ip
17845,1,0.99996936,block_ip
17846,1,0.99996936,block_ip
17847,1,0.99996936,block_ip
17848,1,0.99996936,block_ip
17849,1,0.99996936,block_ip
17850,1,0.99996936,block_ip
17851,1,0.99996936,block_ip
17852,1,0.99996936,block_ip
17853,1,0.99996936,block_ip
17854,1,0.99996936,block_ip
17855,1,0.99996936,block_ip
17856,1,0.99996936,block_ip
17857,1,0.99996936,block_ip
17858,1,0.99996936,block_ip
17859,1,0.99996936,block_ip
17860,1,0.99996936,block_ip
17861,1,0.99996936,block_ip
17862,1,0.99996936,block_ip
17863,1,0.99996936,block_ip
17864,1,0.99996936,block_ip
17865,1,0.99996936,block_ip
17866,1,0.99996936,block_ip
17867,1,0.99996936,block_ip
17868,1,0.99996936,block_ip
17869,1,0.99996936,block_ip
17870,1,0.99996936,block_ip
17871,1,0.99996936,block_ip
17872,1,0.99996936,block_ip
17873,1,0.99996936,block_ip
17874,1,0.99996936,block_ip
17875,1,0.99996936,block_ip
17876,1,0.99996936,block_ip
17877,1,0.99996936,block_ip
17878,1,0.99996936,block_ip
17879,1,0.99996936,block_ip
17880,1,0.99996936,block_ip
17881,1,0.99996936,block_ip
17882,1,0.99996936,block_ip
17883,1,0.99996936,block_ip
17884,1,0.99996936,block_ip
17885,1,0.99996936,block_ip
17886,1,0.99996936,block_ip
17887,1,0.99996936,block_ip
17888,1,0.99996936,block_ip
17889,1,0.99996936,block_ip
17890,1,0.99996936,block_ip
17891,1,0.99996936,block_ip
17892,1,0.99996936,block_ip
17893,1,0.99996936,block_ip
17894,1,0.99996936,block_ip
17895,1,0.99996936,block_ip
17896,1,0.99996936,block_ip
17897,1,0.99996936,block_ip
17898,1,0.99996936,block_ip
17899,1,0.99996936,block_ip
17900,1,0.99996936,block_ip
17901,1,0.99996936,block_ip
17902,1,0.99996936,block_ip
17903,1,0.99996936,block_ip
17904,1,0.99996936,block_ip
17905,1,0.99996936,block_ip
17906,1,0.99996936,block_ip
17907,1,0.99996936,block_ip
17908,1,0.99996936,block_ip
17909,1,0.99996936,block_ip
17910,1,0.99996936,block_ip
17911,1,0.99996936,block_ip
17912,1,0.99996936,block_ip
17913,1,0.99996936,block_ip
17914,1,0.99996936,block_ip
17915,1,0.99996936,block_ip
17916,1,0.99996936,block_ip
17917,1,0.99996936,block_ip
17918,1,0.99996936,block_ip
17919,1,0.99996936,block_ip
17920,1,0.99996936,block_ip
17921,1,0.99996936,block_ip
17922,1,0.99996936,block_ip
17923,1,0.99996936,block_ip
17924,1,0.99996936,block_ip
17925,1,0.99996936,block_ip
17926,1,0.99996936,block_ip
17927,1,0.99996936,block_ip
17928,1,0.99996936,block_ip
17929,1,0.99996936,block_ip
17930,1,0.99996936,block_ip
17931,1,0.99996936,block_ip
17932,1,0.99996936,block_ip
17933,1,0.99996936,block_ip
17934,1,0.99996936,block_ip
17935,1,0.99996936,block_ip
17936,1,0.99996936,block_ip
17937,1,0.99996936,block_ip
17938,1,0.99996936,block_ip
17939,1,0.99996936,block_ip
17940,1,0.99996936,block_ip
17941,1,0.99996936,block_ip
17942,1,0.99996936,block_ip
17943,1,0.99996936,block_ip
17944,1,0.99996936,block_ip
17945,1,0.99996936,block_ip
17946,1,0.99996936,block_ip
17947,1,0.99996936,block_ip
17948,1,0.99996936,block_ip
17949,1,0.99996936,block_ip
17950,1,0.99996936,block_ip
17951,1,0.99996936,block_ip
17952,1,0.99996936,block_ip
17953,1,0.99996936,block_ip
17954,1,0.99996936,block_ip
17955,1,0.99996936,block_ip
17956,1,0.99996936,block_ip
17957,1,0.99996936,block_ip
17958,1,0.99996936,block_ip
17959,1,0.99996936,block_ip
17960,1,0.99996936,block_ip
17961,1,0.99996936,block_ip
17962,1,0.99996936,block_ip
17963,1,0.99996936,block_ip
17964,1,0.99996936,block_ip
17965,1,0.99996936,block_ip
17966,1,0.99996936,block_ip
17967,1,0.9999691,block_ip
17968,1,0.9999691,block_ip
17969,1,0.9999691,block_ip
17970,1,0.9999691,block_ip
17971,1,0.9999691,block_ip
17972,1,0.9999691,block_ip
17973,1,0.9999691,block_ip
17974,1,0.9999691,block_ip
17975,1,0.9999691,block_ip
17976,1,0.9999691,block_ip
17977,1,0.9999691,block_ip
17978,1,0.9999691,block_ip
17979,1,0.9999691,block_ip
17980,1,0.9999691,block_ip
17981,1,0.9999691,block_ip
17982,1,0.9999691,block_ip
17983,1,0.9999691,block_ip
17984,1,0.9999691,block_ip
17985,1,0.9999691,block_ip
17986,1,0.9999691,block_ip
17987,1,0.9999691,block_ip
17988,1,0.9999691,block_ip
17989,1,0.9999691,block_ip
17990,1,0.9999691,block_ip
17991,1,0.9999691,block_ip
17992,1,0.9999691,block_ip
17993,1,0.9999691,block_ip
17994,1,0.9999691,block_ip
17995,1,0.9999691,block_ip
17996,1,0.9999691,block_ip
17997,1,0.9999691,block_ip
17998,1,0.9999691,block_ip
17999,1,0.9999691,block_ip
18000,1,0.99997616,block_ip
18001,1,0.99997616,block_ip
18002,1,0.99997616,block_ip
18003,1,0.99997604,block_ip
18004,1,0.99997604,block_ip
18005,1,0.99997604,block_ip
18006,1,0.99997604,block_ip
18007,1,0.99997604,block_ip
18008,1,0.99997604,block_ip
18009,1,0.99997604,block_ip
18010,1,0.99997604,block_ip
18011,1,0.99997604,block_ip
18012,1,0.99997604,block_ip
18013,1,0.99997604,block_ip
18014,1,0.99997604,block_ip
18015,1,0.99997604,block_ip
18016,1,0.99997604,block_ip
18017,1,0.99997604,block_ip
18018,1,0.99997604,block_ip
18019,1,0.99997604,block_ip
18020,1,0.99997604,block_ip
18021,1,0.99997604,block_ip
18022,1,0.99997604,block_ip
18023,1,0.99997604,block_ip
18024,1,0.99997604,block_ip
18025,1,0.99997604,block_ip
18026,1,0.99997604,block_ip
18027,1,0.99997604,block_ip
18028,1,0.99997604,block_ip
18029,1,0.99997604,block_ip
18030,1,0.99997604,block_ip
18031,1,0.99997604,block_ip
18032,1,0.99997604,block_ip
18033,1,0.99997604,block_ip
18034,1,0.99997604,block_ip
18035,1,0.99997604,block_ip
18036,1,0.99997604,block_ip
18037,1,0.99997604,block_ip
18038,1,0.99997604,block_ip
18039,1,0.99997604,block_ip
18040,1,0.99997604,block_ip
18041,1,0.99997604,block_ip
18042,1,0.99997604,block_ip
18043,1,0.99997604,block_ip
18044,1,0.99997604,block_ip
18045,1,0.99997604,block_ip
18046,1,0.99997604,block_ip
18047,1,0.99997604,block_ip
18048,1,0.99997604,block_ip
18049,1,0.99997604,block_ip
18050,1,0.99997604,block_ip
18051,1,0.99997604,block_ip
18052,1,0.99997604,block_ip
18053,1,0.99997604,block_ip
18054,1,0.99997604,block_ip
18055,1,0.99997604,block_ip
18056,1,0.99997604,block_ip
18057,1,0.99997604,block_ip
18058,1,0.99997604,block_ip
18059,1,0.99997604,block_ip
18060,1,0.99997604,block_ip
18061,1,0.99997604,block_ip
18062,1,0.99997604,block_ip
18063,1,0.99997604,block_ip
18064,1,0.99997604,block_ip
18065,1,0.99997604,block_ip
18066,1,0.99997604,block_ip
18067,1,0.99997604,block_ip
18068,1,0.99997604,block_ip
18069,1,0.99997604,block_ip
18070,1,0.99997604,block_ip
18071,1,0.99997604,block_ip
18072,1,0.99997604,block_ip
18073,1,0.99997604,block_ip
18074,1,0.99997604,block_ip
18075,1,0.99997604,block_ip
18076,1,0.99997604,block_ip
18077,1,0.99997604,block_ip
18078,1,0.99997604,block_ip
18079,1,0.99997604,block_ip
18080,1,0.99997604,block_ip
18081,1,0.99997604,block_ip
18082,1,0.99997604,block_ip
18083,1,0.99997604,block_ip
18084,1,0.99997604,block_ip
18085,1,0.99997604,block_ip
18086,1,0.99997604,block_ip
18087,1,0.99997604,block_ip
18088,1,0.99997604,block_ip
18089,1,0.99997604,block_ip
18090,1,0.99997604,block_ip
18091,1,0.99997604,block_ip
18092,1,0.99997604,block_ip
18093,1,0.99997604,block_ip
18094,1,0.99997604,block_ip
18095,1,0.99997604,block_ip
18096,1,0.99997604,block_ip
18097,1,0.99997604,block_ip
18098,1,0.99997604,block_ip
18099,1,0.99997604,block_ip
18100,1,0.99997604,block_ip
18101,1,0.99997604,block_ip
18102,1,0.99997604,block_ip
18103,1,0.99997604,block_ip
18104,1,0.99997604,block_ip
18105,1,0.99997604,block_ip
18106,1,0.99997604,block_ip
18107,1,0.99997604,block_ip
18108,1,0.99997604,block_ip
18109,1,0.99997604,block_ip
18110,1,0.99997604,block_ip
18111,1,0.99997604,block_ip
18112,1,0.99997604,block_ip
18113,1,0.99997604,block_ip
18114,1,0.99997604,block_ip
18115,1,0.99997604,block_ip
18116,1,0.99997604,block_ip
18117,1,0.99997604,block_ip
18118,1,0.99997604,block_ip
18119,1,0.99997604,block_ip
18120,1,0.99997604,block_ip
18121,1,0.99997604,block_ip
18122,1,0.99997604,block_ip
18123,1,0.99997604,block_ip
18124,1,0.99997604,block_ip
18125,1,0.99997604,block_ip
18126,1,0.99997604,block_ip
18127,1,0.99997604,block_ip
18128,1,0.99997604,block_ip
18129,1,0.99997604,block_ip
18130,1,0.99997604,block_ip
18131,1,0.99997604,block_ip
18132,1,0.99997604,block_ip
18133,1,0.99997604,block_ip
18134,1,0.99997604,block_ip
18135,1,0.99997604,block_ip
18136,1,0.99997604,block_ip
18137,1,0.99997604,block_ip
18138,1,0.99997604,block_ip
18139,1,0.99997604,block_ip
18140,1,0.99997604,block_ip
18141,1,0.99997604,block_ip
18142,1,0.99997604,block_ip
18143,1,0.99997604,block_ip
18144,1,0.99997604,block_ip
18145,1,0.99997604,block_ip
18146,1,0.99997604,block_ip
18147,1,0.99997604,block_ip
18148,1,0.99997604,block_ip
18149,1,0.99997604,block_ip
18150,1,0.99997604,block_ip
18151,1,0.99997604,block_ip
18152,1,0.99997604,block_ip
18153,1,0.99997604,block_ip
18154,1,0.99997604,block_ip
18155,1,0.99997604,block_ip
18156,1,0.99997604,block_ip
18157,1,0.99997604,block_ip
18158,1,0.99997604,block_ip
18159,1,0.99997604,block_ip
18160,1,0.99997604,block_ip
18161,1,0.99997604,block_ip
18162,1,0.99997604,block_ip
18163,1,0.99997604,block_ip
18164,1,0.99997604,block_ip
18165,1,0.99997604,block_ip
18166,1,0.99997604,block_ip
18167,1,0.99997604,block_ip
18168,1,0.99997604,block_ip
18169,1,0.99997604,block_ip
18170,1,0.99997604,block_ip
18171,1,0.99997604,block_ip
18172,1,0.99997604,block_ip
18173,1,0.99997604,block_ip
18174,1,0.99997604,block_ip
18175,1,0.99997604,block_ip
18176,1,0.99997604,block_ip
18177,1,0.99997604,block_ip
18178,1,0.99997604,block_ip
18179,1,0.99997604,block_ip
18180,1,0.99997604,block_ip
18181,1,0.99997604,block_ip
18182,1,0.99997604,block_ip
18183,1,0.99997604,block_ip
18184,1,0.99997604,block_ip
18185,1,0.99997604,block_ip
18186,1,0.99997604,block_ip
18187,1,0.99997604,block_ip
18188,1,0.99997604,block_ip
18189,1,0.99997604,block_ip
18190,1,0.99997604,block_ip
18191,1,0.99997604,block_ip
18192,1,0.99997604,block_ip
18193,1,0.99997604,block_ip
18194,1,0.99997604,block_ip
18195,1,0.99997604,block_ip
18196,1,0.99997604,block_ip
18197,1,0.99997604,block_ip
18198,1,0.99997604,block_ip
18199,1,0.99997604,block_ip
18200,1,0.99997604,block_ip
18201,1,0.99997604,block_ip
18202,1,0.99997604,block_ip
18203,1,0.99997604,block_ip
18204,1,0.99997604,block_ip
18205,1,0.99997604,block_ip
18206,1,0.99997604,block_ip
18207,1,0.99997604,block_ip
18208,1,0.99997604,block_ip
18209,1,0.99997604,block_ip
18210,1,0.99997604,block_ip
18211,1,0.99997604,block_ip
18212,1,0.99997604,block_ip
18213,1,0.99997604,block_ip
18214,1,0.99997604,block_ip
18215,1,0.99997604,block_ip
18216,1,0.99997604,block_ip
18217,1,0.99997604,block_ip
18218,1,0.99997604,block_ip
18219,1,0.99997604,block_ip
18220,1,0.99997604,block_ip
18221,1,0.99997604,block_ip
18222,1,0.99997604,block_ip
18223,1,0.99997604,block_ip
18224,1,0.99997604,block_ip
18225,1,0.99997604,block_ip
18226,1,0.99997604,block_ip
18227,1,0.99997604,block_ip
18228,1,0.99997604,block_ip
18229,1,0.99997604,block_ip
18230,1,0.99997604,block_ip
18231,1,0.99997604,block_ip
18232,1,0.99997604,block_ip
18233,1,0.99997604,block_ip
18234,1,0.99997604,block_ip
18235,1,0.99997604,block_ip
18236,1,0.99997604,block_ip
18237,1,0.99997604,block_ip
18238,1,0.99997604,block_ip
18239,1,0.99997604,block_ip
18240,1,0.99997604,block_ip
18241,1,0.99997604,block_ip
18242,1,0.99997604,block_ip
18243,1,0.99997604,block_ip
18244,1,0.99997604,block_ip
18245,1,0.99997604,block_ip
18246,1,0.99997604,block_ip
18247,1,0.99997604,block_ip
18248,1,0.99997604,block_ip
18249,1,0.99997604,block_ip
18250,1,0.99997604,block_ip
18251,1,0.99997604,block_ip
18252,1,0.99997604,block_ip
18253,1,0.99997604,block_ip
18254,1,0.99997604,block_ip
18255,1,0.99997604,block_ip
18256,1,0.99997604,block_ip
18257,1,0.99997604,block_ip
18258,1,0.99997604,block_ip
18259,1,0.99997604,block_ip
18260,1,0.99997604,block_ip
18261,1,0.99997604,block_ip
18262,1,0.99997604,block_ip
18263,1,0.99997604,block_ip
18264,1,0.99997604,block_ip
18265,1,0.99997604,block_ip
18266,1,0.99997604,block_ip
18267,1,0.99997604,block_ip
18268,1,0.99997604,block_ip
18269,1,0.99997604,block_ip
18270,1,0.99997604,block_ip
18271,1,0.99997604,block_ip
18272,1,0.99997604,block_ip
18273,1,0.99997604,block_ip
18274,1,0.99997604,block_ip
18275,1,0.99997604,block_ip
18276,1,0.99997604,block_ip
18277,1,0.99997604,block_ip
18278,1,0.99997604,block_ip
18279,1,0.99997604,block_ip
18280,1,0.99997604,block_ip
18281,1,0.99997604,block_ip
18282,1,0.99997604,block_ip
18283,1,0.99997604,block_ip
18284,1,0.99997604,block_ip
18285,1,0.99997604,block_ip
18286,1,0.99997604,block_ip
18287,1,0.99997604,block_ip
18288,1,0.99997604,block_ip
18289,1,0.99997604,block_ip
18290,1,0.99997604,block_ip
18291,1,0.99997604,block_ip
18292,1,0.99997604,block_ip
18293,1,0.99997604,block_ip
18294,1,0.99997604,block_ip
18295,1,0.99997604,block_ip
18296,1,0.99997604,block_ip
18297,1,0.99997604,block_ip
18298,1,0.99997604,block_ip
18299,1,0.99997604,block_ip
18300,1,0.99997604,block_ip
18301,1,0.99997604,block_ip
18302,1,0.99997604,block_ip
18303,1,0.99997604,block_ip
18304,1,0.99997604,block_ip
18305,1,0.99997604,block_ip
18306,1,0.99997604,block_ip
18307,1,0.99997604,block_ip
18308,1,0.99997604,block_ip
18309,1,0.99997604,block_ip
18310,1,0.99997604,block_ip
18311,1,0.99997604,block_ip
18312,1,0.99997604,block_ip
18313,1,0.99997604,block_ip
18314,1,0.99997604,block_ip
18315,1,0.99997604,block_ip
18316,1,0.99997604,block_ip
18317,1,0.99997604,block_ip
18318,1,0.99997604,block_ip
18319,1,0.99997604,block_ip
18320,1,0.99997604,block_ip
18321,1,0.99997604,block_ip
18322,1,0.99997604,block_ip
18323,1,0.99997604,block_ip
18324,1,0.99997604,block_ip
18325,1,0.99997604,block_ip
18326,1,0.99997604,block_ip
18327,1,0.99997604,block_ip
18328,1,0.99997604,block_ip
18329,1,0.99997604,block_ip
18330,1,0.99997604,block_ip
18331,1,0.99997604,block_ip
18332,1,0.99997604,block_ip
18333,1,0.99997604,block_ip
18334,1,0.99997604,block_ip
18335,1,0.99997604,block_ip
18336,1,0.99997604,block_ip
18337,1,0.99997604,block_ip
18338,1,0.99997604,block_ip
18339,1,0.99997604,block_ip
18340,1,0.99997604,block_ip
18341,1,0.99997604,block_ip
18342,1,0.99997604,block_ip
18343,1,0.99997604,block_ip
18344,1,0.99997604,block_ip
18345,1,0.99997604,block_ip
18346,1,0.99997604,block_ip
18347,1,0.99997604,block_ip
18348,1,0.99997604,block_ip
18349,1,0.99997604,block_ip
18350,1,0.99997604,block_ip
18351,1,0.99997604,block_ip
18352,1,0.99997604,block_ip
18353,1,0.99997604,block_ip
18354,1,0.99997604,block_ip
18355,1,0.99997604,block_ip
18356,1,0.99997604,block_ip
18357,1,0.99997604,block_ip
18358,1,0.99997604,block_ip
18359,1,0.99997604,block_ip
18360,1,0.99997604,block_ip
18361,1,0.99997604,block_ip
18362,1,0.99997604,block_ip
18363,1,0.99997604,block_ip
18364,1,0.99997604,block_ip
18365,1,0.99997604,block_ip
18366,1,0.99997604,block_ip
18367,1,0.99997604,block_ip
18368,1,0.99997604,block_ip
18369,1,0.99997604,block_ip
18370,1,0.99997604,block_ip
18371,1,0.99997604,block_ip
18372,1,0.99997604,block_ip
18373,1,0.99997604,block_ip
18374,1,0.99997604,block_ip
18375,1,0.99997604,block_ip
18376,1,0.99997604,block_ip
18377,1,0.99997604,block_ip
18378,1,0.99997604,block_ip
18379,1,0.99997604,block_ip
18380,1,0.99997604,block_ip
18381,1,0.99997604,block_ip
18382,1,0.99997604,block_ip
18383,1,0.99997604,block_ip
18384,1,0.99997604,block_ip
18385,1,0.99997604,block_ip
18386,1,0.99997604,block_ip
18387,1,0.99997604,block_ip
18388,1,0.99997604,block_ip
18389,1,0.99997604,block_ip
18390,1,0.99997604,block_ip
18391,1,0.99997604,block_ip
18392,1,0.99997604,block_ip
18393,1,0.99997604,block_ip
18394,1,0.99997604,block_ip
18395,1,0.99997604,block_ip
18396,1,0.99997604,block_ip
18397,1,0.99997604,block_ip
18398,1,0.99997604,block_ip
18399,1,0.99997604,block_ip
18400,1,0.99997604,block_ip
18401,1,0.99997604,block_ip
18402,1,0.99997604,block_ip
18403,1,0.99997604,block_ip
18404,1,0.99997604,block_ip
18405,1,0.99997604,block_ip
18406,1,0.99997604,block_ip
18407,1,0.99997604,block_ip
18408,1,0.99997604,block_ip
18409,1,0.99997604,block_ip
18410,1,0.99997604,block_ip
18411,1,0.99997604,block_ip
18412,1,0.99997604,block_ip
18413,1,0.99997604,block_ip
18414,1,0.99997604,block_ip
18415,1,0.99997604,block_ip
18416,1,0.99997604,block_ip
18417,1,0.99997604,block_ip
18418,1,0.99997604,block_ip
18419,1,0.99997604,block_ip
18420,1,0.99997604,block_ip
18421,1,0.99997604,block_ip
18422,1,0.99997604,block_ip
18423,1,0.99997604,block_ip
18424,1,0.99997604,block_ip
18425,1,0.99997604,block_ip
18426,1,0.99997604,block_ip
18427,1,0.99997604,block_ip
18428,1,0.99997604,block_ip
18429,1,0.99997604,block_ip
18430,1,0.99997604,block_ip
18431,1,0.99997604,block_ip
18432,1,0.99997604,block_ip
18433,1,0.99997604,block_ip
18434,1,0.99997604,block_ip
18435,1,0.99997604,block_ip
18436,1,0.99997604,block_ip
18437,1,0.99997604,block_ip
18438,1,0.99997604,block_ip
18439,1,0.99997604,block_ip
18440,1,0.99997604,block_ip
18441,1,0.99997604,block_ip
18442,1,0.99997604,block_ip
18443,1,0.99997604,block_ip
18444,1,0.99997604,block_ip
18445,1,0.99997604,block_ip
18446,1,0.99997604,block_ip
18447,1,0.99997604,block_ip
18448,1,0.99997604,block_ip
18449,1,0.99997604,block_ip
18450,1,0.99997604,block_ip
18451,1,0.99997604,block_ip
18452,1,0.99997604,block_ip
18453,1,0.99997604,block_ip
18454,1,0.99997604,block_ip
18455,1,0.99997604,block_ip
18456,1,0.99997604,block_ip
18457,1,0.99997604,block_ip
18458,1,0.99997604,block_ip
18459,1,0.99997604,block_ip
18460,1,0.99997604,block_ip
18461,1,0.99997604,block_ip
18462,1,0.99997604,block_ip
18463,1,0.99997604,block_ip
18464,1,0.99997604,block_ip
18465,1,0.99997604,block_ip
18466,1,0.99997604,block_ip
18467,1,0.99997604,block_ip
18468,1,0.99997604,block_ip
18469,1,0.99997604,block_ip
18470,1,0.99997604,block_ip
18471,1,0.99997604,block_ip
18472,1,0.99997604,block_ip
18473,1,0.99997604,block_ip
18474,1,0.99997604,block_ip
18475,1,0.99997604,block_ip
18476,1,0.99997604,block_ip
18477,1,0.99997604,block_ip
18478,1,0.99997604,block_ip
18479,1,0.99997604,block_ip
18480,1,0.99997604,block_ip
18481,1,0.99997604,block_ip
18482,1,0.99997604,block_ip
18483,1,0.99997604,block_ip
18484,1,0.99997604,block_ip
18485,1,0.99997604,block_ip
18486,1,0.99997604,block_ip
18487,1,0.99997604,block_ip
18488,1,0.99997604,block_ip
18489,1,0.99997604,block_ip
18490,1,0.99997604,block_ip
18491,1,0.99997604,block_ip
18492,1,0.99997604,block_ip
18493,1,0.99997604,block_ip
18494,1,0.99997604,block_ip
18495,1,0.99997604,block_ip
18496,1,0.99997604,block_ip
18497,1,0.99997604,block_ip
18498,1,0.99997604,block_ip
18499,1,0.99997604,block_ip
18500,1,0.99997604,block_ip
18501,1,0.99997604,block_ip
18502,1,0.99997604,block_ip
18503,1,0.99997604,block_ip
18504,1,0.99997604,block_ip
18505,1,0.99997604,block_ip
18506,1,0.99997604,block_ip
18507,1,0.99997604,block_ip
18508,1,0.99997604,block_ip
18509,1,0.99997604,block_ip
18510,1,0.99997604,block_ip
18511,1,0.99997604,block_ip
18512,1,0.99997604,block_ip
18513,1,0.99997604,block_ip
18514,1,0.99997604,block_ip
18515,1,0.99997604,block_ip
18516,1,0.99997604,block_ip
18517,1,0.99997604,block_ip
18518,1,0.99997604,block_ip
18519,1,0.99997604,block_ip
18520,1,0.99997604,block_ip
18521,1,0.99997604,block_ip
18522,1,0.99997604,block_ip
18523,1,0.99997604,block_ip
18524,1,0.99997604,block_ip
18525,1,0.99997604,block_ip
18526,1,0.99997604,block_ip
18527,1,0.99997604,block_ip
18528,1,0.99997604,block_ip
18529,1,0.99997604,block_ip
18530,1,0.99997604,block_ip
18531,1,0.99997604,block_ip
18532,1,0.99997604,block_ip
18533,1,0.99997604,block_ip
18534,1,0.99997604,block_ip
18535,1,0.99997604,block_ip
18536,1,0.99997604,block_ip
18537,1,0.99997604,block_ip
18538,1,0.99997604,block_ip
18539,1,0.99997604,block_ip
18540,1,0.99997604,block_ip
18541,1,0.99997604,block_ip
18542,1,0.99997604,block_ip
18543,1,0.99997604,block_ip
18544,1,0.99997604,block_ip
18545,1,0.99997604,block_ip
18546,1,0.99997604,block_ip
18547,1,0.99997604,block_ip
18548,1,0.99997604,block_ip
18549,1,0.99997604,block_ip
18550,1,0.99997604,block_ip
18551,1,0.99997604,block_ip
18552,1,0.99997604,block_ip
18553,1,0.99997604,block_ip
18554,1,0.99997604,block_ip
18555,1,0.99997604,block_ip
18556,1,0.99997604,block_ip
18557,1,0.99997604,block_ip
18558,1,0.99997604,block_ip
18559,1,0.99997604,block_ip
18560,1,0.99997604,block_ip
18561,1,0.99997604,block_ip
18562,1,0.99997604,block_ip
18563,1,0.99997604,block_ip
18564,1,0.99997604,block_ip
18565,1,0.99997604,block_ip
18566,1,0.99997604,block_ip
18567,1,0.99997604,block_ip
18568,1,0.99997604,block_ip
18569,1,0.99997604,block_ip
18570,1,0.99997604,block_ip
18571,1,0.99997604,block_ip
18572,1,0.99997604,block_ip
18573,1,0.99997604,block_ip
18574,1,0.99997604,block_ip
18575,1,0.99997604,block_ip
18576,1,0.99997604,block_ip
18577,1,0.99997604,block_ip
18578,1,0.99997604,block_ip
18579,1,0.99997604,block_ip
18580,1,0.99997604,block_ip
18581,1,0.99997604,block_ip
18582,1,0.99997604,block_ip
18583,1,0.99997604,block_ip
18584,1,0.99997604,block_ip
18585,1,0.99997604,block_ip
18586,1,0.99997604,block_ip
18587,1,0.99997604,block_ip
18588,1,0.99997604,block_ip
18589,1,0.99997604,block_ip
18590,1,0.99997604,block_ip
18591,1,0.99997604,block_ip
18592,1,0.99997604,block_ip
18593,1,0.99997604,block_ip
18594,1,0.99997604,block_ip
18595,1,0.99997604,block_ip
18596,1,0.99997604,block_ip
18597,1,0.99997604,block_ip
18598,1,0.99997604,block_ip
18599,1,0.99997604,block_ip
18600,1,0.99997604,block_ip
18601,1,0.99997604,block_ip
18602,1,0.99997604,block_ip
18603,1,0.99997604,block_ip
18604,1,0.99997604,block_ip
18605,1,0.99997604,block_ip
18606,1,0.99997604,block_ip
18607,1,0.99997604,block_ip
18608,1,0.99997604,block_ip
18609,1,0.99997604,block_ip
18610,1,0.99997604,block_ip
18611,1,0.99997604,block_ip
18612,1,0.99997604,block_ip
18613,1,0.99997604,block_ip
18614,1,0.99997604,block_ip
18615,1,0.99997604,block_ip
18616,1,0.99997604,block_ip
18617,1,0.99997604,block_ip
18618,1,0.99997604,block_ip
18619,1,0.99997604,block_ip
18620,1,0.99997604,block_ip
18621,1,0.99997604,block_ip
18622,1,0.99997604,block_ip
18623,1,0.99997604,block_ip
18624,1,0.99997604,block_ip
18625,1,0.99997604,block_ip
18626,1,0.99997604,block_ip
18627,1,0.99997604,block_ip
18628,1,0.99997604,block_ip
18629,1,0.99997604,block_ip
18630,1,0.99997604,block_ip
18631,1,0.99997604,block_ip
18632,1,0.99997604,block_ip
18633,1,0.99997604,block_ip
18634,1,0.99997604,block_ip
18635,1,0.99997604,block_ip
18636,1,0.99997604,block_ip
18637,1,0.99997604,block_ip
18638,1,0.99997604,block_ip
18639,1,0.99997604,block_ip
18640,1,0.99997604,block_ip
18641,1,0.99997604,block_ip
18642,1,0.99997604,block_ip
18643,1,0.99997604,block_ip
18644,1,0.99997604,block_ip
18645,1,0.99997604,block_ip
18646,1,0.99997604,block_ip
18647,1,0.99997604,block_ip
18648,1,0.99997604,block_ip
18649,1,0.99997604,block_ip
18650,1,0.99997604,block_ip
18651,1,0.99997604,block_ip
18652,1,0.99997604,block_ip
18653,1,0.99997604,block_ip
18654,1,0.99997604,block_ip
18655,1,0.99997604,block_ip
18656,1,0.99997604,block_ip
18657,1,0.99997604,block_ip
18658,1,0.99997604,block_ip
18659,1,0.99997604,block_ip
18660,1,0.99997604,block_ip
18661,1,0.99997604,block_ip
18662,1,0.99997604,block_ip
18663,1,0.99997604,block_ip
18664,1,0.99997604,block_ip
18665,1,0.99997604,block_ip
18666,1,0.99997604,block_ip
18667,1,0.99997604,block_ip
18668,1,0.99997604,block_ip
18669,1,0.99997604,block_ip
18670,1,0.99997604,block_ip
18671,1,0.99997604,block_ip
18672,1,0.99997604,block_ip
18673,1,0.99997604,block_ip
18674,1,0.99997604,block_ip
18675,1,0.99997604,block_ip
18676,1,0.99997604,block_ip
18677,1,0.99997604,block_ip
18678,1,0.99997604,block_ip
18679,1,0.99997604,block_ip
18680,1,0.99997604,block_ip
18681,1,0.99997604,block_ip
18682,1,0.99997604,block_ip
18683,1,0.99997604,block_ip
18684,1,0.99997604,block_ip
18685,1,0.99997604,block_ip
18686,1,0.99997604,block_ip
18687,1,0.99997604,block_ip
18688,1,0.99997604,block_ip
18689,1,0.99997604,block_ip
18690,1,0.99997604,block_ip
18691,1,0.99997604,block_ip
18692,1,0.99997604,block_ip
18693,1,0.99997604,block_ip
18694,1,0.99997604,block_ip
18695,1,0.99997604,block_ip
18696,1,0.99997604,block_ip
18697,1,0.99997604,block_ip
18698,1,0.99997604,block_ip
18699,1,0.99997604,block_ip
18700,1,0.99997604,block_ip
18701,1,0.99997604,block_ip
18702,1,0.99997604,block_ip
18703,1,0.99997604,block_ip
18704,1,0.99997604,block_ip
18705,1,0.99997604,block_ip
18706,1,0.99997604,block_ip
18707,1,0.99997604,block_ip
18708,1,0.99997604,block_ip
18709,1,0.99997604,block_ip
18710,1,0.99997604,block_ip
18711,1,0.99997604,block_ip
18712,1,0.99997604,block_ip
18713,1,0.99997604,block_ip
18714,1,0.99997604,block_ip
18715,1,0.99997604,block_ip
18716,1,0.99997604,block_ip
18717,1,0.99997604,block_ip
18718,1,0.99997604,block_ip
18719,1,0.99997604,block_ip
18720,1,0.99997604,block_ip
18721,1,0.99997604,block_ip
18722,1,0.99997604,block_ip
18723,1,0.99997604,block_ip
18724,1,0.99997604,block_ip
18725,1,0.99997604,block_ip
18726,1,0.99997604,block_ip
18727,1,0.99997604,block_ip
18728,1,0.99997604,block_ip
18729,1,0.99997604,block_ip
18730,1,0.99997604,block_ip
18731,1,0.99997604,block_ip
18732,1,0.99997604,block_ip
18733,1,0.99997604,block_ip
18734,1,0.99997604,block_ip
18735,1,0.99997604,block_ip
18736,1,0.99997604,block_ip
18737,1,0.99997604,block_ip
18738,1,0.99997604,block_ip
18739,1,0.99997604,block_ip
18740,1,0.99997604,block_ip
18741,1,0.99997604,block_ip
18742,1,0.99997604,block_ip
18743,1,0.99997604,block_ip
18744,1,0.99997604,block_ip
18745,1,0.99997604,block_ip
18746,1,0.99997604,block_ip
18747,1,0.99997604,block_ip
18748,1,0.99997604,block_ip
18749,1,0.99997604,block_ip
18750,1,0.99997604,block_ip
18751,1,0.99997604,block_ip
18752,1,0.99997604,block_ip
18753,1,0.99997604,block_ip
18754,1,0.99997604,block_ip
18755,1,0.99997604,block_ip
18756,1,0.99997604,block_ip
18757,1,0.99997604,block_ip
18758,1,0.99997604,block_ip
18759,1,0.99997604,block_ip
18760,1,0.99997604,block_ip
18761,1,0.99997604,block_ip
18762,1,0.99997604,block_ip
18763,1,0.99997604,block_ip
18764,1,0.99997604,block_ip
18765,1,0.99997604,block_ip
18766,1,0.99997604,block_ip
18767,1,0.99997604,block_ip
18768,1,0.99997604,block_ip
18769,1,0.99997604,block_ip
18770,1,0.99997604,block_ip
18771,1,0.99997604,block_ip
18772,1,0.99997604,block_ip
18773,1,0.99997604,block_ip
18774,1,0.99997604,block_ip
18775,1,0.99997604,block_ip
18776,1,0.99997604,block_ip
18777,1,0.99997604,block_ip
18778,1,0.99997604,block_ip
18779,1,0.99997604,block_ip
18780,1,0.99997604,block_ip
18781,1,0.99997604,block_ip
18782,1,0.99997604,block_ip
18783,1,0.99997604,block_ip
18784,1,0.99997604,block_ip
18785,1,0.99997604,block_ip
18786,1,0.99997604,block_ip
18787,1,0.99997604,block_ip
18788,1,0.99997604,block_ip
18789,1,0.99997604,block_ip
18790,1,0.99997604,block_ip
18791,1,0.99997604,block_ip
18792,1,0.99997604,block_ip
18793,1,0.99997604,block_ip
18794,1,0.99997604,block_ip
18795,1,0.99997604,block_ip
18796,1,0.99997604,block_ip
18797,1,0.99997604,block_ip
18798,1,0.99997604,block_ip
18799,1,0.99997604,block_ip
18800,1,0.99997604,block_ip
18801,1,0.99997604,block_ip
18802,1,0.99997604,block_ip
18803,1,0.99997604,block_ip
18804,1,0.99997604,block_ip
18805,1,0.99997604,block_ip
18806,1,0.99997604,block_ip
18807,1,0.99997604,block_ip
18808,1,0.99997604,block_ip
18809,1,0.99997604,block_ip
18810,1,0.99997604,block_ip
18811,1,0.99997604,block_ip
18812,1,0.99997604,block_ip
18813,1,0.99997604,block_ip
18814,1,0.99997604,block_ip
18815,1,0.99997604,block_ip
18816,1,0.99997604,block_ip
18817,1,0.99997604,block_ip
18818,1,0.99997604,block_ip
18819,1,0.99997604,block_ip
18820,1,0.99997604,block_ip
18821,1,0.99997604,block_ip
18822,1,0.99997604,block_ip
18823,1,0.99997604,block_ip
18824,1,0.99997604,block_ip
18825,1,0.99997604,block_ip
18826,1,0.99997604,block_ip
18827,1,0.99997604,block_ip
18828,1,0.99997604,block_ip
18829,1,0.99997604,block_ip
18830,1,0.99997604,block_ip
18831,1,0.99997604,block_ip
18832,1,0.99997604,block_ip
18833,1,0.99997604,block_ip
18834,1,0.99997604,block_ip
18835,1,0.99997604,block_ip
18836,1,0.99997604,block_ip
18837,1,0.99997604,block_ip
18838,1,0.99997604,block_ip
18839,1,0.99997604,block_ip
18840,1,0.99997604,block_ip
18841,1,0.99997604,block_ip
18842,1,0.99997604,block_ip
18843,1,0.99997604,block_ip
18844,1,0.99997604,block_ip
18845,1,0.99997604,block_ip
18846,1,0.99997604,block_ip
18847,1,0.99997604,block_ip
18848,1,0.99997604,block_ip
18849,1,0.99997604,block_ip
18850,1,0.99997604,block_ip
18851,1,0.99997604,block_ip
18852,1,0.99997604,block_ip
18853,1,0.99997604,block_ip
18854,1,0.99997604,block_ip
18855,1,0.99997604,block_ip
18856,1,0.99997604,block_ip
18857,1,0.99997604,block_ip
18858,1,0.99997604,block_ip
18859,1,0.99997604,block_ip
18860,1,0.99997604,block_ip
18861,1,0.99997604,block_ip
18862,1,0.99997604,block_ip
18863,1,0.99997604,block_ip
18864,1,0.99997604,block_ip
18865,1,0.99997604,block_ip
18866,1,0.99997604,block_ip
18867,1,0.99997604,block_ip
18868,1,0.99997604,block_ip
18869,1,0.99997604,block_ip
18870,1,0.99997604,block_ip
18871,1,0.99997604,block_ip
18872,1,0.99997604,block_ip
18873,1,0.99997604,block_ip
18874,1,0.99997604,block_ip
18875,1,0.99997604,block_ip
18876,1,0.99997604,block_ip
18877,1,0.99997604,block_ip
18878,1,0.99997604,block_ip
18879,1,0.99997604,block_ip
18880,1,0.99997604,block_ip
18881,1,0.99997604,block_ip
18882,1,0.99997604,block_ip
18883,1,0.99997604,block_ip
18884,1,0.99997604,block_ip
18885,1,0.99997604,block_ip
18886,1,0.99997604,block_ip
18887,1,0.99997604,block_ip
18888,1,0.99997604,block_ip
18889,1,0.99997604,block_ip
18890,1,0.99997604,block_ip
18891,1,0.99997604,block_ip
18892,1,0.99997604,block_ip
18893,1,0.99997604,block_ip
18894,1,0.99997604,block_ip
18895,1,0.99997604,block_ip
18896,1,0.99997604,block_ip
18897,1,0.99997604,block_ip
18898,1,0.99997604,block_ip
18899,1,0.99997604,block_ip
18900,1,0.99997604,block_ip
18901,1,0.99997604,block_ip
18902,1,0.99997604,block_ip
18903,1,0.99997604,block_ip
18904,1,0.99997604,block_ip
18905,1,0.99997604,block_ip
18906,1,0.99997604,block_ip
18907,1,0.99997604,block_ip
18908,1,0.99997604,block_ip
18909,1,0.99997604,block_ip
18910,1,0.99997604,block_ip
18911,1,0.99997604,block_ip
18912,1,0.99997604,block_ip
18913,1,0.99997604,block_ip
18914,1,0.99997604,block_ip
18915,1,0.99997604,block_ip
18916,1,0.99997604,block_ip
18917,1,0.99997604,block_ip
18918,1,0.99997604,block_ip
18919,1,0.99997604,block_ip
18920,1,0.99997604,block_ip
18921,1,0.99997604,block_ip
18922,1,0.99997604,block_ip
18923,1,0.99997604,block_ip
18924,1,0.99997604,block_ip
18925,1,0.99997604,block_ip
18926,1,0.99997604,block_ip
18927,1,0.99997604,block_ip
18928,1,0.99997604,block_ip
18929,1,0.99997604,block_ip
18930,1,0.99997604,block_ip
18931,1,0.99997604,block_ip
18932,1,0.99997604,block_ip
18933,1,0.99997604,block_ip
18934,1,0.99997604,block_ip
18935,1,0.99997604,block_ip
18936,1,0.99997604,block_ip
18937,1,0.99997604,block_ip
18938,1,0.99997604,block_ip
18939,1,0.99997604,block_ip
18940,1,0.99997604,block_ip
18941,1,0.99997604,block_ip
18942,1,0.99997604,block_ip
18943,1,0.99997604,block_ip
18944,1,0.99997604,block_ip
18945,1,0.99997604,block_ip
18946,1,0.99997604,block_ip
18947,1,0.99997604,block_ip
18948,1,0.99997604,block_ip
18949,1,0.99997604,block_ip
18950,1,0.99997604,block_ip
18951,1,0.99997604,block_ip
18952,1,0.99997604,block_ip
18953,1,0.99997604,block_ip
18954,1,0.99997604,block_ip
18955,1,0.99997604,block_ip
18956,1,0.99997604,block_ip
18957,1,0.99997604,block_ip
18958,1,0.99997604,block_ip
18959,1,0.99997604,block_ip
18960,1,0.99997604,block_ip
18961,1,0.99997604,block_ip
18962,1,0.99997604,block_ip
18963,1,0.99997604,block_ip
18964,1,0.99997604,block_ip
18965,1,0.99997604,block_ip
18966,1,0.99997604,block_ip
18967,1,0.99997604,block_ip
18968,1,0.99997604,block_ip
18969,1,0.99997604,block_ip
18970,1,0.99997604,block_ip
18971,1,0.99997604,block_ip
18972,1,0.99997604,block_ip
18973,1,0.99997604,block_ip
18974,1,0.99997604,block_ip
18975,1,0.99997604,block_ip
18976,1,0.99997604,block_ip
18977,1,0.99997604,block_ip
18978,1,0.99997604,block_ip
18979,1,0.99997604,block_ip
18980,1,0.99997604,block_ip
18981,1,0.99997604,block_ip
18982,1,0.99997604,block_ip
18983,1,0.99997604,block_ip
18984,1,0.99997604,block_ip
18985,1,0.99997604,block_ip
18986,1,0.99997604,block_ip
18987,1,0.99997604,block_ip
18988,1,0.99997604,block_ip
18989,1,0.99997604,block_ip
18990,1,0.99997604,block_ip
18991,1,0.99997604,block_ip
18992,1,0.99997604,block_ip
18993,1,0.99997604,block_ip
18994,1,0.99997604,block_ip
18995,1,0.99997604,block_ip
18996,1,0.99997604,block_ip
18997,1,0.99997604,block_ip
18998,1,0.99997604,block_ip
18999,1,0.99997604,block_ip
19000,1,0.9999759,block_ip
19001,1,0.9999759,block_ip
19002,1,0.9999759,block_ip
19003,1,0.9999759,block_ip
19004,1,0.9999759,block_ip
19005,1,0.9999759,block_ip
19006,1,0.9999759,block_ip
19007,1,0.9999759,block_ip
19008,1,0.9999759,block_ip
19009,1,0.9999759,block_ip
19010,1,0.9999759,block_ip
19011,1,0.9999759,block_ip
19012,1,0.9999759,block_ip
19013,1,0.9999759,block_ip
19014,1,0.9999759,block_ip
19015,1,0.9999759,block_ip
19016,1,0.9999759,block_ip
19017,1,0.9999759,block_ip
19018,1,0.9999759,block_ip
19019,1,0.9999759,block_ip
19020,1,0.9999759,block_ip
19021,1,0.9999759,block_ip
19022,1,0.9999759,block_ip
19023,1,0.9999759,block_ip
19024,1,0.9999759,block_ip
19025,1,0.9999759,block_ip
19026,1,0.9999759,block_ip
19027,1,0.9999759,block_ip
19028,1,0.9999759,block_ip
19029,1,0.9999759,block_ip
19030,1,0.9999759,block_ip
19031,1,0.9999759,block_ip
19032,1,0.9999759,block_ip
19033,1,0.9999759,block_ip
19034,1,0.9999759,block_ip
19035,1,0.9999759,block_ip
19036,1,0.9999759,block_ip
19037,1,0.9999759,block_ip
19038,1,0.9999759,block_ip
19039,1,0.9999759,block_ip
19040,1,0.9999759,block_ip
19041,1,0.9999759,block_ip
19042,1,0.9999759,block_ip
19043,1,0.9999759,block_ip
19044,1,0.9999759,block_ip
19045,1,0.9999759,block_ip
19046,1,0.9999759,block_ip
19047,1,0.9999759,block_ip
19048,1,0.9999759,block_ip
19049,1,0.9999759,block_ip
19050,1,0.9999759,block_ip
19051,1,0.9999759,block_ip
19052,1,0.9999759,block_ip
19053,1,0.9999759,block_ip
19054,1,0.9999759,block_ip
19055,1,0.9999759,block_ip
19056,1,0.9999759,block_ip
19057,1,0.9999759,block_ip
19058,1,0.9999759,block_ip
19059,1,0.9999759,block_ip
19060,1,0.9999759,block_ip
19061,1,0.9999759,block_ip
19062,1,0.9999759,block_ip
19063,1,0.9999759,block_ip
19064,1,0.9999759,block_ip
19065,1,0.9999759,block_ip
19066,1,0.9999759,block_ip
19067,1,0.9999759,block_ip
19068,1,0.9999759,block_ip
19069,1,0.9999759,block_ip
19070,1,0.9999759,block_ip
19071,1,0.9999759,block_ip
19072,1,0.9999759,block_ip
19073,1,0.9999759,block_ip
19074,1,0.9999759,block_ip
19075,1,0.9999759,block_ip
19076,1,0.9999759,block_ip
19077,1,0.9999759,block_ip
19078,1,0.9999759,block_ip
19079,1,0.9999759,block_ip
19080,1,0.9999759,block_ip
19081,1,0.9999759,block_ip
19082,1,0.9999759,block_ip
19083,1,0.9999759,block_ip
19084,1,0.9999759,block_ip
19085,1,0.9999759,block_ip
19086,1,0.9999759,block_ip
19087,1,0.9999759,block_ip
19088,1,0.9999776,block_ip
19089,1,0.9999776,block_ip
19090,1,0.9999776,block_ip
19091,1,0.9999776,block_ip
19092,1,0.9999776,block_ip
19093,1,0.9999776,block_ip
19094,1,0.99997485,block_ip
19095,1,0.99997485,block_ip
19096,1,0.99997485,block_ip
19097,1,0.99997485,block_ip
19098,1,0.99997485,block_ip
19099,1,0.9999776,block_ip
19100,1,0.99997485,block_ip
19101,1,0.9999776,block_ip
19102,1,0.99997485,block_ip
19103,1,0.99997485,block_ip
19104,1,0.9999776,block_ip
19105,1,0.9999776,block_ip
19106,1,0.9999776,block_ip
19107,1,0.99997485,block_ip
19108,1,0.9999776,block_ip
19109,1,0.9999776,block_ip
19110,1,0.9999776,block_ip
19111,1,0.9999776,block_ip
19112,1,0.9999776,block_ip
19113,1,0.9999776,block_ip
19114,1,0.99997485,block_ip
19115,1,0.99997485,block_ip
19116,1,0.99997485,block_ip
19117,1,0.99997485,block_ip
19118,1,0.99997485,block_ip
19119,1,0.99997485,block_ip
19120,1,0.99997485,block_ip
19121,1,0.99997485,block_ip
19122,1,0.9999776,block_ip
19123,1,0.9999776,block_ip
19124,1,0.9999776,block_ip
19125,1,0.99997485,block_ip
19126,1,0.99997485,block_ip
19127,1,0.99997485,block_ip
19128,1,0.99997485,block_ip
19129,1,0.9999776,block_ip
19130,1,0.9999776,block_ip
19131,1,0.9999776,block_ip
19132,1,0.9999776,block_ip
19133,1,0.9999776,block_ip
19134,1,0.9999776,block_ip
19135,1,0.9999776,block_ip
19136,1,0.9999776,block_ip
19137,1,0.9999776,block_ip
19138,1,0.9999776,block_ip
19139,1,0.9999776,block_ip
19140,1,0.9999776,block_ip
19141,1,0.9999776,block_ip
19142,1,0.9999776,block_ip
19143,1,0.9999776,block_ip
19144,1,0.9999776,block_ip
19145,1,0.9999776,block_ip
19146,1,0.9999776,block_ip
19147,1,0.9999776,block_ip
19148,1,0.9999776,block_ip
19149,1,0.9999776,block_ip
19150,1,0.9999776,block_ip
19151,1,0.9999776,block_ip
19152,1,0.9999776,block_ip
19153,1,0.9999776,block_ip
19154,1,0.9999776,block_ip
19155,1,0.9999776,block_ip
19156,1,0.9999776,block_ip
19157,1,0.9999776,block_ip
19158,1,0.9999776,block_ip
19159,1,0.9999776,block_ip
19160,1,0.9999776,block_ip
19161,1,0.9999776,block_ip
19162,1,0.9999776,block_ip
19163,1,0.9999776,block_ip
19164,1,0.9999776,block_ip
19165,1,0.9999776,block_ip
19166,1,0.9999776,block_ip
19167,1,0.9999776,block_ip
19168,1,0.99981207,block_ip
19169,1,0.99981207,block_ip
19170,1,0.99981207,block_ip
19171,1,0.99981207,block_ip
19172,1,0.99981207,block_ip
19173,1,0.99981207,block_ip
19174,1,0.99981207,block_ip
19175,1,0.99981207,block_ip
19176,1,0.99981207,block_ip
19177,1,0.99981207,block_ip
19178,1,0.99981207,block_ip
19179,1,0.99981207,block_ip
19180,1,0.99981207,block_ip
19181,1,0.99981207,block_ip
19182,1,0.99981207,block_ip
19183,1,0.99981207,block_ip
19184,1,0.99981207,block_ip
19185,1,0.99981207,block_ip
19186,1,0.99981207,block_ip
19187,1,0.99981207,block_ip
19188,1,0.99981207,block_ip
19189,1,0.99981207,block_ip
19190,1,0.99981207,block_ip
19191,1,0.99981207,block_ip
19192,1,0.99981207,block_ip
19193,1,0.99981207,block_ip
19194,1,0.9999552,block_ip
19195,1,0.9999552,block_ip
19196,1,0.9999552,block_ip
19197,1,0.9999552,block_ip
19198,1,0.9999552,block_ip
19199,1,0.9999552,block_ip
19200,1,0.9999552,block_ip
19201,1,0.9999552,block_ip
19202,1,0.9999552,block_ip
19203,1,0.9999552,block_ip
19204,1,0.9999552,block_ip
19205,1,0.9999552,block_ip
19206,1,0.9999552,block_ip
19207,1,0.9999552,block_ip
19208,1,0.9999552,block_ip
19209,1,0.9999552,block_ip
19210,1,0.9999552,block_ip
19211,1,0.9999552,block_ip
19212,1,0.9999552,block_ip
19213,1,0.9999552,block_ip
19214,1,0.9999552,block_ip
19215,1,0.9999583,block_ip
19216,1,0.9999583,block_ip
19217,1,0.9999583,block_ip
19218,1,0.9999583,block_ip
19219,1,0.9999583,block_ip
19220,1,0.9999583,block_ip
19221,1,0.9999583,block_ip
19222,1,0.9999583,block_ip
19223,1,0.9999583,block_ip
19224,1,0.9999583,block_ip
19225,1,0.9999583,block_ip
19226,1,0.9999583,block_ip
19227,1,0.9999583,block_ip
19228,1,0.9999583,block_ip
19229,1,0.9999583,block_ip
19230,1,0.9999583,block_ip
19231,1,0.9999583,block_ip
19232,1,0.9999583,block_ip
19233,1,0.9999583,block_ip
19234,1,0.9999583,block_ip
19235,1,0.9999583,block_ip
19236,1,0.9999583,block_ip
19237,1,0.9999583,block_ip
19238,1,0.9999583,block_ip
19239,1,0.9999583,block_ip
19240,1,0.9999583,block_ip
19241,1,0.9999583,block_ip
19242,1,0.9999583,block_ip
19243,1,0.9999583,block_ip
19244,1,0.9999583,block_ip
19245,1,0.9999583,block_ip
19246,1,0.9999583,block_ip
19247,1,0.9999583,block_ip
19248,1,0.9999583,block_ip
19249,1,0.9999583,block_ip
19250,1,0.9999583,block_ip
19251,1,0.9999583,block_ip
19252,1,0.9999583,block_ip
19253,1,0.9999583,block_ip
19254,1,0.9999583,block_ip
19255,1,0.9999583,block_ip
19256,1,0.9999583,block_ip
19257,1,0.9999583,block_ip
19258,1,0.9999583,block_ip
19259,1,0.9999583,block_ip
19260,1,0.9999583,block_ip
19261,1,0.9999583,block_ip
19262,1,0.9999583,block_ip
19263,1,0.9999583,block_ip
19264,1,0.9999583,block_ip
19265,1,0.9999583,block_ip
19266,1,0.9999583,block_ip
19267,1,0.9999583,block_ip
19268,1,0.9999583,block_ip
19269,1,0.9999583,block_ip
19270,1,0.9999583,block_ip
19271,1,0.9999583,block_ip
19272,1,0.9999583,block_ip
19273,1,0.9999583,block_ip
19274,1,0.9999583,block_ip
19275,1,0.9999583,block_ip
19276,1,0.9999583,block_ip
19277,1,0.9999583,block_ip
19278,1,0.9999583,block_ip
19279,1,0.9999583,block_ip
19280,1,0.9999583,block_ip
19281,1,0.9999583,block_ip
19282,1,0.9999583,block_ip
19283,1,0.9999583,block_ip
19284,1,0.9999583,block_ip
19285,1,0.9999583,block_ip
19286,1,0.9999583,block_ip
19287,1,0.9999583,block_ip
19288,1,0.9999583,block_ip
19289,1,0.9999583,block_ip
19290,1,0.9999583,block_ip
19291,1,0.9999583,block_ip
19292,1,0.9999583,block_ip
19293,1,0.9999591,block_ip
19294,1,0.9999591,block_ip
19295,1,0.9999591,block_ip
19296,1,0.9999591,block_ip
19297,1,0.9999591,block_ip
19298,1,0.9999591,block_ip
19299,1,0.9999591,block_ip
19300,1,0.9999591,block_ip
19301,1,0.9999591,block_ip
19302,1,0.9999591,block_ip
19303,1,0.9999654,block_ip
19304,1,0.9999654,block_ip
19305,1,0.9999654,block_ip
19306,1,0.9999654,block_ip
19307,1,0.9999654,block_ip
19308,1,0.9999654,block_ip
19309,1,0.9999654,block_ip
19310,1,0.9999654,block_ip
19311,1,0.9999654,block_ip
19312,1,0.9999654,block_ip
19313,1,0.9999654,block_ip
19314,1,0.9999654,block_ip
19315,1,0.9999654,block_ip
19316,1,0.9999654,block_ip
19317,1,0.9999654,block_ip
19318,1,0.9999654,block_ip
19319,1,0.9999654,block_ip
19320,1,0.9999654,block_ip
19321,1,0.9999654,block_ip
19322,1,0.9999654,block_ip
19323,1,0.9999654,block_ip
19324,1,0.9999654,block_ip
19325,1,0.9999654,block_ip
19326,1,0.9999654,block_ip
19327,1,0.9999654,block_ip
19328,1,0.9999654,block_ip
19329,1,0.9999654,block_ip
19330,1,0.9999654,block_ip
19331,1,0.9999654,block_ip
19332,1,0.9999654,block_ip
19333,1,0.9999654,block_ip
19334,1,0.9999654,block_ip
19335,1,0.9999654,block_ip
19336,1,0.9999654,block_ip
19337,1,0.9999654,block_ip
19338,1,0.9999654,block_ip
19339,1,0.9999654,block_ip
19340,1,0.9999654,block_ip
19341,1,0.9999654,block_ip
19342,1,0.9999654,block_ip
19343,1,0.9999654,block_ip
19344,1,0.9999654,block_ip
19345,1,0.9999654,block_ip
19346,1,0.9999654,block_ip
19347,1,0.9999651,block_ip
19348,1,0.9999651,block_ip
19349,1,0.9999651,block_ip
19350,1,0.9999651,block_ip
19351,1,0.9999651,block_ip
19352,1,0.9999651,block_ip
19353,1,0.9999651,block_ip
19354,1,0.9999651,block_ip
19355,1,0.9999651,block_ip
19356,1,0.9999651,block_ip
19357,1,0.9999651,block_ip
19358,1,0.9999651,block_ip
19359,1,0.9999651,block_ip
19360,1,0.9999651,block_ip
19361,1,0.9999651,block_ip
19362,1,0.9999651,block_ip
19363,1,0.9999651,block_ip
19364,1,0.9999651,block_ip
19365,1,0.9999651,block_ip
19366,1,0.9999651,block_ip
19367,1,0.9999651,block_ip
19368,1,0.9999651,block_ip
19369,1,0.9999651,block_ip
19370,1,0.9999651,block_ip
19371,1,0.9999651,block_ip
19372,1,0.9999651,block_ip
19373,1,0.9999651,block_ip
19374,1,0.9999651,block_ip
19375,1,0.9999651,block_ip
19376,1,0.9999651,block_ip
19377,1,0.9999651,block_ip
19378,1,0.9999651,block_ip
19379,1,0.9999651,block_ip
19380,1,0.9999651,block_ip
19381,1,0.9999651,block_ip
19382,1,0.9999651,block_ip
19383,1,0.9999651,block_ip
19384,1,0.9999651,block_ip
19385,1,0.9999651,block_ip
19386,1,0.9999651,block_ip
19387,1,0.9999651,block_ip
19388,1,0.9999651,block_ip
19389,1,0.9999651,block_ip
19390,1,0.9999651,block_ip
19391,1,0.9999651,block_ip
19392,1,0.9999651,block_ip
19393,1,0.9999647,block_ip
19394,1,0.9999647,block_ip
19395,1,0.9999647,block_ip
19396,1,0.9999647,block_ip
19397,1,0.9999647,block_ip
19398,1,0.9999647,block_ip
19399,1,0.9999647,block_ip
19400,1,0.9999647,block_ip
19401,1,0.9999647,block_ip
19402,1,0.9999647,block_ip
19403,1,0.9999677,block_ip
19404,1,0.9999677,block_ip
19405,1,0.9999677,block_ip
19406,1,0.9999677,block_ip
19407,1,0.9999677,block_ip
19408,1,0.9999677,block_ip
19409,1,0.9999677,block_ip
19410,1,0.9999677,block_ip
19411,1,0.9999677,block_ip
19412,1,0.9999677,block_ip
19413,1,0.9999677,block_ip
19414,1,0.9999677,block_ip
19415,1,0.9999677,block_ip
19416,1,0.9999677,block_ip
19417,1,0.9999677,block_ip
19418,1,0.9999677,block_ip
19419,1,0.9999677,block_ip
19420,1,0.9999677,block_ip
19421,1,0.9999677,block_ip
19422,1,0.9999677,block_ip
19423,1,0.9999677,block_ip
19424,1,0.9999677,block_ip
19425,1,0.9999677,block_ip
19426,1,0.9999677,block_ip
19427,1,0.9999677,block_ip
19428,1,0.9999677,block_ip
19429,1,0.9999677,block_ip
19430,1,0.9999677,block_ip
19431,1,0.9999677,block_ip
19432,1,0.9999677,block_ip
19433,1,0.9999677,block_ip
19434,1,0.9999677,block_ip
19435,1,0.9999677,block_ip
19436,1,0.9999677,block_ip
19437,1,0.9999677,block_ip
19438,1,0.9999677,block_ip
19439,1,0.9999677,block_ip
19440,1,0.9999677,block_ip
19441,1,0.9999677,block_ip
19442,1,0.9999677,block_ip
19443,1,0.9999677,block_ip
19444,1,0.9999677,block_ip
19445,1,0.9999677,block_ip
19446,1,0.9999677,block_ip
19447,1,0.9999677,block_ip
19448,1,0.9999677,block_ip
19449,1,0.9999677,block_ip
19450,1,0.9999677,block_ip
19451,1,0.9999677,block_ip
19452,1,0.9999677,block_ip
19453,1,0.9999677,block_ip
19454,1,0.9999677,block_ip
19455,1,0.9999677,block_ip
19456,1,0.9999677,block_ip
19457,1,0.9999677,block_ip
19458,1,0.9999677,block_ip
19459,1,0.9999677,block_ip
19460,1,0.9999677,block_ip
19461,1,0.9999677,block_ip
19462,1,0.9999677,block_ip
19463,1,0.9999677,block_ip
19464,1,0.9999677,block_ip
19465,1,0.9999677,block_ip
19466,1,0.9999677,block_ip
19467,1,0.9999677,block_ip
19468,1,0.9999677,block_ip
19469,1,0.9999677,block_ip
19470,1,0.9999677,block_ip
19471,1,0.9999677,block_ip
19472,1,0.9999677,block_ip
19473,1,0.9999677,block_ip
19474,1,0.9999677,block_ip
19475,1,0.9999677,block_ip
19476,1,0.9999677,block_ip
19477,1,0.9999677,block_ip
19478,1,0.9999677,block_ip
19479,1,0.9999677,block_ip
19480,1,0.9999677,block_ip
19481,1,0.9999677,block_ip
19482,1,0.9999677,block_ip
19483,1,0.9999677,block_ip
19484,1,0.9999677,block_ip
19485,1,0.9999677,block_ip
19486,1,0.9999677,block_ip
19487,1,0.9999677,block_ip
19488,1,0.9999677,block_ip
19489,1,0.9999677,block_ip
19490,1,0.9999677,block_ip
19491,1,0.9999677,block_ip
19492,1,0.9999677,block_ip
19493,1,0.9999677,block_ip
19494,1,0.9999677,block_ip
19495,1,0.9999677,block_ip
19496,1,0.9999677,block_ip
19497,1,0.9999677,block_ip
19498,1,0.9999677,block_ip
19499,1,0.9999677,block_ip
19500,1,0.9999677,block_ip
19501,1,0.9999677,block_ip
19502,1,0.9999677,block_ip
19503,1,0.9999677,block_ip
19504,1,0.9999677,block_ip
19505,1,0.9999677,block_ip
19506,1,0.9999677,block_ip
19507,1,0.9999677,block_ip
19508,1,0.9999677,block_ip
19509,1,0.9999677,block_ip
19510,1,0.9999677,block_ip
19511,1,0.9999677,block_ip
19512,1,0.9999677,block_ip
19513,1,0.9999677,block_ip
19514,1,0.9999677,block_ip
19515,1,0.9999677,block_ip
19516,1,0.9999677,block_ip
19517,1,0.9999677,block_ip
19518,1,0.9999677,block_ip
19519,1,0.9999677,block_ip
19520,1,0.9999677,block_ip
19521,1,0.9999677,block_ip
19522,1,0.9999677,block_ip
19523,1,0.9999677,block_ip
19524,1,0.9999677,block_ip
19525,1,0.9999677,block_ip
19526,1,0.9999677,block_ip
19527,1,0.9999677,block_ip
19528,1,0.9999677,block_ip
19529,1,0.9999677,block_ip
19530,1,0.9999677,block_ip
19531,1,0.9999677,block_ip
19532,1,0.9999677,block_ip
19533,1,0.9999677,block_ip
19534,1,0.9999677,block_ip
19535,1,0.9999677,block_ip
19536,1,0.9999677,block_ip
19537,1,0.9999677,block_ip
19538,1,0.9999677,block_ip
19539,1,0.9999677,block_ip
19540,1,0.9999677,block_ip
19541,1,0.9999677,block_ip
19542,1,0.9999677,block_ip
19543,1,0.99996376,block_ip
19544,1,0.99996376,block_ip
19545,1,0.99996376,block_ip
19546,1,0.99996376,block_ip
19547,1,0.99996376,block_ip
19548,1,0.99996376,block_ip
19549,1,0.9999677,block_ip
19550,1,0.9999677,block_ip
19551,1,0.99996376,block_ip
19552,1,0.9999677,block_ip
19553,1,0.99996376,block_ip
19554,1,0.99996376,block_ip
19555,1,0.9999677,block_ip
19556,1,0.99996376,block_ip
19557,1,0.9999677,block_ip
19558,1,0.9999677,block_ip
19559,1,0.99996376,block_ip
19560,1,0.9999677,block_ip
19561,1,0.99996376,block_ip
19562,1,0.9999677,block_ip
19563,1,0.9999677,block_ip
19564,1,0.9999677,block_ip
19565,1,0.9999677,block_ip
19566,1,0.9999677,block_ip
19567,1,0.9999677,block_ip
19568,1,0.9999677,block_ip
19569,1,0.9999677,block_ip
19570,1,0.9999677,block_ip
19571,1,0.9999677,block_ip
19572,1,0.9999677,block_ip
19573,1,0.9999677,block_ip
19574,1,0.9999677,block_ip
19575,1,0.9999677,block_ip
19576,1,0.9999677,block_ip
19577,1,0.9999677,block_ip
19578,1,0.9999677,block_ip
19579,1,0.9999677,block_ip
19580,1,0.9999677,block_ip
19581,1,0.9999677,block_ip
19582,1,0.9999677,block_ip
19583,1,0.9999677,block_ip
19584,1,0.9999677,block_ip
19585,1,0.9999677,block_ip
19586,1,0.9999677,block_ip
19587,1,0.9999677,block_ip
19588,1,0.9999677,block_ip
19589,1,0.9999677,block_ip
19590,1,0.9999677,block_ip
19591,1,0.9999677,block_ip
19592,1,0.9999677,block_ip
19593,1,0.9999677,block_ip
19594,1,0.9999677,block_ip
19595,1,0.9999677,block_ip
19596,1,0.9999677,block_ip
19597,1,0.9999677,block_ip
19598,1,0.9999677,block_ip
19599,1,0.9999677,block_ip
19600,1,0.9999677,block_ip
19601,1,0.9999677,block_ip
19602,1,0.9999677,block_ip
19603,1,0.9999677,block_ip
19604,1,0.9999677,block_ip
19605,1,0.9999677,block_ip
19606,1,0.9999677,block_ip
19607,1,0.9999677,block_ip
19608,1,0.9999677,block_ip
19609,1,0.9999677,block_ip
19610,1,0.9999677,block_ip
19611,1,0.9999677,block_ip
19612,1,0.9999677,block_ip
19613,1,0.9999677,block_ip
19614,1,0.9999677,block_ip
19615,1,0.9999677,block_ip
19616,1,0.9999677,block_ip
19617,1,0.9999677,block_ip
19618,1,0.9999677,block_ip
19619,1,0.9999677,block_ip
19620,1,0.9999677,block_ip
19621,1,0.9999677,block_ip
19622,1,0.9999677,block_ip
19623,1,0.9999677,block_ip
19624,1,0.9999677,block_ip
19625,1,0.9999677,block_ip
19626,1,0.9999677,block_ip
19627,1,0.9999677,block_ip
19628,1,0.9999677,block_ip
19629,1,0.9999677,block_ip
19630,1,0.9999677,block_ip
19631,1,0.9999677,block_ip
19632,1,0.9999677,block_ip
19633,1,0.9999677,block_ip
19634,1,0.9999677,block_ip
19635,1,0.9999677,block_ip
19636,1,0.9999677,block_ip
19637,1,0.9999677,block_ip
19638,1,0.9999677,block_ip
19639,1,0.9999677,block_ip
19640,1,0.9999677,block_ip
19641,1,0.9999677,block_ip
19642,1,0.9999677,block_ip
19643,1,0.9999677,block_ip
19644,1,0.9999677,block_ip
19645,1,0.9999677,block_ip
19646,1,0.9999677,block_ip
19647,1,0.9999677,block_ip
19648,1,0.9999677,block_ip
19649,1,0.9999677,block_ip
19650,1,0.9999677,block_ip
19651,1,0.9999677,block_ip
19652,1,0.9999677,block_ip
19653,1,0.9999677,block_ip
19654,1,0.9999677,block_ip
19655,1,0.9999677,block_ip
19656,1,0.9999677,block_ip
19657,1,0.9999677,block_ip
19658,1,0.9999677,block_ip
19659,1,0.9999677,block_ip
19660,1,0.9999677,block_ip
19661,1,0.9999677,block_ip
19662,1,0.9999677,block_ip
19663,1,0.9999677,block_ip
19664,1,0.9999677,block_ip
19665,1,0.9999677,block_ip
19666,1,0.9999677,block_ip
19667,1,0.9999677,block_ip
19668,1,0.9999677,block_ip
19669,1,0.9999677,block_ip
19670,1,0.9999677,block_ip
19671,1,0.9999677,block_ip
19672,1,0.9999677,block_ip
19673,1,0.9999677,block_ip
19674,1,0.9999677,block_ip
19675,1,0.9999677,block_ip
19676,1,0.9999677,block_ip
19677,1,0.9999677,block_ip
19678,1,0.9999677,block_ip
19679,1,0.9999677,block_ip
19680,1,0.9999677,block_ip
19681,1,0.9999677,block_ip
19682,1,0.9999677,block_ip
19683,1,0.9999677,block_ip
19684,1,0.9999677,block_ip
19685,1,0.9999677,block_ip
19686,1,0.9999677,block_ip
19687,1,0.9999677,block_ip
19688,1,0.9999677,block_ip
19689,1,0.9999677,block_ip
19690,1,0.9999677,block_ip
19691,1,0.9999677,block_ip
19692,1,0.9999677,block_ip
19693,1,0.9999677,block_ip
19694,1,0.9999677,block_ip
19695,1,0.9999677,block_ip
19696,1,0.9999677,block_ip
19697,1,0.9999677,block_ip
19698,1,0.9999677,block_ip
19699,1,0.9999677,block_ip
19700,1,0.9999677,block_ip
19701,1,0.9999677,block_ip
19702,1,0.9999677,block_ip
19703,1,0.9999677,block_ip
19704,1,0.9999677,block_ip
19705,1,0.9999677,block_ip
19706,1,0.9999677,block_ip
19707,1,0.9999677,block_ip
19708,1,0.9999677,block_ip
19709,1,0.9999677,block_ip
19710,1,0.9999677,block_ip
19711,1,0.9999677,block_ip
19712,1,0.9999677,block_ip
19713,1,0.9999677,block_ip
19714,1,0.9999677,block_ip
19715,1,0.9999677,block_ip
19716,1,0.9999677,block_ip
19717,1,0.9999677,block_ip
19718,1,0.9999677,block_ip
19719,1,0.9999677,block_ip
19720,1,0.9999677,block_ip
19721,1,0.9999677,block_ip
19722,1,0.9999677,block_ip
19723,1,0.9999677,block_ip
19724,1,0.9999677,block_ip
19725,1,0.9999677,block_ip
19726,1,0.9999677,block_ip
19727,1,0.9999677,block_ip
19728,1,0.9999677,block_ip
19729,1,0.9999677,block_ip
19730,1,0.9999677,block_ip
19731,1,0.9999677,block_ip
19732,1,0.9999677,block_ip
19733,1,0.9999677,block_ip
19734,1,0.9999677,block_ip
19735,1,0.9999677,block_ip
19736,1,0.9999677,block_ip
19737,1,0.9999677,block_ip
19738,1,0.9999677,block_ip
19739,1,0.9999677,block_ip
19740,1,0.9999677,block_ip
19741,1,0.9999677,block_ip
19742,1,0.9999677,block_ip
19743,1,0.9999677,block_ip
19744,1,0.9999677,block_ip
19745,1,0.9999677,block_ip
19746,1,0.9999677,block_ip
19747,1,0.9999677,block_ip
19748,1,0.9999677,block_ip
19749,1,0.9999677,block_ip
19750,1,0.9999677,block_ip
19751,1,0.9999677,block_ip
19752,1,0.9999677,block_ip
19753,1,0.9999677,block_ip
19754,1,0.9999677,block_ip
19755,1,0.9999677,block_ip
19756,1,0.9999677,block_ip
19757,1,0.9999677,block_ip
19758,1,0.9999677,block_ip
19759,1,0.9999677,block_ip
19760,1,0.9999677,block_ip
19761,1,0.9999677,block_ip
19762,1,0.9999677,block_ip
19763,1,0.9999677,block_ip
19764,1,0.9999677,block_ip
19765,1,0.99996376,block_ip
19766,1,0.9999677,block_ip
19767,1,0.9999677,block_ip
19768,1,0.9999677,block_ip
19769,1,0.9999677,block_ip
19770,1,0.9999677,block_ip
19771,1,0.9999677,block_ip
19772,1,0.9999677,block_ip
19773,1,0.9999677,block_ip
19774,1,0.9999677,block_ip
19775,1,0.9999677,block_ip
19776,1,0.9999677,block_ip
19777,1,0.9999677,block_ip
19778,1,0.9999677,block_ip
19779,1,0.9999677,block_ip
19780,1,0.9999677,block_ip
19781,1,0.9999677,block_ip
19782,1,0.9999677,block_ip
19783,1,0.9999677,block_ip
19784,1,0.9999677,block_ip
19785,1,0.9999677,block_ip
19786,1,0.9999677,block_ip
19787,1,0.9999677,block_ip
19788,1,0.9999677,block_ip
19789,1,0.9999677,block_ip
19790,1,0.9999677,block_ip
19791,1,0.9999677,block_ip
19792,1,0.9999677,block_ip
19793,1,0.9999677,block_ip
19794,1,0.9999677,block_ip
19795,1,0.9999677,block_ip
19796,1,0.9999677,block_ip
19797,1,0.9999677,block_ip
19798,1,0.9999677,block_ip
19799,1,0.9999677,block_ip
19800,1,0.9999677,block_ip
19801,1,0.9999677,block_ip
19802,1,0.9999677,block_ip
19803,1,0.9999677,block_ip
19804,1,0.9999677,block_ip
19805,1,0.9999677,block_ip
19806,1,0.9999677,block_ip
19807,1,0.9999677,block_ip
19808,1,0.9999677,block_ip
19809,1,0.9999677,block_ip
19810,1,0.9999677,block_ip
19811,1,0.9999677,block_ip
19812,1,0.9999677,block_ip
19813,1,0.9999677,block_ip
19814,1,0.9999677,block_ip
19815,1,0.9999677,block_ip
19816,1,0.9999677,block_ip
19817,1,0.9999677,block_ip
19818,1,0.9999677,block_ip
19819,1,0.9999677,block_ip
19820,1,0.9999677,block_ip
19821,1,0.9999677,block_ip
19822,1,0.9999677,block_ip
19823,1,0.9999677,block_ip
19824,1,0.9999677,block_ip
19825,1,0.9999677,block_ip
19826,1,0.9999677,block_ip
19827,1,0.9999677,block_ip
19828,1,0.9999677,block_ip
19829,1,0.9999677,block_ip
19830,1,0.9999677,block_ip
19831,1,0.9999677,block_ip
19832,1,0.9999677,block_ip
19833,1,0.9999677,block_ip
19834,1,0.9999677,block_ip
19835,1,0.9999677,block_ip
19836,1,0.9999677,block_ip
19837,1,0.9999677,block_ip
19838,1,0.9999677,block_ip
19839,1,0.9999677,block_ip
19840,1,0.9999677,block_ip
19841,1,0.9999677,block_ip
19842,1,0.9999677,block_ip
19843,1,0.9999677,block_ip
19844,1,0.9999677,block_ip
19845,1,0.9999677,block_ip
19846,1,0.9999677,block_ip
19847,1,0.9999677,block_ip
19848,1,0.9999677,block_ip
19849,1,0.9999677,block_ip
19850,1,0.9999677,block_ip
19851,1,0.9999677,block_ip
19852,1,0.9999677,block_ip
19853,1,0.9999677,block_ip
19854,1,0.9999677,block_ip
19855,1,0.9999677,block_ip
19856,1,0.9999677,block_ip
19857,1,0.9999677,block_ip
19858,1,0.9999677,block_ip
19859,1,0.9999677,block_ip
19860,1,0.9999677,block_ip
19861,1,0.9999677,block_ip
19862,1,0.9999677,block_ip
19863,1,0.9999677,block_ip
19864,1,0.9999677,block_ip
19865,1,0.9999677,block_ip
19866,1,0.9999677,block_ip
19867,1,0.9999677,block_ip
19868,1,0.9999677,block_ip
19869,1,0.9999677,block_ip
19870,1,0.9999677,block_ip
19871,1,0.9999677,block_ip
19872,1,0.9999677,block_ip
19873,1,0.9999677,block_ip
19874,1,0.9999677,block_ip
19875,1,0.9999677,block_ip
19876,1,0.9999677,block_ip
19877,1,0.9999677,block_ip
19878,1,0.9999677,block_ip
19879,1,0.9999677,block_ip
19880,1,0.9999677,block_ip
19881,1,0.9999677,block_ip
19882,1,0.9999677,block_ip
19883,1,0.9999677,block_ip
19884,1,0.9999677,block_ip
19885,1,0.9999677,block_ip
19886,1,0.9999677,block_ip
19887,1,0.9999677,block_ip
19888,1,0.9999677,block_ip
19889,1,0.9999677,block_ip
19890,1,0.9999677,block_ip
19891,1,0.9999677,block_ip
19892,1,0.9999677,block_ip
19893,1,0.9999677,block_ip
19894,1,0.9999677,block_ip
19895,1,0.9999677,block_ip
19896,1,0.9999677,block_ip
19897,1,0.9999677,block_ip
19898,1,0.9999677,block_ip
19899,1,0.9999677,block_ip
19900,1,0.9999677,block_ip
19901,1,0.9999677,block_ip
19902,1,0.9999677,block_ip
19903,1,0.9999677,block_ip
19904,1,0.9999677,block_ip
19905,1,0.9999677,block_ip
19906,1,0.9999677,block_ip
19907,1,0.9999677,block_ip
19908,1,0.9999677,block_ip
19909,1,0.9999677,block_ip
19910,1,0.9999677,block_ip
19911,1,0.9999677,block_ip
19912,1,0.9999677,block_ip
19913,1,0.9999677,block_ip
19914,1,0.9999677,block_ip
19915,1,0.9999677,block_ip
19916,1,0.9999677,block_ip
19917,1,0.9999677,block_ip
19918,1,0.9999677,block_ip
19919,1,0.9999677,block_ip
19920,1,0.9999677,block_ip
19921,1,0.9999677,block_ip
19922,1,0.9999677,block_ip
19923,1,0.9999677,block_ip
19924,1,0.9999677,block_ip
19925,1,0.9999677,block_ip
19926,1,0.9999677,block_ip
19927,1,0.9999677,block_ip
19928,1,0.9999677,block_ip
19929,1,0.9999677,block_ip
19930,1,0.9999677,block_ip
19931,1,0.9999677,block_ip
19932,1,0.9999677,block_ip
19933,1,0.99991596,block_ip
19934,1,0.99991596,block_ip
19935,1,0.99991596,block_ip
19936,1,0.99991596,block_ip
19937,1,0.99991596,block_ip
19938,1,0.99991596,block_ip
19939,1,0.99991596,block_ip
19940,1,0.99991596,block_ip
19941,1,0.99991596,block_ip
19942,1,0.99991596,block_ip
19943,1,0.99991596,block_ip
19944,1,0.99991596,block_ip
19945,1,0.99991596,block_ip
19946,1,0.99991596,block_ip
19947,1,0.99991596,block_ip
19948,1,0.99991596,block_ip
19949,1,0.99991596,block_ip
19950,1,0.99991596,block_ip
19951,1,0.99991596,block_ip
19952,1,0.99991596,block_ip
19953,1,0.99991596,block_ip
19954,1,0.99991596,block_ip
19955,1,0.99991596,block_ip
19956,1,0.99991596,block_ip
19957,1,0.99991596,block_ip
19958,1,0.99991596,block_ip
19959,1,0.99991596,block_ip
19960,1,0.99991596,block_ip
19961,1,0.99991596,block_ip
19962,1,0.99991596,block_ip
19963,1,0.99991596,block_ip
19964,1,0.99991596,block_ip
19965,1,0.99991596,block_ip
19966,1,0.99991596,block_ip
19967,1,0.99991596,block_ip
19968,1,0.99991596,block_ip
19969,1,0.99991596,block_ip
19970,1,0.99991596,block_ip
19971,1,0.99991596,block_ip
19972,1,0.99991596,block_ip
19973,1,0.99991596,block_ip
19974,1,0.99991596,block_ip
19975,1,0.99991596,block_ip
19976,1,0.99991596,block_ip
19977,1,0.99991596,block_ip
19978,1,0.99991596,block_ip
19979,1,0.99991596,block_ip
19980,1,0.99991596,block_ip
19981,1,0.99991596,block_ip
19982,1,0.99991596,block_ip
19983,1,0.99991596,block_ip
19984,1,0.99991596,block_ip
19985,1,0.99991596,block_ip
19986,1,0.99991596,block_ip
19987,1,0.99991596,block_ip
19988,1,0.99991596,block_ip
19989,1,0.99991596,block_ip
19990,1,0.99991596,block_ip
19991,1,0.99991596,block_ip
19992,1,0.99991596,block_ip
19993,1,0.99991596,block_ip
19994,1,0.99991596,block_ip
19995,1,0.99991596,block_ip
19996,1,0.99991596,block_ip
19997,1,0.99991596,block_ip
19998,1,0.99991596,block_ip
19999,1,0.99991596,block_ip
