index,defense_action,text_snippet,top_contributing_features
3,quarantine,Free entry in 2 a wkly comp to win FA Cup final tkts 21st May 2005. Text FA to 87121 to receive entry question(std txt rate)T&C's apply 08452810075over18's,"txt (3.9159998893737793), win (2.756999969482422), text (1.2549999952316284), free (0.765999972820282), in (-0.5630000233650208), apply (0.2669999897480011), call (-0.2460000067949295), to (-0.2029999941587448), your (-0.164000004529953), now (-0.15399999916553497)"
9,quarantine,WINNER!! As a valued network customer you have been selected to receivea å£900 prize reward! To claim call 09061701461. Claim code KL341. Valid 12 hours only.,"call (3.5260000228881836), claim (2.2769999504089355), customer (0.5740000009536743), you (0.4950000047683716), to (-0.49300000071525574), me (0.3370000123977661), been (0.30399999022483826), your (-0.20499999821186066), my (0.15800000727176666), from (-0.1420000046491623)"
10,quarantine,Had your mobile 11 months or more? U R entitled to Update to the latest colour mobiles with camera for Free! Call The Mobile Update Co FREE on 08002986030,"call (3.3540000915527344), free (1.1160000562667847), or (0.9860000014305115), mobile (0.9769999980926514), the (-0.828000009059906), with (0.7120000123977661), your (0.4819999933242798), for (0.414000004529953), to (-0.3880000114440918), me (0.34700000286102295)"
12,quarantine,"SIX chances to win CASH! From 100 to 20,000 pounds txt> CSH11 and send to 87575. Cost 150p/day, 6days, 16+ TsandCs apply Reply HL 4 info","txt (3.2890000343322754), win (2.6449999809265137), reply (1.4479999542236328), send (1.1510000228881836), from (0.8370000123977661), cash (0.47600001096725464), cost (0.2680000066757202), call (-0.21299999952316284), 150p (0.20200000703334808), apply (0.20200000703334808)"
13,quarantine,"URGENT! You have won a 1 week FREE membership in our å£100,000 Prize Jackpot! Txt the word: CLAIM to No: 81010 T&C www.dbuk.net LCCLTD POBOX 4403LDNW1A7RW18","txt (3.7039999961853027), claim (1.9900000095367432), won (1.1390000581741333), free (0.8320000171661377), no (-0.7129999995231628), in (-0.5529999732971191), to (0.4880000054836273), have (0.2980000078678131), call (-0.28999999165534973), you (0.15700000524520874)"
16,quarantine,"XXXMobileMovieClub: To use your credit, click the WAP link in the next txt message or click here>> http://wap. xxxmobilemovieclub.com?n=QJKGIGHJJGCBL","txt (4.160999774932861), to (1.0049999952316284), next (0.9739999771118164), or (0.9440000057220459), message (0.8970000147819519), the (-0.7239999771118164), in (-0.5479999780654907), your (0.3630000054836273), call (-0.32499998807907104), me (0.18199999630451202)"
20,quarantine,"England v Macedonia - dont miss the goals/team news. Txt ur national team to 87077 eg ENGLAND to 87077 Try:WALES, SCOTLAND 4txt/Ì¼1.20 POBOXox36504W45WQ 16+","txt (4.60099983215332), dont (0.843999981880188), ur (0.5350000262260437), to (-0.49000000953674316), call (-0.3330000042915344), the (0.27799999713897705), your (-0.1940000057220459), now (-0.16899999976158142), me (0.14800000190734863), from (-0.13099999725818634)"
35,quarantine,Thanks for your subscription to Ringtone UK your mobile will be charged å£5/month Please confirm by replying YES or NO. If you reply NO you will not be charged,"ringtone (2.312000036239624), reply (2.121999979019165), you (-0.8220000267028809), or (0.8069999814033508), mobile (0.7519999742507935), your (0.6819999814033508), to (0.45899999141693115), not (-0.4050000011920929), no (-0.40299999713897705), will (-0.3959999978542328)"
43,quarantine,07732584351 - Rodger Burns - MSG = We tried to call you re your reply to our sms for a free nokia mobile + free camcorder. Please call now 08000930705 for deliv,"sms (2.3269999027252197), reply (1.5549999475479126), msg (1.2619999647140503), call (1.1410000324249268), now (1.0210000276565552), free (0.8209999799728394), your (0.7990000247955322), mobile (0.7509999871253967), to (-0.6370000243186951), for (-0.5619999766349792)"
55,quarantine,SMS. ac Sptv: The New Jersey Devils and the Detroit Red Wings play Ice Hockey. Correct or Incorrect? End? Reply END SPTV,"sms (3.0450000762939453), reply (2.509999990463257), or (1.0839999914169312), new (0.9940000176429749), the (-0.6949999928474426), call (-0.4410000145435333), and (-0.3190000057220459), to (-0.27900001406669617), me (0.1550000011920929), your (-0.1550000011920929)"
57,quarantine,"Congrats! 1 year special cinema pass for 2 is yours. call 09061209465 now! C Suprman V, Matrix3, StarWars3, etc all 4 FREE! bx420-ip4-5we. 150pm. Dont miss out!","call (3.1679999828338623), free (1.6460000276565552), out (1.4550000429153442), now (1.1649999618530273), dont (0.6809999942779541), for (0.625), me (0.3449999988079071), all (0.2750000059604645), my (0.1940000057220459), and (0.1850000023841858)"
66,quarantine,"As a valued customer, I am pleased to advise you that following recent review of your Mob No. you are awarded with a å£1500 Bonus Prize, call 09066364589","call (4.2729997634887695), to (0.8629999756813049), you (-0.7260000109672546), with (0.6380000114440918), of (0.6240000128746033), customer (0.5289999842643738), me (0.3709999918937683), your (0.2680000066757202), that (-0.22599999606609344), my (0.19499999284744263)"
68,quarantine,"Urgent UR awarded a complimentary trip to EuroDisinc Trav, Aco&Entry41 Or å£1000. To claim txt DIS to 87121 18+6*å£1.50(moreFrmMob. ShrAcomOrSglSuplt)10, LS1 3A","txt (3.7260000705718994), claim (2.2179999351501465), or (1.0959999561309814), ur (0.46000000834465027), call (-0.30000001192092896), your (-0.16699999570846558), me (0.15399999916553497), now (-0.13600000739097595), 18 (0.13199999928474426), my (0.11999999731779099)"
94,quarantine,Please call our customer service representative on 0800 169 6031 between 10am-9pm as you have WON a guaranteed å£1000 cash or å£5000 prize!,"call (4.552000045776367), service (1.4229999780654907), won (1.0640000104904175), or (0.8550000190734863), cash (0.5139999985694885), customer (0.5059999823570251), you (0.47699999809265137), me (0.35499998927116394), have (0.26499998569488525), as (-0.21899999678134918)"
96,quarantine,"Your free ringtone is waiting to be collected. Simply text the password \MIX\"" to 85069 to verify. Get Usher and Britney. FML","text (2.5350000858306885), ringtone (2.4730000495910645), free (2.322999954223633), your (2.1670000553131104), and (-0.6729999780654907), to (0.37599998712539673), you (0.3330000042915344), the (0.27399998903274536), is (0.2709999978542328), get (-0.23499999940395355)"
114,quarantine,GENT! We are trying to contact you. Last weekends draw shows that you won a å£1000 prize GUARANTEED. Call 09064012160. Claim Code K52. Valid 12hrs only. 150ppm,"call (3.763000011444092), claim (2.382999897003174), won (1.2269999980926514), to (0.9639999866485596), you (-0.5550000071525574), me (0.3449999988079071), that (-0.3089999854564667), are (-0.18199999630451202), my (0.16899999976158142), from (-0.13500000536441803)"
117,quarantine,You are a winner U have been specially selected 2 receive å£1000 or a 4* holiday (flights inc) speak to a live operator 2 claim 0871277810910p/min (18+) ,"claim (3.010999917984009), been (1.2269999980926514), to (0.9869999885559082), or (0.8429999947547913), call (-0.4860000014305115), you (0.4480000138282776), 18 (0.18199999630451202), your (-0.17599999904632568), txt (-0.17499999701976776), me (0.17000000178813934)"
120,quarantine,PRIVATE! Your 2004 Account Statement for 07742676969 shows 786 unredeemed Bonus Points. To claim call 08719180248 Identifier Code: 45239 Expires,"call (3.38700008392334), claim (2.058000087738037), your (0.5429999828338623), to (0.492000013589859), for (0.3919999897480011), me (0.3630000054836273), my (0.20000000298023224), now (-0.12600000202655792), and (0.12300000339746475), but (0.12200000137090683)"
121,quarantine,"URGENT! Your Mobile No. was awarded å£2000 Bonus Caller Prize on 5/9/03 This is our final try to contact U! Call from Landline 09064019788 BOX42WR29C, 150PPM","call (3.9159998893737793), your (1.3550000190734863), mobile (1.2929999828338623), from (0.8889999985694885), to (0.6290000081062317), this (0.6259999871253967), was (-0.6140000224113464), no (-0.4339999854564667), me (0.3930000066757202), my (0.2240000069141388)"
123,quarantine,Todays Voda numbers ending 7548 are selected to receive a $350 award. If you have a match please call 08712300220 quoting claim code 4041 standard rates app,"call (3.3239998817443848), claim (2.375), to (0.9160000085830688), you (0.5149999856948853), me (0.35600000619888306), have (-0.23600000143051147), my (0.1770000010728836), your (-0.17399999499320984), from (-0.1589999943971634), and (0.13099999725818634)"
134,quarantine,Sunshine Quiz Wkly Q! Win a top Sony DVD player if u know which country the Algarve is in? Txt ansr to 82277. å£1.50 SP:Tyrone,"txt (4.2870001792907715), win (2.5290000438690186), to (1.0069999694824219), in (-0.625), call (-0.30399999022483826), is (-0.21400000154972076), know (-0.1940000057220459), me (0.16099999845027924), my (0.15800000727176666), the (0.15700000524520874)"
139,quarantine,You'll not rcv any more msgs from the chat svc. For FREE Hardcore services text GO to: 69988 If u get nothing u must Age Verify with yr network & try again,"chat (2.3540000915527344), free (2.0), text (1.9809999465942383), from (0.828000009059906), not (-0.7070000171661377), to (0.5260000228881836), with (0.453000009059906), get (0.37700000405311584), call (-0.3569999933242798), go (-0.2540000081062317)"
147,quarantine,"FreeMsg Why haven't you replied to my text? I'm Randy, sexy, female and live local. Luv to hear from u. Netcollex Ltd 08700621170150p per msg reply Stop to end","stop (2.2880001068115234), text (1.934999942779541), reply (1.7760000228881836), msg (1.6640000343322754), my (-1.5399999618530273), from (0.7639999985694885), you (0.43799999356269836), call (-0.20800000429153442), per (0.164000004529953), to (0.15399999916553497)"
159,quarantine,Customer service annoncement. You have a New Years delivery waiting for you. Please call 07046744435 now to arrange delivery,"call (4.172999858856201), now (1.2890000343322754), you (-1.0190000534057617), service (0.996999979019165), new (0.9409999847412109), for (0.5070000290870667), customer (0.503000020980835), to (0.3869999945163727), me (0.3540000021457672), my (0.17100000381469727)"
160,quarantine,You are a winner U have been specially selected 2 receive å£1000 cash or a 4* holiday (flights inc) speak to a live operator 2 claim 0871277810810,"claim (3.010999917984009), been (1.2259999513626099), to (0.9769999980926514), or (0.843999981880188), cash (0.550000011920929), call (-0.4869999885559082), you (0.35199999809265137), have (0.19599999487400055), your (-0.17900000512599945), are (-0.17800000309944153)"
164,quarantine,-PLS STOP bootydelious (32/F) is inviting you to be her friend. Reply YES-434 or NO-434 See her: www.SMS.ac/u/bootydelious STOP? Send STOP FRND to 62468,"sms (2.0199999809265137), send (1.7630000114440918), reply (1.7109999656677246), stop (1.5140000581741333), or (1.0770000219345093), see (0.44600000977516174), you (0.4059999883174896), call (-0.335999995470047), is (0.19099999964237213), me (0.1770000010728836)"
167,quarantine,URGENT! We are trying to contact you. Last weekends draw shows that you have won a å£900 prize GUARANTEED. Call 09061701939. Claim code S89. Valid 12hrs only,"call (3.7669999599456787), claim (2.382999897003174), won (1.2269999980926514), to (0.7580000162124634), you (-0.5230000019073486), that (-0.4020000100135803), me (0.34299999475479126), we (-0.25200000405311584), are (-0.21799999475479126), my (0.1679999977350235)"
188,quarantine,Please call our customer service representative on FREEPHONE 0808 145 4742 between 9am-11pm as you have WON a guaranteed å£1000 cash or å£5000 prize!,"call (4.543000221252441), service (1.4229999780654907), won (1.0640000104904175), or (0.9279999732971191), cash (0.5139999985694885), customer (0.5059999823570251), me (0.3490000069141388), you (0.33799999952316284), have (0.23499999940395355), my (0.1679999977350235)"
225,quarantine,"500 New Mobiles from 2004, MUST GO! Txt: NOKIA to No: 89545 & collect yours today!From ONLY å£1 www.4-tc.biz 2optout 087187262701.50gbp/mtmsg18","txt (4.23199987411499), from (1.3179999589920044), to (1.159000039100647), 500 (1.1100000143051147), new (0.8069999814033508), go (-0.4099999964237213), no (-0.40799999237060547), call (-0.31700000166893005), me (0.17900000512599945), now (-0.164000004529953)"
227,quarantine,"Will u meet ur dream partner soon? Is ur career off 2 a flyng start? 2 find out free, txt HORO followed by ur star sign, e. g. HORO ARIES","txt (3.816999912261963), out (1.9570000171661377), free (1.7309999465942383), to (-0.3310000002384186), call (-0.30799999833106995), your (-0.18700000643730164), is (0.16899999976158142), ur (-0.15600000321865082), from (-0.14800000190734863), me (0.1420000046491623)"
235,quarantine,Text & meet someone sexy today. U can find a date or even flirt its up to U. Join 4 just 10p. REPLY with NAME & AGE eg Sam 25. 18 -msg recd@thirtyeight pence,"text (2.2790000438690186), reply (1.715000033378601), or (1.3300000429153442), to (1.1369999647140503), with (0.8849999904632568), its (-0.6930000185966492), msg (0.5109999775886536), call (-0.40299999713897705), up (-0.35199999809265137), you (0.27799999713897705)"
240,quarantine,U 447801259231 have a secret admirer who is looking 2 make contact with U-find out who they R*reveal who thinks UR so special-call on 09058094597,"call (3.069999933242798), out (1.840000033378601), so (-0.9279999732971191), with (0.8420000076293945), ur (0.5950000286102295), they (0.49399998784065247), is (0.3840000033378601), have (0.31200000643730164), me (0.2919999957084656), on (0.17100000381469727)"
250,quarantine,Congratulations ur awarded 500 of CD vouchers or 125gift guaranteed & Free entry 2 100 wkly draw txt MUSIC to 87066 TnCs www.Ldew.com1win150ppmx3age16,"txt (3.8570001125335693), free (1.6740000247955322), 500 (1.152999997138977), to (0.9110000133514404), or (0.847000002861023), of (0.8109999895095825), ur (0.3240000009536743), call (-0.2680000066757202), me (0.1889999955892563), my (0.14900000393390656)"
259,quarantine,We tried to contact you re your reply to our offer of a Video Handset? 750 anytime networks mins? UNLIMITED TEXT? Camcorder? Reply or call 08000930705 NOW,"call (2.940000057220459), text (1.5460000038146973), now (1.190000057220459), or (0.8980000019073486), reply (0.7229999899864197), of (0.41200000047683716), your (0.38600000739097595), me (0.3799999952316284), to (-0.3700000047683716), you (0.3540000021457672)"
264,quarantine,Hey I am really horny want to chat or see me naked text hot to 69698 text charged at 150pm to unsubscribe text stop 69698,"chat (2.9119999408721924), stop (2.1659998893737793), or (1.2599999904632568), text (1.090999960899353), me (-1.0759999752044678), see (0.4259999990463257), want (0.24199999868869781), at (-0.24199999868869781), you (0.17900000512599945), txt (-0.1770000010728836)"
268,quarantine,Ur ringtone service has changed! 25 Free credits! Go to club4mobiles.com to choose content now! Stop? txt CLUB STOP to 87070. 150p/wk Club4 PO Box1146 MK45 2WT,"txt (3.2860000133514404), ringtone (1.8309999704360962), free (1.8079999685287476), now (1.2089999914169312), service (1.1009999513626099), stop (0.9810000061988831), ur (0.39399999380111694), go (-0.3100000023841858), call (-0.2029999941587448), 150p (0.19499999284744263)"
270,quarantine,Ringtone Club: Get the UK singles chart on your mobile each week and choose any top quality ringtone! This message is free of charge.,"ringtone (2.25600004196167), free (2.1679999828338623), mobile (1.0609999895095825), this (0.8370000123977661), message (0.8119999766349792), your (0.5429999828338623), get (0.4620000123977661), call (-0.39899998903274536), of (0.26899999380111694), the (0.25200000405311584)"
273,quarantine,HMV BONUS SPECIAL 500 pounds of genuine HMV vouchers to be won. Just answer 4 easy questions. Play Now! Send HMV to 86688 More info:www.100percent-real.com,"send (2.3289999961853027), now (2.0169999599456787), 500 (1.50600004196167), won (1.1150000095367432), call (-0.4000000059604645), to (0.3070000112056732), of (0.18400000035762787), my (0.1720000058412552), txt (-0.16500000655651093), your (-0.16099999845027924)"
296,quarantine,T-Mobile customer you may now claim your FREE CAMERA PHONE upgrade & a pay & go sim card for your loyalty. Call on 0845 021 3680.Offer ends 28thFeb.T&C's apply,"call (3.2209999561309814), claim (1.5829999446868896), free (1.315999984741211), now (0.9649999737739563), mobile (0.9300000071525574), customer (0.5350000262260437), me (0.3659999966621399), your (0.34700000286102295), for (0.34200000762939453), go (-0.3109999895095825)"
305,quarantine,"SMS. ac Blind Date 4U!: Rodds1 is 21/m from Aberdeen, United Kingdom. Check Him out http://img. sms. ac/W/icmb3cktz8r7!-4 no Blind Dates send HIDE","sms (2.8959999084472656), out (1.88100004196167), send (1.534000039100647), from (1.1039999723434448), call (-0.46799999475479126), him (-0.2879999876022339), to (-0.28600001335144043), now (-0.25999999046325684), is (0.18799999356269836), my (0.17299999296665192)"
309,quarantine,"TheMob> Check out our newest selection of content, Games, Tones, Gossip, babes and sport, Keep your mobile fit and funky text WAP to 82468","text (2.2880001068115234), out (1.3949999809265137), mobile (1.2990000247955322), and (-0.9950000047683716), to (0.890999972820282), your (0.7850000262260437), games (0.41999998688697815), you (0.3100000023841858), call (-0.3019999861717224), tones (0.23899999260902405)"
312,quarantine,"Think ur smart ? Win å£200 this week in our weekly quiz, text PLAY to 85222 now!T&Cs WinnersClub PO BOX 84, M26 3UZ. 16+. GBP1.50/week","text (2.6600000858306885), win (2.5969998836517334), now (1.4789999723434448), to (1.100000023841858), this (0.7120000123977661), ur (0.4690000116825104), in (-0.45100000500679016), call (-0.3449999988079071), you (0.2720000147819519), me (0.24699999392032623)"
319,quarantine,December only! Had your mobile 11mths+? You are entitled to update to the latest colour camera mobile for Free! Call The Mobile Update Co FREE on 08002986906,"call (3.48799991607666), free (1.2380000352859497), your (0.8169999718666077), the (-0.8159999847412109), you (0.45100000500679016), mobile (0.4169999957084656), for (0.4050000011920929), me (0.3479999899864197), to (-0.33500000834465027), my (0.1899999976158142)"
333,quarantine,Call Germany for only 1 pence per minute! Call from a fixed line via access number 0844 861 85 85. No prepayment. Direct access!,"call (3.428999900817871), from (1.1579999923706055), for (0.8339999914169312), number (0.47600001096725464), me (0.34200000762939453), now (-0.17800000309944153), my (0.16599999368190765), per (0.164000004529953), txt (-0.1289999932050705), to (0.10499999672174454)"
335,quarantine,Valentines Day Special! Win over å£1000 in our quiz and take your partner on the trip of a lifetime! Send GO to 83600 now. 150p/msg rcvd. CustCare:08718720201.,"win (2.2850000858306885), send (1.7690000534057617), over (1.4199999570846558), now (1.4040000438690186), in (-0.6140000224113464), to (0.5519999861717224), of (0.5370000004768372), msg (0.4860000014305115), call (-0.38199999928474426), your (0.35899999737739563)"
349,quarantine,Fancy a shag? I do.Interested? sextextuk.com txt XXUK SUZY to 69876. Txts cost 1.50 per msg. TnCs on website. X,"txt (4.488999843597412), msg (1.1990000009536743), do (-0.6909999847412109), to (0.6690000295639038), call (-0.37400001287460327), on (0.34299999475479126), cost (0.22100000083446503), per (0.20999999344348907), me (0.1589999943971634), now (-0.15299999713897705)"
357,quarantine,Congratulations ur awarded 500 of CD vouchers or 125gift guaranteed & Free entry 2 100 wkly draw txt MUSIC to 87066 TnCs www.Ldew.com1win150ppmx3age16,"txt (3.8570001125335693), free (1.6740000247955322), 500 (1.152999997138977), to (0.9110000133514404), or (0.847000002861023), of (0.8109999895095825), ur (0.3240000009536743), call (-0.2680000066757202), me (0.1889999955892563), my (0.14900000393390656)"
358,quarantine,Ur cash-balance is currently 500 pounds - to maximize ur cash-in now send CASH to 86688 only 150p/msg. CC: 08708800282 HG/Suite342/2Lands Row/W1J6HL,"send (2.4210000038146973), now (2.061000108718872), 500 (1.3220000267028809), msg (0.6949999928474426), in (-0.5440000295639038), call (-0.3970000147819519), is (0.3720000088214874), cash (0.328000009059906), your (-0.1770000010728836), to (0.17100000381469727)"
367,quarantine,"Update_Now - Xmas Offer! Latest Motorola, SonyEricsson & Nokia & FREE Bluetooth! Double Mins & 1000 Txt on Orange. Call MobileUpd8 on 08000839402 or call2optout","call (2.7920000553131104), txt (2.6050000190734863), free (1.6890000104904175), or (1.0709999799728394), orange (0.3659999966621399), me (0.3409999907016754), my (0.164000004529953), now (-0.13600000739097595), from (-0.13099999725818634), your (-0.12999999523162842)"
368,quarantine,Here is your discount code RP176781. To stop further messages reply stop. www.regalportfolio.co.uk. Customer Services 08717205546,"reply (2.2360000610351562), your (1.8700000047683716), stop (1.5049999952316284), to (0.9430000185966492), customer (0.4779999852180481), call (-0.38499999046325684), me (0.20200000703334808), my (0.18199999630451202), now (-0.14399999380111694), in (0.1379999965429306)"
375,quarantine,"Thanks for your Ringtone Order, Reference T91. You will be charged GBP 4 per week. You can unsubscribe at anytime by calling customer services on 09057039994","ringtone (2.674999952316284), your (1.6859999895095825), for (1.3669999837875366), you (-0.828000009059906), customer (0.6259999871253967), call (-0.46000000834465027), unsubscribe (0.3659999966621399), at (-0.29499998688697815), can (-0.19300000369548798), on (0.1860000044107437)"
385,quarantine,"Double mins and txts 4 6months FREE Bluetooth on Orange. Available on Sony, Nokia Motorola phones. Call MobileUpd8 on 08000839402 or call2optout/N9DX","call (4.02400016784668), free (1.812999963760376), or (1.065999984741211), orange (0.3659999966621399), me (0.3310000002384186), your (-0.16200000047683716), my (0.16099999845027924), from (-0.14499999582767487), now (-0.13300000131130219), txt (-0.11900000274181366)"
389,quarantine,4mths half price Orange line rental & latest camera phones 4 FREE. Had your phone 11mths ? Call MobilesDirect free on 08000938767 to update now! or2stoptxt,"call (3.5409998893737793), your (1.7569999694824219), now (1.684999942779541), free (1.0850000381469727), to (0.7070000171661377), me (0.3779999911785126), orange (0.3659999966621399), my (0.20600000023841858), you (0.15700000524520874), but (0.11699999868869781)"
401,quarantine,"FREE RINGTONE text FIRST to 87131 for a poly or text GET to 87131 for a true tone! Help? 0845 2814032 16 after 1st free, tones are 3xå£150pw to eå£nd txt stop","txt (3.1700000762939453), ringtone (1.9800000190734863), text (1.6080000400543213), stop (1.4079999923706055), free (1.180999994277954), or (1.0839999914169312), get (0.4959999918937683), for (0.43799999356269836), help (0.38199999928474426), to (-0.30399999022483826)"
418,quarantine,FREE entry into our å£250 weekly competition just text the word WIN to 80086 NOW. 18 T&C www.txttowin.co.uk,"text (2.9189999103546143), win (2.680999994277954), now (1.6670000553131104), free (1.5889999866485596), to (1.003000020980835), call (-0.3160000145435333), you (0.28600001335144043), me (0.2290000021457672), the (0.1940000057220459), just (-0.19200000166893005)"
420,quarantine,Send a logo 2 ur lover - 2 names joined by a heart. Txt LOVE NAME1 NAME2 MOBNO eg LOVE ADAM EVE 07123456789 to 87077 Yahoo! POBox36504W45WQ TxtNO 4 no ads 150p,"txt (4.010000228881836), send (1.3029999732971191), to (0.8930000066757202), ur (0.6200000047683716), call (-0.3319999873638153), 150p (0.2750000059604645), now (-0.20000000298023224), me (0.16899999976158142), your (-0.15600000321865082), from (-0.15199999511241913)"
421,quarantine,Yes:)from last week itself i'm taking live call.,"call (3.309000015258789), from (2.677000045776367), me (0.34700000286102295), now (-0.18299999833106995), my (0.17100000381469727), txt (-0.13099999725818634), for (-0.10199999809265137), free (-0.10000000149011612), your (-0.09700000286102295), out (-0.09600000083446503)"
422,quarantine,Someone has contacted our dating service and entered your phone because they fancy you! To find out who it is call from a landline 09111032124 . PoBox12n146tf15,"call (3.4839999675750732), and (-1.2400000095367432), your (1.1749999523162842), service (1.159000039100647), from (1.0369999408721924), it (-0.9269999861717224), out (0.8140000104904175), to (0.6600000262260437), you (0.5860000252723694), they (0.4490000009536743)"
424,quarantine,URGENT! Your Mobile number has been awarded with a å£2000 prize GUARANTEED. Call 09058094455 from land line. Claim 3030. Valid 12hrs only,"call (3.321000099182129), claim (1.8509999513626099), your (1.2619999647140503), mobile (1.0080000162124634), been (0.8960000276565552), from (0.8769999742507935), number (0.40700000524520874), me (0.39399999380111694), with (0.37599998712539673), my (0.21299999952316284)"
433,quarantine,Congrats! Nokia 3650 video camera phone is your Call 09066382422 Calls cost 150ppm Ave call 3mins vary from mobiles 16+ Close 300603 post BCM4284 Ldn WC1N3XX,"call (3.2190001010894775), from (0.9079999923706055), your (0.6019999980926514), me (0.3700000047683716), cost (0.2680000066757202), my (0.20000000298023224), now (-0.1770000010728836), is (0.1599999964237213), out (-0.12300000339746475), txt (-0.11299999803304672)"
439,quarantine,"Hi hope u get this txt~journey hasnt been gd,now about 50 mins late I think.","txt (4.186999797821045), now (2.253000020980835), been (1.1030000448226929), this (0.5460000038146973), get (-0.4620000123977661), to (-0.38999998569488525), call (-0.3880000114440918), your (-0.16500000655651093), me (0.16099999845027924), from (-0.1589999943971634)"
455,quarantine,"Loan for any purpose å£500 - å£75,000. Homeowners + Tenants welcome. Have you been previously refused? We can still help. Call Free 0800 1956669 or text back 'h","call (3.250999927520752), free (1.5190000534057617), text (1.4609999656677246), 500 (1.222000002861023), or (1.1490000486373901), help (0.7129999995231628), can (-0.3659999966621399), me (0.35100001096725464), for (0.3160000145435333), been (0.22300000488758087)"
463,quarantine,"UpgrdCentre Orange customer, you may now claim your FREE CAMERA PHONE upgrade for your loyalty. Call now on 0207 153 9153. Offer ends 26th July. T&C's apply. Op","call (2.882999897003174), claim (1.6399999856948853), free (1.3910000324249268), out (1.3550000190734863), customer (0.5540000200271606), your (0.4970000088214874), me (0.35199999809265137), orange (0.29499998688697815), apply (0.22499999403953552), you (0.19900000095367432)"
471,quarantine,okmail: Dear Dave this is your final notice to collect your 4* Tenerife Holiday or #5000 CASH award! Call 09061743806 from landline. TCs SAE Box326 CW25WX 150pp,"call (3.9639999866485596), or (0.9380000233650208), this (0.6809999942779541), from (0.6570000052452087), to (0.6449999809265137), cash (0.5740000009536743), me (0.382999986410141), my (0.21899999678134918), for (-0.13300000131130219), now (-0.12999999523162842)"
474,quarantine,Want 2 get laid tonight? Want real Dogging locations sent direct 2 ur Mob? Join the UK's largest Dogging Network by txting MOAN to 69888Nyt. ec2a. 31p.msg@150p,"to (1.2319999933242798), want (1.0709999799728394), ur (0.8650000095367432), get (0.6930000185966492), msg (0.5910000205039978), call (-0.5220000147819519), 150p (0.2750000059604645), the (0.22300000488758087), txt (-0.1979999989271164), me (0.19300000369548798)"
487,quarantine,"FREE MESSAGE Activate your 500 FREE Text Messages by replying to this message with the word FREE For terms & conditions, visit www.07781482378.com","text (2.6500000953674316), free (1.4579999446868896), message (1.1779999732971191), 500 (0.9160000085830688), this (0.7590000033378601), to (0.6539999842643738), your (0.4580000042915344), call (-0.3230000138282776), you (0.30000001192092896), with (0.296999990940094)"
492,quarantine,"Congrats! 1 year special cinema pass for 2 is yours. call 09061209465 now! C Suprman V, Matrix3, StarWars3, etc all 4 FREE! bx420-ip4-5we. 150pm. Dont miss out!","call (3.1679999828338623), free (1.6460000276565552), out (1.4550000429153442), now (1.1649999618530273), dont (0.6809999942779541), for (0.625), me (0.3449999988079071), all (0.2750000059604645), my (0.1940000057220459), and (0.1850000023841858)"
505,quarantine,+123 Congratulations - in this week's competition draw u have won the å£1450 prize to claim just call 09050002311 b4280703. T&Cs/stop SMS 08718727868. Over 18 o,"call (3.046999931335449), sms (2.5190000534057617), claim (1.8980000019073486), stop (1.2610000371932983), won (1.1480000019073486), over (0.9430000185966492), in (-0.9229999780654907), this (0.8019999861717224), to (0.5109999775886536), the (0.3840000033378601)"
515,quarantine,"You are guaranteed the latest Nokia Phone, a 40GB iPod MP3 player or a å£500 prize! Txt word: COLLECT to No: 83355! IBHltd LdnW15H 150p/Mtmsgrcvd18+","txt (4.401000022888184), 500 (1.1200000047683716), to (1.0740000009536743), or (1.00600004196167), you (0.4429999887943268), call (-0.3400000035762787), me (0.17100000381469727), my (0.1550000011920929), 150p (0.1469999998807907), now (-0.13500000536441803)"
517,quarantine,Boltblue tones for 150p Reply POLY# or MONO# eg POLY3 1. Cha Cha Slide 2. Yeah 3. Slow Jamz 6. Toxic 8. Come With Me or STOP 4 more tones txt MORE,"txt (3.9600000381469727), stop (2.0290000438690186), with (0.8500000238418579), me (-0.7960000038146973), for (0.699999988079071), reply (0.6389999985694885), to (-0.33500000834465027), call (-0.27300000190734863), tones (0.23899999260902405), or (0.2150000035762787)"
525,quarantine,"URGENT!: Your Mobile No. was awarded a å£2,000 Bonus Caller Prize on 02/09/03! This is our 2nd attempt to contact YOU! Call 0871-872-9755 BOX95QU","call (3.865999937057495), mobile (1.2929999828338623), your (1.1729999780654907), to (0.8270000219345093), was (-0.6240000128746033), this (0.6050000190734863), you (0.48100000619888306), no (-0.43299999833106995), on (0.3840000033378601), me (0.3709999918937683)"
527,quarantine,"Today's Offer! Claim ur å£150 worth of discount vouchers! Text YES to 85023 now! SavaMob, member offers mobile! T Cs 08717898035. å£3.00 Sub. 16 . Unsub reply X","claim (1.8869999647140503), text (1.812999963760376), reply (1.4589999914169312), to (1.347000002861023), now (1.184999942779541), mobile (0.6800000071525574), of (0.6269999742507935), ur (0.5070000290870667), call (-0.29100000858306885), you (0.27300000190734863)"
531,quarantine,PRIVATE! Your 2003 Account Statement for 07815296484 shows 800 un-redeemed S.I.M. points. Call 08718738001 Identifier Code 41782 Expires 18/11/04 ,"call (4.238999843597412), your (2.0850000381469727), for (1.4079999923706055), me (0.36800000071525574), my (0.18299999833106995), now (-0.15299999713897705), you (0.15199999511241913), 18 (0.13600000739097595), in (0.13500000536441803), from (-0.1120000034570694)"
541,quarantine,from www.Applausestore.com MonthlySubscription@50p/msg max6/month T&CsC web age16 2stop txt stop,"txt (4.053999900817871), from (2.7809998989105225), msg (1.4579999446868896), stop (1.4229999780654907), call (-0.32499998807907104), me (0.16500000655651093), to (-0.16099999845027924), my (0.15000000596046448), now (-0.13699999451637268), free (-0.1080000028014183)"
564,quarantine,GENT! We are trying to contact you. Last weekends draw shows that you won a å£1000 prize GUARANTEED. Call 09064012160. Claim Code K52. Valid 12hrs only. 150ppm ,"call (3.763000011444092), claim (2.382999897003174), won (1.2269999980926514), to (0.9639999866485596), you (-0.5550000071525574), me (0.3449999988079071), that (-0.3089999854564667), are (-0.18199999630451202), my (0.16899999976158142), from (-0.13500000536441803)"
579,quarantine,"our mobile number has won å£5000, to claim calls us back or ring the claims hot line on 09050005321.","claim (2.878999948501587), won (1.152999997138977), mobile (1.097000002861023), to (0.8690000176429749), or (0.5009999871253967), call (-0.4819999933242798), on (0.39100000262260437), number (0.37599998712539673), your (-0.18799999356269836), me (0.1720000058412552)"
583,quarantine,We tried to contact you re your reply to our offer of 750 mins 150 textand a new video phone call 08002988890 now or reply for free delivery tomorrow,"call (3.0899999141693115), free (1.3029999732971191), now (0.8709999918937683), reply (0.753000020980835), new (0.5619999766349792), or (0.527999997138977), to (-0.4300000071525574), me (0.36500000953674316), for (0.3409999907016754), of (0.23600000143051147)"
591,quarantine,"For ur chance to win a å£250 wkly shopping spree TXT: SHOP to 80878. T's&C's www.txt-2-shop.com custcare 08715705022, 1x150p/wk","txt (4.27400016784668), win (2.9739999771118164), for (0.6980000138282776), ur (0.45500001311302185), call (-0.27300000190734863), to (-0.23800000548362732), your (-0.1589999943971634), now (-0.15700000524520874), me (0.14100000262260437), my (0.11900000274181366)"
592,quarantine,You have been specially selected to receive a 2000 pound award! Call 08712402050 BEFORE the lines close. Cost 10ppm. 16+. T&Cs apply. AG Promo,"call (4.197999954223633), to (0.7940000295639038), you (0.4560000002384186), me (0.35499998927116394), been (0.24300000071525574), apply (0.22300000488758087), cost (0.21400000154972076), your (-0.17800000309944153), my (0.17800000309944153), the (0.17499999701976776)"
593,quarantine,PRIVATE! Your 2003 Account Statement for 07753741225 shows 800 un-redeemed S. I. M. points. Call 08715203677 Identifier Code: 42478 Expires 24/10/04,"call (4.072000026702881), your (1.9179999828338623), for (1.3609999418258667), me (0.36399999260902405), my (0.18299999833106995), now (-0.15299999713897705), you (0.1469999998807907), in (0.13199999928474426), from (-0.11500000208616257), txt (-0.11400000005960464)"
598,quarantine,You have an important customer service announcement. Call FREEPHONE 0800 542 0825 now!,"call (3.424999952316284), now (1.7719999551773071), service (1.5410000085830688), customer (0.6000000238418579), have (0.4269999861717224), me (0.3230000138282776), from (-0.16899999976158142), my (0.16599999368190765), your (-0.1289999932050705), txt (-0.11900000274181366)"
607,quarantine,XCLUSIVE@CLUBSAISAI 2MOROW 28/5 SOIREE SPECIALE ZOUK WITH NICHOLS FROM PARIS.FREE ROSES 2 ALL LADIES !!! info: 07946746291/07880867867 ,"from (2.76200008392334), free (2.2079999446868896), with (1.1160000562667847), call (-0.48399999737739563), all (0.24699999392032623), txt (-0.18700000643730164), me (0.17499999701976776), my (0.14900000393390656), now (-0.1420000046491623), the (0.125)"
611,quarantine,22 days to kick off! For Euro2004 U will be kept up to date with the latest news and results daily. To be removed send GET TXT STOP to 83222,"txt (3.861999988555908), stop (2.1549999713897705), send (1.3880000114440918), with (0.5669999718666077), get (0.5580000281333923), up (-0.4300000071525574), to (0.36500000953674316), for (0.3240000009536743), call (-0.2590000033378601), your (-0.1599999964237213)"
629,quarantine,New TEXTBUDDY Chat 2 horny guys in ur area 4 just 25p Free 2 receive Search postcode or at gaytextbuddy.com. TXT ONE name to 89693,"txt (3.869999885559082), chat (2.0250000953674316), free (1.2589999437332153), new (0.9869999885559082), in (-0.8159999847412109), or (0.777999997138977), to (0.5770000219345093), call (-0.2879999876022339), at (-0.20200000703334808), just (-0.1899999976158142)"
630,quarantine,Todays Vodafone numbers ending with 4882 are selected to a receive a å£350 award. If your number matches call 09064019014 to receive your å£350 award.,"call (3.936000108718872), with (0.871999979019165), your (0.5820000171661377), to (-0.5580000281333923), number (0.37400001287460327), me (0.3400000035762787), for (-0.18700000643730164), my (0.1770000010728836), now (-0.15800000727176666), from (-0.1289999932050705)"
635,quarantine,"Dear Voucher Holder, 2 claim this weeks offer, at your PC go to http://www.e-tlp.co.uk/expressoffer Ts&Cs apply.2 stop texts txt STOP to 80062.","txt (3.390000104904175), claim (1.9509999752044678), stop (1.184000015258789), this (0.6349999904632568), your (0.49000000953674316), voucher (0.42100000381469727), go (-0.3100000023841858), apply (0.30399999022483826), call (-0.24500000476837158), at (-0.20800000429153442)"
648,quarantine,PRIVATE! Your 2003 Account Statement for shows 800 un-redeemed S. I. M. points. Call 08715203694 Identifier Code: 40533 Expires 31/10/04,"call (4.072000026702881), your (1.9179999828338623), for (1.3609999418258667), me (0.36399999260902405), my (0.18299999833106995), now (-0.15299999713897705), you (0.1469999998807907), in (0.13199999928474426), from (-0.11500000208616257), txt (-0.11400000005960464)"
673,quarantine,Get ur 1st RINGTONE FREE NOW! Reply to this msg with TONE. Gr8 TOP 20 tones to your phone every week just å£1.50 per wk 2 opt out send STOP 08452810071 16,"free (1.4290000200271606), reply (1.4199999570846558), ringtone (1.3270000219345093), stop (1.3009999990463257), send (1.215000033378601), out (1.0720000267028809), msg (0.9559999704360962), now (0.7900000214576721), this (0.4050000011920929), with (0.3959999978542328)"
690,quarantine,<Forwarded from 448712404000>Please CALL 08712404000 immediately as there is an urgent message waiting for you.,"call (3.4660000801086426), from (1.9220000505447388), message (1.7669999599456787), there (-0.3790000081062317), me (0.3479999899864197), as (-0.19099999964237213), my (0.18299999833106995), your (-0.16699999570846558), txt (-0.12700000405311584), now (-0.1080000028014183)"
710,quarantine,4mths half price Orange line rental & latest camera phones 4 FREE. Had your phone 11mths+? Call MobilesDirect free on 08000938767 to update now! or2stoptxt T&Cs,"call (3.561000108718872), now (1.3600000143051147), free (1.0779999494552612), to (0.6940000057220459), your (0.6729999780654907), me (0.37400001287460327), orange (0.3659999966621399), my (0.20800000429153442), and (0.12399999797344208), from (-0.12399999797344208)"
717,quarantine,+449071512431 URGENT! This is the 2nd attempt to contact U!U have WON å£1250 CALL 09071512433 b4 050703 T&CsBCM4235WC1N3XX. callcost 150ppm mobilesvary. maxå£7.,"call (3.0739998817443848), won (1.218000054359436), this (0.8600000143051147), me (0.3070000112056732), have (0.25999999046325684), your (-0.20100000500679016), my (0.18000000715255737), is (0.1599999964237213), now (-0.14900000393390656), txt (-0.14000000059604645)"
719,quarantine,You have WON a guaranteed å£1000 cash or a å£2000 prize. To claim yr prize call our customer service representative on 08714712394 between 10am-7pm,"call (3.4560000896453857), claim (1.9210000038146973), service (1.1139999628067017), won (1.065000057220459), to (0.7570000290870667), or (0.6399999856948853), you (0.5540000200271606), cash (0.5139999985694885), customer (0.4090000092983246), me (0.3659999966621399)"
738,quarantine,Hi. Customer Loyalty Offer:The NEW Nokia6650 Mobile from ONLY å£10 at TXTAUCTION! Txt word: START to No: 81151 & get yours Now! 4T&Ctxt TC 150p/MTmsg,"txt (4.013000011444092), now (1.5160000324249268), new (1.1549999713897705), from (1.0740000009536743), mobile (1.0), to (0.9319999814033508), customer (0.5059999823570251), no (-0.4090000092983246), call (-0.32100000977516174), get (-0.2840000092983246)"
748,quarantine,U are subscribed to the best Mobile Content Service in the UK for å£3 per 10 days until you send STOP to 82324. Helpline 08706091795,"stop (2.3410000801086426), service (1.5049999952316284), send (1.4869999885559082), mobile (1.2450000047683716), for (0.5799999833106995), the (-0.4959999918937683), in (-0.45399999618530273), call (-0.3869999945163727), per (0.20999999344348907), you (0.1979999989271164)"
752,quarantine,You have an important customer service announcement from PREMIER.,"from (3.0179998874664307), service (1.5269999504089355), have (0.7839999794960022), customer (0.6399999856948853), call (-0.5699999928474426), you (-0.335999995470047), txt (-0.18700000643730164), me (0.16899999976158142), my (0.14000000059604645), the (0.11999999731779099)"
761,quarantine,"Romantic Paris. 2 nights, 2 flights from å£79 Book now 4 next year. Call 08704439680Ts&Cs apply.","call (3.11299991607666), from (2.4660000801086426), next (0.9359999895095825), now (0.5009999871253967), me (0.3529999852180481), apply (0.19499999284744263), my (0.1809999942779541), txt (-0.13099999725818634), free (-0.10000000149011612), your (-0.0989999994635582)"
763,quarantine,Urgent Ur å£500 guaranteed award is still unclaimed! Call 09066368327 NOW closingdate04/09/02 claimcode M39M51 å£1.50pmmorefrommobile2Bremoved-MobyPOBox734LS27Y,"call (3.6510000228881836), 500 (0.6940000057220459), now (0.44200000166893005), me (0.3190000057220459), is (0.3009999990463257), your (-0.1899999976158142), from (-0.16599999368190765), my (0.164000004529953), to (-0.15000000596046448), txt (-0.13899999856948853)"
766,quarantine,UR awarded a City Break and could WIN a å£200 Summer Shopping spree every WK. Txt STORE to 88039 . SkilGme. TsCs087147403231Winawk!Age16 å£1.50perWKsub,"txt (4.242000102996826), win (2.7279999256134033), to (0.9710000157356262), ur (0.3149999976158142), call (-0.2800000011920929), me (0.15199999511241913), from (-0.1469999998807907), now (-0.14100000262260437), your (-0.1379999965429306), my (0.13600000739097595)"
784,quarantine,You have an important customer service announcement from PREMIER. Call FREEPHONE 0800 542 0578 now!,"call (3.2750000953674316), from (1.9450000524520874), now (1.7339999675750732), service (1.4780000448226929), customer (0.5339999794960022), have (0.4259999990463257), me (0.3479999899864197), my (0.18000000715255737), txt (-0.11100000143051147), the (0.1080000028014183)"
788,quarantine,Ever thought about living a good life with a perfect partner? Just txt back NAME and AGE to join the mobile community. (100p/SMS),"txt (4.249000072479248), sms (2.815999984741211), mobile (1.2369999885559082), to (0.9409999847412109), good (-0.5149999856948853), with (0.3190000057220459), call (-0.2930000126361847), and (-0.2879999876022339), your (-0.19699999690055847), just (-0.16699999570846558)"
789,quarantine,"5 Free Top Polyphonic Tones call 087018728737, National Rate. Get a toppoly tune sent every week, just text SUBPOLY to 81618, å£3 per pole. UnSub 08718727870.","call (3.0290000438690186), text (2.2279999256134033), free (1.4559999704360962), to (0.7239999771118164), me (0.367000013589859), get (-0.32600000500679016), per (0.20999999344348907), tones (0.19499999284744263), just (-0.1899999976158142), your (-0.18799999356269836)"
797,quarantine,"Orange customer, you may now claim your FREE CAMERA PHONE upgrade for your loyalty. Call now on 0207 153 9996. Offer ends 14thMarch. T&C's apply. Opt-out availa","call (3.0940001010894775), claim (1.7699999809265137), free (1.3509999513626099), out (1.3140000104904175), customer (0.5540000200271606), now (-0.37299999594688416), me (0.3529999852180481), for (0.3479999899864197), orange (0.29499998688697815), your (0.2930000126361847)"
801,quarantine,"Last Chance! Claim ur å£150 worth of discount vouchers today! Text SHOP to 85023 now! SavaMob, offers mobile! T Cs SavaMob POBOX84, M263UZ. å£3.00 Sub. 16","claim (2.184999942779541), text (2.1710000038146973), to (1.340999960899353), now (1.2869999408721924), ur (0.8870000243186951), mobile (0.7160000205039978), call (-0.3529999852180481), you (0.2619999945163727), me (0.24799999594688416), of (0.23399999737739563)"
803,quarantine,FREE for 1st week! No1 Nokia tone 4 ur mobile every week just txt NOKIA to 8077 Get txting and tell ur mates. www.getzed.co.uk POBox 36504 W45WQ 16+ norm150p/to,"txt (4.210000038146973), free (1.3980000019073486), to (0.7409999966621399), mobile (0.6140000224113464), get (0.5569999814033508), call (-0.2630000114440918), your (-0.17800000309944153), tone (0.16099999845027924), me (0.15600000321865082), my (0.14900000393390656)"
804,quarantine,You have won a guaranteed å£200 award or even å£1000 cashto claim UR award call free on 08000407165 (18+) 2 stop getstop on 88222 PHP. RG21 4JX,"call (3.569000005722046), claim (1.8179999589920044), stop (1.156000018119812), won (1.065999984741211), free (0.7990000247955322), or (0.6159999966621399), you (0.3569999933242798), me (0.35600000619888306), 18 (0.18199999630451202), my (0.16500000655651093)"
813,quarantine,Congratulations ur awarded either å£500 of CD gift vouchers & Free entry 2 our å£100 weekly draw txt MUSIC to 87066 TnCs www.Ldew.com1win150ppmx3age16,"txt (3.885999917984009), free (1.8530000448226929), 500 (1.152999997138977), to (1.0609999895095825), of (0.8899999856948853), ur (0.3790000081062317), call (-0.26899999380111694), me (0.1889999955892563), my (0.14800000190734863), from (-0.13899999856948853)"
815,quarantine,"U were outbid by simonwatson5120 on the Shinco DVD Plyr. 2 bid again, visit sms. ac/smsrewards 2 end bid notifications, reply END OUT","sms (3.1510000228881836), reply (2.427000045776367), out (2.005000114440918), call (-0.4180000126361847), to (-0.20499999821186066), your (-0.19300000369548798), in (0.1809999942779541), me (0.17499999701976776), from (-0.14900000393390656), txt (-0.1469999998807907)"
823,quarantine,"SMSSERVICES. for yourinclusive text credits, pls goto www.comuk.net login= 3qxj9 unsubscribe with STOP, no extra charge. help 08702840625.COMUK. 220-CM2 9AE","text (2.506999969482422), stop (2.236999988555908), for (1.1360000371932983), help (0.7599999904632568), with (0.48100000619888306), call (-0.4620000123977661), no (-0.3869999945163727), unsubscribe (0.3659999966621399), to (-0.335999995470047), you (0.24500000476837158)"
824,quarantine,25p 4 alfie Moon's Children in need song on ur mob. Tell ur m8s. Txt Tone charity to 8007 for Nokias or Poly charity for polys: zed 08701417012 profit 2 charity,"txt (4.538000106811523), or (0.9860000014305115), to (0.9179999828338623), in (-0.5080000162124634), need (-0.32199999690055847), call (-0.3100000023841858), tone (0.28700000047683716), your (-0.2150000035762787), me (0.1589999943971634), my (0.14900000393390656)"
831,quarantine,U have a secret admirer. REVEAL who thinks U R So special. Call 09065174042. To opt out Reply REVEAL STOP. 1.50 per msg recd. Cust care 07821230901,"call (2.0239999294281006), reply (1.6549999713897705), stop (1.625), out (1.3619999885559082), so (-0.8169999718666077), to (0.6370000243186951), msg (0.5490000247955322), me (0.31200000643730164), have (-0.2619999945163727), and (0.21699999272823334)"
833,quarantine,"Dear Voucher Holder, To claim this weeks offer, at you PC please go to http://www.e-tlp.co.uk/expressoffer Ts&Cs apply. To stop texts, txt STOP to 80062","txt (3.680000066757202), claim (2.0299999713897705), stop (1.2890000343322754), this (0.6230000257492065), to (0.4399999976158142), voucher (0.4189999997615814), apply (0.30399999022483826), you (0.2980000078678131), call (-0.26499998569488525), at (-0.2590000033378601)"
837,quarantine,Do you want 750 anytime any network mins 150 text and a NEW VIDEO phone for only five pounds per week call 08002888812 or reply for delivery tomorrow,"call (3.0899999141693115), reply (1.3600000143051147), text (1.0), or (0.9190000295639038), new (0.800000011920929), and (-0.5289999842643738), for (-0.3630000054836273), want (0.35199999809265137), me (0.32100000977516174), do (-0.2680000066757202)"
839,quarantine,We tried to contact you re our offer of New Video Phone 750 anytime any network mins HALF PRICE Rental camcorder call 08000930705 or reply for delivery Wed,"call (3.180999994277954), reply (1.6410000324249268), or (1.2380000352859497), new (0.8270000219345093), to (0.4830000102519989), of (0.42899999022483826), me (0.375), you (0.23600000143051147), my (0.18199999630451202), and (0.17599999904632568)"
840,quarantine,Last chance 2 claim ur å£150 worth of discount vouchers-Text YES to 85023 now!SavaMob-member offers mobile T Cs 08717898035. å£3.00 Sub. 16 . Remove txt X or ST,"txt (2.8919999599456787), text (1.534999966621399), claim (1.4800000190734863), stop (1.2610000371932983), to (0.9980000257492065), now (0.9810000061988831), or (0.968999981880188), mobile (0.6729999780654907), of (0.5239999890327454), you (0.28999999165534973)"
844,quarantine,"Urgent! call 09066350750 from your landline. Your complimentary 4* Ibiza Holiday or 10,000 cash await collection SAE T&Cs PO BOX 434 SK3 8WP 150 ppm 18+ ","call (4.000999927520752), or (1.2619999647140503), from (0.7089999914169312), cash (0.5740000009536743), me (0.375), your (0.28299999237060547), my (0.1979999989271164), for (-0.18799999356269836), 18 (0.18199999630451202), now (-0.14499999582767487)"
850,quarantine,"Today's Offer! Claim ur å£150 worth of discount vouchers! Text YES to 85023 now! SavaMob, member offers mobile! T Cs 08717898035. å£3.00 Sub. 16 . Unsub reply X","claim (1.8869999647140503), text (1.812999963760376), reply (1.4589999914169312), to (1.347000002861023), now (1.184999942779541), mobile (0.6800000071525574), of (0.6269999742507935), ur (0.5070000290870667), call (-0.29100000858306885), you (0.27300000190734863)"
856,quarantine,Talk sexy!! Make new friends or fall in love in the worlds most discreet text dating service. Just text VIP to 83110 and see who you could meet.,"text (1.8259999752044678), service (1.2139999866485596), to (1.159000039100647), or (0.8109999895095825), in (-0.7480000257492065), new (0.628000020980835), see (0.4779999852180481), call (-0.4099999964237213), and (-0.2770000100135803), me (0.20200000703334808)"
866,quarantine,Congratulations ur awarded either a yrs supply of CDs from Virgin Records or a Mystery Gift GUARANTEED Call 09061104283 Ts&Cs www.smsco.net å£1.50pm approx 3min,"call (3.9549999237060547), or (1.2020000219345093), from (0.8029999732971191), of (0.5249999761581421), me (0.38499999046325684), ur (0.210999995470047), my (0.18000000715255737), now (-0.1340000033378601), txt (-0.11800000071525574), and (0.1120000034570694)"
868,quarantine,PRIVATE! Your 2003 Account Statement for 07808 XXXXXX shows 800 un-redeemed S. I. M. points. Call 08719899217 Identifier Code: 41685 Expires 07/11/04,"call (4.179999828338623), your (2.0369999408721924), for (1.3609999418258667), me (0.36800000071525574), my (0.18299999833106995), you (0.15299999713897705), now (-0.15299999713897705), in (0.13500000536441803), from (-0.11500000208616257), txt (-0.11400000005960464)"
870,quarantine,What do U want for Xmas? How about 100 free text messages & a new video phone with half price line rental? Call free now on 0800 0721072 to find out more!,"call (2.6429998874664307), text (1.593999981880188), out (0.9800000190734863), now (0.9369999766349792), free (0.925000011920929), new (0.8130000233650208), what (-0.4909999966621399), me (0.35499998927116394), with (0.3310000002384186), how (-0.2879999876022339)"
876,quarantine,"Shop till u Drop, IS IT YOU, either 10K, 5K, å£500 Cash or å£100 Travel voucher, Call now, 09064011000. NTT PO Box CR01327BT fixedline Cost 150ppm mobile vary","call (3.8480000495910645), now (1.3630000352859497), 500 (1.0809999704360962), or (1.0479999780654907), mobile (0.7730000019073486), cash (0.39399999380111694), me (0.3490000069141388), you (0.2939999997615814), voucher (0.27000001072883606), it (-0.25999999046325684)"
878,quarantine,Sunshine Quiz Wkly Q! Win a top Sony DVD player if u know which country Liverpool played in mid week? Txt ansr to 82277. å£1.50 SP:Tyrone,"txt (4.4720001220703125), win (2.7290000915527344), to (1.0809999704360962), in (-0.5509999990463257), call (-0.2930000126361847), from (-0.16200000047683716), now (-0.15700000524520874), me (0.15600000321865082), my (0.1469999998807907), your (-0.13600000739097595)"
879,quarantine,U have a secret admirer who is looking 2 make contact with U-find out who they R*reveal who thinks UR so special-call on 09058094565,"call (3.069999933242798), out (1.840000033378601), so (-0.9279999732971191), with (0.8420000076293945), ur (0.5950000286102295), they (0.49399998784065247), is (0.3840000033378601), have (0.31200000643730164), me (0.2919999957084656), on (0.17100000381469727)"
880,quarantine,U have a Secret Admirer who is looking 2 make contact with U-find out who they R*reveal who thinks UR so special-call on 09065171142-stopsms-08,"call (3.069999933242798), out (1.840000033378601), so (-0.9279999732971191), with (0.8420000076293945), ur (0.5950000286102295), they (0.49399998784065247), is (0.3840000033378601), have (0.31200000643730164), me (0.2919999957084656), on (0.17100000381469727)"
900,quarantine,"Your free ringtone is waiting to be collected. Simply text the password \MIX\"" to 85069 to verify. Get Usher and Britney. FML","text (2.5350000858306885), ringtone (2.4730000495910645), free (2.322999954223633), your (2.1670000553131104), and (-0.6729999780654907), to (0.37599998712539673), you (0.3330000042915344), the (0.27399998903274536), is (0.2709999978542328), get (-0.23499999940395355)"
907,quarantine,"all the lastest from Stereophonics, Marley, Dizzee Racal, Libertines and The Strokes! Win Nookii games with Flirt!! Click TheMob WAP Bookmark or text WAP to 824","win (2.869999885559082), text (2.490999937057495), to (0.996999979019165), from (0.9160000085830688), the (-0.8019999861717224), and (-0.6840000152587891), all (0.6190000176429749), or (0.597000002861023), with (0.44999998807907104), call (-0.35600000619888306)"
910,quarantine,"January Male Sale! Hot Gay chat now cheaper, call 08709222922. National rate from 1.5p/min cheap to 7.8p/min peak! To stop texts call 08712460324 (10p/min)","chat (2.671999931335449), call (2.2339999675750732), stop (1.5549999475479126), now (1.5290000438690186), from (0.8500000238418579), to (-0.7350000143051147), me (0.3240000009536743), my (0.1720000058412552), txt (-0.12099999934434891), and (0.10599999874830246)"
930,quarantine,money!!! you r a lucky winner ! 2 claim your prize text money 2 88600 over å£1million to give away ! ppt150x3+normal text rate box403 w1t1jy,"claim (2.384000062942505), over (1.4789999723434448), text (1.3580000400543213), to (1.284999966621399), your (0.8270000219345093), call (-0.38199999928474426), you (0.27900001406669617), me (0.2409999966621399), my (0.18299999833106995), txt (-0.14000000059604645)"
935,quarantine,"Dear Matthew please call 09063440451 from a landline, your complimentary 4*Lux Tenerife holiday or å£1000 CASH await collection. ppm150 SAE T&Cs Box334 SK38XH.","call (4.203999996185303), your (1.5230000019073486), from (0.9940000176429749), or (0.9309999942779541), cash (0.5740000009536743), me (0.3959999978542328), my (0.20499999821186066), now (-0.14000000059604645), you (0.13199999928474426), for (-0.11500000208616257)"
939,quarantine,"Urgent! call 09061749602 from Landline. Your complimentary 4* Tenerife Holiday or å£10,000 cash await collection SAE T&Cs BOX 528 HP20 1YF 150ppm 18+","call (4.2129998207092285), your (1.4950000047683716), or (0.9639999866485596), from (0.9399999976158142), cash (0.5740000009536743), me (0.3889999985694885), my (0.20499999821186066), now (-0.14000000059604645), you (0.13899999856948853), 18 (0.13099999725818634)"
943,quarantine,How about getting in touch with folks waiting for company? Just txt back your NAME and AGE to opt in! Enjoy the community (150p/SMS),"txt (3.8550000190734863), sms (2.5920000076293945), in (-0.8849999904632568), enjoy (0.628000020980835), to (0.48899999260902405), and (-0.34200000762939453), for (0.3240000009536743), how (-0.3179999887943268), your (0.2720000147819519), call (-0.2280000001192093)"
947,quarantine,Ur cash-balance is currently 500 pounds - to maximize ur cash-in now send GO to 86688 only 150p/msg. CC: 08718720201 PO BOX 114/14 TCR/W1,"send (2.427000045776367), now (2.0), msg (1.4869999885559082), 500 (1.2790000438690186), in (-0.5429999828338623), cash (0.4729999899864197), call (-0.39399999380111694), is (0.36899998784065247), go (-0.296999990940094), my (0.17100000381469727)"
962,quarantine,URGENT! We are trying to contact U. Todays draw shows that you have won a å£800 prize GUARANTEED. Call 09050001808 from land line. Claim M95. Valid12hrs only,"call (3.7799999713897705), claim (2.260999917984009), won (1.0199999809265137), from (0.996999979019165), that (-0.9229999780654907), to (0.7120000123977661), you (0.6060000061988831), me (0.375), we (-0.27399998903274536), are (-0.18199999630451202)"
983,quarantine,"Congrats! 2 mobile 3G Videophones R yours. call 09063458130 now! videochat wid your mates, play java games, Dload polyPH music, noline rentl.","call (3.9679999351501465), now (1.3359999656677246), mobile (1.0609999895095825), your (0.6349999904632568), games (0.4819999933242798), me (0.3700000047683716), my (0.20100000500679016), to (-0.17299999296665192), from (-0.14499999582767487), txt (-0.11400000005960464)"
1002,quarantine,Please call our customer service representative on FREEPHONE 0808 145 4742 between 9am-11pm as you have WON a guaranteed å£1000 cash or å£5000 prize!,"call (4.543000221252441), service (1.4229999780654907), won (1.0640000104904175), or (0.9279999732971191), cash (0.5139999985694885), customer (0.5059999823570251), me (0.3490000069141388), you (0.33799999952316284), have (0.23499999940395355), my (0.1679999977350235)"
1007,quarantine,Panasonic & BluetoothHdset FREE. Nokia FREE. Motorola FREE & DoubleMins & DoubleTxt on Orange contract. Call MobileUpd8 on 08000839402 or call 2optout,"call (2.808000087738037), or (1.11899995803833), free (1.0820000171661377), orange (0.3659999966621399), me (0.3190000057220459), now (-0.16599999368190765), your (-0.164000004529953), my (0.15199999511241913), from (-0.1459999978542328), txt (-0.14100000262260437)"
1016,quarantine,"Dear,regret i cudnt pick call.drove down frm ctla now at cochin home.left mobile in car..ente style ishtamayoo?happy bakrid!","call (4.177000045776367), now (1.944000005722046), mobile (1.0640000104904175), in (-0.5770000219345093), me (0.3540000021457672), at (-0.2750000059604645), my (0.18000000715255737), from (-0.17499999701976776), your (-0.12600000202655792), txt (-0.125)"
1017,quarantine,FREE for 1st week! No1 Nokia tone 4 ur mob every week just txt NOKIA to 8007 Get txting and tell ur mates www.getzed.co.uk POBox 36504 W45WQ norm150p/tone 16+,"txt (4.263000011444092), free (0.9959999918937683), to (0.671999990940094), get (0.6200000047683716), call (-0.28600001335144043), your (-0.17900000512599945), for (0.1770000010728836), tone (0.16099999845027924), me (0.1550000011920929), from (-0.14100000262260437)"
1022,quarantine,Guess what! Somebody you know secretly fancies you! Wanna find out who it is? Give us a call on 09065394514 From Landline DATEBox1282EssexCM61XN 150p/min 18,"call (4.433000087738037), from (1.5019999742507935), out (1.156999945640564), it (-0.6579999923706055), what (-0.4090000092983246), me (0.35899999737739563), you (-0.3569999933242798), 150p (0.2750000059604645), is (0.2329999953508377), know (-0.23199999332427979)"
1048,quarantine,"1000's flirting NOW! Txt GIRL or BLOKE & ur NAME & AGE, eg GIRL ZOE 18 to 8007 to join and get chatting!","txt (4.3520002365112305), now (1.406999945640564), or (0.9610000252723694), ur (0.4490000009536743), call (-0.30300000309944153), get (-0.2770000100135803), to (-0.24699999392032623), your (-0.17000000178813934), me (0.14300000667572021), my (0.13600000739097595)"
1050,quarantine,18 days to Euro2004 kickoff! U will be kept informed of all the latest news and results daily. Unsubscribe send GET EURO STOP to 83222.,"stop (2.447999954223633), send (2.184999942779541), all (0.878000020980835), of (0.6890000104904175), get (0.6110000014305115), call (-0.39399999380111694), the (0.30000001192092896), and (0.2590000033378601), to (-0.24799999594688416), 18 (0.18199999630451202)"
1060,quarantine,EASTENDERS TV Quiz. What FLOWER does DOT compare herself to? D= VIOLET E= TULIP F= LILY txt D E or F to 84025 NOW 4 chance 2 WIN å£100 Cash WKENT/150P16+,"txt (4.269999980926514), win (2.8420000076293945), now (1.3380000591278076), or (0.9810000061988831), cash (0.5350000262260437), what (-0.4230000078678131), call (-0.26899999380111694), me (0.1509999930858612), my (0.14000000059604645), to (-0.11299999803304672)"
1064,quarantine,We have new local dates in your area - Lots of new people registered in YOUR AREA. Reply DATE to start now! 18 only www.flirtparty.us REPLYS150,"reply (2.2850000858306885), now (1.3589999675750732), new (1.1890000104904175), to (1.0800000429153442), in (-0.8949999809265137), of (0.5490000247955322), have (-0.42100000381469727), call (-0.3499999940395355), your (0.21699999272823334), me (0.20900000631809235)"
1069,quarantine,Someone U know has asked our dating service 2 contact you! Cant Guess who? CALL 09058091854 NOW all will be revealed. PO BOX385 M6 6WU,"call (4.135000228881836), now (1.7109999656677246), service (1.4429999589920044), all (0.7379999756813049), you (0.42399999499320984), me (0.3370000123977661), know (-0.30000001192092896), will (-0.2630000114440918), cant (-0.2070000022649765), my (0.17399999499320984)"
1072,quarantine,URGENT! We are trying to contact U. Todays draw shows that you have won a å£800 prize GUARANTEED. Call 09050003091 from land line. Claim C52. Valid12hrs only,"call (3.7799999713897705), claim (2.260999917984009), won (1.0199999809265137), from (0.996999979019165), that (-0.9229999780654907), to (0.7120000123977661), you (0.6060000061988831), me (0.375), we (-0.27399998903274536), are (-0.18199999630451202)"
1073,quarantine,Dear U've been invited to XCHAT. This is our final attempt to contact u! Txt CHAT to 86688,"txt (4.0), chat (2.5769999027252197), been (1.090000033378601), this (0.7519999742507935), to (0.5230000019073486), call (-0.3089999854564667), you (-0.20900000631809235), now (-0.1679999977350235), your (-0.16699999570846558), me (0.13699999451637268)"
1089,quarantine,You are awarded a SiPix Digital Camera! call 09061221061 from landline. Delivery within 28days. T Cs Box177. M221BP. 2yr warranty. 150ppm. 16 . p på£3.99,"call (4.6479997634887695), from (1.472000002861023), you (0.6050000190734863), me (0.3790000081062317), are (-0.2280000001192093), my (0.1770000010728836), to (-0.1720000058412552), now (-0.13899999856948853), txt (-0.11999999731779099), your (-0.11900000274181366)"
1091,quarantine,WIN URGENT! Your mobile number has been awarded with a å£2000 prize GUARANTEED call 09061790121 from land line. claim 3030 valid 12hrs only 150ppm ,"call (3.0350000858306885), win (1.9869999885559082), claim (1.7640000581741333), mobile (0.8880000114440918), been (0.8050000071525574), from (0.6840000152587891), number (0.40700000524520874), me (0.3930000066757202), with (0.30000001192092896), my (0.2150000035762787)"
1097,quarantine,Dear Subscriber ur draw 4 å£100 gift voucher will b entered on receipt of a correct ans. When was Elvis Presleys Birthday? TXT answer to 80062,"txt (4.322000026702881), to (1.156999945640564), of (0.9229999780654907), was (-0.5460000038146973), ur (0.5389999747276306), when (-0.527999997138977), voucher (0.4189999997615814), call (-0.32499998807907104), me (0.17900000512599945), my (0.14399999380111694)"
1105,quarantine,Message Important information for O2 user. Today is your lucky day! 2 find out why log onto http://www.urawinner.com there is a fantastic surprise awaiting you,"out (2.2990000247955322), your (1.093999981880188), message (1.0920000076293945), for (0.7789999842643738), call (-0.4819999933242798), you (0.3240000009536743), information (0.28999999165534973), in (0.17399999499320984), txt (-0.16500000655651093), me (0.16300000250339508)"
1120,quarantine,"Bored of speed dating? Try SPEEDCHAT, txt SPEEDCHAT to 80155, if you don't like em txt SWAP and get a new chatter! Chat80155 POBox36504W45WQ 150p/msg rcd 16","txt (4.324999809265137), if (-1.5360000133514404), msg (1.25600004196167), new (0.9049999713897705), to (0.7609999775886536), and (-0.6000000238418579), of (0.4000000059604645), you (0.30000001192092896), call (-0.28999999165534973), 150p (0.2750000059604645)"
1122,quarantine,Do you want 750 anytime any network mins 150 text and a NEW video phone for only five pounds per week call 08000776320 now or reply for delivery Tomorrow,"call (3.1110000610351562), reply (1.3380000591278076), now (1.093999981880188), text (0.9369999766349792), new (0.800000011920929), or (0.6859999895095825), and (-0.4740000069141388), want (0.35199999809265137), me (0.33799999952316284), for (-0.3019999861717224)"
1126,quarantine,For taking part in our mobile survey yesterday! You can now have 500 texts 2 use however you wish. 2 get txts just send TXT to 80160 T&C www.txt43.com 1.50p,"txt (3.444999933242798), 500 (1.1770000457763672), mobile (0.8629999756813049), send (0.7720000147819519), you (-0.75), now (0.7239999771118164), for (0.43799999356269836), to (0.42899999022483826), can (-0.40299999713897705), in (-0.382999986410141)"
1129,quarantine,Ur HMV Quiz cash-balance is currently å£500 - to maximize ur cash-in now send HMV1 to 86688 only 150p/msg,"send (1.9819999933242798), now (1.906999945640564), msg (1.5460000038146973), 500 (1.2790000438690186), cash (0.4729999899864197), call (-0.4090000092983246), is (0.37400001287460327), in (-0.21899999678134918), to (0.1899999976158142), my (0.17000000178813934)"
1137,quarantine,Dont forget you can place as many FREE Requests with 1stchoice.co.uk as you wish. For more Information call 08707808226.,"call (4.090000152587891), free (1.6019999980926514), for (1.0), you (-0.6129999756813049), dont (0.5979999899864197), me (0.3479999899864197), with (0.34200000762939453), can (-0.2849999964237213), more (0.1940000057220459), as (-0.18799999356269836)"
1142,quarantine,I don't know u and u don't know me. Send CHAT to 86688 now and let's find each other! Only 150p/Msg rcvd. HG/Suite342/2Lands/Row/W1J6HL LDN. 18 years or over.,"chat (3.055999994277954), send (1.7660000324249268), now (1.6460000276565552), over (1.4149999618530273), or (1.1100000143051147), me (-0.9139999747276306), and (-0.4699999988079071), msg (0.4569999873638153), to (0.382999986410141), 150p (0.2750000059604645)"
1146,quarantine,"Thank you, winner notified by sms. Good Luck! No future marketing reply STOP to 84122 customer services 08450542832","sms (3.0), reply (2.374000072479248), stop (2.2909998893737793), good (-0.5350000262260437), customer (0.503000020980835), to (0.49000000953674316), no (-0.4350000023841858), call (-0.375), me (0.1679999977350235), your (-0.16500000655651093)"
1163,quarantine,Free entry in 2 a wkly comp to win FA Cup final tkts 21st May 2005. Text FA to 87121 to receive entry question(std txt rate)T&C's apply 08452810075over18's,"txt (3.9159998893737793), win (2.756999969482422), text (1.2549999952316284), free (0.765999972820282), in (-0.5630000233650208), apply (0.2669999897480011), call (-0.2460000067949295), to (-0.2029999941587448), your (-0.164000004529953), now (-0.15399999916553497)"
1172,quarantine,"Got what it takes 2 take part in the WRC Rally in Oz? U can with Lucozade Energy! Text RALLY LE to 61200 (25p), see packs or lucozade.co.uk/wrc & itcould be u!","text (2.9230000972747803), to (1.4249999523162842), or (1.1629999876022339), with (0.7960000038146973), see (0.5220000147819519), call (-0.4000000059604645), in (-0.367000013589859), you (0.26100000739097595), me (0.20900000631809235), what (-0.20800000429153442)"
1194,quarantine,Sex up ur mobile with a FREE sexy pic of Jordan! Just text BABE to 88600. Then every wk get a sexy celeb! PocketBabe.co.uk 4 more pics. 16 å£3/wk 087016248,"text (2.759999990463257), free (2.1480000019073486), to (1.2920000553131104), mobile (0.9070000052452087), ur (0.8289999961853027), with (0.7519999742507935), get (0.5139999985694885), up (-0.44699999690055847), call (-0.32199999690055847), you (0.2809999883174896)"
1196,quarantine,You have 1 new voicemail. Please call 08719181503,"call (3.2009999752044678), new (1.496000051498413), have (0.7749999761581421), me (0.3070000112056732), you (-0.2199999988079071), from (-0.17000000178813934), my (0.1469999998807907), txt (-0.13899999856948853), now (-0.11800000071525574), your (-0.10300000011920929)"
1205,quarantine,WIN a year supply of CDs 4 a store of ur choice worth å£500 & enter our å£100 Weekly draw txt MUSIC to 87066 Ts&Cs www.Ldew.com.subs16+1win150ppmx3,"txt (4.052999973297119), win (2.4019999504089355), to (1.0980000495910645), of (-1.0379999876022339), 500 (0.9729999899864197), ur (0.2919999957084656), call (-0.27900001406669617), me (0.1679999977350235), my (0.15299999713897705), from (-0.15000000596046448)"
1207,quarantine,"As a SIM subscriber, you are selected to receive a Bonus! Get it delivered to your door, Txt the word OK to No: 88600 to claim. 150p/msg, EXP. 30Apr","txt (3.561000108718872), claim (2.1419999599456787), msg (1.5449999570846558), your (0.7509999871253967), ok (-0.6819999814033508), you (0.6119999885559082), get (0.40799999237060547), to (0.36500000953674316), call (-0.3070000112056732), it (-0.30399999022483826)"
1217,quarantine,You have 1 new voicemail. Please call 08719181513.,"call (3.2009999752044678), new (1.496000051498413), have (0.7749999761581421), me (0.3070000112056732), you (-0.2199999988079071), from (-0.17000000178813934), my (0.1469999998807907), txt (-0.13899999856948853), now (-0.11800000071525574), your (-0.10300000011920929)"
1221,quarantine,No. 1 Nokia Tone 4 ur mob every week! Just txt NOK to 87021. 1st Tone FREE ! so get txtin now and tell ur friends. 150p/tone. 16 reply HL 4info,"txt (3.686000108718872), free (1.5049999952316284), reply (1.4110000133514404), now (1.2649999856948853), to (1.0880000591278076), get (0.5019999742507935), so (-0.36899998784065247), 150p (0.2750000059604645), and (0.18400000035762787), me (0.1770000010728836)"
1225,quarantine,You are a winner U have been specially selected 2 receive å£1000 cash or a 4* holiday (flights inc) speak to a live operator 2 claim 0871277810810,"claim (3.010999917984009), been (1.2259999513626099), to (0.9769999980926514), or (0.843999981880188), cash (0.550000011920929), call (-0.4869999885559082), you (0.35199999809265137), have (0.19599999487400055), your (-0.17900000512599945), are (-0.17800000309944153)"
1227,quarantine,Reply with your name and address and YOU WILL RECEIVE BY POST a weeks completely free accommodation at various global locations www.phb1.com ph:08700435505150p,"free (1.8739999532699585), reply (1.8580000400543213), your (1.7330000400543213), with (0.453000009059906), call (-0.2919999957084656), to (-0.2639999985694885), will (-0.22300000488758087), you (0.19599999487400055), me (0.18000000715255737), at (-0.17800000309944153)"
1229,quarantine,FREE entry into our å£250 weekly comp just send the word ENTER to 84128 NOW. 18 T&C www.textcomp.com cust care 08712405020.,"now (1.9620000123977661), free (1.6979999542236328), send (1.25), to (0.6700000166893005), call (-0.4259999990463257), the (0.2809999883174896), your (-0.23399999737739563), just (-0.19200000166893005), 18 (0.18199999630451202), me (0.1770000010728836)"
1252,quarantine,Please CALL 08712402779 immediately as there is an urgent message waiting for you,"call (3.6470000743865967), message (2.131999969482422), for (0.4359999895095825), there (-0.3449999988079071), me (0.3199999928474426), is (0.3160000145435333), your (-0.30799999833106995), you (0.2930000126361847), as (-0.19099999964237213), my (0.1720000058412552)"
1263,quarantine,"Hungry gay guys feeling hungry and up 4 it, now. Call 08718730555 just 10p/min. To stop texts call 08712460324 (10p/min)","call (2.872999906539917), stop (1.5609999895095825), now (1.4019999504089355), to (0.8600000143051147), up (-0.43299999833106995), me (0.32199999690055847), it (-0.22100000083446503), my (0.17100000381469727), your (-0.17000000178813934), from (-0.16200000047683716)"
1307,quarantine,Enjoy the jamster videosound gold club with your credits for 2 new videosounds+2 logos+musicnews! get more fun from jamster.co.uk! 16+only Help? call: 097012131,"call (3.691999912261963), help (0.6679999828338623), from (0.5820000171661377), with (0.574999988079071), new (0.5690000057220459), for (0.48399999737739563), get (0.46299999952316284), enjoy (0.4020000100135803), me (0.3880000114440918), more (0.2540000081062317)"
1318,quarantine,"Win the newest ÛÏHarry Potter and the Order of the Phoenix (Book 5) reply HARRY, answer 5 questions - chance to be the first among readers!","win (2.753000020980835), reply (2.372999906539917), to (1.1299999952316284), of (0.5950000286102295), the (-0.4909999966621399), call (-0.38100001215934753), me (0.17299999296665192), txt (-0.16899999976158142), my (0.15600000321865082), from (-0.13699999451637268)"
1328,quarantine,Ur balance is now å£500. Ur next question is: Who sang 'Uptown Girl' in the 80's ? 2 answer txt ur ANSWER to 83600. Good luck!,"txt (4.21999979019165), now (1.5880000591278076), 500 (1.218999981880188), to (1.0720000267028809), next (0.9279999732971191), good (-0.5659999847412109), in (-0.546999990940094), call (-0.32199999690055847), me (0.1860000044107437), my (0.17000000178813934)"
1350,quarantine,"FREE2DAY sexy St George's Day pic of Jordan!Txt PIC to 89080 dont miss out, then every wk a saucy celeb!4 more pics c PocketBabe.co.uk 0870241182716 å£3/wk","txt (4.316999912261963), out (1.656000018119812), to (1.0709999799728394), dont (0.843999981880188), call (-0.3050000071525574), of (0.22499999403953552), sexy (0.20600000023841858), me (0.16099999845027924), from (-0.15000000596046448), my (0.14900000393390656)"
1366,quarantine,"HOT LIVE FANTASIES call now 08707509020 Just 20p per min NTT Ltd, PO Box 1327 Croydon CR9 5WB 0870..k","call (4.311999797821045), now (1.7009999752044678), me (0.3499999940395355), just (-0.2409999966621399), per (0.20999999344348907), your (-0.18700000643730164), my (0.1770000010728836), from (-0.1720000058412552), to (-0.1589999943971634), ltd (0.15700000524520874)"
1374,quarantine,"Bears Pic Nick, and Tom, Pete and ... Dick. In fact, all types try gay chat with photo upload call 08718730666 (10p/min). 2 stop texts call 08712460324","call (2.6440000534057617), chat (2.617000102996826), stop (1.7200000286102295), with (1.0379999876022339), all (0.9259999990463257), and (-0.8809999823570251), in (-0.6470000147819519), me (0.296999990940094), now (-0.1589999943971634), from (-0.15800000727176666)"
1375,quarantine,"500 New Mobiles from 2004, MUST GO! Txt: NOKIA to No: 89545 & collect yours today!From ONLY å£1 www.4-tc.biz 2optout 087187262701.50gbp/mtmsg18 TXTAUCTION","txt (4.23199987411499), from (1.3179999589920044), to (1.159000039100647), 500 (1.1100000143051147), new (0.8069999814033508), go (-0.4099999964237213), no (-0.40799999237060547), call (-0.31700000166893005), me (0.17900000512599945), now (-0.164000004529953)"
1378,quarantine,Double Mins & Double Txt & 1/2 price Linerental on Latest Orange Bluetooth mobiles. Call MobileUpd8 for the very latest offers. 08000839402 or call2optout/LF56,"call (2.8469998836517334), txt (2.746000051498413), or (1.2790000438690186), for (0.6809999942779541), me (0.33899998664855957), orange (0.29499998688697815), my (0.1679999977350235), your (-0.1469999998807907), now (-0.13600000739097595), you (0.125)"
1380,quarantine,No. 1 Nokia Tone 4 ur mob every week! Just txt NOK to 87021. 1st Tone FREE ! so get txtin now and tell ur friends. 150p/tone. 16 reply HL 4info,"txt (3.686000108718872), free (1.5049999952316284), reply (1.4110000133514404), now (1.2649999856948853), to (1.0880000591278076), get (0.5019999742507935), so (-0.36899998784065247), 150p (0.2750000059604645), and (0.18400000035762787), me (0.1770000010728836)"
1414,quarantine,Dear U've been invited to XCHAT. This is our final attempt to contact u! Txt CHAT to 86688 150p/MsgrcvdHG/Suite342/2Lands/Row/W1J6HL LDN 18 yrs,"txt (3.9609999656677246), chat (2.700000047683716), this (0.6589999794960022), call (-0.31299999356269836), to (0.2770000100135803), 150p (0.2750000059604645), been (0.2680000066757202), now (-0.1679999977350235), your (-0.164000004529953), me (0.13300000131130219)"
1423,quarantine,Congratulations ur awarded either å£500 of CD gift vouchers & Free entry 2 our å£100 weekly draw txt MUSIC to 87066 TnCs www.Ldew.com 1 win150ppmx3age16,"txt (3.885999917984009), free (1.8530000448226929), 500 (1.152999997138977), to (1.0609999895095825), of (0.8899999856948853), ur (0.3790000081062317), call (-0.26899999380111694), me (0.1889999955892563), my (0.14800000190734863), from (-0.13899999856948853)"
1444,quarantine,Free 1st week entry 2 TEXTPOD 4 a chance 2 win 40GB iPod or å£250 cash every wk. Txt POD to 84128 Ts&Cs www.textpod.net custcare 08712405020.,"txt (3.9739999771118164), win (2.4809999465942383), free (1.7410000562667847), or (1.1829999685287476), to (0.843999981880188), cash (0.5350000262260437), call (-0.25600001215934753), me (0.16699999570846558), my (0.15000000596046448), from (-0.12800000607967377)"
1456,quarantine,Summers finally here! Fancy a chat or flirt with sexy singles in yr area? To get MATCHED up just reply SUMMER now. Free 2 Join. OptOut txt STOP Help08714742804,"txt (3.1530001163482666), chat (2.1510000228881836), stop (1.4930000305175781), free (1.3370000123977661), now (1.1100000143051147), reply (1.0820000171661377), to (0.8659999966621399), in (-0.8550000190734863), or (0.8399999737739563), with (0.640999972820282)"
1463,quarantine,"09066362231 URGENT! Your mobile No 07xxxxxxxxx won a å£2,000 bonus caller prize on 02/06/03! this is the 2nd attempt to reach YOU! call 09066362231 ASAP!","call (3.7339999675750732), mobile (1.187999963760376), won (1.034999966621399), to (0.6809999942779541), your (0.5350000262260437), this (0.5289999842643738), you (0.375), me (0.3709999918937683), my (0.22699999809265137), the (0.21299999952316284)"
1466,quarantine,"YOU 07801543489 are guaranteed the latests Nokia Phone, a 40GB iPod MP3 player or a å£500 prize! Txt word:COLLECT to No:83355! TC-LLC NY-USA 150p/Mt msgrcvd18+","txt (4.4019999504089355), 500 (1.1200000047683716), to (1.0820000171661377), or (0.7649999856948853), you (0.4560000002384186), no (-0.4090000092983246), call (-0.335999995470047), me (0.17100000381469727), my (0.15199999511241913), 150p (0.1469999998807907)"
1492,quarantine,"Your account has been credited with 500 FREE Text Messages. To activate, just txt the word: CREDIT to No: 80488 T&Cs www.80488.biz","txt (2.924999952316284), text (2.2100000381469727), your (1.680999994277954), free (1.2089999914169312), been (0.8769999742507935), 500 (0.8510000109672546), no (-0.703000009059906), with (0.23600000143051147), call (-0.20900000631809235), just (-0.17599999904632568)"
1502,quarantine,"HOT LIVE FANTASIES call now 08707509020 Just 20p per min NTT Ltd, PO Box 1327 Croydon CR9 5WB 0870 is a national rate call","call (3.50600004196167), now (1.7949999570846558), me (0.32600000500679016), is (0.21899999678134918), per (0.20999999344348907), your (-0.18400000035762787), my (0.17900000512599945), from (-0.16599999368190765), ltd (0.15700000524520874), to (-0.1379999965429306)"
1507,quarantine,Thanks for the Vote. Now sing along with the stars with Karaoke on your mobile. For a FREE link just reply with SING now.,"free (2.2100000381469727), reply (1.8739999532699585), the (-0.8330000042915344), mobile (0.7929999828338623), your (0.7059999704360962), for (0.5419999957084656), now (0.43700000643730164), call (-0.3869999945163727), you (0.20399999618530273), just (-0.1940000057220459)"
1518,quarantine,Our brand new mobile music service is now live. The free music player will arrive shortly. Just install on your phone to browse content from the top artists.,"free (1.9869999885559082), now (1.3029999732971191), service (1.1460000276565552), mobile (1.090999960899353), the (-0.8410000205039978), to (0.7789999842643738), new (0.49900001287460327), from (0.4909999966621399), call (-0.39100000262260437), me (0.21299999952316284)"
1521,quarantine,"URGENT! Your Mobile No was awarded a å£2,000 Bonus Caller Prize on 1/08/03! This is our 2nd attempt to contact YOU! Call 0871-4719-523 BOX95QU BT National Rate","call (3.864000082015991), your (1.5049999952316284), mobile (1.2330000400543213), to (0.8140000104904175), was (-0.6389999985694885), this (0.5239999890327454), no (-0.43299999833106995), you (0.38600000739097595), me (0.36899998784065247), my (0.2199999988079071)"
1536,quarantine,You have won a Nokia 7250i. This is what you get when you win our FREE auction. To take part send Nokia to 86021 now. HG/Suite342/2Lands Row/W1JHL 16+,"win (2.4590001106262207), send (1.7910000085830688), free (1.7669999599456787), you (-1.1829999685287476), won (1.1330000162124634), now (1.1100000143051147), this (0.9229999780654907), when (-0.5040000081062317), what (-0.460999995470047), get (0.3569999933242798)"
1544,quarantine,"Hello from Orange. For 1 month's free access to games, news and sport, plus 10 free texts and 20 photo messages, reply YES. Terms apply: www.orange.co.uk/ow","free (2.117000102996826), from (1.0470000505447388), to (0.6980000138282776), and (-0.6830000281333923), reply (0.5860000252723694), games (0.4819999933242798), call (-0.38499999046325684), apply (0.3529999852180481), orange (0.29499998688697815), txt (-0.18000000715255737)"
1573,quarantine,Ur cash-balance is currently 500 pounds - to maximize ur cash-in now send GO to 86688 only 150p/msg. CC 08718720201 HG/Suite342/2Lands Row/W1J6HL,"send (2.427000045776367), now (2.002000093460083), msg (1.4869999885559082), 500 (1.2790000438690186), in (-0.5429999828338623), cash (0.4729999899864197), call (-0.39399999380111694), is (0.36899998784065247), go (-0.296999990940094), my (0.17100000381469727)"
1574,quarantine,SMS AUCTION - A BRAND NEW Nokia 7250 is up 4 auction today! Auction is FREE 2 join & take part! Txt NOKIA to 86021 now! HG/Suite342/2Lands Row/W1J6HL,"txt (3.819000005722046), sms (1.9869999885559082), now (1.437000036239624), free (1.3359999656677246), to (1.0299999713897705), new (0.4690000116825104), call (-0.2680000066757202), up (-0.21699999272823334), your (-0.18000000715255737), me (0.17299999296665192)"
1594,quarantine,PRIVATE! Your 2003 Account Statement for shows 800 un-redeemed S. I. M. points. Call 08719899230 Identifier Code: 41685 Expires 07/11/04,"call (4.179999828338623), your (2.0369999408721924), for (1.3609999418258667), me (0.36800000071525574), my (0.18299999833106995), you (0.15299999713897705), now (-0.15299999713897705), in (0.13500000536441803), from (-0.11500000208616257), txt (-0.11400000005960464)"
1597,quarantine,As a Registered Subscriber yr draw 4 a å£100 gift voucher will b entered on receipt of a correct ans. When are the next olympics. Txt ans to 80062,"txt (4.556000232696533), to (1.2450000047683716), next (0.9980000257492065), of (0.6890000104904175), voucher (0.4189999997615814), when (-0.4189999997615814), call (-0.3370000123977661), the (0.2240000069141388), me (0.1860000044107437), my (0.1550000011920929)"
1598,quarantine,URGENT! Your Mobile number has been awarded with a å£2000 prize GUARANTEED. Call 09061790121 from land line. Claim 3030. Valid 12hrs only 150ppm,"call (3.369999885559082), claim (1.8509999513626099), mobile (1.0080000162124634), been (0.902999997138977), from (0.7509999871253967), number (0.40700000524520874), me (0.3930000066757202), with (0.37599998712539673), my (0.2150000035762787), you (-0.15800000727176666)"
1613,quarantine,RT-KIng Pro Video Club>> Need help? info@ringtoneking.co.uk or call 08701237397 You must be 16+ Club credits redeemable at www.ringtoneking.co.uk! Enjoy!,"call (4.432000160217285), or (1.3660000562667847), need (-0.5870000123977661), enjoy (0.38100001215934753), help (0.34700000286102295), you (0.3440000116825104), me (0.34200000762939453), at (-0.1850000023841858), your (-0.17399999499320984), my (0.1599999964237213)"
1623,quarantine,U have a secret admirer who is looking 2 make contact with U-find out who they R*reveal who thinks UR so special-call on 09058094599,"call (3.069999933242798), out (1.840000033378601), so (-0.9279999732971191), with (0.8420000076293945), ur (0.5950000286102295), they (0.49399998784065247), is (0.3840000033378601), have (0.31200000643730164), me (0.2919999957084656), on (0.17100000381469727)"
1628,quarantine,"You have been selected to stay in 1 of 250 top British hotels - FOR NOTHING! Holiday Worth å£350! To Claim, Call London 02072069400. Bx 526, SW73SS","call (3.5989999771118164), claim (2.1689999103546143), been (1.3569999933242798), for (0.6600000262260437), in (-0.6570000052452087), to (-0.4480000138282776), me (0.3400000035762787), of (-0.31700000166893005), you (0.2939999997615814), your (-0.18799999356269836)"
1640,quarantine,FreeMsg:Feelin kinda lnly hope u like 2 keep me company! Jst got a cam moby wanna c my pic?Txt or reply DATE to 82242 Msg150p 2rcv Hlp 08712317606 stop to 82242,"txt (3.7260000705718994), stop (2.0460000038146973), or (1.3229999542236328), reply (1.1339999437332153), my (-1.0180000066757202), me (-0.5820000171661377), like (0.18299999833106995), to (-0.1289999932050705), now (-0.12800000607967377), text (-0.10300000011920929)"
1653,quarantine,"For ur chance to win a å£250 cash every wk TXT: ACTION to 80608. T's&C's www.movietrivia.tv custcare 08712405022, 1x150p/wk","txt (4.388999938964844), win (3.0409998893737793), for (1.149999976158142), cash (0.48899999260902405), call (-0.26899999380111694), to (-0.22200000286102295), your (-0.20000000298023224), now (-0.15299999713897705), ur (0.14300000667572021), me (0.14300000667572021)"
1659,quarantine,RGENT! This is the 2nd attempt to contact U!U have WON å£1250 CALL 09071512433 b4 050703 T&CsBCM4235WC1N3XX. callcost 150ppm mobilesvary. maxå£7. 50,"call (2.9509999752044678), won (1.218000054359436), this (0.8600000143051147), me (0.30300000309944153), have (0.25999999046325684), your (-0.20000000298023224), my (0.18000000715255737), is (0.16200000047683716), to (-0.1509999930858612), now (-0.14900000393390656)"
1663,quarantine,Hi if ur lookin 4 saucy daytime fun wiv busty married woman Am free all next week Chat now 2 sort time 09099726429 JANINExx Callså£1/minMobsmoreLKPOBOX177HP51FL,"chat (2.7200000286102295), free (2.2079999446868896), if (-1.6519999504089355), now (1.5410000085830688), all (0.9290000200271606), next (0.8299999833106995), call (-0.40700000524520874), ur (0.3959999978542328), time (-0.3930000066757202), me (0.17599999904632568)"
1673,quarantine,URGENT! We are trying to contact U. Todays draw shows that you have won a å£800 prize GUARANTEED. Call 09050001295 from land line. Claim A21. Valid 12hrs only,"call (3.7320001125335693), claim (2.260999917984009), won (1.0210000276565552), from (0.781000018119812), to (0.718999981880188), you (0.5389999747276306), that (-0.48899999260902405), me (0.37400001287460327), we (-0.27399998903274536), my (0.18299999833106995)"
1688,quarantine,Free Top ringtone -sub to weekly ringtone-get 1st week free-send SUBPOLY to 81618-?3 per week-stop sms-08718727870,"sms (2.440999984741211), ringtone (1.9149999618530273), stop (1.8619999885559082), send (1.2350000143051147), free (1.2319999933242798), call (-0.32899999618530273), get (-0.2540000081062317), per (0.20999999344348907), your (-0.19200000166893005), now (-0.1720000058412552)"
1691,quarantine,Sunshine Quiz Wkly Q! Win a top Sony DVD player if u know which country the Algarve is in? Txt ansr to 82277. å£1.50 SP:Tyrone,"txt (4.2870001792907715), win (2.5290000438690186), to (1.0069999694824219), in (-0.625), call (-0.30399999022483826), is (-0.21400000154972076), know (-0.1940000057220459), me (0.16099999845027924), my (0.15800000727176666), the (0.15700000524520874)"
1699,quarantine,"Free msg. Sorry, a service you ordered from 81303 could not be delivered as you do not have sufficient credit. Please top up to receive the service.","free (2.132999897003174), service (1.4579999446868896), msg (1.3519999980926514), from (1.1410000324249268), to (0.6959999799728394), you (-0.5799999833106995), call (-0.46399998664855957), not (-0.4050000011920929), up (-0.39800000190734863), have (0.24799999594688416)"
1714,quarantine,Hard LIVE 121 chat just 60p/min. Choose your girl and connect LIVE. Call 09094646899 now! Cheap Chat UK's biggest live service. VU BCM1896WC1N3XX,"call (3.888000011444092), now (1.4980000257492065), service (1.2100000381469727), your (0.4099999964237213), me (0.35499998927116394), my (0.19200000166893005), and (0.18700000643730164), from (-0.14499999582767487), to (-0.14399999380111694), txt (-0.1120000034570694)"
1718,quarantine,WOW! The Boys R Back. TAKE THAT 2007 UK Tour. Win VIP Tickets & pre-book with VIP Club. Txt CLUB to 81303. Trackmarque Ltd info@vipclub4u.,"txt (4.4029998779296875), win (2.624000072479248), to (0.9070000052452087), that (-0.8730000257492065), with (0.6480000019073486), call (-0.3089999854564667), me (0.15600000321865082), ltd (0.15600000321865082), your (-0.14000000059604645), my (0.13699999451637268)"
1734,quarantine,"Hi, this is Mandy Sullivan calling from HOTMIX FM...you are chosen to receive å£5000.00 in our Easter Prize draw.....Please telephone 09041940223 to claim befor","claim (2.734999895095825), this (0.699999988079071), or (0.6389999985694885), your (0.5839999914169312), from (0.5260000228881836), in (-0.5199999809265137), call (-0.4320000112056732), you (0.3490000069141388), to (0.2590000033378601), me (0.17800000309944153)"
1741,quarantine,UR GOING 2 BAHAMAS! CallFREEFONE 08081560665 and speak to a live operator to claim either Bahamas cruise ofå£2000 CASH 18+only. To opt out txt X to 07786200117,"txt (3.9179999828338623), claim (2.2170000076293945), out (0.7799999713897705), going (-0.5569999814033508), cash (0.5350000262260437), and (-0.5189999938011169), call (-0.2630000114440918), your (-0.2070000022649765), 18 (0.13199999928474426), now (-0.13099999725818634)"
1745,quarantine,Someone has conacted our dating service and entered your phone because they fancy you!To find out who it is call from landline 09111030116. PoBox12n146tf15,"call (3.5209999084472656), and (-1.2020000219345093), your (1.187999963760376), service (1.159000039100647), it (-1.0479999780654907), from (1.0219999551773071), out (0.6420000195503235), you (0.6420000195503235), to (0.6050000190734863), they (0.4490000009536743)"
1765,quarantine,Hi 07734396839 IBH Customer Loyalty Offer: The NEW NOKIA6600 Mobile from ONLY å£10 at TXTAUCTION!Txt word:START to No:81151 & get Yours Now!4T&,"txt (4.013000011444092), now (1.5740000009536743), from (1.1749999523162842), new (1.1549999713897705), mobile (1.0490000247955322), to (0.6190000176429749), customer (0.5059999823570251), no (-0.4090000092983246), get (-0.3540000021457672), call (-0.3479999899864197)"
1767,quarantine,SMS AUCTION You have won a Nokia 7250i. This is what you get when you win our FREE auction. To take part send Nokia to 86021 now. HG/Suite342/2Lands Row/W1JHL 1,"sms (2.3350000381469727), win (2.308000087738037), send (1.718999981880188), free (1.5839999914169312), you (-1.2269999980926514), won (1.1330000162124634), now (1.0759999752044678), this (0.675000011920929), when (-0.37599998712539673), get (0.3370000123977661)"
1780,quarantine,"Loan for any purpose å£500 - å£75,000. Homeowners + Tenants welcome. Have you been previously refused? We can still help. Call Free 0800 1956669 or text back 'h","call (3.250999927520752), free (1.5190000534057617), text (1.4609999656677246), 500 (1.222000002861023), or (1.1490000486373901), help (0.7129999995231628), can (-0.3659999966621399), me (0.35100001096725464), for (0.3160000145435333), been (0.22300000488758087)"
1781,quarantine,BIG BROTHER ALERT! The computer has selected u for 10k cash or #150 voucher. Call 09064018838. NTT PO Box CRO1327 18+ BT Landline Cost 150ppm mobiles vary,"call (4.306000232696533), or (1.3200000524520874), for (0.7879999876022339), cash (0.5210000276565552), me (0.34200000762939453), voucher (0.3269999921321869), my (0.16899999976158142), your (-0.16699999570846558), 18 (0.13600000739097595), now (-0.1340000033378601)"
1807,quarantine,Todays Voda numbers ending 1225 are selected to receive a å£50award. If you have a match please call 08712300220 quoting claim code 3100 standard rates app ,"call (3.5269999504089355), claim (2.375), to (0.8659999966621399), you (0.5329999923706055), if (-0.37400001287460327), me (0.35100001096725464), my (0.17499999701976776), your (-0.164000004529953), from (-0.1589999943971634), and (0.13699999451637268)"
1830,quarantine,"Hottest pics straight to your phone!! See me getting Wet and Wanting, just for you xx Text PICS to 89555 now! txt costs 150p textoperator g696ga 18 XxX","txt (3.4600000381469727), text (1.8140000104904175), now (1.4040000438690186), me (-0.7609999775886536), your (0.6140000224113464), see (0.39899998903274536), you (0.382999986410141), 150p (0.2750000059604645), for (0.23999999463558197), call (-0.19200000166893005)"
1839,quarantine,"Hack Chat. Get backdoor entry into 121 chat rooms at a fraction of the cost. Reply NEO69 or call 09050280520, to subscribe 25p pm. DPS, Bcm box 8027 Ldn, wc1n3x","call (3.375999927520752), reply (1.600000023841858), or (1.0800000429153442), of (0.9539999961853027), to (0.875), me (0.3840000033378601), get (0.32100000977516174), at (-0.22200000286102295), cost (0.21400000154972076), my (0.19300000369548798)"
1848,quarantine,"FREE NOKIA Or Motorola with upto 12mths 1/2price linerental, 500 FREE x-net mins&100txt/mth FREE B'tooth*. Call Mobileupd8 on 08001950382 or call 2optout/D3WV","call (3.055999994277954), free (1.406000018119812), 500 (1.1970000267028809), with (0.49799999594688416), me (0.32600000500679016), or (0.19499999284744263), now (-0.16699999570846558), from (-0.16200000047683716), my (0.16099999845027924), your (-0.13199999928474426)"
1853,quarantine,"This is the 2nd time we have tried 2 contact u. U have won the 750 Pound prize. 2 claim is easy, call 08718726970 NOW! Only 10p per min. BT-national-rate ","call (3.5910000801086426), claim (2.072999954223633), now (1.2400000095367432), won (1.1679999828338623), the (-0.9160000085830688), this (0.8209999799728394), me (0.34700000286102295), have (0.25), my (0.1850000023841858), to (-0.1720000058412552)"
1874,quarantine,You have WON a guaranteed å£1000 cash or a å£2000 prize.To claim yr prize call our customer service representative on,"call (3.566999912261963), claim (1.9210000038146973), service (1.1139999628067017), won (1.065999984741211), or (0.6399999856948853), you (0.6200000047683716), to (0.5389999747276306), cash (0.5139999985694885), customer (0.4090000092983246), me (0.36399999260902405)"
1876,quarantine,HMV BONUS SPECIAL 500 pounds of genuine HMV vouchers to be won. Just answer 4 easy questions. Play Now! Send HMV to 86688 More info:www.100percent-real.com,"send (2.3289999961853027), now (2.0169999599456787), 500 (1.50600004196167), won (1.1150000095367432), call (-0.4000000059604645), to (0.3070000112056732), of (0.18400000035762787), my (0.1720000058412552), txt (-0.16500000655651093), your (-0.16099999845027924)"
1880,quarantine,U have a secret admirer who is looking 2 make contact with U-find out who they R*reveal who thinks UR so special-call on 09058094594,"call (3.069999933242798), out (1.840000033378601), so (-0.9279999732971191), with (0.8420000076293945), ur (0.5950000286102295), they (0.49399998784065247), is (0.3840000033378601), have (0.31200000643730164), me (0.2919999957084656), on (0.17100000381469727)"
1887,quarantine,Dear 0776xxxxxxx U've been invited to XCHAT. This is our final attempt to contact u! Txt CHAT to 86688 150p/MsgrcvdHG/Suite342/2Lands/Row/W1J6HL LDN 18yrs ,"txt (3.934000015258789), chat (2.6510000228881836), this (0.8009999990463257), been (0.48100000619888306), to (0.36399999260902405), call (-0.3109999895095825), 150p (0.2750000059604645), now (-0.1679999977350235), your (-0.16200000047683716), me (0.13300000131130219)"
1888,quarantine,Urgent! Please call 09061743811 from landline. Your ABTA complimentary 4* Tenerife Holiday or å£5000 cash await collection SAE T&Cs Box 326 CW25WX 150ppm,"call (4.22599983215332), or (0.9679999947547913), from (0.8510000109672546), cash (0.5740000009536743), your (0.39399999380111694), me (0.3930000066757202), my (0.20600000023841858), now (-0.14100000262260437), txt (-0.10999999940395355), for (-0.1080000028014183)"
1893,quarantine,CALL 09090900040 & LISTEN TO EXTREME DIRTY LIVE CHAT GOING ON IN THE OFFICE RIGHT NOW TOTAL PRIVACY NO ONE KNOWS YOUR [sic] LISTENING 60P MIN 24/7MP 08707533310,"call (3.5160000324249268), chat (2.3580000400543213), now (1.8070000410079956), in (-1.3009999990463257), your (1.1510000228881836), to (0.8090000152587891), going (-0.5659999847412109), no (-0.44699999690055847), me (0.3529999852180481), my (0.18700000643730164)"
1904,quarantine,Free entry in 2 a weekly comp for a chance to win an ipod. Txt POD to 80182 to get entry (std txt rate) T&C's apply 08452810073 for details 18+,"txt (3.993000030517578), win (2.7939999103546143), free (1.3830000162124634), in (-0.6309999823570251), get (0.5519999861717224), for (0.49399998784065247), apply (0.2669999897480011), your (-0.25600001215934753), call (-0.2160000056028366), me (0.13600000739097595)"
1915,quarantine,New TEXTBUDDY Chat 2 horny guys in ur area 4 just 25p Free 2 receive Search postcode or at gaytextbuddy.com. TXT ONE name to 89693. 08715500022 rpl Stop 2 cnl,"txt (3.5160000324249268), chat (2.3459999561309814), stop (1.4500000476837158), free (1.0110000371932983), new (0.8690000176429749), in (-0.8159999847412109), or (0.7099999785423279), to (0.5839999914169312), call (-0.25600001215934753), at (-0.20200000703334808)"
1929,quarantine,Call from 08702490080 - tells u 2 call 09066358152 to claim å£5000 prize. U have 2 enter all ur mobile & personal details @ the prompts. Careful!,"claim (2.7920000553131104), from (1.1349999904632568), call (1.0950000286102295), mobile (1.0160000324249268), to (0.6100000143051147), the (0.2709999978542328), me (0.2680000066757202), all (0.17000000178813934), my (0.16200000047683716), txt (-0.13500000536441803)"
1930,quarantine,Free 1st week entry 2 TEXTPOD 4 a chance 2 win 40GB iPod or å£250 cash every wk. Txt VPOD to 81303 Ts&Cs www.textpod.net custcare 08712405020.,"txt (3.9749999046325684), win (2.5789999961853027), free (1.7389999628067017), to (0.9070000052452087), or (0.906000018119812), cash (0.5350000262260437), call (-0.2549999952316284), me (0.16699999570846558), my (0.14900000393390656), from (-0.12999999523162842)"
1940,quarantine,More people are dogging in your area now. Call 09090204448 and join like minded guys. Why not arrange 1 yourself. There's 1 this evening. Aå£1.50 minAPN LS278BB,"call (3.752000093460083), now (1.7330000400543213), your (1.315000057220459), and (-0.9240000247955322), in (-0.8429999947547913), this (0.6850000023841858), not (-0.44999998807907104), there (-0.38199999928474426), me (0.3179999887943268), my (0.18299999833106995)"
1942,quarantine,"WELL DONE! Your 4* Costa Del Sol Holiday or å£5000 await collection. Call 09050090044 Now toClaim. SAE, TCs, POBox334, Stockport, SK38xh, Costå£1.50/pm, Max10mi","call (4.01200008392334), now (1.4450000524520874), or (1.1970000267028809), your (0.4449999928474426), me (0.36899998784065247), my (0.19499999284744263), you (0.15600000321865082), to (-0.13199999928474426), from (-0.12999999523162842), for (-0.12399999797344208)"
1961,quarantine,Guess what! Somebody you know secretly fancies you! Wanna find out who it is? Give us a call on 09065394973 from Landline DATEBox1282EssexCM61XN 150p/min 18,"call (4.433000087738037), from (1.5019999742507935), out (1.156999945640564), it (-0.6579999923706055), what (-0.4090000092983246), me (0.35899999737739563), you (-0.3569999933242798), 150p (0.2750000059604645), is (0.2329999953508377), know (-0.23199999332427979)"
1963,quarantine,it to 80488. Your 500 free text messages are valid until 31 December 2005.,"text (2.565000057220459), free (1.8580000400543213), 500 (1.0069999694824219), it (-0.8019999861717224), are (0.6420000195503235), your (0.5870000123977661), you (0.46399998664855957), call (-0.3400000035762787), to (-0.2280000001192093), me (0.2070000022649765)"
1970,quarantine,You have won a guaranteed å£200 award or even å£1000 cashto claim UR award call free on 08000407165 (18+) 2 stop getstop on 88222 PHP,"call (3.569000005722046), claim (1.8179999589920044), stop (1.156000018119812), won (1.065999984741211), free (0.7990000247955322), or (0.6159999966621399), you (0.3569999933242798), me (0.35600000619888306), 18 (0.18199999630451202), my (0.16500000655651093)"
1978,quarantine,Reply to win å£100 weekly! Where will the 2006 FIFA World Cup be held? Send STOP to 87239 to end service,"win (2.2899999618530273), reply (2.0810000896453857), stop (2.063999891281128), service (1.2869999408721924), send (1.1640000343322754), to (0.4180000126361847), the (0.3070000112056732), call (-0.22100000083446503), me (0.16899999976158142), my (0.15800000727176666)"
1985,quarantine,Urgent! Please call 09061743810 from landline. Your ABTA complimentary 4* Tenerife Holiday or #5000 cash await collection SAE T&Cs Box 326 CW25WX 150 ppm,"call (3.9660000801086426), or (1.1690000295639038), from (0.7289999723434448), cash (0.5740000009536743), your (0.4000000059604645), me (0.3919999897480011), my (0.20600000023841858), now (-0.14499999582767487), txt (-0.11100000143051147), for (-0.1080000028014183)"
1993,quarantine,Free tones Hope you enjoyed your new content. text stop to 61610 to unsubscribe. help:08712400602450p Provided by tones2you.co.uk,"text (2.3540000915527344), your (1.7790000438690186), stop (1.7239999771118164), free (1.5520000457763672), new (0.8379999995231628), help (0.7450000047683716), call (-0.2750000059604645), me (0.2199999988079071), tones (0.20499999821186066), to (-0.1979999989271164)"
2014,quarantine,Great News! Call FREEFONE 08006344447 to claim your guaranteed å£1000 CASH or å£2000 gift. Speak to a live operator NOW!,"call (3.2209999561309814), claim (1.930999994277954), your (1.621999979019165), now (1.5570000410079956), or (0.7630000114440918), to (-0.5770000219345093), cash (0.5740000009536743), me (0.3790000081062317), you (0.21299999952316284), my (0.20200000703334808)"
2023,quarantine,"U can WIN å£100 of Music Gift Vouchers every week starting NOW Txt the word DRAW to 87066 TsCs www.ldew.com SkillGame,1Winaweek, age16.150ppermessSubscription","txt (3.9690001010894775), win (2.575000047683716), to (1.0880000591278076), now (1.0750000476837158), of (0.6919999718666077), can (-0.4490000009536743), call (-0.2980000078678131), me (0.1809999942779541), my (0.15800000727176666), and (0.13600000739097595)"
2044,quarantine,4mths half price Orange line rental & latest camera phones 4 FREE. Had your phone 11mths ? Call MobilesDirect free on 08000938767 to update now! or2stoptxt,"call (3.5409998893737793), your (1.7569999694824219), now (1.684999942779541), free (1.0850000381469727), to (0.7070000171661377), me (0.3779999911785126), orange (0.3659999966621399), my (0.20600000023841858), you (0.15700000524520874), but (0.11699999868869781)"
2053,quarantine,"Call 09094100151 to use ur mins! Calls cast 10p/min (mob vary). Service provided by AOM, just GBP5/month. AOM Box61,M60 1ER until u stop. Ages 18+ only!","call (3.302000045776367), stop (1.6349999904632568), service (1.4199999570846558), to (0.9020000100135803), ur (0.6019999980926514), me (0.3490000069141388), 18 (0.18199999630451202), my (0.1770000010728836), from (-0.15299999713897705), and (0.13899999856948853)"
2064,quarantine,"URGENT! Your mobile No *********** WON a å£2,000 Bonus Caller Prize on 02/06/03! This is the 2nd attempt to reach YOU! Call 09066362220 ASAP! BOX97N7QP, 150ppm","call (3.812999963760376), your (1.3300000429153442), mobile (1.1690000295639038), won (0.9229999780654907), to (0.8330000042915344), this (0.6480000019073486), you (0.4909999966621399), no (-0.4339999854564667), the (0.4189999997615814), me (0.3799999952316284)"
2071,quarantine,Sexy Singles are waiting for you! Text your AGE followed by your GENDER as wither M or F E.G.23F. For gay men text your AGE followed by a G. e.g.23G.,"text (2.2950000762939453), your (1.4220000505447388), or (1.2719999551773071), for (0.8809999823570251), you (0.6230000257492065), call (-0.4790000021457672), to (-0.37400001287460327), me (0.2029999941587448), txt (-0.18199999630451202), sexy (0.1459999978542328)"
2074,quarantine,"FreeMsg: Claim ur 250 SMS messages-Text OK to 84025 now!Use web2mobile 2 ur mates etc. Join Txt250.com for 1.50p/wk. T&C BOX139, LA32WU. 16 . Remove txtX or sto","sms (2.806999921798706), text (1.9620000123977661), claim (1.7089999914169312), stop (1.3880000114440918), now (1.159000039100647), or (1.0779999494552612), to (0.8309999704360962), ok (-0.6480000019073486), you (0.35199999809265137), call (-0.33399999141693115)"
2079,quarantine,85233 FREE>Ringtone!Reply REAL,"ringtone (2.696000099182129), free (2.046999931335449), reply (1.5759999752044678), real (0.5109999775886536), call (-0.40700000524520874), your (-0.20100000500679016), me (0.1770000010728836), from (-0.17399999499320984), to (-0.16500000655651093), txt (-0.1589999943971634)"
2089,quarantine,Well done ENGLAND! Get the official poly ringtone or colour flag on yer mobile! text TONE or FLAG to 84199 NOW! Opt-out txt ENG STOP. Box39822 W111WX å£1.50,"txt (3.1740000247955322), text (1.6150000095367432), ringtone (1.465000033378601), stop (1.3070000410079956), out (0.8379999995231628), to (0.828000009059906), now (0.7440000176429749), mobile (0.5920000076293945), get (0.4180000126361847), you (0.25200000405311584)"
2094,quarantine,"Final Chance! Claim ur å£150 worth of discount vouchers today! Text YES to 85023 now! SavaMob, member offers mobile! T Cs SavaMob POBOX84, M263UZ. å£3.00 Subs 1","claim (2.184999942779541), text (2.1710000038146973), to (1.343000054359436), now (1.2869999408721924), ur (0.8870000243186951), mobile (0.7160000205039978), call (-0.3529999852180481), you (0.2619999945163727), me (0.24799999594688416), of (0.20600000023841858)"
2095,quarantine,PRIVATE! Your 2004 Account Statement for 07742676969 shows 786 unredeemed Bonus Points. To claim call 08719180248 Identifier Code: 45239 Expires,"call (3.38700008392334), claim (2.058000087738037), your (0.5429999828338623), to (0.492000013589859), for (0.3919999897480011), me (0.3630000054836273), my (0.20000000298023224), now (-0.12600000202655792), and (0.12300000339746475), but (0.12200000137090683)"
2100,quarantine,"SMS SERVICES. for your inclusive text credits, pls goto www.comuk.net login= ***** unsubscribe with STOP. no extra charge. help:08700469649. PO BOX420. IP4 5WE","sms (2.818000078201294), text (2.2079999446868896), stop (1.9279999732971191), with (0.847000002861023), your (0.7459999918937683), help (0.6359999775886536), for (0.5019999742507935), call (-0.39399999380111694), you (0.375), unsubscribe (0.3659999966621399)"
2109,quarantine,"FREE2DAY sexy St George's Day pic of Jordan!Txt PIC to 89080 dont miss out, then every wk a saucy celeb!4 more pics c PocketBabe.co.uk 0870241182716 å£3/wk","txt (4.316999912261963), out (1.656000018119812), to (1.0709999799728394), dont (0.843999981880188), call (-0.3050000071525574), of (0.22499999403953552), sexy (0.20600000023841858), me (0.16099999845027924), from (-0.15000000596046448), my (0.14900000393390656)"
2113,quarantine,You are a winner you have been specially selected to receive å£1000 cash or a å£2000 award. Speak to a live operator to claim call 087123002209am-7pm. Cost 10p,"call (3.6589999198913574), claim (2.2260000705718994), been (1.4819999933242798), you (-0.7170000076293945), or (0.6840000152587891), cash (0.5740000009536743), me (0.3409999907016754), to (-0.26600000262260437), cost (0.22699999809265137), are (-0.19099999964237213)"
2115,quarantine,"Sunshine Hols. To claim ur med holiday send a stamped self address envelope to Drinks on Us UK, PO Box 113, Bray, Wicklow, Eire. Quiz Starts Saturday! Unsub Sto","claim (2.311000108718872), stop (1.8609999418258667), send (1.7640000581741333), ur (0.6129999756813049), call (-0.38999998569488525), to (-0.21199999749660492), now (-0.20200000703334808), your (-0.16500000655651093), me (0.16500000655651093), txt (-0.1599999964237213)"
2119,quarantine,"U can WIN å£100 of Music Gift Vouchers every week starting NOW Txt the word DRAW to 87066 TsCs www.Idew.com SkillGame, 1Winaweek, age16. 150ppermessSubscription","txt (3.9690001010894775), win (2.575000047683716), to (1.0880000591278076), now (1.0750000476837158), of (0.6919999718666077), can (-0.4490000009536743), call (-0.2980000078678131), me (0.1809999942779541), my (0.15800000727176666), and (0.13600000739097595)"
2124,quarantine,+123 Congratulations - in this week's competition draw u have won the å£1450 prize to claim just call 09050002311 b4280703. T&Cs/stop SMS 08718727868. Over 18 o,"call (3.046999931335449), sms (2.5190000534057617), claim (1.8980000019073486), stop (1.2610000371932983), won (1.1480000019073486), over (0.9430000185966492), in (-0.9229999780654907), this (0.8019999861717224), to (0.5109999775886536), the (0.3840000033378601)"
2133,quarantine,Your B4U voucher w/c 27/03 is MARSMS. Log onto www.B4Utele.com for discount credit. To opt out reply stop. Customer care call 08717168528,"call (2.7009999752044678), stop (1.5520000457763672), reply (1.4290000200271606), your (1.2410000562667847), for (0.5630000233650208), customer (0.4779999852180481), to (0.4519999921321869), me (0.3709999918937683), voucher (0.3659999966621399), out (0.27399998903274536)"
2146,quarantine,"Sunshine Hols. To claim ur med holiday send a stamped self address envelope to Drinks on Us UK, PO Box 113, Bray, Wicklow, Eire. Quiz Starts Saturday! Unsub Sto","claim (2.311000108718872), stop (1.8609999418258667), send (1.7640000581741333), ur (0.6129999756813049), call (-0.38999998569488525), to (-0.21199999749660492), now (-0.20200000703334808), your (-0.16500000655651093), me (0.16500000655651093), txt (-0.1599999964237213)"
2160,quarantine,FREE for 1st week! No1 Nokia tone 4 ur mob every week just txt NOKIA to 87077 Get txting and tell ur mates. zed POBox 36504 W45WQ norm150p/tone 16+,"txt (4.263000011444092), free (1.4539999961853027), to (0.7390000224113464), get (0.6200000047683716), call (-0.2680000066757202), your (-0.17000000178813934), tone (0.16099999845027924), me (0.1550000011920929), my (0.14300000667572021), from (-0.14000000059604645)"
2170,quarantine,"Shop till u Drop, IS IT YOU, either 10K, 5K, å£500 Cash or å£100 Travel voucher, Call now, 09064011000. NTT PO Box CR01327BT fixedline Cost 150ppm mobile vary","call (3.8480000495910645), now (1.3630000352859497), 500 (1.0809999704360962), or (1.0479999780654907), mobile (0.7730000019073486), cash (0.39399999380111694), me (0.3490000069141388), you (0.2939999997615814), voucher (0.27000001072883606), it (-0.25999999046325684)"
2189,quarantine,FREE camera phones with linerental from 4.49/month with 750 cross ntwk mins. 1/2 price txt bundle deals also avble. Call 08001950382 or call2optout/J MF,"call (2.6089999675750732), txt (2.4760000705718994), free (1.7020000219345093), from (0.9110000133514404), or (0.8040000200271606), me (0.36899998784065247), my (0.18199999630451202), with (0.16699999570846558), now (-0.1289999932050705), the (0.09600000083446503)"
2207,quarantine,"URGENT! Your mobile No 07xxxxxxxxx won a å£2,000 bonus caller prize on 02/06/03! this is the 2nd attempt to reach YOU! call 09066362231 ASAP! BOX97N7QP, 150PPM","call (3.924999952316284), mobile (1.1690000295639038), won (1.0360000133514404), to (0.7519999742507935), this (0.6690000295639038), your (0.5170000195503235), you (0.4300000071525574), me (0.3709999918937683), the (0.2939999997615814), my (0.22699999809265137)"
2209,quarantine,"URGENT!! Your 4* Costa Del Sol Holiday or å£5000 await collection. Call 09050090044 Now toClaim. SAE, TC s, POBox334, Stockport, SK38xh, Costå£1.50/pm, Max10min","call (4.01200008392334), now (1.4450000524520874), or (1.1970000267028809), your (0.4449999928474426), me (0.36899998784065247), my (0.19499999284744263), you (0.15600000321865082), to (-0.13199999928474426), from (-0.12999999523162842), for (-0.12399999797344208)"
2220,quarantine,You have WON a guaranteed å£1000 cash or a å£2000 prize. To claim yr prize call our customer service representative on 08714712379 between 10am-7pm Cost 10p,"call (3.509999990463257), claim (1.8730000257492065), service (1.1150000095367432), won (1.065999984741211), or (0.753000020980835), to (0.753000020980835), cash (0.5139999985694885), customer (0.4090000092983246), you (0.3700000047683716), me (0.35899999737739563)"
2224,quarantine,"Thanks for your ringtone order, ref number K718. Your mobile will be charged å£4.50. Should your tone not arrive please call customer services on 09065069120","call (3.621999979019165), ringtone (2.0829999446868896), mobile (1.2170000076293945), for (0.7820000052452087), not (-0.7820000052452087), customer (0.5830000042915344), your (0.5799999833106995), me (0.34599998593330383), number (0.3160000145435333), my (0.1850000023841858)"
2250,quarantine,"Thanks for your ringtone order, ref number R836. Your mobile will be charged å£4.50. Should your tone not arrive please call customer services on 09065069154","call (3.621999979019165), ringtone (2.0829999446868896), mobile (1.2170000076293945), for (0.7820000052452087), not (-0.7820000052452087), customer (0.5830000042915344), your (0.5799999833106995), me (0.34599998593330383), number (0.3160000145435333), my (0.1850000023841858)"
2261,quarantine,SplashMobile: Choose from 1000s of gr8 tones each wk! This is a subscrition service with weekly tones costing 300p. U have one credit - kick back and ENJOY,"service (1.531000018119812), from (1.3940000534057617), with (0.7400000095367432), this (0.7009999752044678), of (0.5440000295639038), enjoy (0.5339999794960022), call (-0.515999972820282), have (0.24400000274181366), tones (0.23899999260902405), txt (-0.17100000381469727)"
2264,quarantine,Not heard from U4 a while. Call 4 rude chat private line 01223585334 to cum. Wan 2C pics of me gettin shagged then text PIX to 8552. 2End send STOP 8552 SAM xxx,"chat (2.5739998817443848), call (2.257999897003174), send (1.4930000305175781), stop (1.4270000457763672), text (1.2170000076293945), me (-1.194000005722046), from (0.7789999842643738), to (-0.35499998927116394), not (-0.2930000126361847), now (-0.16899999976158142)"
2267,quarantine,<Forwarded from 88877>FREE entry into our å£250 weekly comp just send the word ENTER to 88877 NOW. 18 T&C www.textcomp.com,"now (1.8969999551773071), free (1.6670000553131104), send (1.25), from (1.2269999980926514), to (0.4449999928474426), call (-0.4320000112056732), the (0.2150000035762787), me (0.20800000429153442), just (-0.19200000166893005), my (0.16599999368190765)"
2290,quarantine,Had your mobile 11mths ? Update for FREE to Oranges latest colour camera mobiles & unlimited weekend calls. Call Mobile Upd8 on freefone 08000839402 or 2StopTx,"call (3.437000036239624), free (1.5740000009536743), or (1.1019999980926514), mobile (0.7940000295639038), your (0.3919999897480011), me (0.36399999260902405), to (0.25099998712539673), my (0.20600000023841858), for (0.12999999523162842), you (0.12999999523162842)"
2295,quarantine,You have 1 new message. Please call 08718738034.,"message (1.8040000200271606), call (1.6490000486373901), new (1.496000051498413), have (0.796999990940094), you (-0.3050000071525574), me (0.22599999606609344), txt (-0.16500000655651093), from (-0.15199999511241913), my (0.13300000131130219), now (-0.10700000077486038)"
2297,quarantine,<Forwarded from 21870000>Hi - this is your Mailbox Messaging SMS alert. You have 4 messages. You have 21 matches. Please call back on 09056242159 to retrieve yo,"call (3.6080000400543213), sms (2.5339999198913574), from (0.6819999814033508), have (0.6549999713897705), to (0.5490000247955322), this (0.5059999823570251), me (0.367000013589859), your (0.2879999876022339), you (-0.21400000154972076), my (0.21299999952316284)"
2300,quarantine,"Congrats! 1 year special cinema pass for 2 is yours. call 09061209465 now! C Suprman V, Matrix3, StarWars3, etc all 4 FREE! bx420-ip4-5we. 150pm. Dont miss out!","call (3.1679999828338623), free (1.6460000276565552), out (1.4550000429153442), now (1.1649999618530273), dont (0.6809999942779541), for (0.625), me (0.3449999988079071), all (0.2750000059604645), my (0.1940000057220459), and (0.1850000023841858)"
2308,quarantine,WIN a year supply of CDs 4 a store of ur choice worth å£500 & enter our å£100 Weekly draw txt MUSIC to 87066 Ts&Cs www.Ldew.com.subs16+1win150ppmx3,"txt (4.052999973297119), win (2.4019999504089355), to (1.0980000495910645), of (-1.0379999876022339), 500 (0.9729999899864197), ur (0.2919999957084656), call (-0.27900001406669617), me (0.1679999977350235), my (0.15299999713897705), from (-0.15000000596046448)"
2309,quarantine,Moby Pub Quiz.Win a å£100 High Street prize if u know who the new Duchess of Cornwall will be? Txt her first name to 82277.unsub STOP å£1.50 008704050406 SP Arr,"txt (3.9830000400543213), win (1.9889999628067017), stop (1.6200000047683716), to (1.065000057220459), of (0.593999981880188), new (0.5389999747276306), call (-0.25), know (-0.2199999988079071), the (0.17900000512599945), me (0.1770000010728836)"
2311,quarantine,You have won a Nokia 7250i. This is what you get when you win our FREE auction. To take part send Nokia to 86021 now. HG/Suite342/2Lands Row/W1JHL 16+ ,"win (2.4590001106262207), send (1.7910000085830688), free (1.7669999599456787), you (-1.1829999685287476), won (1.1330000162124634), now (1.1100000143051147), this (0.9229999780654907), when (-0.5040000081062317), what (-0.460999995470047), get (0.3569999933242798)"
2312,quarantine,"Congratulations! Thanks to a good friend U have WON the å£2,000 Xmas prize. 2 claim is easy, just call 08718726971 NOW! Only 10p per minute. BT-national-rate.","call (3.440999984741211), claim (1.9789999723434448), won (1.1679999828338623), now (0.7710000276565552), to (0.6859999895095825), good (-0.574999988079071), me (0.3529999852180481), the (0.22300000488758087), per (0.20999999344348907), my (0.1940000057220459)"
2328,quarantine,"URGENT! Your mobile number *************** WON a å£2000 Bonus Caller prize on 10/06/03! This is the 2nd attempt to reach you! Call 09066368753 ASAP! Box 97N7QP,","call (3.8980000019073486), mobile (1.1469999551773071), won (1.0360000133514404), to (0.7329999804496765), this (0.6240000128746033), your (0.5630000233650208), you (0.47699999809265137), number (0.3919999897480011), me (0.3720000088214874), the (0.29100000858306885)"
2343,quarantine,Double your mins & txts on Orange or 1/2 price linerental - Motorola and SonyEricsson with B/Tooth FREE-Nokia FREE Call MobileUpd8 on 08000839402 or2optout/HV9D,"call (3.6110000610351562), free (1.315000057220459), or (0.8769999742507935), your (0.4180000126361847), with (0.40299999713897705), orange (0.3659999966621399), me (0.3319999873638153), and (-0.3109999895095825), my (0.18400000035762787), from (-0.12600000202655792)"
2354,quarantine,Please CALL 08712402902 immediately as there is an urgent message waiting for you.,"call (3.6470000743865967), message (2.131999969482422), for (0.4359999895095825), there (-0.3449999988079071), me (0.3199999928474426), is (0.3160000145435333), your (-0.30799999833106995), you (0.2930000126361847), as (-0.19099999964237213), my (0.1720000058412552)"
2360,quarantine,"Spook up your mob with a Halloween collection of a logo & pic message plus a free eerie tone, txt CARD SPOOK to 8007 zed 08701417012150p per logo/pic","txt (3.9660000801086426), free (0.9829999804496765), to (0.8629999756813049), with (0.7749999761581421), call (-0.2980000078678131), tone (0.28700000047683716), up (-0.2150000035762787), per (0.20999999344348907), message (0.17100000381469727), me (0.16699999570846558)"
2364,quarantine,"Fantasy Football is back on your TV. Go to Sky Gamestar on Sky Active and play å£250k Dream Team. Scoring starts on Saturday, so register now!SKY OPT OUT to 880","now (1.5369999408721924), out (1.4190000295639038), your (0.5879999995231628), is (0.45899999141693115), to (0.45100000500679016), call (-0.36800000071525574), my (0.17599999904632568), txt (-0.16500000655651093), in (0.16200000047683716), me (0.15000000596046448)"
2367,quarantine,Tone Club: Your subs has now expired 2 re-sub reply MONOC 4 monos or POLYC 4 polys 1 weekly @ 150p per week Txt STOP 2 stop This msg free Stream 0871212025016,"txt (2.7720000743865967), free (1.6959999799728394), reply (1.406999945640564), msg (1.3940000534057617), now (0.906000018119812), stop (0.8560000061988831), or (0.6159999966621399), this (0.6039999723434448), tone (0.4320000112056732), 150p (0.2750000059604645)"
2374,quarantine,XMAS Prize draws! We are trying to contact U. Todays draw shows that you have won a å£2000 prize GUARANTEED. Call 09058094565 from land line. Valid 12hrs only,"call (4.35699987411499), won (1.0210000276565552), from (0.9409999847412109), to (0.8059999942779541), you (0.5490000247955322), that (-0.4620000123977661), me (0.37299999594688416), my (0.1850000023841858), are (-0.15000000596046448), and (0.1459999978542328)"
2378,quarantine,YES! The only place in town to meet exciting adult singles is now in the UK. Txt CHAT to 86688 now! 150p/Msg.,"txt (4.068999767303467), chat (2.572000026702881), msg (1.3519999980926514), the (-0.5730000138282776), in (-0.5230000019073486), 150p (0.2750000059604645), call (-0.26600000262260437), now (-0.257999986410141), is (0.13600000739097595), your (-0.12999999523162842)"
2386,quarantine,"Someone has contacted our dating service and entered your phone becausethey fancy you! To find out who it is call from a landline 09058098002. PoBox1, W14RG 150","call (3.558000087738037), your (1.2130000591278076), and (-1.194000005722046), service (1.1119999885559082), from (1.0199999809265137), it (-1.0080000162124634), out (0.7900000214576721), you (0.6510000228881836), to (0.5580000281333923), me (0.3370000123977661)"
2413,quarantine,I don't know u and u don't know me. Send CHAT to 86688 now and let's find each other! Only 150p/Msg rcvd. HG/Suite342/2Lands/Row/W1J6HL LDN. 18 years or over.,"chat (3.055999994277954), send (1.7660000324249268), now (1.6460000276565552), over (1.4149999618530273), or (1.1100000143051147), me (-0.9139999747276306), and (-0.4699999988079071), msg (0.4569999873638153), to (0.382999986410141), 150p (0.2750000059604645)"
2420,quarantine,SMS SERVICES For your inclusive text credits pls gotto www.comuk.net login 3qxj9 unsubscribe with STOP no extra charge help 08702840625 comuk.220cm2 9AE,"sms (2.818000078201294), text (2.1640000343322754), stop (1.9559999704360962), your (0.7580000162124634), for (0.640999972820282), help (0.6359999775886536), call (-0.3880000114440918), no (-0.3869999945163727), you (0.3720000088214874), with (0.3700000047683716)"
2427,quarantine,Valentines Day Special! Win over å£1000 in our quiz and take your partner on the trip of a lifetime! Send GO to 83600 now. 150p/msg rcvd. CustCare:08718720201,"win (2.2850000858306885), send (1.7690000534057617), over (1.4199999570846558), now (1.4040000438690186), in (-0.6140000224113464), to (0.5519999861717224), of (0.5370000004768372), msg (0.4860000014305115), call (-0.38199999928474426), your (0.35899999737739563)"
2438,quarantine,"For ur chance to win å£250 cash every wk TXT: PLAY to 83370. T's&C's www.music-trivia.net custcare 08715705022, 1x150p/wk.","txt (4.291999816894531), win (2.9739999771118164), for (0.9679999947547913), cash (0.48899999260902405), ur (0.44699999690055847), call (-0.26899999380111694), to (-0.21899999678134918), your (-0.1599999964237213), now (-0.15700000524520874), me (0.14499999582767487)"
2473,quarantine,"Final Chance! Claim ur å£150 worth of discount vouchers today! Text YES to 85023 now! SavaMob, member offers mobile! T Cs SavaMob POBOX84, M263UZ. å£3.00 Subs 1","claim (2.184999942779541), text (2.1710000038146973), to (1.343000054359436), now (1.2869999408721924), ur (0.8870000243186951), mobile (0.7160000205039978), call (-0.3529999852180481), you (0.2619999945163727), me (0.24799999594688416), of (0.20600000023841858)"
2480,quarantine,"Sppok up ur mob with a Halloween collection of nokia logo&pic message plus a FREE eerie tone, txt CARD SPOOK to 8007","txt (3.9590001106262207), free (1.8910000324249268), message (0.9520000219345093), to (0.8759999871253967), of (0.7739999890327454), up (-0.42100000381469727), with (0.4169999957084656), ur (0.39399999380111694), call (-0.27399998903274536), me (0.18199999630451202)"
2481,quarantine,"Urgent! call 09066612661 from landline. Your complementary 4* Tenerife Holiday or å£10,000 cash await collection SAE T&Cs PO Box 3 WA14 2PX 150ppm 18+ Sender: H","call (4.22599983215332), or (1.1679999828338623), from (0.8270000219345093), cash (0.5740000009536743), your (0.41100001335144043), me (0.3919999897480011), my (0.20600000023841858), 18 (0.18199999630451202), now (-0.14100000262260437), txt (-0.1080000028014183)"
2496,quarantine,WINNER! As a valued network customer you hvae been selected to receive a å£900 reward! To collect call 09061701444. Valid 24 hours only. ACL03530150PM,"call (4.330999851226807), been (1.3569999933242798), you (0.8019999861717224), customer (0.6240000128746033), to (-0.5130000114440918), me (0.35199999809265137), as (-0.21899999678134918), your (-0.20800000429153442), my (0.16500000655651093), now (-0.15299999713897705)"
2514,quarantine,U have won a nokia 6230 plus a free digital camera. This is what u get when u win our FREE auction. To take part send NOKIA to 83383 now. POBOX114/14TCR/W1 16,"win (2.4719998836517334), send (1.628999948501587), free (1.4290000200271606), now (1.2289999723434448), won (1.1139999628067017), this (0.9160000085830688), when (-0.5059999823570251), what (-0.4390000104904175), get (-0.3140000104904175), call (-0.31299999356269836)"
2525,quarantine,FREE entry into our å£250 weekly comp just send the word WIN to 80086 NOW. 18 T&C www.txttowin.co.uk,"win (2.640000104904175), now (1.7549999952316284), free (1.527999997138977), send (1.1019999980926514), to (0.7289999723434448), call (-0.37599998712539673), the (0.23800000548362732), just (-0.19200000166893005), your (-0.19099999964237213), 18 (0.18199999630451202)"
2556,quarantine,"FreeMSG You have been awarded a FREE mini DIGITAL CAMERA, just reply SNAP to collect your prize! (quizclub Opt out? Stop 80122300p/wk SP:RWM Ph:08704050406)","reply (1.9270000457763672), stop (1.6299999952316284), your (1.5110000371932983), free (1.1710000038146973), been (1.027999997138977), to (0.6349999904632568), out (0.5270000100135803), you (0.33899998664855957), call (-0.32499998807907104), me (0.1899999976158142)"
2574,quarantine,"Congrats 2 mobile 3G Videophones R yours. call 09063458130 now! videochat wid ur mates, play java games, Dload polypH music, noline rentl. bx420. ip4. 5we. 150p","call (3.9489998817443848), now (1.5729999542236328), mobile (0.7639999985694885), ur (0.6669999957084656), games (0.4189999997615814), me (0.3610000014305115), my (0.1860000044107437), your (-0.16300000250339508), 150p (0.16099999845027924), from (-0.1599999964237213)"
2575,quarantine,Your next amazing xxx PICSFREE1 video will be sent to you enjoy! If one vid is not enough for 2day text back the keyword PICSFREE1 to get the next video.,"text (2.3329999446868896), your (1.1770000457763672), next (0.8700000047683716), get (0.5849999785423279), enjoy (0.4169999957084656), call (-0.41200000047683716), you (0.3970000147819519), for (0.36399999260902405), not (-0.3619999885559082), is (0.289000004529953)"
2581,quarantine,U are subscribed to the best Mobile Content Service in the UK for å£3 per ten days until you send STOP to 83435. Helpline 08706091795.,"stop (2.3410000801086426), service (1.5049999952316284), send (1.4869999885559082), mobile (1.2450000047683716), for (0.5799999833106995), the (-0.4959999918937683), in (-0.45399999618530273), call (-0.3869999945163727), per (0.20999999344348907), you (0.20000000298023224)"
2583,quarantine,"3 FREE TAROT TEXTS! Find out about your love life now! TRY 3 FOR FREE! Text CHANCE to 85555 16 only! After 3 Free, Msgs å£1.50 each","text (2.3399999141693115), free (1.281999945640564), out (1.2269999980926514), now (1.1360000371932983), your (0.8349999785423279), to (0.4970000088214874), you (0.35600000619888306), call (-0.31200000643730164), me (0.2370000034570694), my (0.18000000715255737)"
2590,quarantine,Join the UK's horniest Dogging service and u can have sex 2nite!. Just sign up and follow the instructions. Txt ENTRY to 69888 now! Nyt.EC2A.3LP.msg@150p,"txt (3.812000036239624), service (1.284999966621399), now (1.093999981880188), msg (0.8379999995231628), to (0.7689999938011169), the (-0.6470000147819519), and (-0.5270000100135803), have (-0.4519999921321869), up (-0.3700000047683716), can (-0.35100001096725464)"
2596,quarantine,Sunshine Quiz Wkly Q! Win a top Sony DVD player if u know which country Liverpool played in mid week? Txt ansr to 82277. å£1.50 SP:Tyrone,"txt (4.4720001220703125), win (2.7290000915527344), to (1.0809999704360962), in (-0.5509999990463257), call (-0.2930000126361847), from (-0.16200000047683716), now (-0.15700000524520874), me (0.15600000321865082), my (0.1469999998807907), your (-0.13600000739097595)"
2606,quarantine,"\HELLO U.CALL WEN U FINISH WRK.I FANCY MEETIN UP WIV U ALL TONITE AS I NEED A BREAK FROM DABOOKS. DID 4 HRS LAST NITE+2 TODAY OF WRK!\""""","call (4.580999851226807), from (1.4539999961853027), all (1.0149999856948853), up (-0.9110000133514404), need (-0.5740000009536743), me (0.37400001287460327), as (-0.20999999344348907), my (0.17900000512599945), now (-0.1420000046491623), your (-0.12600000202655792)"
2620,quarantine,<Forwarded from 21870000>Hi - this is your Mailbox Messaging SMS alert. You have 40 matches. Please call back on 09056242159 to retrieve your messages and match,"call (3.736999988555908), sms (2.680000066757202), from (0.7900000214576721), to (0.5419999957084656), this (0.5189999938011169), me (0.3659999966621399), my (0.19900000095367432), you (0.19599999487400055), your (0.15399999916553497), and (-0.15399999916553497)"
2626,quarantine,"FREE RING TONE just text \POLYS\"" to 87131. Then every week get a new tone. 0870737910216yrs only å£1.50/wk.""","text (3.127000093460083), free (2.2909998893737793), to (1.2940000295639038), new (1.2419999837875366), call (-0.36399999260902405), get (-0.3019999861717224), then (-0.2840000092983246), me (0.2150000035762787), your (-0.20399999618530273), you (0.20200000703334808)"
2632,quarantine,"URGENT! Your mobile No 077xxx WON a å£2,000 Bonus Caller Prize on 02/06/03! This is the 2nd attempt to reach YOU! Call 09066362206 ASAP! BOX97N7QP, 150ppm","call (3.812999963760376), your (1.3300000429153442), mobile (1.1690000295639038), won (0.9229999780654907), to (0.8330000042915344), this (0.6480000019073486), you (0.4909999966621399), no (-0.4339999854564667), the (0.4189999997615814), me (0.3799999952316284)"
2642,quarantine,"You are guaranteed the latest Nokia Phone, a 40GB iPod MP3 player or a å£500 prize! Txt word: COLLECT to No: 83355! IBHltd LdnW15H 150p/Mtmsgrcvd18","txt (4.401000022888184), 500 (1.1200000047683716), to (1.0740000009536743), or (1.00600004196167), you (0.4429999887943268), call (-0.3400000035762787), me (0.17100000381469727), my (0.1550000011920929), 150p (0.1469999998807907), now (-0.13500000536441803)"
2664,quarantine,8007 FREE for 1st week! No1 Nokia tone 4 ur mob every week just txt NOKIA to 8007 Get txting and tell ur mates www.getzed.co.uk POBox 36504 W4 5WQ norm 150p/ton,"txt (4.263000011444092), free (0.9959999918937683), to (0.7360000014305115), get (0.6200000047683716), tone (0.28700000047683716), call (-0.27799999713897705), 150p (0.2750000059604645), your (-0.17900000512599945), for (0.1770000010728836), me (0.1550000011920929)"
2669,quarantine,Wanna get laid 2nite? Want real Dogging locations sent direct to ur mobile? Join the UK's largest Dogging Network. Txt PARK to 69696 now! Nyt. ec2a. 3lp å£1.50/,"txt (4.210999965667725), now (1.4079999923706055), msg (0.6850000023841858), ur (0.5180000066757202), mobile (0.4959999918937683), get (0.4399999976158142), to (-0.36399999260902405), call (-0.2939999997615814), the (0.2029999941587448), your (-0.18700000643730164)"
2670,quarantine,we tried to contact you re your response to our offer of a new nokia fone and camcorder hit reply or call 08000930705 for delivery,"call (3.196000099182129), reply (1.3940000534057617), or (0.843999981880188), new (0.6359999775886536), and (-0.6200000047683716), for (0.5289999842643738), to (-0.3610000014305115), me (0.32499998807907104), of (0.3160000145435333), your (0.30300000309944153)"
2680,quarantine,"New Tones This week include: 1)McFly-All Ab.., 2) Sara Jorge-Shock.. 3) Will Smith-Switch.. To order follow instructions on next message","new (1.340000033378601), message (1.1629999876022339), next (1.034999966621399), this (0.9890000224113464), to (0.9620000123977661), call (-0.5170000195503235), on (0.40700000524520874), will (-0.2409999966621399), tones (0.23899999260902405), txt (-0.19699999690055847)"
2686,quarantine,URGENT! We are trying to contact U. Todays draw shows that you have won a å£800 prize GUARANTEED. Call 09050003091 from land line. Claim C52. Valid 12hrs only,"call (3.7320001125335693), claim (2.260999917984009), won (1.0210000276565552), from (0.781000018119812), to (0.718999981880188), you (0.5389999747276306), that (-0.48899999260902405), me (0.37400001287460327), we (-0.27399998903274536), my (0.18299999833106995)"
2691,quarantine,sports fans - get the latest sports news str* 2 ur mobile 1 wk FREE PLUS a FREE TONE Txt SPORT ON to 8007 www.getzed.co.uk 0870141701216+ norm 4txt/120p ,"txt (4.140999794006348), free (1.5520000457763672), mobile (0.9779999852180481), to (0.8999999761581421), ur (0.6850000023841858), get (0.5170000195503235), call (-0.2720000147819519), the (0.22499999403953552), me (0.1850000023841858), my (0.16300000250339508)"
2693,quarantine,"Urgent Urgent! We have 800 FREE flights to Europe to give away, call B4 10th Sept & take a friend 4 FREE. Call now to claim on 09050000555. BA128NNFWFLY150ppm","call (2.249000072479248), claim (2.134000062942505), now (1.180999994277954), free (0.9620000123977661), to (-0.6600000262260437), me (0.3109999895095825), have (-0.2639999985694885), your (-0.18400000035762787), my (0.16500000655651093), from (-0.12999999523162842)"
2705,quarantine,FreeMsg: Fancy a flirt? Reply DATE now & join the UKs fastest growing mobile dating service. Msgs rcvd just 25p to optout txt stop to 83021. Reply DATE now!,"txt (3.6080000400543213), stop (2.0), service (1.159999966621399), reply (0.8949999809265137), mobile (0.6800000071525574), now (0.4970000088214874), call (-0.26600000262260437), the (0.257999986410141), to (-0.20800000429153442), me (0.1589999943971634)"
2708,quarantine,Great NEW Offer - DOUBLE Mins & DOUBLE Txt on best Orange tariffs AND get latest camera phones 4 FREE! Call MobileUpd8 free on 08000839402 NOW! or 2stoptxt T&Cs,"call (2.4830000400543213), txt (2.443000078201294), now (1.2510000467300415), free (1.1540000438690186), or (1.149999976158142), new (0.6460000276565552), get (0.47600001096725464), me (0.3449999988079071), orange (0.296999990940094), my (0.18199999630451202)"
2711,quarantine,Hope you enjoyed your new content. text stop to 61610 to unsubscribe. help:08712400602450p Provided by tones2you.co.uk,"text (2.359999895095825), stop (2.0169999599456787), your (1.7050000429153442), new (0.8790000081062317), help (0.7450000047683716), call (-0.3720000088214874), me (0.2160000056028366), txt (-0.1509999930858612), my (0.14100000262260437), by (0.13699999451637268)"
2719,quarantine,18 days to Euro2004 kickoff! U will be kept informed of all the latest news and results daily. Unsubscribe send GET EURO STOP to 83222.,"stop (2.447999954223633), send (2.184999942779541), all (0.878000020980835), of (0.6890000104904175), get (0.6110000014305115), call (-0.39399999380111694), the (0.30000001192092896), and (0.2590000033378601), to (-0.24799999594688416), 18 (0.18199999630451202)"
2729,quarantine,Urgent Please call 09066612661 from landline. å£5000 cash or a luxury 4* Canary Islands Holiday await collection. T&Cs SAE award. 20M12AQ. 150ppm. 16+ ÛÏ,"call (4.5289998054504395), from (1.0540000200271606), or (0.9800000190734863), cash (0.5740000009536743), me (0.37599998712539673), my (0.1850000023841858), now (-0.14800000190734863), txt (-0.12099999934434891), your (-0.11999999731779099), urgent (0.1080000028014183)"
2730,quarantine,"Urgent! Please call 09066612661 from your landline, your complimentary 4* Lux Costa Del Sol holiday or å£1000 CASH await collection. ppm 150 SAE T&Cs James 28, ","call (4.000999927520752), or (1.2619999647140503), from (0.7049999833106995), cash (0.5740000009536743), me (0.375), your (0.2849999964237213), my (0.1979999989271164), for (-0.19300000369548798), now (-0.14499999582767487), you (0.1289999932050705)"
2742,quarantine,I don't know u and u don't know me. Send CHAT to 86688 now and let's find each other! Only 150p/Msg rcvd. HG/Suite342/2Lands/Row/W1J6HL LDN. 18 years or over.,"chat (3.055999994277954), send (1.7660000324249268), now (1.6460000276565552), over (1.4149999618530273), or (1.1100000143051147), me (-0.9139999747276306), and (-0.4699999988079071), msg (0.4569999873638153), to (0.382999986410141), 150p (0.2750000059604645)"
2767,quarantine,Married local women looking for discreet action now! 5 real matches instantly to your phone. Text MATCH to 69969 Msg cost 150p 2 stop txt stop BCMSFWC1N3XX,"txt (3.0420000553131104), text (1.7730000019073486), now (1.2430000305175781), stop (1.2050000429153442), msg (1.184999942779541), your (0.5759999752044678), real (0.3100000023841858), 150p (0.2750000059604645), you (0.27399998903274536), call (-0.22699999809265137)"
2779,quarantine,"For ur chance to win a å£250 cash every wk TXT: ACTION to 80608. T's&C's www.movietrivia.tv custcare 08712405022, 1x150p/wk.","txt (4.388999938964844), win (3.0409998893737793), for (1.149999976158142), cash (0.48899999260902405), call (-0.26899999380111694), to (-0.22200000286102295), your (-0.20000000298023224), now (-0.15299999713897705), ur (0.14300000667572021), me (0.14300000667572021)"
2791,quarantine,UÛªve Bin Awarded å£50 to Play 4 Instant Cash. Call 08715203028 To Claim. EVERY 9th Player Wins Min å£50-å£500. OptOut 08718727870,"call (3.50600004196167), claim (2.184000015258789), 500 (1.00600004196167), to (-0.6800000071525574), cash (0.4729999899864197), me (0.33899998664855957), your (-0.20100000500679016), my (0.164000004529953), now (-0.1469999998807907), from (-0.14300000667572021)"
2807,quarantine,December only! Had your mobile 11mths+? You are entitled to update to the latest colour camera mobile for Free! Call The Mobile Update Co FREE on 08002986906 ,"call (3.48799991607666), free (1.2380000352859497), your (0.8169999718666077), the (-0.8159999847412109), you (0.45100000500679016), mobile (0.4169999957084656), for (0.4050000011920929), me (0.3479999899864197), to (-0.33500000834465027), my (0.1899999976158142)"
2820,quarantine,INTERFLORA - åÒIt's not too late to order Interflora flowers for christmas call 0800 505060 to place your order before Midnight tomorrow.,"call (3.884999990463257), your (0.8939999938011169), for (0.7089999914169312), not (-0.4620000123977661), to (-0.4309999942779541), me (0.3310000002384186), my (0.18400000035762787), now (-0.16099999845027924), txt (-0.11999999731779099), from (-0.11400000005960464)"
2825,quarantine,"Congratulations - Thanks to a good friend U have WON the å£2,000 Xmas prize. 2 claim is easy, just call 08712103738 NOW! Only 10p per minute. BT-national-rate","call (3.440999984741211), claim (1.9789999723434448), won (1.1679999828338623), now (0.7710000276565552), to (0.6859999895095825), good (-0.574999988079071), me (0.3529999852180481), the (0.22300000488758087), per (0.20999999344348907), my (0.1940000057220459)"
2829,quarantine,Send a logo 2 ur lover - 2 names joined by a heart. Txt LOVE NAME1 NAME2 MOBNO eg LOVE ADAM EVE 07123456789 to 87077 Yahoo! POBox36504W45WQ TxtNO 4 no ads 150p.,"txt (4.010000228881836), send (1.3029999732971191), to (0.8930000066757202), ur (0.6200000047683716), call (-0.3319999873638153), 150p (0.2750000059604645), now (-0.20000000298023224), me (0.16899999976158142), your (-0.15600000321865082), from (-0.15199999511241913)"
2833,quarantine,"You've won tkts to the EURO2004 CUP FINAL or å£800 CASH, to collect CALL 09058099801 b4190604, POBOX 7876150ppm","call (4.376999855041504), won (1.1619999408721924), you (0.75), or (0.6119999885559082), cash (0.5139999985694885), to (-0.47099998593330383), me (0.3529999852180481), my (0.16500000655651093), your (-0.15700000524520874), txt (-0.12700000405311584)"
2847,quarantine,"Free-message: Jamster!Get the crazy frog sound now! For poly text MAD1, for real text MAD2 to 88888. 6 crazy sounds for just 3 GBP/week! 16+only! T&C's apply","text (2.440999984741211), free (2.078000068664551), now (1.3519999980926514), to (1.1519999504089355), get (0.5049999952316284), real (0.42500001192092896), your (-0.3569999933242798), you (0.2879999876022339), call (-0.28600001335144043), apply (0.28299999237060547)"
2849,quarantine,"YOUR CHANCE TO BE ON A REALITY FANTASY SHOW call now = 08707509020 Just 20p per min NTT Ltd, PO Box 1327 Croydon CR9 5WB 0870 is a national = rate call","call (3.003000020980835), now (1.5889999866485596), to (0.7839999794960022), your (0.6240000128746033), me (0.3540000021457672), my (0.21199999749660492), is (0.1940000057220459), ltd (0.15600000321865082), per (0.13300000131130219), from (-0.13199999928474426)"
2870,quarantine,"YOUR CHANCE TO BE ON A REALITY FANTASY SHOW call now = 08707509020 Just 20p per min NTT Ltd, PO Box 1327 Croydon CR9 5WB 0870 is a national = rate call.","call (3.003000020980835), now (1.5889999866485596), to (0.7839999794960022), your (0.6240000128746033), me (0.3540000021457672), my (0.21199999749660492), is (0.1940000057220459), ltd (0.15600000321865082), per (0.13300000131130219), from (-0.13199999928474426)"
2878,quarantine,"Hey Boys. Want hot XXX pics sent direct 2 ur phone? Txt PORN to 69855, 24Hrs free and then just 50p per day. To stop text STOPBCM SF WC1N3XX","txt (3.2660000324249268), text (1.9079999923706055), free (1.7430000305175781), stop (1.625), ur (0.335999995470047), want (0.30799999833106995), then (-0.28299999237060547), to (-0.2630000114440918), call (-0.2029999941587448), per (0.17800000309944153)"
2880,quarantine,"Last Chance! Claim ur å£150 worth of discount vouchers today! Text SHOP to 85023 now! SavaMob, offers mobile! T Cs SavaMob POBOX84, M263UZ. å£3.00 Sub. 16","claim (2.184999942779541), text (2.1710000038146973), to (1.340999960899353), now (1.2869999408721924), ur (0.8870000243186951), mobile (0.7160000205039978), call (-0.3529999852180481), you (0.2619999945163727), me (0.24799999594688416), of (0.23399999737739563)"
2896,quarantine,"pdate_Now - Double mins and 1000 txts on Orange tariffs. Latest Motorola, SonyEricsson & Nokia & Bluetooth FREE! Call MobileUpd8 on 08000839402 or call2optout/!","call (3.88100004196167), free (1.8140000104904175), or (1.1160000562667847), orange (0.3659999966621399), me (0.3149999976158142), and (-0.2809999883174896), my (0.16300000250339508), your (-0.1550000011920929), from (-0.1420000046491623), now (-0.13300000131130219)"
2901,quarantine,Ur cash-balance is currently 500 pounds - to maximize ur cash-in now send CASH to 86688 only 150p/msg. CC: 08718720201 PO BOX 114/14 TCR/W1,"send (2.4210000038146973), now (2.061000108718872), 500 (1.3220000267028809), msg (0.6959999799728394), in (-0.5440000295639038), call (-0.4020000100135803), cash (0.328000009059906), is (0.32100000977516174), your (-0.17599999904632568), my (0.17399999499320984)"
2909,quarantine,URGENT! Your Mobile number has been awarded with a å£2000 prize GUARANTEED. Call 09058094454 from land line. Claim 3030. Valid 12hrs only,"call (3.321000099182129), claim (1.8509999513626099), your (1.2619999647140503), mobile (1.0080000162124634), been (0.8960000276565552), from (0.8769999742507935), number (0.40700000524520874), me (0.39399999380111694), with (0.37599998712539673), my (0.21299999952316284)"
2940,quarantine,You have 1 new message. Please call 08712400200.,"message (1.8040000200271606), call (1.6490000486373901), new (1.496000051498413), have (0.796999990940094), you (-0.3050000071525574), me (0.22599999606609344), txt (-0.16500000655651093), from (-0.15199999511241913), my (0.13300000131130219), now (-0.10700000077486038)"
2953,quarantine,"URGENT! Your mobile was awarded a å£1,500 Bonus Caller Prize on 27/6/03. Our final attempt 2 contact U! Call 08714714011","call (3.6540000438690186), your (1.5160000324249268), mobile (1.2029999494552612), 500 (0.8019999861717224), was (-0.5929999947547913), on (0.3840000033378601), me (0.36800000071525574), my (0.1809999942779541), for (-0.1379999965429306), now (-0.13500000536441803)"
2958,quarantine,U have a secret admirer. REVEAL who thinks U R So special. Call 09065174042. To opt out Reply REVEAL STOP. 1.50 per msg recd. Cust care 07821230901,"call (2.0239999294281006), reply (1.6549999713897705), stop (1.625), out (1.3619999885559082), so (-0.8169999718666077), to (0.6370000243186951), msg (0.5490000247955322), me (0.31200000643730164), have (-0.2619999945163727), and (0.21699999272823334)"
2979,quarantine,"Xmas Offer! Latest Motorola, SonyEricsson & Nokia & FREE Bluetooth or DVD! Double Mins & 1000 Txt on Orange. Call MobileUpd8 on 08000839402 or call2optout/4QF2","txt (2.6540000438690186), call (2.632999897003174), free (1.909000039100647), orange (0.3659999966621399), me (0.3400000035762787), my (0.16300000250339508), your (-0.15299999713897705), or (0.15199999511241913), now (-0.1509999930858612), to (-0.15000000596046448)"
2986,quarantine,Reply to win å£100 weekly! What professional sport does Tiger Woods play? Send STOP to 87239 to end service,"win (2.2130000591278076), stop (2.124000072479248), reply (2.0810000896453857), service (1.2760000228881836), send (0.9909999966621399), what (-0.4259999990463257), call (-0.32600000500679016), to (0.30399999022483826), me (0.16500000655651093), my (0.15700000524520874)"
2989,quarantine,No 1 POLYPHONIC tone 4 ur mob every week! Just txt PT2 to 87575. 1st Tone FREE ! so get txtin now and tell ur friends. 150p/tone. 16 reply HL 4info,"txt (4.063000202178955), now (1.3769999742507935), to (1.0529999732971191), free (0.9769999980926514), get (0.5019999742507935), reply (0.382999986410141), so (-0.29899999499320984), 150p (0.2750000059604645), call (-0.21899999678134918), and (0.2029999941587448)"
2991,quarantine,"HOT LIVE FANTASIES call now 08707509020 Just 20p per min NTT Ltd, PO Box 1327 Croydon CR9 5WB 0870 is a national rate call","call (3.50600004196167), now (1.7949999570846558), me (0.32600000500679016), is (0.21899999678134918), per (0.20999999344348907), your (-0.18400000035762787), my (0.17900000512599945), from (-0.16599999368190765), ltd (0.15700000524520874), to (-0.1379999965429306)"
3001,quarantine,This message is free. Welcome to the new & improved Sex & Dogging club! To unsubscribe from this service reply STOP. msgs@150p 18+only,"reply (2.2060000896453857), free (1.8660000562667847), stop (1.8550000190734863), service (1.128000020980835), message (0.8460000157356262), from (0.6209999918937683), to (-0.5230000019073486), new (0.5189999938011169), sex (0.31299999356269836), call (-0.29499998688697815)"
3004,quarantine,"You've won tkts to the EURO2004 CUP FINAL or å£800 CASH, to collect CALL 09058099801 b4190604, POBOX 7876150ppm","call (4.376999855041504), won (1.1619999408721924), you (0.75), or (0.6119999885559082), cash (0.5139999985694885), to (-0.47099998593330383), me (0.3529999852180481), my (0.16500000655651093), your (-0.15700000524520874), txt (-0.12700000405311584)"
3008,quarantine,"Loan for any purpose å£500 - å£75,000. Homeowners + Tenants welcome. Have you been previously refused? We can still help. Call Free 0800 1956669 or text back 'h","call (3.250999927520752), free (1.5190000534057617), text (1.4609999656677246), 500 (1.222000002861023), or (1.1490000486373901), help (0.7129999995231628), can (-0.3659999966621399), me (0.35100001096725464), for (0.3160000145435333), been (0.22300000488758087)"
3009,quarantine,Update_Now - 12Mths Half Price Orange line rental: 400mins...Call MobileUpd8 on 08000839402 or call2optout=J5Q,"call (3.561000108718872), or (0.8289999961853027), orange (0.3659999966621399), me (0.3199999928474426), on (0.31200000643730164), your (-0.1979999989271164), now (-0.16899999976158142), from (-0.164000004529953), my (0.15600000321865082), txt (-0.1379999965429306)"
3013,quarantine,FREE UNLIMITED HARDCORE PORN direct 2 your mobile Txt PORN to 69200 & get FREE access for 24 hrs then chrgd@50p per day txt Stop 2exit. This msg is free,"txt (3.3889999389648438), stop (1.465999960899353), free (1.3760000467300415), mobile (0.6489999890327454), get (0.5490000247955322), to (0.5410000085830688), this (0.5360000133514404), msg (0.4959999918937683), your (0.3659999966621399), call (-0.23800000548362732)"
3055,quarantine,EASTENDERS TV Quiz. What FLOWER does DOT compare herself to? D= VIOLET E= TULIP F= LILY txt D E or F to 84025 NOW 4 chance 2 WIN å£100 Cash WKENT/150P16+,"txt (4.269999980926514), win (2.8420000076293945), now (1.3380000591278076), or (0.9810000061988831), cash (0.5350000262260437), what (-0.4230000078678131), call (-0.26899999380111694), me (0.1509999930858612), my (0.14000000059604645), to (-0.11299999803304672)"
3066,quarantine,Get a brand new mobile phone by being an agent of The Mob! Plus loads more goodies! For more info just text MAT to 87021.,"text (2.8970000743865967), mobile (1.3799999952316284), to (1.2050000429153442), new (1.128999948501587), for (0.6869999766349792), call (-0.4390000104904175), of (-0.36800000071525574), get (-0.27000001072883606), the (0.26899999380111694), your (-0.23800000548362732)"
3091,quarantine,LORD OF THE RINGS:RETURN OF THE KING in store NOW!REPLY LOTR by 2 June 4 Chance 2 WIN LOTR soundtrack CDs StdTxtRate. Reply STOP to end txts,"win (2.306999921798706), stop (1.5889999866485596), reply (1.4329999685287476), now (1.121999979019165), of (-1.0980000495910645), to (0.9430000185966492), the (-0.593999981880188), in (-0.515999972820282), call (-0.382999986410141), me (0.17800000309944153)"
3110,quarantine,Good Luck! Draw takes place 28th Feb 06. Good Luck! For removal send STOP to 87239 customer services 08708034412,"stop (2.3959999084472656), send (1.2300000190734863), for (1.0130000114440918), to (0.9210000038146973), customer (0.6039999723434448), good (-0.5350000262260437), call (-0.460999995470047), your (-0.2680000066757202), txt (-0.18700000643730164), now (-0.17800000309944153)"
3122,quarantine,Free entry in 2 a weekly comp for a chance to win an ipod. Txt POD to 80182 to get entry (std txt rate) T&C's apply 08452810073 for details 18+,"txt (3.993000030517578), win (2.7939999103546143), free (1.3830000162124634), in (-0.6309999823570251), get (0.5519999861717224), for (0.49399998784065247), apply (0.2669999897480011), your (-0.25600001215934753), call (-0.2160000056028366), me (0.13600000739097595)"
3125,quarantine,1st wk FREE! Gr8 tones str8 2 u each wk. Txt NOKIA ON to 8007 for Classic Nokia tones or HIT ON to 8007 for Polys. Nokia/150p Poly/200p 16+,"txt (4.326000213623047), or (1.0329999923706055), free (0.8360000252723694), call (-0.29600000381469727), 150p (0.2750000059604645), your (-0.27300000190734863), tones (0.2409999966621399), on (0.23199999332427979), now (-0.15700000524520874), me (0.1420000046491623)"
3152,quarantine,Hard LIVE 121 chat just 60p/min. Choose your girl and connect LIVE. Call 09094646899 now! Cheap Chat UK's biggest live service. VU BCM1896WC1N3XX,"call (3.888000011444092), now (1.4980000257492065), service (1.2100000381469727), your (0.4099999964237213), me (0.35499998927116394), my (0.19200000166893005), and (0.18700000643730164), from (-0.14499999582767487), to (-0.14399999380111694), txt (-0.1120000034570694)"
3154,quarantine,Not heard from U4 a while. Call 4 rude chat private line 01223585334 to cum. Wan 2C pics of me gettin shagged then text PIX to 8552. 2End send STOP 8552 SAM xxx,"chat (2.5739998817443848), call (2.257999897003174), send (1.4930000305175781), stop (1.4270000457763672), text (1.2170000076293945), me (-1.194000005722046), from (0.7789999842643738), to (-0.35499998927116394), not (-0.2930000126361847), now (-0.16899999976158142)"
3163,quarantine,This is the 2nd time we have tried to contact u. U have won the å£1450 prize to claim just call 09053750005 b4 310303. T&Cs/stop SMS 08718725756. 140ppm,"call (3.0510001182556152), sms (2.7100000381469727), claim (1.9229999780654907), stop (1.4529999494552612), won (1.1490000486373901), this (0.8799999952316284), the (-0.628000020980835), time (-0.5289999842643738), to (-0.3569999933242798), me (0.3319999873638153)"
3166,quarantine,"HOT LIVE FANTASIES call now 08707509020 Just 20p per min NTT Ltd, PO Box 1327 Croydon CR9 5WB 0870..k","call (4.311999797821045), now (1.7009999752044678), me (0.3499999940395355), just (-0.2409999966621399), per (0.20999999344348907), your (-0.18700000643730164), my (0.1770000010728836), from (-0.1720000058412552), to (-0.1589999943971634), ltd (0.15700000524520874)"
3175,quarantine,UR GOING 2 BAHAMAS! CallFREEFONE 08081560665 and speak to a live operator to claim either Bahamas cruise ofå£2000 CASH 18+only. To opt out txt X to 07786200117,"txt (3.9179999828338623), claim (2.2170000076293945), out (0.7799999713897705), going (-0.5569999814033508), cash (0.5350000262260437), and (-0.5189999938011169), call (-0.2630000114440918), your (-0.2070000022649765), 18 (0.13199999928474426), now (-0.13099999725818634)"
3188,quarantine,"This is the 2nd time we have tried 2 contact u. U have won the 750 Pound prize. 2 claim is easy, call 08712101358 NOW! Only 10p per min. BT-national-rate","call (3.5910000801086426), claim (2.072999954223633), now (1.2400000095367432), won (1.1679999828338623), the (-0.9160000085830688), this (0.8209999799728394), me (0.34700000286102295), have (0.25), my (0.1850000023841858), to (-0.1720000058412552)"
3191,quarantine,UR awarded a City Break and could WIN a å£200 Summer Shopping spree every WK. Txt STORE to 88039.SkilGme.TsCs087147403231Winawk!Age16+å£1.50perWKsub,"txt (4.242000102996826), win (2.7279999256134033), to (0.9710000157356262), ur (0.3149999976158142), call (-0.2800000011920929), me (0.15199999511241913), from (-0.1469999998807907), now (-0.14100000262260437), your (-0.1379999965429306), my (0.13600000739097595)"
3216,quarantine,URGENT! We are trying to contact U. Todays draw shows that you have won a å£2000 prize GUARANTEED. Call 09066358361 from land line. Claim Y87. Valid 12hrs only,"call (3.7339999675750732), claim (2.260999917984009), won (1.0210000276565552), from (0.781000018119812), to (0.6959999799728394), you (0.5370000004768372), that (-0.4909999966621399), me (0.37400001287460327), we (-0.27399998903274536), my (0.18299999833106995)"
3221,quarantine,"Thanks for your ringtone order, reference number X29. Your mobile will be charged 4.50. Should your tone not arrive please call customer services 09065989180","call (3.5250000953674316), ringtone (2.0829999446868896), mobile (1.156000018119812), for (0.8669999837875366), not (-0.7820000052452087), customer (0.5830000042915344), your (0.5799999833106995), number (0.39500001072883606), me (0.33899998664855957), my (0.18400000035762787)"
3228,quarantine,"SIX chances to win CASH! From 100 to 20,000 pounds txt> CSH11 and send to 87575. Cost 150p/day, 6days, 16+ TsandCs apply Reply HL 4 info","txt (3.2890000343322754), win (2.6449999809265137), reply (1.4479999542236328), send (1.1510000228881836), from (0.8370000123977661), cash (0.47600001096725464), cost (0.2680000066757202), call (-0.21299999952316284), 150p (0.20200000703334808), apply (0.20200000703334808)"
3229,quarantine,Ur cash-balance is currently 500 pounds - to maximize ur cash-in now send COLLECT to 83600 only 150p/msg. CC: 08718720201 PO BOX 114/14 TCR/W1,"send (2.4210000038146973), now (2.061000108718872), 500 (1.2790000438690186), msg (0.6949999928474426), in (-0.5429999828338623), cash (0.4729999899864197), call (-0.3970000147819519), is (0.3720000088214874), your (-0.1770000010728836), to (0.17100000381469727)"
3259,quarantine,"Congratulations! Thanks to a good friend U have WON the å£2,000 Xmas prize. 2 claim is easy, just call 08718726978 NOW! Only 10p per minute. BT-national-rate","call (3.440999984741211), claim (1.9789999723434448), won (1.1679999828338623), now (0.7710000276565552), to (0.6859999895095825), good (-0.574999988079071), me (0.3529999852180481), the (0.22300000488758087), per (0.20999999344348907), my (0.1940000057220459)"
3265,quarantine,"44 7732584351, Do you want a New Nokia 3510i colour phone DeliveredTomorrow? With 300 free minutes to any mobile + 100 free texts + Free Camcorder reply or call","call (2.88100004196167), reply (1.4859999418258667), free (1.1349999904632568), or (0.9399999976158142), mobile (0.9089999794960022), new (0.8820000290870667), to (0.7639999985694885), with (0.7620000243186951), me (0.36899998784065247), my (0.1850000023841858)"
3271,quarantine,You have 1 new voicemail. Please call 08719181513.,"call (3.2009999752044678), new (1.496000051498413), have (0.7749999761581421), me (0.3070000112056732), you (-0.2199999988079071), from (-0.17000000178813934), my (0.1469999998807907), txt (-0.13899999856948853), now (-0.11800000071525574), your (-0.10300000011920929)"
3288,quarantine,"Someone U know has asked our dating service 2 contact you! Cant Guess who? CALL 09058097189 NOW all will be revealed. POBox 6, LS15HB 150p ","call (4.068999767303467), now (1.7020000219345093), service (1.3960000276565552), all (0.6809999942779541), you (0.3580000102519989), will (-0.34700000286102295), me (0.3319999873638153), know (-0.30000001192092896), 150p (0.22699999809265137), cant (-0.2070000022649765)"
3289,quarantine,Camera - You are awarded a SiPix Digital Camera! call 09061221066 fromm landline. Delivery within 28 days,"call (4.791999816894531), you (0.5640000104904175), me (0.34299999475479126), to (-0.1979999989271164), your (-0.1940000057220459), from (-0.1720000058412552), my (0.1599999964237213), now (-0.15199999511241913), txt (-0.12999999523162842), free (-0.10999999940395355)"
3297,quarantine,Todays Voda numbers ending 5226 are selected to receive a ?350 award. If you hava a match please call 08712300220 quoting claim code 1131 standard rates app ,"call (3.3359999656677246), claim (2.375), to (1.0379999876022339), you (0.5260000228881836), me (0.3569999933242798), my (0.1770000010728836), your (-0.16599999368190765), from (-0.1589999943971634), and (0.13099999725818634), now (-0.12999999523162842)"
3298,quarantine,This message is free. Welcome to the new & improved Sex & Dogging club! To unsubscribe from this service reply STOP. msgs@150p 18 only,"reply (2.2060000896453857), free (1.8660000562667847), stop (1.8550000190734863), service (1.128000020980835), message (0.8460000157356262), from (0.6209999918937683), to (-0.5230000019073486), new (0.5189999938011169), sex (0.31299999356269836), call (-0.29499998688697815)"
3315,quarantine,"FREE MESSAGE Activate your 500 FREE Text Messages by replying to this message with the word FREE For terms & conditions, visit www.07781482378.com","text (2.6500000953674316), free (1.4579999446868896), message (1.1779999732971191), 500 (0.9160000085830688), this (0.7590000033378601), to (0.6539999842643738), your (0.4580000042915344), call (-0.3230000138282776), you (0.30000001192092896), with (0.296999990940094)"
3333,quarantine,"You are being contacted by our dating service by someone you know! To find out who it is, call from a land line 09050000928. PoBox45W2TG150P","call (4.199999809265137), service (1.434000015258789), from (1.430999994277954), out (1.0399999618530273), it (-0.996999979019165), you (-0.6150000095367432), to (0.5830000042915344), me (0.36000001430511475), are (-0.25099998712539673), know (-0.23199999332427979)"
3381,quarantine,"complimentary 4 STAR Ibiza Holiday or å£10,000 cash needs your URGENT collection. 09066364349 NOW from Landline not to lose out! Box434SK38WP150PPM18+","now (1.690999984741211), your (1.6150000095367432), from (0.8579999804496765), cash (0.5740000009536743), call (-0.5429999828338623), not (-0.4950000047683716), to (0.45899999141693115), or (0.45500001311302185), out (0.42399999499320984), you (0.23100000619888306)"
3384,quarantine,FREE MSG:We billed your mobile number by mistake from shortcode 83332.Please call 08081263000 to have charges refunded.This call will be free from a BT landline,"call (1.7569999694824219), msg (1.3980000019073486), mobile (1.065000057220459), from (1.027999997138977), free (0.9269999861717224), this (0.6779999732971191), your (0.5180000066757202), number (0.4169999957084656), to (0.41100001335144043), me (0.35600000619888306)"
3390,quarantine,Please CALL 08712402972 immediately as there is an urgent message waiting for you,"call (3.6470000743865967), message (2.131999969482422), for (0.4359999895095825), there (-0.3449999988079071), me (0.3199999928474426), is (0.3160000145435333), your (-0.30799999833106995), you (0.2930000126361847), as (-0.19099999964237213), my (0.1720000058412552)"
3396,quarantine,URGENT! Your Mobile number has been awarded with a å£2000 Bonus Caller Prize. Call 09058095201 from land line. Valid 12hrs only,"call (3.944999933242798), your (1.3830000162124634), mobile (1.2200000286102295), from (0.9879999756813049), been (0.8550000190734863), number (0.40700000524520874), me (0.3959999978542328), with (0.375), my (0.21299999952316284), now (-0.12300000339746475)"
3400,quarantine,"As a valued customer, I am pleased to advise you that following recent review of your Mob No. you are awarded with a å£1500 Bonus Prize, call 09066364589","call (4.2729997634887695), to (0.8629999756813049), you (-0.7260000109672546), with (0.6380000114440918), of (0.6240000128746033), customer (0.5289999842643738), me (0.3709999918937683), your (0.2680000066757202), that (-0.22599999606609344), my (0.19499999284744263)"
3408,quarantine,Do you want a New Nokia 3510i colour phone DeliveredTomorrow? With 300 free minutes to any mobile + 100 free texts + Free Camcorder reply or call 08000930705,"call (2.88100004196167), reply (1.4859999418258667), free (1.1349999904632568), or (0.9399999976158142), mobile (0.9089999794960022), new (0.8820000290870667), to (0.7639999985694885), with (0.7620000243186951), me (0.36899998784065247), my (0.1850000023841858)"
3418,quarantine,LIFE has never been this much fun and great until you came in. You made it truly special for me. I won't forget you! enjoy @ one gbp/sms,"sms (2.805000066757202), this (1.1740000247955322), won (1.0399999618530273), me (-0.8029999732971191), for (0.6690000295639038), been (0.6669999957084656), enjoy (0.578000009059906), call (-0.3059999942779541), in (-0.28600001335144043), and (0.2639999985694885)"
3419,quarantine,Do you want a new Video phone? 600 anytime any network mins 400 Inclusive Video calls AND downloads 5 per week Free delTOMORROW call 08002888812 or reply NOW,"call (3.127000093460083), free (1.7200000286102295), reply (1.569000005722046), now (1.2580000162124634), new (0.8600000143051147), or (0.8529999852180481), want (0.37599998712539673), me (0.36000001430511475), per (0.20999999344348907), you (0.20000000298023224)"
3420,quarantine,"As a valued customer, I am pleased to advise you that following recent review of your Mob No. you are awarded with a å£1500 Bonus Prize, call 09066368470","call (4.2729997634887695), to (0.8629999756813049), you (-0.7260000109672546), with (0.6380000114440918), of (0.6240000128746033), customer (0.5289999842643738), me (0.3709999918937683), your (0.2680000066757202), that (-0.22599999606609344), my (0.19499999284744263)"
3422,quarantine,Freemsg: 1-month unlimited free calls! Activate SmartCall Txt: CALL to No: 68866. Subscriptn3gbp/wk unlimited calls Help: 08448714184 Stop?txt stop landlineonly,"txt (2.5869998931884766), call (2.0399999618530273), free (1.6720000505447388), stop (1.121000051498413), to (0.8629999756813049), help (0.7390000224113464), me (0.3440000116825104), my (0.17299999296665192), from (-0.15600000321865082), now (-0.1379999965429306)"
3423,quarantine,Had your mobile 10 mths? Update to latest Orange camera/video phones for FREE. Save å£s with Free texts/weekend calls. Text YES for a callback orno to opt out,"text (2.434000015258789), free (1.6690000295639038), out (1.5180000066757202), your (1.0679999589920044), mobile (0.8659999966621399), with (0.8159999847412109), for (0.41100001335144043), you (0.3490000069141388), orange (0.29499998688697815), call (-0.2460000067949295)"
3424,quarantine,Am new 2 club & dont fink we met yet Will B gr8 2 C U Please leave msg 2day wiv ur area 09099726553 reply promised CARLIE x Callså£1/minMobsmore LKPOBOX177HP51F,"reply (2.5980000495910645), msg (1.7400000095367432), new (1.2350000143051147), dont (0.5540000200271606), call (-0.46799999475479126), ur (0.3330000042915344), we (-0.3100000023841858), to (-0.2070000022649765), me (0.16599999368190765), now (-0.16500000655651093)"
3432,quarantine,Camera - You are awarded a SiPix Digital Camera! call 09061221066 fromm landline. Delivery within 28 days.,"call (4.791999816894531), you (0.5640000104904175), me (0.34299999475479126), to (-0.1979999989271164), your (-0.1940000057220459), from (-0.1720000058412552), my (0.1599999964237213), now (-0.15199999511241913), txt (-0.12999999523162842), free (-0.10999999940395355)"
3441,quarantine,Get a FREE mobile video player FREE movie. To collect text GO to 89105. Its free! Extra films can be ordered t's and c's apply. 18 yrs only,"text (2.816999912261963), free (1.5470000505447388), mobile (1.3450000286102295), its (-0.6349999904632568), apply (0.3529999852180481), call (-0.34299999475479126), can (-0.34299999475479126), get (0.30300000309944153), your (-0.25), go (-0.2029999941587448)"
3467,quarantine,URGENT! We are trying to contact U. Todays draw shows that you have won a å£800 prize GUARANTEED. Call 09050001808 from land line. Claim M95. Valid12hrs only,"call (3.7799999713897705), claim (2.260999917984009), won (1.0199999809265137), from (0.996999979019165), that (-0.9229999780654907), to (0.7120000123977661), you (0.6060000061988831), me (0.375), we (-0.27399998903274536), are (-0.18199999630451202)"
3482,quarantine,Do you want a NEW video phone750 anytime any network mins 150 text for only five pounds per week call 08000776320 now or reply for delivery tomorrow,"call (3.053999900817871), now (1.4259999990463257), reply (1.218999981880188), text (1.2120000123977661), new (0.8399999737739563), or (0.7059999704360962), do (-0.640999972820282), for (-0.5759999752044678), me (0.35199999809265137), want (0.3370000123977661)"
3494,quarantine,"You are being contacted by our dating service by someone you know! To find out who it is, call from a land line 09050000878. PoBox45W2TG150P","call (4.199999809265137), service (1.434000015258789), from (1.430999994277954), out (1.0399999618530273), it (-0.996999979019165), you (-0.6150000095367432), to (0.5830000042915344), me (0.36000001430511475), are (-0.25099998712539673), know (-0.23199999332427979)"
3495,quarantine,"Wan2 win a Meet+Greet with Westlife 4 U or a m8? They are currently on what tour? 1)Unbreakable, 2)Untamed, 3)Unkempt. Text 1,2 or 3 to 83049. Cost 50p +std tex","win (2.8499999046325684), text (2.322000026702881), to (1.434999942779541), with (0.5), they (0.49000000953674316), what (-0.44699999690055847), call (-0.39399999380111694), cost (0.27399998903274536), you (0.2619999945163727), or (0.25200000405311584)"
3528,quarantine,"You are a å£1000 winner or Guaranteed Caller Prize, this is our Final attempt to contact you! To Claim Call 09071517866 Now! 150ppmPOBox10183BhamB64XE","call (3.4539999961853027), claim (2.052000045776367), you (-1.6490000486373901), now (1.1480000019073486), this (0.8700000047683716), me (0.35100001096725464), to (-0.3409999907016754), or (0.3050000071525574), are (0.257999986410141), my (0.18400000035762787)"
3529,quarantine,"Xmas & New Years Eve tickets are now on sale from the club, during the day from 10am till 8pm, and on Thurs, Fri & Sat night this week. They're selling fast!","from (2.197000026702881), now (1.7259999513626099), this (0.8050000071525574), new (0.5680000185966492), call (-0.5450000166893005), and (0.2639999985694885), txt (-0.19200000166893005), me (0.17399999499320984), my (0.164000004529953), you (0.16200000047683716)"
3555,quarantine,From next month get upto 50% More Calls 4 Ur standard network charge 2 activate Call 9061100010 C Wire3.net 1st4Terms PoBox84 M26 3UZ Cost å£1.50 min MobcudB mo,"call (3.8970000743865967), from (1.0700000524520874), next (0.9020000100135803), me (0.3880000114440918), get (0.3709999918937683), more (0.2540000081062317), ur (0.19300000369548798), my (0.18199999630451202), now (-0.15600000321865082), your (-0.11800000071525574)"
3559,quarantine,URGENT! We are trying to contact U Todays draw shows that you have won a å£800 prize GUARANTEED. Call 09050000460 from land line. Claim J89. po box245c2150pm,"call (3.7750000953674316), claim (2.26200008392334), won (1.0199999809265137), from (0.9890000224113464), that (-0.8489999771118164), you (0.7250000238418579), to (0.6389999985694885), me (0.37599998712539673), we (-0.34599998593330383), are (-0.2280000001192093)"
3563,quarantine,"Auction round 4. The highest bid is now å£54. Next maximum bid is å£71. To bid, send BIDS e. g. 10 (to bid å£10) to 83383. Good luck.","send (2.437999963760376), now (2.0420000553131104), next (0.9139999747276306), call (-0.4359999895095825), is (0.27000001072883606), your (-0.2549999952316284), the (0.2290000021457672), txt (-0.1770000010728836), my (0.17299999296665192), me (0.164000004529953)"
3567,quarantine,Collect your VALENTINE'S weekend to PARIS inc Flight & Hotel + å£200 Prize guaranteed! Text: PARIS to No: 69101. www.rtf.sphosting.com,"text (3.197000026702881), your (2.4149999618530273), no (-0.4090000092983246), call (-0.39899998903274536), you (0.3440000116825104), me (0.210999995470047), to (-0.20800000429153442), now (-0.16899999976158142), txt (-0.1599999964237213), my (0.14399999380111694)"
3570,quarantine,Customer Loyalty Offer:The NEW Nokia6650 Mobile from ONLY å£10 at TXTAUCTION! Txt word: START to No: 81151 & get yours Now! 4T&Ctxt TC 150p/MTmsg,"txt (4.013000011444092), now (1.5520000457763672), new (1.1549999713897705), from (1.0740000009536743), mobile (1.0), to (0.6340000033378601), customer (0.5059999823570251), no (-0.4090000092983246), call (-0.3370000123977661), get (-0.2840000092983246)"
3573,quarantine,You won't believe it but it's true. It's Incredible Txts! Reply G now to learn truly amazing things that will blow your mind. From O2FWD only 18p/txt,"txt (3.2090001106262207), reply (1.4559999704360962), but (-1.4429999589920044), now (1.2599999904632568), won (0.8740000128746033), it (-0.8270000219345093), you (0.656000018119812), from (0.5699999928474426), to (0.5440000295639038), your (0.40400001406669617)"
3584,quarantine,Hi 07734396839 IBH Customer Loyalty Offer: The NEW NOKIA6600 Mobile from ONLY å£10 at TXTAUCTION!Txt word:START to No:81151 & get Yours Now!4T&,"txt (4.013000011444092), now (1.5740000009536743), from (1.1749999523162842), new (1.1549999713897705), mobile (1.0490000247955322), to (0.6190000176429749), customer (0.5059999823570251), no (-0.4090000092983246), get (-0.3540000021457672), call (-0.3479999899864197)"
3586,quarantine,I am hot n horny and willing I live local to you - text a reply to hear strt back from me 150p per msg Netcollex LtdHelpDesk: 02085076972 reply Stop to end,"stop (2.246999979019165), text (1.9670000076293945), msg (1.6069999933242798), reply (1.2419999837875366), me (-1.2020000219345093), from (0.7170000076293945), you (0.42800000309944153), 150p (0.2750000059604645), to (0.21199999749660492), per (0.164000004529953)"
3594,quarantine,Do you want a New Nokia 3510i Colour Phone Delivered Tomorrow? With 200 FREE minutes to any mobile + 100 FREE text + FREE camcorder Reply or Call 08000930705,"call (2.4159998893737793), text (1.4040000438690186), reply (1.1690000295639038), free (1.11899995803833), or (0.9430000185966492), new (0.8830000162124634), to (0.8370000123977661), mobile (0.824999988079071), with (0.7570000290870667), me (0.3709999918937683)"
3597,quarantine,Congratulations YOU'VE Won. You're a Winner in our August å£1000 Prize Draw. Call 09066660100 NOW. Prize Code 2309.,"call (4.538000106811523), now (1.5850000381469727), won (1.1829999685287476), you (-0.902999997138977), in (-0.48100000619888306), me (0.34700000286102295), my (0.16899999976158142), from (-0.1589999943971634), to (-0.15399999916553497), txt (-0.12300000339746475)"
3619,quarantine,8007 25p 4 Alfie Moon's Children in Need song on ur mob. Tell ur m8s. Txt TONE CHARITY to 8007 for nokias or POLY CHARITY for polys :zed 08701417012 profit 2 ch,"txt (4.538000106811523), or (0.9729999899864197), to (0.6800000071525574), for (0.5789999961853027), in (-0.49399998784065247), call (-0.3100000023841858), tone (0.28700000047683716), need (-0.2619999945163727), your (-0.17299999296665192), me (0.1599999964237213)"
3630,quarantine,Get the official ENGLAND poly ringtone or colour flag on yer mobile for tonights game! Text TONE or FLAG to 84199. Optout txt ENG STOP Box39822 W111WX å£1.50,"txt (3.4179999828338623), text (1.7289999723434448), ringtone (1.7039999961853027), stop (1.5089999437332153), mobile (0.6549999713897705), get (0.5080000162124634), to (0.30399999022483826), call (-0.23600000143051147), the (0.2199999988079071), you (0.21400000154972076)"
3645,quarantine,wamma get laid?want real doggin locations sent direct to your mobile? join the UKs largest dogging network. txt dogs to 69696 now!nyt. ec2a. 3lp å£1.50/msg.,"txt (3.878999948501587), msg (1.3569999933242798), now (1.1629999876022339), mobile (0.9390000104904175), your (0.6340000033378601), get (0.40400001406669617), real (0.3540000021457672), call (-0.2709999978542328), the (0.18000000715255737), me (0.17299999296665192)"
3674,quarantine,You have won a Nokia 7250i. This is what you get when you win our FREE auction. To take part send Nokia to 86021 now. HG/Suite342/2Lands Row/W1JHL 16+,"win (2.4590001106262207), send (1.7910000085830688), free (1.7669999599456787), you (-1.1829999685287476), won (1.1330000162124634), now (1.1100000143051147), this (0.9229999780654907), when (-0.5040000081062317), what (-0.460999995470047), get (0.3569999933242798)"
3678,quarantine,Promotion Number: 8714714 - UR awarded a City Break and could WIN a å£200 Summer Shopping spree every WK. Txt STORE to 88039 . SkilGme. TsCs087147403231Winawk!A,"txt (4.182000160217285), win (2.7279999256134033), to (0.9739999771118164), number (0.32199999690055847), ur (0.3149999976158142), call (-0.2800000011920929), me (0.15600000321865082), from (-0.1469999998807907), now (-0.14100000262260437), my (0.13699999451637268)"
3697,quarantine,You are a winner you have been specially selected to receive å£1000 cash or a å£2000 award. Speak to a live operator to claim call 087147123779am-7pm. Cost 10p,"call (3.6589999198913574), claim (2.2260000705718994), been (1.4819999933242798), you (-0.7170000076293945), or (0.6840000152587891), cash (0.5740000009536743), me (0.3409999907016754), to (-0.26600000262260437), cost (0.22699999809265137), are (-0.19099999964237213)"
3708,quarantine,Free Top ringtone -sub to weekly ringtone-get 1st week free-send SUBPOLY to 81618-?3 per week-stop sms-08718727870,"sms (2.440999984741211), ringtone (1.9149999618530273), stop (1.8619999885559082), send (1.2350000143051147), free (1.2319999933242798), call (-0.32899999618530273), get (-0.2540000081062317), per (0.20999999344348907), your (-0.19200000166893005), now (-0.1720000058412552)"
3719,quarantine,"Thanks for your ringtone order, reference number X49. Your mobile will be charged 4.50. Should your tone not arrive please call customer services 09065989182. F","call (2.8929998874664307), ringtone (1.9299999475479126), text (1.3980000019073486), mobile (0.9490000009536743), from (0.7160000205039978), for (0.5320000052452087), customer (0.5090000033378601), not (-0.4269999861717224), number (0.36800000071525574), your (0.36800000071525574)"
3724,quarantine,"Hi there, 2nights ur lucky night! Uve been invited 2 XCHAT, the Uks wildest chat! Txt CHAT to 86688 now! 150p/MsgrcvdHG/Suite342/2Lands/Row/W1J6HL LDN 18yrs","txt (4.297999858856201), now (1.565999984741211), to (1.0670000314712524), ur (0.47099998593330383), call (-0.3330000042915344), 150p (0.2750000059604645), me (0.18299999833106995), been (0.16899999976158142), your (-0.16099999845027924), my (0.1599999964237213)"
3749,quarantine,Dear Voucher Holder 2 claim your 1st class airport lounge passes when using Your holiday voucher call 08704439680. When booking quote 1st class x 2,"call (3.513000011444092), claim (2.2060000896453857), when (-0.6010000109672546), your (0.4350000023841858), voucher (0.3720000088214874), me (0.35100001096725464), for (-0.19699999690055847), to (-0.18700000643730164), my (0.17399999499320984), now (-0.13500000536441803)"
3757,quarantine,YES! The only place in town to meet exciting adult singles is now in the UK. Txt CHAT to 86688 now! 150p/Msg.,"txt (4.068999767303467), chat (2.572000026702881), msg (1.3519999980926514), the (-0.5730000138282776), in (-0.5230000019073486), 150p (0.2750000059604645), call (-0.26600000262260437), now (-0.257999986410141), is (0.13600000739097595), your (-0.12999999523162842)"
3762,quarantine,FREE for 1st week! No1 Nokia tone 4 ur mob every week just txt NOKIA to 8007 Get txting and tell ur mates www.getzed.co.uk POBox 36504 W45WQ norm150p/tone 16+,"txt (4.263000011444092), free (0.9959999918937683), to (0.671999990940094), get (0.6200000047683716), call (-0.28600001335144043), your (-0.17900000512599945), for (0.1770000010728836), tone (0.16099999845027924), me (0.1550000011920929), from (-0.14100000262260437)"
3765,quarantine,"Someone U know has asked our dating service 2 contact you! Cant guess who? CALL 09058095107 NOW all will be revealed. POBox 7, S3XY 150p ","call (4.068999767303467), now (1.7020000219345093), service (1.3960000276565552), all (0.6809999942779541), you (0.3580000102519989), will (-0.34700000286102295), me (0.3319999873638153), know (-0.30000001192092896), 150p (0.22699999809265137), cant (-0.2070000022649765)"
3777,quarantine,"Mila, age23, blonde, new in UK. I look sex with UK guys. if u like fun with me. Text MTALK to 69866.18 . 30pp/txt 1st 5free. å£1.50 increments. Help08718728876","txt (3.561000108718872), text (2.2339999675750732), to (1.3760000467300415), me (-0.8289999961853027), with (0.7020000219345093), new (0.6539999842643738), in (-0.5920000076293945), like (0.18400000035762787), you (0.15700000524520874), sex (0.14399999380111694)"
3779,quarantine,"Claim a 200 shopping spree, just call 08717895698 now! Have you won! MobStoreQuiz10ppm","call (3.2200000286102295), claim (2.515000104904175), won (1.187000036239624), have (0.6340000033378601), me (0.31299999356269836), now (0.2639999985694885), just (-0.20999999344348907), my (0.1550000011920929), your (-0.15199999511241913), from (-0.1469999998807907)"
3788,quarantine,"Want to funk up ur fone with a weekly new tone reply TONES2U 2 this text. www.ringtones.co.uk, the original n best. Tones 3GBP network operator rates apply","text (2.2079999446868896), reply (1.8839999437332153), to (1.2020000219345093), new (0.9139999747276306), ur (0.703000009059906), with (0.6000000238418579), this (0.5049999952316284), call (-0.2939999997615814), me (0.24199999868869781), tones (0.23899999260902405)"
3800,quarantine,We tried to contact you re your reply to our offer of a Video Handset? 750 anytime any networks mins? UNLIMITED TEXT? Camcorder? Reply or call 08000930705 NOW,"call (2.811000108718872), text (1.5449999570846558), now (1.2209999561309814), or (0.9139999747276306), reply (0.7350000143051147), me (0.3790000081062317), your (0.37700000405311584), you (0.32499998807907104), to (-0.32100000977516174), my (0.19300000369548798)"
3806,quarantine,URGENT! We are trying to contact you. Last weekends draw shows that you have won a å£900 prize GUARANTEED. Call 09061701851. Claim code K61. Valid 12hours only,"call (3.8440001010894775), claim (2.382999897003174), won (1.2269999980926514), that (-0.8450000286102295), to (0.722000002861023), you (-0.5220000147819519), me (0.34200000762939453), we (-0.25200000405311584), are (-0.21899999678134918), my (0.16300000250339508)"
3818,quarantine,74355 XMAS iscoming & ur awarded either å£500 CD gift vouchers & free entry 2 r å£100 weekly draw txt MUSIC to 87066 TnC,"txt (3.934999942779541), free (1.8899999856948853), 500 (1.152999997138977), to (1.065000057220459), ur (0.3790000081062317), call (-0.2800000011920929), me (0.17499999701976776), now (-0.15600000321865082), your (-0.14900000393390656), my (0.14800000190734863)"
3823,quarantine,"Please protect yourself from e-threats. SIB never asks for sensitive information like Passwords,ATM/SMS PIN thru email. Never share your password with anybody.","sms (3.0820000171661377), from (0.9580000042915344), with (0.8529999852180481), your (0.6850000023841858), call (-0.4970000088214874), for (0.46799999475479126), information (0.28999999165534973), you (0.23499999940395355), me (0.1850000023841858), my (0.17299999296665192)"
3827,quarantine,Congratulations U can claim 2 VIP row A Tickets 2 C Blu in concert in November or Blu gift guaranteed Call 09061104276 to claim TS&Cs www.smsco.net costå£3.75ma,"call (2.9809999465942383), claim (2.305999994277954), or (1.340999960899353), to (0.9129999876022339), in (-0.8009999990463257), me (0.32899999618530273), my (0.164000004529953), from (-0.13500000536441803), now (-0.12700000405311584), and (0.12099999934434891)"
3847,quarantine,"Fantasy Football is back on your TV. Go to Sky Gamestar on Sky Active and play å£250k Dream Team. Scoring starts on Saturday, so register now!SKY OPT OUT to 880","now (1.5369999408721924), out (1.4190000295639038), your (0.5879999995231628), is (0.45899999141693115), to (0.45100000500679016), call (-0.36800000071525574), my (0.17599999904632568), txt (-0.16500000655651093), in (0.16200000047683716), me (0.15000000596046448)"
3855,quarantine,Free msg: Single? Find a partner in your area! 1000s of real people are waiting to chat now!Send CHAT to 62220Cncl send STOPCS 08717890890å£1.50 per msg,"free (2.0490000247955322), now (1.4279999732971191), msg (1.2730000019073486), your (0.777999997138977), in (-0.6209999918937683), of (0.4569999873638153), call (-0.3930000066757202), real (0.38199999928474426), you (0.1860000044107437), me (0.17900000512599945)"
3859,quarantine,"Win the newest åÒHarry Potter and the Order of the Phoenix (Book 5) reply HARRY, answer 5 questions - chance to be the first among readers!","win (2.753000020980835), reply (2.372999906539917), to (1.1299999952316284), of (0.5950000286102295), the (-0.4909999966621399), call (-0.38100001215934753), me (0.17299999296665192), txt (-0.16899999976158142), my (0.15600000321865082), from (-0.13699999451637268)"
3861,quarantine,Free Msg: Ringtone!From: http://tms. widelive.com/index. wml?id=1b6a5ecef91ff9*37819&first=true18:0430-JUL-05,"ringtone (2.5910000801086426), free (2.0759999752044678), from (1.7139999866485596), msg (1.4210000038146973), call (-0.44999998807907104), txt (-0.1770000010728836), your (-0.17399999499320984), me (0.17000000178813934), my (0.1459999978542328), now (-0.12399999797344208)"
3890,quarantine,"Double Mins & 1000 txts on Orange tariffs. Latest Motorola, SonyEricsson & Nokia with Bluetooth FREE! Call MobileUpd8 on 08000839402 or call2optout/HF8","call (4.091000080108643), free (1.8070000410079956), or (1.0540000200271606), with (0.4519999921321869), orange (0.3659999966621399), me (0.3449999988079071), my (0.16300000250339508), from (-0.14300000667572021), now (-0.13300000131130219), your (-0.13099999725818634)"
3892,quarantine,URGENT This is our 2nd attempt to contact U. Your å£900 prize from YESTERDAY is still awaiting collection. To claim CALL NOW 09061702893. ACL03530150PM,"call (3.0889999866485596), claim (1.847000002861023), now (1.5839999914169312), your (1.3860000371932983), to (-0.7039999961853027), this (0.6930000185966492), from (0.6880000233650208), me (0.3840000033378601), is (-0.2529999911785126), my (0.20000000298023224)"
3894,quarantine,Dear Dave this is your final notice to collect your 4* Tenerife Holiday or #5000 CASH award! Call 09061743806 from landline. TCs SAE Box326 CW25WX 150ppm,"call (3.9639999866485596), or (0.9380000233650208), this (0.6809999942779541), from (0.6570000052452087), to (0.6449999809265137), cash (0.5740000009536743), me (0.382999986410141), my (0.21899999678134918), for (-0.13300000131130219), now (-0.12999999523162842)"
3896,quarantine,tells u 2 call 09066358152 to claim å£5000 prize. U have 2 enter all ur mobile & personal details @ the prompts. Careful!,"call (3.575000047683716), claim (2.140000104904175), mobile (1.0019999742507935), to (0.7129999995231628), me (0.367000013589859), the (0.2240000069141388), all (0.19300000369548798), my (0.17800000309944153), your (-0.17499999701976776), from (-0.12999999523162842)"
3904,quarantine,Your 2004 account for 07XXXXXXXXX shows 786 unredeemed points. To claim call 08719181259 Identifier code: XXXXX Expires 26.03.05,"call (3.4609999656677246), claim (2.058000087738037), your (1.850000023841858), for (0.8209999799728394), to (0.46399998664855957), me (0.37599998712539673), my (0.19200000166893005), now (-0.1289999932050705), in (0.125), but (0.12300000339746475)"
3905,quarantine,Do you want a new video handset? 750 anytime any network mins? Half Price Line Rental? Camcorder? Reply or call 08000930705 for delivery tomorrow,"call (3.8410000801086426), reply (1.5360000133514404), or (0.8619999885559082), new (0.765999972820282), for (0.515999972820282), want (0.4009999930858612), me (0.36000001430511475), you (0.19200000166893005), my (0.1720000058412552), do (-0.1509999930858612)"
3912,quarantine,You have an important customer service announcement. Call FREEPHONE 0800 542 0825 now!,"call (3.424999952316284), now (1.7719999551773071), service (1.5410000085830688), customer (0.6000000238418579), have (0.4269999861717224), me (0.3230000138282776), from (-0.16899999976158142), my (0.16599999368190765), your (-0.1289999932050705), txt (-0.11900000274181366)"
3920,quarantine,FREE>Ringtone! Reply REAL or POLY eg REAL1 1. PushButton 2. DontCha 3. BabyGoodbye 4. GoldDigger 5. WeBeBurnin 1st tone FREE and 6 more when u join for å£3/wk,"ringtone (2.6029999256134033), reply (2.2660000324249268), free (1.7949999570846558), for (1.0010000467300415), or (0.7649999856948853), and (-0.6230000257492065), when (-0.6110000014305115), real (0.5109999775886536), tone (0.4320000112056732), call (-0.2849999964237213)"
3941,quarantine,"Free Msg: get Gnarls Barkleys \Crazy\"" ringtone TOTALLY FREE just reply GO to this message right now!""","reply (2.318000078201294), ringtone (2.1110000610351562), now (1.7230000495910645), free (1.6130000352859497), msg (1.0839999914169312), message (1.003000020980835), this (0.6499999761581421), get (-0.43299999833106995), go (-0.4180000126361847), call (-0.3149999976158142)"
3953,quarantine,Refused a loan? Secured or Unsecured? Can't get credit? Call free now 0800 195 6669 or text back 'help' & we will!,"call (2.193000078201294), text (1.937000036239624), now (1.934000015258789), free (1.2929999828338623), help (0.828000009059906), will (-0.7910000085830688), we (-0.6330000162124634), can (-0.5569999814033508), get (-0.4580000042915344), me (0.3179999887943268)"
3962,quarantine,"You have been specially selected to receive a \3000 award! Call 08712402050 BEFORE the lines close. Cost 10ppm. 16+. T&Cs apply. AG Promo""","call (4.201000213623047), been (1.190000057220459), to (0.7179999947547913), you (0.4650000035762787), me (0.3580000102519989), cost (0.2759999930858612), apply (0.22300000488758087), your (-0.1899999976158142), my (0.18400000035762787), the (0.16899999976158142)"
3967,quarantine,YOU HAVE WON! As a valued Vodafone customer our computer has picked YOU to win a å£150 prize. To collect is easy. Just call 09061743386,"call (3.865000009536743), win (2.3959999084472656), won (1.1610000133514404), customer (0.5559999942779541), have (0.453000009059906), to (-0.4189999997615814), you (-0.4189999997615814), is (0.3499999940395355), me (0.3310000002384186), as (-0.21899999678134918)"
3971,quarantine,Free video camera phones with Half Price line rental for 12 mths and 500 cross ntwk mins 100 txts. Call MobileUpd8 08001950382 or Call2OptOut/674&,"call (3.736999988555908), free (1.7510000467300415), or (1.253000020980835), 500 (1.1510000228881836), with (0.7609999775886536), for (0.531000018119812), me (0.33899998664855957), my (0.17100000381469727), you (0.14100000262260437), from (-0.1340000033378601)"
3977,quarantine,Great NEW Offer - DOUBLE Mins & DOUBLE Txt on best Orange tariffs AND get latest camera phones 4 FREE! Call MobileUpd8 free on 08000839402 NOW! or 2stoptxt T&Cs,"call (2.4830000400543213), txt (2.443000078201294), now (1.2510000467300415), free (1.1540000438690186), or (1.149999976158142), new (0.6460000276565552), get (0.47600001096725464), me (0.3449999988079071), orange (0.296999990940094), my (0.18199999630451202)"
3987,quarantine,Ringtone Club: Gr8 new polys direct to your mobile every week !,"ringtone (2.5889999866485596), mobile (1.4220000505447388), new (1.190999984741211), your (1.090999960899353), call (-0.4320000112056732), to (0.2460000067949295), txt (-0.1770000010728836), my (0.1770000010728836), me (0.1679999977350235), now (-0.13600000739097595)"
3997,quarantine,Bored housewives! Chat n date now! 0871750.77.11! BT-national rate 10p/min only from landlines!,"chat (3.0250000953674316), now (2.2090001106262207), from (1.600000023841858), call (-0.5170000195503235), me (0.17499999701976776), txt (-0.17399999499320984), my (0.1589999943971634), to (-0.1509999930858612), free (-0.12099999934434891), your (-0.10300000011920929)"
3998,quarantine,We tried to call you re your reply to our sms for a video mobile 750 mins UNLIMITED TEXT free camcorder Reply or call now 08000930705 Del Thurs,"sms (2.302999973297119), text (1.5549999475479126), call (1.4639999866485596), now (1.190999984741211), free (1.0809999704360962), or (0.7870000004768372), mobile (0.7850000262260437), reply (0.6029999852180481), to (-0.5429999828338623), your (0.4970000088214874)"
4000,quarantine,"This is the 2nd time we have tried to contact u. U have won the å£400 prize. 2 claim is easy, just call 087104711148 NOW! Only 10p per minute. BT-national-rate","call (3.0799999237060547), claim (2.0999999046325684), won (1.1699999570846558), now (1.125), the (-0.8059999942779541), this (0.7979999780654907), to (0.7870000004768372), me (0.3529999852180481), just (-0.210999995470047), have (0.19599999487400055)"
4010,quarantine,"Wan2 win a Meet+Greet with Westlife 4 U or a m8? They are currently on what tour? 1)Unbreakable, 2)Untamed, 3)Unkempt. Text 1,2 or 3 to 83049. Cost 50p +std tex","win (2.8499999046325684), text (2.322000026702881), to (1.434999942779541), with (0.5), they (0.49000000953674316), what (-0.44699999690055847), call (-0.39399999380111694), cost (0.27399998903274536), you (0.2619999945163727), or (0.25200000405311584)"
4011,quarantine,Please call our customer service representative on FREEPHONE 0808 145 4742 between 9am-11pm as you have WON a guaranteed å£1000 cash or å£5000 prize!,"call (4.543000221252441), service (1.4229999780654907), won (1.0640000104904175), or (0.9279999732971191), cash (0.5139999985694885), customer (0.5059999823570251), me (0.3490000069141388), you (0.33799999952316284), have (0.23499999940395355), my (0.1679999977350235)"
4019,quarantine,"U've been selected to stay in 1 of 250 top British hotels - FOR NOTHING! Holiday valued at å£350! Dial 08712300220 to claim - National Rate Call. Bx526, SW73SS","call (3.5869998931884766), claim (2.1659998893737793), of (1.0169999599456787), to (-0.5609999895095825), been (0.47999998927116394), for (0.46299999952316284), in (-0.44600000977516174), me (0.34299999475479126), at (-0.28700000047683716), my (0.1599999964237213)"
4035,quarantine,YOU ARE CHOSEN TO RECEIVE A å£350 AWARD! Pls call claim number 09066364311 to collect your award which you are selected to receive as a valued mobile customer.,"call (3.2760000228881836), claim (2.0230000019073486), mobile (0.9300000071525574), your (0.6669999957084656), you (-0.6480000019073486), customer (0.574999988079071), me (0.3529999852180481), number (0.3479999899864197), are (0.33399999141693115), my (0.1850000023841858)"
4041,quarantine,Please call our customer service representative on FREEPHONE 0808 145 4742 between 9am-11pm as you have WON a guaranteed å£1000 cash or å£5000 prize!,"call (4.543000221252441), service (1.4229999780654907), won (1.0640000104904175), or (0.9279999732971191), cash (0.5139999985694885), customer (0.5059999823570251), me (0.3490000069141388), you (0.33799999952316284), have (0.23499999940395355), my (0.1679999977350235)"
4047,quarantine,"Thanks for your ringtone order, reference number X49.Your mobile will be charged 4.50. Should your tone not arrive please call customer services 09065989182","call (3.5250000953674316), ringtone (2.0829999446868896), mobile (1.156000018119812), for (0.8669999837875366), not (-0.7820000052452087), customer (0.5830000042915344), your (0.5799999833106995), number (0.39500001072883606), me (0.33899998664855957), my (0.18400000035762787)"
4059,quarantine,Moby Pub Quiz.Win a å£100 High Street prize if u know who the new Duchess of Cornwall will be? Txt her first name to 82277.unsub STOP å£1.50 008704050406 SP,"txt (3.9830000400543213), win (1.9889999628067017), stop (1.6200000047683716), to (1.065000057220459), of (0.593999981880188), new (0.5389999747276306), call (-0.25), know (-0.2199999988079071), the (0.17900000512599945), me (0.1770000010728836)"
4060,quarantine,"This weeks SavaMob member offers are now accessible. Just call 08709501522 for details! SavaMob, POBOX 139, LA3 2WU. Only å£1.50/week. SavaMob - offers mobile!","call (4.098999977111816), now (1.4830000400543213), for (0.7799999713897705), this (0.7639999985694885), mobile (0.6389999985694885), me (0.3490000069141388), my (0.19699999690055847), your (-0.1679999977350235), from (-0.1589999943971634), and (0.14000000059604645)"
4067,quarantine,"You are being contacted by our Dating Service by someone you know! To find out who it is, call from your mobile or landline 09064017305 PoBox75LDNS7 ","call (4.025000095367432), mobile (1.1710000038146973), service (1.1440000534057617), from (1.11899995803833), it (-0.968999981880188), your (0.9340000152587891), out (0.8579999804496765), you (-0.8429999947547913), to (0.4819999933242798), me (0.3700000047683716)"
4068,quarantine,TBS/PERSOLVO. been chasing us since Sept forå£38 definitely not paying now thanks to your information. We will ignore them. Kath. Manchester.,"your (2.13700008392334), now (2.0420000553131104), been (1.0299999713897705), to (0.6669999957084656), call (-0.43799999356269836), not (-0.37400001287460327), we (-0.33799999952316284), information (0.28999999165534973), me (0.18799999356269836), my (0.17499999701976776)"
4072,quarantine,Loans for any purpose even if you have Bad Credit! Tenants Welcome. Call NoWorriesLoans.com on 08717111821,"call (4.423999786376953), if (-1.6549999713897705), for (0.5929999947547913), you (0.5230000019073486), on (0.46299999952316284), me (0.33399999141693115), have (0.210999995470047), your (-0.2070000022649765), my (0.1589999943971634), from (-0.1509999930858612)"
4076,quarantine,87077: Kick off a new season with 2wks FREE goals & news to ur mobile! Txt ur club name to 87077 eg VILLA to 87077,"txt (4.2779998779296875), free (1.5269999504089355), with (0.8880000114440918), mobile (0.8550000190734863), new (0.6349999904632568), call (-0.2669999897480011), to (-0.2460000067949295), your (-0.15399999916553497), now (-0.14900000393390656), me (0.14499999582767487)"
4085,quarantine,"Orange brings you ringtones from all time Chart Heroes, with a free hit each week! Go to Ringtones & Pics on wap. To stop receiving these tips reply STOP.","reply (2.625), free (1.7970000505447388), stop (1.6430000066757202), from (0.953000009059906), with (0.8899999856948853), to (-0.41600000858306885), you (0.37700000405311584), orange (0.34700000286102295), call (-0.3240000009536743), me (0.1940000057220459)"
4087,quarantine,PRIVATE! Your 2003 Account Statement for 07973788240 shows 800 un-redeemed S. I. M. points. Call 08715203649 Identifier Code: 40533 Expires 31/10/04,"call (4.072000026702881), your (1.9179999828338623), for (1.3609999418258667), me (0.36399999260902405), my (0.18299999833106995), now (-0.15299999713897705), you (0.1469999998807907), in (0.13199999928474426), from (-0.11500000208616257), txt (-0.11400000005960464)"
4090,quarantine,We tried to call you re your reply to our sms for a video mobile 750 mins UNLIMITED TEXT + free camcorder Reply of call 08000930705 Now,"sms (2.371999979019165), call (1.3559999465942383), text (1.3459999561309814), free (1.1360000371932983), now (1.0219999551773071), mobile (0.8090000152587891), reply (0.6790000200271606), your (0.4410000145435333), to (-0.43700000643730164), of (0.39500001072883606)"
4103,quarantine,U have a secret admirer who is looking 2 make contact with U-find out who they R*reveal who thinks UR so special-call on 09058094599,"call (3.069999933242798), out (1.840000033378601), so (-0.9279999732971191), with (0.8420000076293945), ur (0.5950000286102295), they (0.49399998784065247), is (0.3840000033378601), have (0.31200000643730164), me (0.2919999957084656), on (0.17100000381469727)"
4107,quarantine,"HOT LIVE FANTASIES call now 08707500020 Just 20p per min NTT Ltd, PO Box 1327 Croydon CR9 5WB 0870 is a national rate call","call (3.510999917984009), now (1.7949999570846558), me (0.32600000500679016), is (0.21899999678134918), per (0.20999999344348907), your (-0.18400000035762787), my (0.17900000512599945), from (-0.16599999368190765), ltd (0.15700000524520874), to (-0.1379999965429306)"
4111,quarantine,URGENT! Your Mobile number has been awarded a <UKP>2000 prize GUARANTEED. Call 09061790125 from landline. Claim 3030. Valid 12hrs only 150ppm,"call (3.3529999256134033), claim (1.8509999513626099), your (1.3650000095367432), mobile (1.0570000410079956), from (0.8830000162124634), been (0.8450000286102295), number (0.40700000524520874), me (0.4009999930858612), my (0.21299999952316284), has (-0.12300000339746475)"
4126,quarantine,"SPJanuary Male Sale! Hot Gay chat now cheaper, call 08709222922. National rate from 1.5p/min cheap to 7.8p/min peak! To stop texts call 08712460324 (10p/min)","chat (2.671999931335449), call (2.2339999675750732), stop (1.5549999475479126), now (1.5290000438690186), from (0.7990000247955322), to (-0.7929999828338623), me (0.3190000057220459), my (0.1679999977350235), txt (-0.12099999934434891), and (0.10400000214576721)"
4133,quarantine,FreeMsg Today's the day if you are ready! I'm horny & live in your town. I love sex fun & games! Netcollex Ltd 08700621170150p per msg reply Stop to end,"stop (2.2290000915527344), reply (2.0450000762939453), if (-1.5980000495910645), msg (1.3009999990463257), to (0.8769999742507935), in (-0.7020000219345093), you (0.6620000004768372), your (0.5019999742507935), games (0.42899999022483826), call (-0.35600000619888306)"
4148,quarantine,Please call Amanda with regard to renewing or upgrading your current T-Mobile handset free of charge. Offer ends today. Tel 0845 021 3680 subject to T's and C's,"call (2.9030001163482666), your (1.503000020980835), mobile (1.1670000553131104), free (1.159999966621399), of (-1.0240000486373901), and (-0.875), or (0.6380000114440918), to (-0.5640000104904175), with (0.3240000009536743), me (0.3199999928474426)"
4153,quarantine,"URGENT!! Your 4* Costa Del Sol Holiday or å£5000 await collection. Call 09050090044 Now toClaim. SAE, TC s, POBox334, Stockport, SK38xh, Costå£1.50/pm, Max10min","call (4.01200008392334), now (1.4450000524520874), or (1.1970000267028809), your (0.4449999928474426), me (0.36899998784065247), my (0.19499999284744263), you (0.15600000321865082), to (-0.13199999928474426), from (-0.12999999523162842), for (-0.12399999797344208)"
4155,quarantine,Want a new Video Phone? 750 anytime any network mins? Half price line rental free text for 3 months? Reply or call 08000930705 for free delivery,"call (2.7660000324249268), free (1.437999963760376), reply (1.3350000381469727), text (1.2999999523162842), or (1.281000018119812), new (0.7630000114440918), me (0.35899999737739563), want (0.3409999907016754), your (-0.22499999403953552), you (0.22100000083446503)"
4161,quarantine,Had your mobile 11 months or more? U R entitled to Update to the latest colour mobiles with camera for Free! Call The Mobile Update Co FREE on 08002986030,"call (3.3540000915527344), free (1.1160000562667847), or (0.9860000014305115), mobile (0.9769999980926514), the (-0.828000009059906), with (0.7120000123977661), your (0.4819999933242798), for (0.414000004529953), to (-0.3880000114440918), me (0.34700000286102295)"
4165,quarantine,"Dear Voucher Holder, To claim this weeks offer, at your PC please go to http://www.wtlp.co.uk/text. Ts&Cs apply.","claim (2.369999885559082), text (2.252000093460083), your (0.8949999809265137), this (0.8130000233650208), go (-0.4129999876022339), voucher (0.37299999594688416), apply (0.3529999852180481), call (-0.3319999873638153), you (0.29600000381469727), at (-0.24199999868869781)"
4168,quarantine,Congrats! Nokia 3650 video camera phone is your Call 09066382422 Calls cost 150ppm Ave call 3mins vary from mobiles 16+ Close 300603 post BCM4284 Ldn WC1N3XX,"call (3.2190001010894775), from (0.9079999923706055), your (0.6019999980926514), me (0.3700000047683716), cost (0.2680000066757202), my (0.20000000298023224), now (-0.1770000010728836), is (0.1599999964237213), out (-0.12300000339746475), txt (-0.11299999803304672)"
4182,quarantine,"Urgent! Please call 0906346330. Your ABTA complimentary 4* Spanish Holiday or å£10,000 cash await collection SAE T&Cs BOX 47 PO19 2EZ 150ppm 18+","call (4.396999835968018), or (1.0779999494552612), your (0.609000027179718), cash (0.5740000009536743), me (0.3630000054836273), my (0.18799999356269836), 18 (0.18199999630451202), now (-0.1420000046491623), for (-0.13500000536441803), to (-0.12999999523162842)"
4195,quarantine,"Double mins and txts 4 6months FREE Bluetooth on Orange. Available on Sony, Nokia Motorola phones. Call MobileUpd8 on 08000839402 or call2optout/N9DX","call (4.02400016784668), free (1.812999963760376), or (1.065999984741211), orange (0.3659999966621399), me (0.3310000002384186), your (-0.16200000047683716), my (0.16099999845027924), from (-0.14499999582767487), now (-0.13300000131130219), txt (-0.11900000274181366)"
4197,quarantine,FREE for 1st week! No1 Nokia tone 4 ur mob every week just txt NOKIA to 8007 Get txting and tell ur mates www.getzed.co.uk POBox 36504 W45WQ norm150p/tone 16+,"txt (4.263000011444092), free (0.9959999918937683), to (0.671999990940094), get (0.6200000047683716), call (-0.28600001335144043), your (-0.17900000512599945), for (0.1770000010728836), tone (0.16099999845027924), me (0.1550000011920929), from (-0.14100000262260437)"
4198,quarantine,"Want to funk up ur fone with a weekly new tone reply TONES2U 2 this text. www.ringtones.co.uk, the original n best. Tones 3GBP network operator rates apply","text (2.2079999446868896), reply (1.8839999437332153), to (1.2020000219345093), new (0.9139999747276306), ur (0.703000009059906), with (0.6000000238418579), this (0.5049999952316284), call (-0.2939999997615814), me (0.24199999868869781), tones (0.23899999260902405)"
4199,quarantine,"cmon babe, make me horny, *turn* me on! Txt me your fantasy now babe -) Im hot, sticky and need you now. All replies cost å£1.50. 2 cancel send STOP","txt (3.5759999752044678), stop (1.7990000247955322), me (-1.7419999837875366), send (1.3049999475479126), all (0.9190000295639038), im (-0.5809999704360962), your (0.5230000019073486), need (-0.4860000014305115), to (-0.38499999046325684), you (0.33500000834465027)"
4235,quarantine,FREEMSG: Our records indicate you may be entitled to 3750 pounds for the Accident you had. To claim for free reply with YES to this msg. To opt out text STOP,"you (-1.6180000305175781), reply (1.5570000410079956), stop (1.5099999904632568), claim (1.4270000457763672), free (1.3980000019073486), out (1.2569999694824219), msg (1.0700000524520874), text (0.8270000219345093), this (0.7789999842643738), with (0.4009999930858612)"
4236,quarantine,"U can WIN å£100 of Music Gift Vouchers every week starting NOW Txt the word DRAW to 87066 TsCs www.Idew.com SkillGame, 1Winaweek, age16. 150ppermessSubscription","txt (3.9690001010894775), win (2.575000047683716), to (1.0880000591278076), now (1.0750000476837158), of (0.6919999718666077), can (-0.4490000009536743), call (-0.2980000078678131), me (0.1809999942779541), my (0.15800000727176666), and (0.13600000739097595)"
4247,quarantine,Text PASS to 69669 to collect your polyphonic ringtones. Normal gprs charges apply only. Enjoy your tones,"text (3.2699999809265137), your (1.159999966621399), enjoy (0.9580000042915344), call (-0.4059999883174896), apply (0.3529999852180481), to (-0.3409999907016754), you (0.257999986410141), tones (0.2409999966621399), for (-0.2150000035762787), me (0.20499999821186066)"
4255,quarantine,Block Breaker now comes in deluxe format with new features and great graphics from T-Mobile. Buy for just å£5 by replying GET BBDELUXE and take the challenge,"now (1.815000057220459), from (1.347000002861023), mobile (1.2589999437332153), new (1.031000018119812), for (0.875), in (-0.7730000019073486), call (-0.4569999873638153), get (-0.2759999930858612), with (0.22300000488758087), me (0.18199999630451202)"
4257,quarantine,important information 4 orange user . today is your lucky day!2find out why log onto http://www.urawinner.com THERE'S A FANTASTIC SURPRISE AWAITING YOU!,"out (2.259999990463257), your (2.1570000648498535), you (0.6349999904632568), is (0.5019999742507935), call (-0.4729999899864197), there (-0.4350000023841858), orange (0.3659999966621399), information (0.28999999165534973), to (-0.25200000405311584), in (0.2029999941587448)"
4271,quarantine,Natalja (25/F) is inviting you to be her friend. Reply YES-440 or NO-440 See her: www.SMS.ac/u/nat27081980 STOP? Send STOP FRND to 62468,"sms (2.5910000801086426), reply (2.3239998817443848), stop (1.7380000352859497), send (1.7059999704360962), or (0.9950000047683716), see (0.44600000977516174), you (0.36000001430511475), call (-0.3059999942779541), is (0.1809999942779541), me (0.17100000381469727)"
4280,quarantine,WINNER!! As a valued network customer you have been selected to receivea å£900 prize reward! To claim call 09061701461. Claim code KL341. Valid 12 hours only.,"call (3.5260000228881836), claim (2.2769999504089355), customer (0.5740000009536743), you (0.4950000047683716), to (-0.49300000071525574), me (0.3370000123977661), been (0.30399999022483826), your (-0.20499999821186066), my (0.15800000727176666), from (-0.1420000046491623)"
4295,quarantine,HMV BONUS SPECIAL 500 pounds of genuine HMV vouchers to be won. Just answer 4 easy questions. Play Now! Send HMV to 86688 More info:www.100percent-real.com,"send (2.3289999961853027), now (2.0169999599456787), 500 (1.50600004196167), won (1.1150000095367432), call (-0.4000000059604645), to (0.3070000112056732), of (0.18400000035762787), my (0.1720000058412552), txt (-0.16500000655651093), your (-0.16099999845027924)"
4296,quarantine,Please CALL 08712402578 immediately as there is an urgent message waiting for you,"call (3.6470000743865967), message (2.131999969482422), for (0.4359999895095825), there (-0.3449999988079071), me (0.3199999928474426), is (0.3160000145435333), your (-0.30799999833106995), you (0.2930000126361847), as (-0.19099999964237213), my (0.1720000058412552)"
4298,quarantine,"WELL DONE! Your 4* Costa Del Sol Holiday or å£5000 await collection. Call 09050090044 Now toClaim. SAE, TCs, POBox334, Stockport, SK38xh, Costå£1.50/pm, Max10mi","call (4.01200008392334), now (1.4450000524520874), or (1.1970000267028809), your (0.4449999928474426), me (0.36899998784065247), my (0.19499999284744263), you (0.15600000321865082), to (-0.13199999928474426), from (-0.12999999523162842), for (-0.12399999797344208)"
4310,quarantine,Someone U know has asked our dating service 2 contact you! Cant Guess who? CALL 09058091854 NOW all will be revealed. PO BOX385 M6 6WU,"call (4.135000228881836), now (1.7109999656677246), service (1.4429999589920044), all (0.7379999756813049), you (0.42399999499320984), me (0.3370000123977661), know (-0.30000001192092896), will (-0.2630000114440918), cant (-0.2070000022649765), my (0.17399999499320984)"
4328,quarantine,"Congrats! 2 mobile 3G Videophones R yours. call 09061744553 now! videochat wid ur mates, play java games, Dload polyH music, noline rentl. bx420. ip4. 5we. 150p","call (3.9489998817443848), now (1.5729999542236328), mobile (0.8140000104904175), ur (0.6669999957084656), games (0.4819999933242798), me (0.3610000014305115), my (0.1860000044107437), your (-0.16300000250339508), from (-0.1599999964237213), to (-0.12999999523162842)"
4347,quarantine,U 447801259231 have a secret admirer who is looking 2 make contact with U-find out who they R*reveal who thinks UR so special-call on 09058094597,"call (3.069999933242798), out (1.840000033378601), so (-0.9279999732971191), with (0.8420000076293945), ur (0.5950000286102295), they (0.49399998784065247), is (0.3840000033378601), have (0.31200000643730164), me (0.2919999957084656), on (0.17100000381469727)"
4354,quarantine,important information 4 orange user 0789xxxxxxx. today is your lucky day!2find out why log onto http://www.urawinner.com THERE'S A FANTASTIC SURPRISE AWAITING Y,"out (2.259999990463257), your (2.1570000648498535), you (0.6349999904632568), is (0.5019999742507935), call (-0.4729999899864197), there (-0.4350000023841858), orange (0.3659999966621399), information (0.28999999165534973), to (-0.25200000405311584), in (0.2029999941587448)"
4358,quarantine,"Our dating service has been asked 2 contact U by someone shy! CALL 09058091870 NOW all will be revealed. POBox84, M26 3UZ 150p","call (3.992000102996826), now (1.9129999876022339), service (1.4110000133514404), been (1.031000018119812), all (0.8309999704360962), me (0.3440000116825104), will (-0.29100000858306885), 150p (0.22699999809265137), my (0.18199999630451202), you (-0.1679999977350235)"
4370,quarantine,Do you want a new Video handset? 750 any time any network mins? UNLIMITED TEXT? Camcorder? Reply or Call now 08000930705 for del Sat AM,"call (3.3380000591278076), reply (1.3029999732971191), now (1.2790000438690186), text (0.9649999737739563), new (0.7680000066757202), or (0.6679999828338623), for (0.4180000126361847), me (0.3709999918937683), want (0.35499998927116394), my (0.1899999976158142)"
4372,quarantine,"Ur balance is now å£600. Next question: Complete the landmark, Big, A. Bob, B. Barry or C. Ben ?. Text A, B or C to 83738. Good luck!","text (2.8610000610351562), now (2.2850000858306885), next (0.8870000243186951), to (0.6790000200271606), good (-0.5699999928474426), call (-0.44699999690055847), the (-0.28600001335144043), you (0.2669999897480011), your (-0.2460000067949295), me (0.21299999952316284)"
4375,quarantine,Ur TONEXS subscription has been renewed and you have been charged å£4.50. You can choose 10 more polys this month. www.clubzed.co.uk *BILLING MSG*,"msg (1.7450000047683716), been (1.5470000505447388), this (0.9990000128746033), ur (0.6930000185966492), call (-0.5699999928474426), and (0.35199999809265137), have (0.34200000762939453), more (0.21699999272823334), txt (-0.17100000381469727), can (-0.1679999977350235)"
4376,quarantine,"If you don't, your prize will go to another customer. T&C at www.t-c.biz 18+ 150p/min Polo Ltd Suite 373 London W1J 6HL Please call back if busy","call (3.740000009536743), if (-1.7719999551773071), to (0.7960000038146973), your (0.75), you (0.6480000019073486), customer (0.5789999961853027), me (0.34200000762939453), go (-0.3370000123977661), 150p (0.2750000059604645), at (-0.23600000143051147)"
4385,quarantine,Do you want a New Nokia 3510i Colour Phone Delivered Tomorrow? With 200 FREE minutes to any mobile + 100 FREE text + FREE camcorder Reply or Call 8000930705,"call (2.4149999618530273), text (1.4320000410079956), reply (1.1690000295639038), free (1.0410000085830688), or (0.9350000023841858), mobile (0.8999999761581421), new (0.8799999952316284), with (0.7570000290870667), to (0.6620000004768372), me (0.3720000088214874)"
4406,quarantine,As one of our registered subscribers u can enter the draw 4 a 100 G.B. gift voucher by replying with ENTER. To unsubscribe text STOP,"text (2.5480000972747803), stop (2.1670000553131104), to (1.312999963760376), of (0.9279999732971191), call (-0.3840000033378601), voucher (0.3709999918937683), with (0.2639999985694885), can (-0.2329999953508377), me (0.23199999332427979), you (0.21199999749660492)"
4409,quarantine,"For your chance to WIN a FREE Bluetooth Headset then simply reply back with \ADP\""""","reply (2.250999927520752), free (1.9190000295639038), win (1.8320000171661377), your (0.921999990940094), with (0.9020000100135803), then (-0.3059999942779541), call (-0.2759999930858612), me (0.18400000035762787), my (0.16699999570846558), for (0.1589999943971634)"
4435,quarantine,Don't b floppy... b snappy & happy! Only gay chat service with photo upload call 08718730666 (10p/min). 2 stop our texts call 08712460324,"chat (2.4059998989105225), call (2.2219998836517334), stop (1.9129999876022339), service (1.2990000247955322), with (0.4429999887943268), me (0.30399999022483826), to (-0.18199999630451202), from (-0.1589999943971634), now (-0.15600000321865082), my (0.14499999582767487)"
4449,quarantine,"Urgent UR awarded a complimentary trip to EuroDisinc Trav, Aco&Entry41 Or å£1000. To claim txt DIS to 87121 18+6*å£1.50(moreFrmMob. ShrAcomOrSglSuplt)10, LS1 3A","txt (3.7260000705718994), claim (2.2179999351501465), or (1.0959999561309814), ur (0.46000000834465027), call (-0.30000001192092896), your (-0.16699999570846558), me (0.15399999916553497), now (-0.13600000739097595), 18 (0.13199999928474426), my (0.11999999731779099)"
4459,quarantine,"Welcome to UK-mobile-date this msg is FREE giving you free calling to 08719839835. Future mgs billed at 150p daily. To cancel send \go stop\"" to 89123""","send (1.8530000448226929), stop (1.7760000228881836), msg (1.5700000524520874), free (1.190000057220459), mobile (1.0069999694824219), this (0.7379999756813049), to (0.4090000092983246), call (-0.3449999988079071), you (0.2980000078678131), go (-0.29600000381469727)"
4498,quarantine,"Latest Nokia Mobile or iPOD MP3 Player +å£400 proze GUARANTEED! Reply with: WIN to 83355 now! Norcorp Ltd.å£1,50/Mtmsgrcvd18+","win (2.703000068664551), reply (2.1019999980926514), now (1.534000039100647), to (0.9509999752044678), mobile (0.8489999771118164), or (0.675000011920929), with (0.40799999237060547), call (-0.37599998712539673), me (0.1979999989271164), my (0.17000000178813934)"
4499,quarantine,"SMS SERVICES. for your inclusive text credits, pls goto www.comuk.net login= 3qxj9 unsubscribe with STOP, no extra charge. help 08702840625.COMUK. 220-CM2 9AE","sms (2.818000078201294), text (2.2079999446868896), stop (1.9559999704360962), your (0.7599999904632568), help (0.6359999775886536), for (0.5590000152587891), call (-0.39100000262260437), you (0.3709999918937683), with (0.3700000047683716), unsubscribe (0.3659999966621399)"
4516,quarantine,"Congrats! 2 mobile 3G Videophones R yours. call 09061744553 now! videochat wid ur mates, play java games, Dload polyH music, noline rentl. bx420. ip4. 5we. 150p","call (3.9489998817443848), now (1.5729999542236328), mobile (0.8140000104904175), ur (0.6669999957084656), games (0.4819999933242798), me (0.3610000014305115), my (0.1860000044107437), your (-0.16300000250339508), from (-0.1599999964237213), to (-0.12999999523162842)"
4533,quarantine,Gr8 new service - live sex video chat on your mob - see the sexiest dirtiest girls live on ur phone - 4 details text horny to 89070 to cancel send STOP to 89070,"chat (2.263000011444092), stop (1.9550000429153442), send (1.63100004196167), text (1.5859999656677246), service (0.8370000123977661), new (0.5109999775886536), see (0.43299999833106995), you (0.36399999260902405), your (0.335999995470047), ur (0.3089999854564667)"
4570,quarantine,Wanna have a laugh? Try CHIT-CHAT on your mobile now! Logon by txting the word: CHAT and send it to No: 8883 CM PO Box 4217 London W1A 6ZF 16+ 118p/msg rcvd,"send (1.7760000228881836), msg (1.2829999923706055), mobile (1.13100004196167), now (1.0190000534057617), your (0.753000020980835), it (-0.4659999907016754), call (-0.41499999165534973), have (-0.2759999930858612), to (0.21899999678134918), my (0.18700000643730164)"
4576,quarantine,Congratulations ur awarded 500 of CD vouchers or 125gift guaranteed & Free entry 2 100 wkly draw txt MUSIC to 87066,"txt (4.10099983215332), free (1.815000057220459), 500 (0.9879999756813049), to (0.9340000152587891), or (0.7879999876022339), of (-0.33000001311302185), call (-0.2879999876022339), me (0.17100000381469727), your (-0.1509999930858612), my (0.14900000393390656)"
4577,quarantine,"Had your contract mobile 11 Mnths? Latest Motorola, Nokia etc. all FREE! Double Mins & Text on Orange tariffs. TEXT YES for callback, no to remove from records","text (2.3510000705718994), free (2.0280001163482666), mobile (0.9399999976158142), from (0.7889999747276306), to (0.7120000123977661), your (0.5849999785423279), all (0.36500000953674316), call (-0.3499999940395355), you (0.3199999928474426), orange (0.29499998688697815)"
4578,quarantine,"Urgent! call 09066350750 from your landline. Your complimentary 4* Ibiza Holiday or 10,000 cash await collection SAE T&Cs PO BOX 434 SK3 8WP 150 ppm 18+","call (4.000999927520752), or (1.2619999647140503), from (0.7089999914169312), cash (0.5740000009536743), me (0.375), your (0.28299999237060547), my (0.1979999989271164), for (-0.18799999356269836), 18 (0.18199999630451202), now (-0.14499999582767487)"
4583,quarantine,"For ur chance to win a å£250 wkly shopping spree TXT: SHOP to 80878. T's&C's www.txt-2-shop.com custcare 08715705022, 1x150p/wk","txt (4.27400016784668), win (2.9739999771118164), for (0.6980000138282776), ur (0.45500001311302185), call (-0.27300000190734863), to (-0.23800000548362732), your (-0.1589999943971634), now (-0.15700000524520874), me (0.14100000262260437), my (0.11900000274181366)"
4585,quarantine,U have a Secret Admirer who is looking 2 make contact with U-find out who they R*reveal who thinks UR so special-call on 09065171142-stopsms-08718727870150ppm,"call (3.069999933242798), out (1.840000033378601), so (-0.9279999732971191), with (0.8420000076293945), ur (0.5950000286102295), they (0.49399998784065247), is (0.3840000033378601), have (0.31200000643730164), me (0.2919999957084656), on (0.17100000381469727)"
4586,quarantine,"Mila, age23, blonde, new in UK. I look sex with UK guys. if u like fun with me. Text MTALK to 69866.18 . 30pp/txt 1st 5free. å£1.50 increments. Help08718728876","txt (3.561000108718872), text (2.2339999675750732), to (1.3760000467300415), me (-0.8289999961853027), with (0.7020000219345093), new (0.6539999842643738), in (-0.5920000076293945), like (0.18400000035762787), you (0.15700000524520874), sex (0.14399999380111694)"
4591,quarantine,Well done ENGLAND! Get the official poly ringtone or colour flag on yer mobile! text TONE or FLAG to 84199 NOW! Opt-out txt ENG STOP. Box39822 W111WX å£1.50,"txt (3.1740000247955322), text (1.6150000095367432), ringtone (1.465000033378601), stop (1.3070000410079956), out (0.8379999995231628), to (0.828000009059906), now (0.7440000176429749), mobile (0.5920000076293945), get (0.4180000126361847), you (0.25200000405311584)"
4601,quarantine,FreeMsg: Txt: CALL to No: 86888 & claim your reward of 3 hours talk time to use from your phone now! Subscribe6GBP/mnth inc 3hrs 16 stop?txtStop,"txt (2.305000066757202), call (1.9470000267028809), claim (1.4199999570846558), now (1.2510000467300415), stop (1.1679999828338623), of (-1.0470000505447388), from (0.7630000114440918), to (-0.671999990940094), your (0.4440000057220459), time (-0.43299999833106995)"
4627,quarantine,Please call our customer service representative on 0800 169 6031 between 10am-9pm as you have WON a guaranteed å£1000 cash or å£5000 prize!,"call (4.552000045776367), service (1.4229999780654907), won (1.0640000104904175), or (0.8550000190734863), cash (0.5139999985694885), customer (0.5059999823570251), you (0.47699999809265137), me (0.35499998927116394), have (0.26499998569488525), as (-0.21899999678134918)"
4628,quarantine,Todays Voda numbers ending with 7634 are selected to receive a å£350 reward. If you have a match please call 08712300220 quoting claim code 7684 standard rates ,"call (3.2209999561309814), claim (2.3420000076293945), with (0.9179999828338623), to (0.8889999985694885), you (0.4830000102519989), me (0.3580000102519989), apply (0.27900001406669617), have (-0.23000000417232513), my (0.1770000010728836), from (-0.15399999916553497)"
4642,quarantine,You are being ripped off! Get your mobile content from www.clubmoby.com call 08717509990 poly/true/Pix/Ringtones/Games six downloads for only 3,"call (4.151000022888184), mobile (1.1970000267028809), your (1.1519999504089355), for (0.921999990940094), from (0.8809999823570251), games (0.4309999942779541), me (0.3799999952316284), get (-0.29499998688697815), you (0.24699999392032623), my (0.20000000298023224)"
4646,quarantine,We tried to contact you re your reply to our offer of a Video Phone 750 anytime any network mins Half Price Line Rental Camcorder Reply or call 08000930705,"call (3.4790000915527344), or (1.149999976158142), reply (0.9649999737739563), your (0.5170000195503235), to (-0.42399999499320984), of (0.39399999380111694), you (0.3919999897480011), me (0.36500000953674316), my (0.18400000035762787), now (-0.13699999451637268)"
4649,quarantine,"Please protect yourself from e-threats. SIB never asks for sensitive information like Passwords,ATM/SMS PIN thru email. Never share your password with anybody.","sms (3.0820000171661377), from (0.9580000042915344), with (0.8529999852180481), your (0.6850000023841858), call (-0.4970000088214874), for (0.46799999475479126), information (0.28999999165534973), you (0.23499999940395355), me (0.1850000023841858), my (0.17299999296665192)"
4651,quarantine,A å£400 XMAS REWARD IS WAITING FOR YOU! Our computer has randomly picked you from our loyal mobile customers to receive a å£400 reward. Just call 09066380611 ,"call (4.00600004196167), mobile (0.9789999723434448), from (0.9169999957084656), to (0.45399999618530273), me (0.3720000088214874), for (0.25600001215934753), you (-0.23800000548362732), my (0.20000000298023224), your (-0.12600000202655792), txt (-0.11900000274181366)"
4657,quarantine,PRIVATE! Your 2003 Account Statement for shows 800 un-redeemed S. I. M. points. Call 08718738002 Identifier Code: 48922 Expires 21/11/04,"call (4.179999828338623), your (2.0369999408721924), for (1.3609999418258667), me (0.36800000071525574), my (0.18299999833106995), you (0.15299999713897705), now (-0.15299999713897705), in (0.13500000536441803), from (-0.11500000208616257), txt (-0.11400000005960464)"
4695,quarantine,"URGENT! Your Mobile No 07808726822 was awarded a å£2,000 Bonus Caller Prize on 02/09/03! This is our 2nd attempt to contact YOU! Call 0871-872-9758 BOX95QU","call (3.865999937057495), mobile (1.2929999828338623), your (1.1729999780654907), to (0.8270000219345093), was (-0.6240000128746033), this (0.6050000190734863), you (0.48100000619888306), no (-0.43299999833106995), on (0.3840000033378601), me (0.3709999918937683)"
4724,quarantine,"FREE GAME. Get Rayman Golf 4 FREE from the O2 Games Arcade. 1st get UR games settings. Reply POST, then save & activ8. Press 0 key for Arcade. Termsapply","free (1.902999997138977), reply (1.7130000591278076), from (1.0720000267028809), ur (0.6620000004768372), get (-0.6309999823570251), for (0.6069999933242798), games (0.4819999933242798), call (-0.4169999957084656), the (0.24899999797344208), me (0.21699999272823334)"
4727,quarantine,"Had your mobile 10 mths? Update to the latest Camera/Video phones for FREE. KEEP UR SAME NUMBER, Get extra free mins/texts. Text YES for a call","call (2.265000104904175), text (1.878000020980835), free (1.2699999809265137), mobile (1.0950000286102295), to (0.6629999876022339), get (0.5350000262260437), your (0.5090000033378601), number (0.4169999957084656), me (0.38199999928474426), for (0.328000009059906)"
4745,quarantine,Camera - You are awarded a SiPix Digital Camera! call 09061221066 fromm landline. Delivery within 28 days.,"call (4.791999816894531), you (0.5640000104904175), me (0.34299999475479126), to (-0.1979999989271164), your (-0.1940000057220459), from (-0.1720000058412552), my (0.1599999964237213), now (-0.15199999511241913), txt (-0.12999999523162842), free (-0.10999999940395355)"
4758,quarantine,URGENT! Your Mobile number has been awarded with a å£2000 prize GUARANTEED. Call 09061790121 from land line. Claim 3030. Valid 12hrs only 150ppm,"call (3.369999885559082), claim (1.8509999513626099), mobile (1.0080000162124634), been (0.902999997138977), from (0.7509999871253967), number (0.40700000524520874), me (0.3930000066757202), with (0.37599998712539673), my (0.2150000035762787), you (-0.15800000727176666)"
4759,quarantine,Thanks 4 your continued support Your question this week will enter u in2 our draw 4 å£100 cash. Name the NEW US President? txt ans to 80082,"txt (4.198999881744385), to (1.0850000381469727), this (0.8199999928474426), new (0.7799999713897705), cash (0.5350000262260437), the (0.296999990940094), call (-0.2919999957084656), your (0.2540000081062317), me (0.17800000309944153), my (0.1720000058412552)"
4785,quarantine,"Urgent -call 09066649731from Landline. Your complimentary 4* Ibiza Holiday or å£10,000 cash await collection SAE T&Cs PO BOX 434 SK3 8WP 150ppm 18+","call (4.195000171661377), or (1.3459999561309814), cash (0.5740000009536743), your (0.546999990940094), me (0.36399999260902405), my (0.18799999356269836), 18 (0.18199999630451202), now (-0.1459999978542328), to (-0.1379999965429306), from (-0.13099999725818634)"
4796,quarantine,URGENT This is our 2nd attempt to contact U. Your å£900 prize from YESTERDAY is still awaiting collection. To claim CALL NOW 09061702893,"call (3.0889999866485596), claim (1.847000002861023), now (1.5839999914169312), your (1.3860000371932983), to (-0.7039999961853027), this (0.6930000185966492), from (0.6880000233650208), me (0.3840000033378601), is (-0.2529999911785126), my (0.20000000298023224)"
4797,quarantine,Santa calling! Would your little ones like a call from Santa Xmas Eve? Call 09077818151 to book you time. Calls1.50ppm last 3mins 30s T&C www.santacalling.com,"call (3.11299991607666), to (0.9100000262260437), from (0.8360000252723694), you (0.5740000009536743), your (0.550000011920929), me (0.3790000081062317), my (0.20900000631809235), now (-0.16300000250339508), time (-0.12999999523162842), and (0.12399999797344208)"
4807,quarantine,PRIVATE! Your 2004 Account Statement for 078498****7 shows 786 unredeemed Bonus Points. To claim call 08719180219 Identifier Code: 45239 Expires 06.05.05,"call (3.38700008392334), claim (2.058000087738037), your (0.5429999828338623), to (0.492000013589859), for (0.3919999897480011), me (0.3630000054836273), my (0.20000000298023224), now (-0.12600000202655792), and (0.12300000339746475), but (0.12200000137090683)"
4822,quarantine,u r a winner U ave been specially selected 2 receive å£1000 cash or a 4* holiday (flights inc) speak to a live operator 2 claim 0871277810710p/min (18 ),"claim (3.009000062942505), to (1.2300000190734863), or (1.0360000133514404), cash (0.5740000009536743), call (-0.49300000071525574), been (0.4490000009536743), your (-0.1860000044107437), 18 (0.18199999630451202), txt (-0.17399999499320984), me (0.1720000058412552)"
4833,quarantine,"New Mobiles from 2004, MUST GO! Txt: NOKIA to No: 89545 & collect yours today! From ONLY å£1. www.4-tc.biz 2optout 087187262701.50gbp/mtmsg18 TXTAUCTION.","txt (4.3470001220703125), from (1.375), to (1.2070000171661377), new (0.9259999990463257), go (-0.4099999964237213), no (-0.40799999237060547), call (-0.3400000035762787), me (0.17499999701976776), now (-0.164000004529953), my (0.15399999916553497)"
4840,quarantine,PRIVATE! Your 2003 Account Statement for shows 800 un-redeemed S. I. M. points. Call 08715203652 Identifier Code: 42810 Expires 29/10/0,"call (4.072000026702881), your (1.9179999828338623), for (1.3609999418258667), me (0.36399999260902405), my (0.18299999833106995), now (-0.15299999713897705), you (0.1469999998807907), in (0.13199999928474426), from (-0.11500000208616257), txt (-0.11400000005960464)"
4844,quarantine,YOU HAVE WON! As a valued Vodafone customer our computer has picked YOU to win a å£150 prize. To collect is easy. Just call 09061743386 ,"call (3.865000009536743), win (2.3959999084472656), won (1.1610000133514404), customer (0.5559999942779541), have (0.453000009059906), to (-0.4189999997615814), you (-0.4189999997615814), is (0.3499999940395355), me (0.3310000002384186), as (-0.21899999678134918)"
4862,quarantine,**FREE MESSAGE**Thanks for using the Auction Subscription Service. 18 . 150p/MSGRCVD 2 Skip an Auction txt OUT. 2 Unsubscribe txt STOP CustomerCare 08718726270,"txt (3.2829999923706055), free (1.7170000076293945), stop (1.593000054359436), out (1.3660000562667847), service (1.1390000581741333), for (0.5809999704360962), call (-0.29899999499320984), message (0.2639999985694885), 150p (0.22699999809265137), unsubscribe (0.16200000047683716)"
4863,quarantine,Bored housewives! Chat n date now! 0871750.77.11! BT-national rate 10p/min only from landlines!,"chat (3.0250000953674316), now (2.2090001106262207), from (1.600000023841858), call (-0.5170000195503235), me (0.17499999701976776), txt (-0.17399999499320984), my (0.1589999943971634), to (-0.1509999930858612), free (-0.12099999934434891), your (-0.10300000011920929)"
4876,quarantine,lyricalladie(21/F) is inviting you to be her friend. Reply YES-910 or NO-910. See her: www.SMS.ac/u/hmmross STOP? Send STOP FRND to 62468,"sms (2.5899999141693115), reply (2.3310000896453857), stop (1.6469999551773071), send (1.3899999856948853), or (0.7440000176429749), no (-0.4749999940395355), see (0.4449999928474426), you (0.4390000104904175), call (-0.3089999854564667), is (0.2879999876022339)"
4878,quarantine,No 1 POLYPHONIC tone 4 ur mob every week! Just txt PT2 to 87575. 1st Tone FREE ! so get txtin now and tell ur friends. 150p/tone. 16 reply HL 4info,"txt (4.063000202178955), now (1.3769999742507935), to (1.0529999732971191), free (0.9769999980926514), get (0.5019999742507935), reply (0.382999986410141), so (-0.29899999499320984), 150p (0.2750000059604645), call (-0.21899999678134918), and (0.2029999941587448)"
4887,quarantine,Todays Vodafone numbers ending with 4882 are selected to a receive a å£350 award. If your number matches call 09064019014 to receive your å£350 award.,"call (3.936000108718872), with (0.871999979019165), your (0.5820000171661377), to (-0.5580000281333923), number (0.37400001287460327), me (0.3400000035762787), for (-0.18700000643730164), my (0.1770000010728836), now (-0.15800000727176666), from (-0.1289999932050705)"
4895,quarantine,Want the latest Video handset? 750 anytime any network mins? Half price line rental? Reply or call 08000930705 for delivery tomorrow,"call (3.875), reply (1.6089999675750732), for (0.8849999904632568), or (0.824999988079071), want (0.414000004529953), me (0.3610000014305115), my (0.1720000058412552), to (0.1599999964237213), you (0.15700000524520874), your (-0.13600000739097595)"
4900,quarantine,"ou are guaranteed the latest Nokia Phone, a 40GB iPod MP3 player or a å£500 prize! Txt word: COLLECT to No: 83355! IBHltd LdnW15H 150p/Mtmsgrcvd18","txt (4.415999889373779), 500 (1.1629999876022339), or (1.1299999952316284), to (1.1039999723434448), call (-0.335999995470047), me (0.17000000178813934), my (0.15700000524520874), 150p (0.1469999998807907), your (-0.14499999582767487), now (-0.14300000667572021)"
4902,quarantine,* FREE* POLYPHONIC RINGTONE Text SUPER to 87131 to get your FREE POLY TONE of the week now! 16 SN PoBox202 NR31 7ZS subscription 450pw,"text (2.503999948501587), ringtone (2.2249999046325684), free (1.7369999885559082), now (0.9440000057220459), your (0.7279999852180481), of (0.503000020980835), you (0.3889999985694885), get (-0.33399999141693115), call (-0.257999986410141), me (0.2409999966621399)"
4917,quarantine,"This is the 2nd time we have tried 2 contact u. U have won the 750 Pound prize. 2 claim is easy, call 08712101358 NOW! Only 10p per min. BT-national-rate","call (3.5910000801086426), claim (2.072999954223633), now (1.2400000095367432), won (1.1679999828338623), the (-0.9160000085830688), this (0.8209999799728394), me (0.34700000286102295), have (0.25), my (0.1850000023841858), to (-0.1720000058412552)"
4929,quarantine,"Got what it takes 2 take part in the WRC Rally in Oz? U can with Lucozade Energy! Text RALLY LE to 61200 (25p), see packs or lucozade.co.uk/wrc & itcould be u!","text (2.9230000972747803), to (1.4249999523162842), or (1.1629999876022339), with (0.7960000038146973), see (0.5220000147819519), call (-0.4000000059604645), in (-0.367000013589859), you (0.26100000739097595), me (0.20900000631809235), what (-0.20800000429153442)"
4930,quarantine,"Hi, the SEXYCHAT girls are waiting for you to text them. Text now for a great night chatting. send STOP to stop this service","now (1.6629999876022339), send (1.3650000095367432), service (1.3320000171661377), stop (1.253000020980835), text (1.0), this (0.8920000195503235), for (-0.30399999022483826), the (0.30300000309944153), call (-0.30000001192092896), your (-0.2669999897480011)"
4947,quarantine,Great News! Call FREEFONE 08006344447 to claim your guaranteed å£1000 CASH or å£2000 gift. Speak to a live operator NOW!,"call (3.2209999561309814), claim (1.930999994277954), your (1.621999979019165), now (1.5570000410079956), or (0.7630000114440918), to (-0.5770000219345093), cash (0.5740000009536743), me (0.3790000081062317), you (0.21299999952316284), my (0.20200000703334808)"
4948,quarantine,"Hi this is Amy, we will be sending you a free phone number in a couple of days, which will give you an access to all the adult parties...","free (2.2260000705718994), this (0.9319999814033508), of (0.9269999861717224), to (0.9120000004768372), all (0.8600000143051147), you (-0.6209999918937683), number (0.48500001430511475), will (-0.3970000147819519), call (-0.36800000071525574), the (0.3179999887943268)"
4952,quarantine,"Welcome to Select, an O2 service with added benefits. You can now call our specially trained advisors FREE from your mobile by dialling 402.","call (2.828000068664551), service (1.1749999523162842), now (1.1699999570846558), mobile (0.9419999718666077), from (0.9369999766349792), free (0.8769999742507935), your (0.6589999794960022), to (0.5799999833106995), can (-0.4779999852180481), me (0.3970000147819519)"
4966,quarantine,URGENT! We are trying to contact U. Todays draw shows that you have won a å£2000 prize GUARANTEED. Call 09058094507 from land line. Claim 3030. Valid 12hrs only,"call (3.6670000553131104), claim (2.260999917984009), won (1.0210000276565552), from (0.8360000252723694), to (0.7960000038146973), you (0.5709999799728394), that (-0.460999995470047), me (0.37700000405311584), my (0.1850000023841858), are (-0.14800000190734863)"
4984,quarantine,goldviking (29/M) is inviting you to be his friend. Reply YES-762 or NO-762 See him: www.SMS.ac/u/goldviking STOP? Send STOP FRND to 62468,"sms (2.5899999141693115), reply (2.3310000896453857), stop (1.6480000019073486), send (1.2949999570846558), or (0.7440000176429749), no (-0.4740000069141388), see (0.4449999928474426), you (0.36800000071525574), call (-0.3089999854564667), him (-0.2879999876022339)"
4990,quarantine,Phony å£350 award - Todays Voda numbers ending XXXX are selected to receive a å£350 award. If you have a match please call 08712300220 quoting claim code 3100 s,"call (3.322999954223633), claim (2.375), to (0.8849999904632568), you (0.5210000276565552), me (0.3569999933242798), have (-0.21799999475479126), my (0.1770000010728836), your (-0.17299999296665192), from (-0.164000004529953), and (0.13099999725818634)"
5003,quarantine,CDs 4u: Congratulations ur awarded å£500 of CD gift vouchers or å£125 gift guaranteed & Freeentry 2 å£100 wkly draw xt MUSIC to 87066 TnCs www.ldew.com1win150pp,"500 (1.4570000171661377), or (1.2619999647140503), to (1.187999963760376), of (0.6819999814033508), call (-0.5019999742507935), ur (0.4650000035762787), me (0.2029999941587448), txt (-0.19099999964237213), my (0.1550000011920929), now (-0.14900000393390656)"
5011,quarantine,You have WON a guaranteed å£1000 cash or a å£2000 prize. To claim yr prize call our customer service representative on 08714712412 between 10am-7pm Cost 10p,"call (3.509999990463257), claim (1.8730000257492065), service (1.1150000095367432), won (1.065999984741211), or (0.753000020980835), to (0.753000020980835), cash (0.5139999985694885), customer (0.4090000092983246), you (0.3700000047683716), me (0.35899999737739563)"
5017,quarantine,Dear 0776xxxxxxx U've been invited to XCHAT. This is our final attempt to contact u! Txt CHAT to 86688 150p/MsgrcvdHG/Suite342/2Lands/Row/W1J6HL LDN 18yrs,"txt (3.934000015258789), chat (2.6510000228881836), this (0.8009999990463257), been (0.48100000619888306), to (0.36399999260902405), call (-0.3109999895095825), 150p (0.2750000059604645), now (-0.1679999977350235), your (-0.16200000047683716), me (0.13300000131130219)"
5026,quarantine,Ur cash-balance is currently 500 pounds - to maximize ur cash-in now send GO to 86688 only 150p/meg. CC: 08718720201 HG/Suite342/2lands Row/W1j6HL,"send (2.4560000896453857), now (2.1760001182556152), 500 (1.2790000438690186), in (-0.5429999828338623), cash (0.4729999899864197), call (-0.39899998903274536), is (0.3700000047683716), go (-0.26899999380111694), your (-0.1850000023841858), my (0.17100000381469727)"
5027,quarantine,PRIVATE! Your 2003 Account Statement for shows 800 un-redeemed S.I.M. points. Call 08715203685 Identifier Code:4xx26 Expires 13/10/04,"call (4.072000026702881), your (1.9179999828338623), for (1.3609999418258667), me (0.36399999260902405), my (0.18299999833106995), now (-0.15299999713897705), you (0.1469999998807907), in (0.13199999928474426), from (-0.11500000208616257), txt (-0.11400000005960464)"
5036,quarantine,You won't believe it but it's true. It's Incredible Txts! Reply G now to learn truly amazing things that will blow your mind. From O2FWD only 18p/txt,"txt (3.2090001106262207), reply (1.4559999704360962), but (-1.4429999589920044), now (1.2599999904632568), won (0.8740000128746033), it (-0.8270000219345093), you (0.656000018119812), from (0.5699999928474426), to (0.5440000295639038), your (0.40400001406669617)"
5040,quarantine,Natalie (20/F) is inviting you to be her friend. Reply YES-165 or NO-165 See her: www.SMS.ac/u/natalie2k9 STOP? Send STOP FRND to 62468,"sms (2.5899999141693115), reply (2.3269999027252197), stop (1.812000036239624), send (1.4819999933242798), or (0.7440000176429749), see (0.4449999928474426), you (0.41200000047683716), call (-0.3100000023841858), to (0.19300000369548798), is (0.18000000715255737)"
5042,quarantine,Jamster! To get your free wallpaper text HEART to 88888 now! T&C apply. 16 only. Need Help? Call 08701213186.,"text (2.38100004196167), now (1.812000036239624), call (1.5980000495910645), your (1.4539999961853027), free (1.1629999876022339), help (0.7950000166893005), to (-0.6639999747276306), need (-0.5540000200271606), get (-0.41600000858306885), me (0.3580000102519989)"
5054,quarantine,Double Mins & Double Txt & 1/2 price Linerental on Latest Orange Bluetooth mobiles. Call MobileUpd8 for the very latest offers. 08000839402 or call2optout/LF56,"call (2.8469998836517334), txt (2.746000051498413), or (1.2790000438690186), for (0.6809999942779541), me (0.33899998664855957), orange (0.29499998688697815), my (0.1679999977350235), your (-0.1469999998807907), now (-0.13600000739097595), you (0.125)"
5059,quarantine,Free video camera phones with Half Price line rental for 12 mths and 500 cross ntwk mins 100 txts. Call MobileUpd8 08001950382 or Call2OptOut/674,"call (3.736999988555908), free (1.7510000467300415), or (1.253000020980835), 500 (1.1510000228881836), with (0.7609999775886536), for (0.531000018119812), me (0.33899998664855957), my (0.17100000381469727), you (0.14100000262260437), from (-0.1340000033378601)"
5067,quarantine,83039 62735=å£450 UK Break AccommodationVouchers terms & conditions apply. 2 claim you mustprovide your claim number which is 15541 ,"claim (2.752000093460083), your (1.8359999656677246), you (0.6370000243186951), call (-0.49900001287460327), number (0.49399998784065247), to (-0.375), apply (0.3529999852180481), me (0.17000000178813934), txt (-0.15800000727176666), my (0.1509999930858612)"
5070,quarantine,5p 4 alfie Moon's Children in need song on ur mob. Tell ur m8s. Txt Tone charity to 8007 for Nokias or Poly charity for polys: zed 08701417012 profit 2 charity.,"txt (4.538000106811523), or (0.9860000014305115), to (0.9169999957084656), in (-0.5080000162124634), need (-0.32199999690055847), call (-0.3100000023841858), tone (0.28700000047683716), your (-0.2150000035762787), me (0.1589999943971634), my (0.14900000393390656)"
5072,quarantine,WIN a å£200 Shopping spree every WEEK Starting NOW. 2 play text STORE to 88039. SkilGme. TsCs08714740323 1Winawk! age16 å£1.50perweeksub.,"text (3.00600004196167), win (2.759000062942505), now (1.534999966621399), to (1.3359999656677246), call (-0.3790000081062317), you (0.2630000114440918), me (0.2240000069141388), your (-0.19099999964237213), txt (-0.16300000250339508), from (-0.1589999943971634)"
5075,quarantine,"This is the 2nd attempt to contract U, you have won this weeks top prize of either å£1000 cash or å£200 prize. Just call 09066361921","call (4.25600004196167), won (0.9860000014305115), to (0.6869999766349792), of (0.6579999923706055), cash (0.5139999985694885), or (0.48100000619888306), you (0.41200000047683716), me (0.37299999594688416), and (0.20000000298023224), my (0.19499999284744263)"
5078,quarantine,Do you want a New Nokia 3510i colour phone DeliveredTomorrow? With 300 free minutes to any mobile + 100 free texts + Free Camcorder reply or call 08000930705.,"call (2.88100004196167), reply (1.4859999418258667), free (1.1349999904632568), or (0.9399999976158142), mobile (0.9089999794960022), new (0.8820000290870667), to (0.7639999985694885), with (0.7620000243186951), me (0.36899998784065247), my (0.1850000023841858)"
5103,quarantine,This msg is for your mobile content order It has been resent as previous attempt failed due to network error Queries to customersqueries@netvision.uk.com,"your (2.069000005722046), mobile (1.3919999599456787), msg (1.315000057220459), for (1.1069999933242798), been (1.0759999752044678), this (0.890999972820282), it (-0.8849999904632568), call (-0.4399999976158142), is (0.3319999873638153), as (-0.21899999678134918)"
5111,quarantine,You have 1 new message. Please call 08715205273,"message (1.8040000200271606), call (1.6490000486373901), new (1.496000051498413), have (0.796999990940094), you (-0.3050000071525574), me (0.22599999606609344), txt (-0.16500000655651093), from (-0.15199999511241913), my (0.13300000131130219), now (-0.10700000077486038)"
5113,quarantine,December only! Had your mobile 11mths+? You are entitled to update to the latest colour camera mobile for Free! Call The Mobile Update VCo FREE on 08002986906 ,"call (3.496000051498413), free (1.2549999952316284), your (0.8180000185966492), the (-0.8169999718666077), you (0.4490000009536743), mobile (0.4169999957084656), for (0.37400001287460327), me (0.3479999899864197), to (-0.3230000138282776), my (0.18700000643730164)"
5138,quarantine,"YOU VE WON! Your 4* Costa Del Sol Holiday or å£5000 await collection. Call 09050090044 Now toClaim. SAE, TC s, POBox334, Stockport, SK38xh, Costå£1.50/pm, Max10","call (4.0879998207092285), now (1.3919999599456787), won (1.027999997138977), or (0.9940000176429749), your (0.4699999988079071), you (0.40700000524520874), me (0.3709999918937683), my (0.19599999487400055), to (-0.164000004529953), from (-0.11500000208616257)"
5142,quarantine,FREE for 1st week! No1 Nokia tone 4 ur mobile every week just txt NOKIA to 8077 Get txting and tell ur mates. www.getzed.co.uk POBox 36504 W45WQ 16+ norm150p/to,"txt (4.210000038146973), free (1.3980000019073486), to (0.7409999966621399), mobile (0.6140000224113464), get (0.5569999814033508), call (-0.2630000114440918), your (-0.17800000309944153), tone (0.16099999845027924), me (0.15600000321865082), my (0.14900000393390656)"
5148,quarantine,Get your garden ready for summer with a FREE selection of summer bulbs and seeds worth å£33:50 only with The Scotsman this Saturday. To stop go2 notxt.co.uk,"free (1.8990000486373901), stop (1.8680000305175781), this (0.8240000009536743), get (0.6290000081062317), to (0.4359999895095825), of (0.3659999966621399), call (-0.36399999260902405), with (0.3089999854564667), your (0.2840000092983246), the (0.21400000154972076)"
5165,quarantine,"Congrats 2 mobile 3G Videophones R yours. call 09063458130 now! videochat wid ur mates, play java games, Dload polypH music, noline rentl. bx420. ip4. 5we. 150p","call (3.9489998817443848), now (1.5729999542236328), mobile (0.7639999985694885), ur (0.6669999957084656), games (0.4189999997615814), me (0.3610000014305115), my (0.1860000044107437), your (-0.16300000250339508), 150p (0.16099999845027924), from (-0.1599999964237213)"
5179,quarantine,SMS AUCTION - A BRAND NEW Nokia 7250 is up 4 auction today! Auction is FREE 2 join & take part! Txt NOKIA to 86021 now!,"txt (3.7279999256134033), sms (2.4639999866485596), free (1.6200000047683716), now (1.4179999828338623), to (1.0149999856948853), new (0.621999979019165), call (-0.2680000066757202), up (-0.21699999272823334), me (0.1720000058412552), your (-0.1679999977350235)"
5190,quarantine,ree entry in 2 a weekly comp for a chance to win an ipod. Txt POD to 80182 to get entry (std txt rate) T&C's apply 08452810073 for details 18+,"txt (4.327000141143799), win (3.00600004196167), in (-0.578000009059906), get (0.5519999861717224), for (0.5429999828338623), your (-0.2759999930858612), apply (0.2669999897480011), call (-0.25600001215934753), now (-0.14399999380111694), me (0.13500000536441803)"
5191,quarantine,Our records indicate u maybe entitled to 5000 pounds in compensation for the Accident you had. To claim 4 free reply with CLAIM to this msg. 2 stop txt STOP,"txt (2.9730000495910645), free (1.3049999475479126), claim (1.2999999523162842), stop (1.2640000581741333), msg (1.246999979019165), reply (1.1959999799728394), in (-0.7599999904632568), this (0.5699999928474426), with (0.4129999876022339), call (-0.22100000083446503)"
5197,quarantine,"Spook up your mob with a Halloween collection of a logo & pic message plus a free eerie tone, txt CARD SPOOK to 8007 zed 08701417012150p per logo/pic ","txt (3.9660000801086426), free (0.9829999804496765), to (0.8629999756813049), with (0.7749999761581421), call (-0.2980000078678131), tone (0.28700000047683716), up (-0.2150000035762787), per (0.20999999344348907), message (0.17100000381469727), me (0.16699999570846558)"
5201,quarantine,Call Germany for only 1 pence per minute! Call from a fixed line via access number 0844 861 85 85. No prepayment. Direct access! www.telediscount.co.uk,"call (3.4609999656677246), from (1.121000051498413), for (0.6679999828338623), number (0.4259999990463257), me (0.34200000762939453), now (-0.17299999296665192), my (0.16599999368190765), per (0.164000004529953), txt (-0.1289999932050705), to (0.11800000071525574)"
5202,quarantine,"YOU VE WON! Your 4* Costa Del Sol Holiday or å£5000 await collection. Call 09050090044 Now toClaim. SAE, TC s, POBox334, Stockport, SK38xh, Costå£1.50/pm, Max10","call (4.0879998207092285), now (1.3919999599456787), won (1.027999997138977), or (0.9940000176429749), your (0.4699999988079071), you (0.40700000524520874), me (0.3709999918937683), my (0.19599999487400055), to (-0.164000004529953), from (-0.11500000208616257)"
5206,quarantine,Had your mobile 11mths ? Update for FREE to Oranges latest colour camera mobiles & unlimited weekend calls. Call Mobile Upd8 on freefone 08000839402 or 2StopTxt,"call (3.377000093460083), free (1.555999994277954), or (1.0829999446868896), mobile (1.0119999647140503), your (0.37700000405311584), me (0.36399999260902405), to (0.32899999618530273), my (0.20600000023841858), for (0.13199999928474426), you (0.12999999523162842)"
5215,quarantine,Natalja (25/F) is inviting you to be her friend. Reply YES-440 or NO-440 See her: www.SMS.ac/u/nat27081980 STOP? Send STOP FRND to 62468,"sms (2.5910000801086426), reply (2.3239998817443848), stop (1.7380000352859497), send (1.7059999704360962), or (0.9950000047683716), see (0.44600000977516174), you (0.36000001430511475), call (-0.3059999942779541), is (0.1809999942779541), me (0.17100000381469727)"
5229,quarantine,PRIVATE! Your 2003 Account Statement for <fone no> shows 800 un-redeemed S. I. M. points. Call 08715203656 Identifier Code: 42049 Expires 26/10/04,"call (4.216000080108643), your (2.0369999408721924), for (1.4559999704360962), no (-0.43799999356269836), me (0.367000013589859), my (0.18199999630451202), now (-0.1550000011920929), you (0.14399999380111694), in (0.1340000033378601), from (-0.11599999666213989)"
5233,quarantine,YOU ARE CHOSEN TO RECEIVE A å£350 AWARD! Pls call claim number 09066364311 to collect your award which you are selected to receive as a valued mobile customer.,"call (3.2760000228881836), claim (2.0230000019073486), mobile (0.9300000071525574), your (0.6669999957084656), you (-0.6480000019073486), customer (0.574999988079071), me (0.3529999852180481), number (0.3479999899864197), are (0.33399999141693115), my (0.1850000023841858)"
5238,quarantine,Someonone you know is trying to contact you via our dating service! To find out who it could be call from your mobile or landline 09064015307 BOX334SK38ch ,"call (3.7739999294281006), mobile (1.194000005722046), service (1.1440000534057617), your (1.0779999494552612), from (0.9769999980926514), out (0.9150000214576721), it (-0.7110000252723694), you (-0.6700000166893005), to (-0.503000020980835), or (0.44200000166893005)"
5251,quarantine,Urgent! Please call 09061213237 from a landline. å£5000 cash or a 4* holiday await collection. T &Cs SAE PO Box 177 M227XY. 16+,"call (4.546000003814697), from (1.3550000190734863), or (0.8429999947547913), cash (0.5740000009536743), me (0.382999986410141), my (0.1860000044107437), now (-0.15000000596046448), your (-0.12399999797344208), txt (-0.11999999731779099), the (0.11400000005960464)"
5270,quarantine,"If you don't, your prize will go to another customer. T&C at www.t-c.biz 18+ 150p/min Polo Ltd Suite 373 London W1J 6HL Please call back if busy ","call (3.740000009536743), if (-1.7719999551773071), to (0.7960000038146973), your (0.75), you (0.6480000019073486), customer (0.5789999961853027), me (0.34200000762939453), go (-0.3370000123977661), 150p (0.2750000059604645), at (-0.23600000143051147)"
5279,quarantine,URGENT! Your Mobile number has been awarded with a å£2000 prize GUARANTEED. Call 09061790126 from land line. Claim 3030. Valid 12hrs only 150ppm,"call (3.369999885559082), claim (1.8509999513626099), mobile (1.0080000162124634), been (0.902999997138977), from (0.7509999871253967), number (0.40700000524520874), me (0.3930000066757202), with (0.37599998712539673), my (0.2150000035762787), you (-0.15800000727176666)"
5286,quarantine,"URGENT! You have won a 1 week FREE membership in our å£100,000 Prize Jackpot! Txt the word: CLAIM to No: 81010 T&C www.dbuk.net LCCLTD POBOX 4403LDNW1A7RW18","txt (3.7039999961853027), claim (1.9900000095367432), won (1.1390000581741333), free (0.8320000171661377), no (-0.7129999995231628), in (-0.5529999732971191), to (0.4880000054836273), have (0.2980000078678131), call (-0.28999999165534973), you (0.15700000524520874)"
5293,quarantine,Urgent! Please call 09061213237 from landline. å£5000 cash or a luxury 4* Canary Islands Holiday await collection. T&Cs SAE PO Box 177. M227XY. 150ppm. 16+,"call (4.565000057220459), from (1.0540000200271606), or (0.9800000190734863), cash (0.5740000009536743), me (0.37599998712539673), my (0.1860000044107437), now (-0.14800000190734863), txt (-0.12099999934434891), your (-0.11999999731779099), urgent (0.1080000028014183)"
5295,quarantine,XMAS iscoming & ur awarded either å£500 CD gift vouchers & free entry 2 r å£100 weekly draw txt MUSIC to 87066 TnC www.Ldew.com1win150ppmx3age16subscription ,"txt (3.934999942779541), free (1.8899999856948853), 500 (1.152999997138977), to (1.065000057220459), ur (0.3790000081062317), call (-0.2800000011920929), me (0.17499999701976776), now (-0.15600000321865082), your (-0.14900000393390656), my (0.14800000190734863)"
5315,quarantine,Get the official ENGLAND poly ringtone or colour flag on yer mobile for tonights game! Text TONE or FLAG to 84199. Optout txt ENG STOP Box39822 W111WX å£1.50,"txt (3.4179999828338623), text (1.7289999723434448), ringtone (1.7039999961853027), stop (1.5089999437332153), mobile (0.6549999713897705), get (0.5080000162124634), to (0.30399999022483826), call (-0.23600000143051147), the (0.2199999988079071), you (0.21400000154972076)"
5343,quarantine,"u r subscribed 2 TEXTCOMP 250 wkly comp. 1st wk?s free question follows, subsequent wks charged@150p/msg.2 unsubscribe txt STOP 2 84128,custcare 08712405020","txt (3.9079999923706055), free (1.847000002861023), stop (1.7089999914169312), msg (1.559000015258789), unsubscribe (0.3659999966621399), call (-0.30000001192092896), 150p (0.2750000059604645), to (-0.26100000739097595), your (-0.15800000727176666), from (-0.1469999998807907)"
5355,quarantine,Aiyo cos i sms Ì_ then Ì_ neva reply so i wait 4 Ì_ to reply lar. I tot Ì_ havent finish ur lab wat.,"sms (3.1760001182556152), reply (1.6829999685287476), to (1.2259999513626099), so (-0.4129999876022339), call (-0.39100000262260437), then (-0.3109999895095825), me (0.1770000010728836), txt (-0.1720000058412552), now (-0.1679999977350235), from (-0.15700000524520874)"
5366,quarantine,Camera - You are awarded a SiPix Digital Camera! call 09061221066 fromm landline. Delivery within 28 days.,"call (4.791999816894531), you (0.5640000104904175), me (0.34299999475479126), to (-0.1979999989271164), your (-0.1940000057220459), from (-0.1720000058412552), my (0.1599999964237213), now (-0.15199999511241913), txt (-0.12999999523162842), free (-0.10999999940395355)"
5367,quarantine,A å£400 XMAS REWARD IS WAITING FOR YOU! Our computer has randomly picked you from our loyal mobile customers to receive a å£400 reward. Just call 09066380611,"call (4.00600004196167), mobile (0.9789999723434448), from (0.9169999957084656), to (0.45399999618530273), me (0.3720000088214874), for (0.25600001215934753), you (-0.23800000548362732), my (0.20000000298023224), your (-0.12600000202655792), txt (-0.11900000274181366)"
5369,quarantine,IMPORTANT MESSAGE. This is a final contact attempt. You have important messages waiting out our customer claims dept. Expires 13/4/04. Call 08717507382 NOW!,"call (4.2210001945495605), now (1.3339999914169312), message (1.1349999904632568), out (0.7910000085830688), this (0.671999990940094), customer (0.5630000233650208), me (0.3610000014305115), you (0.3540000021457672), have (0.20900000631809235), my (0.20000000298023224)"
5371,quarantine,dating:i have had two of these. Only started after i sent a text to talk sport radio last week. Any connection do you think or coincidence?,"text (2.240000009536743), to (1.159999966621399), or (0.8939999938011169), of (0.746999979019165), call (-0.4690000116825104), me (0.23199999332427979), do (-0.1860000044107437), txt (-0.17900000512599945), and (0.17599999904632568), from (-0.1469999998807907)"
5379,quarantine,"Free entry to the gr8prizes wkly comp 4 a chance to win the latest Nokia 8800, PSP or å£250 cash every wk.TXT GREAT to 80878 http//www.gr8prizes.com 08715705022","txt (4.035999774932861), win (2.7960000038146973), free (1.850000023841858), or (0.9589999914169312), the (-0.7139999866485596), cash (0.5350000262260437), call (-0.22100000083446503), to (0.19099999964237213), me (0.14399999380111694), your (-0.13899999856948853)"
5428,quarantine,Santa Calling! Would your little ones like a call from Santa Xmas eve? Call 09058094583 to book your time.,"call (2.9779999256134033), to (0.9829999804496765), from (0.8849999904632568), me (0.35499998927116394), time (-0.23000000417232513), my (0.19200000166893005), now (-0.17000000178813934), txt (-0.12999999523162842), for (-0.12700000405311584), text (-0.11100000143051147)"
5444,quarantine,You have won a guaranteed 32000 award or maybe even å£1000 cash to claim ur award call free on 0800 ..... (18+). Its a legitimat efreefone number wat do u think,"call (3.3610000610351562), claim (2.059999942779541), free (1.2640000581741333), won (1.0779999494552612), its (-0.765999972820282), or (0.6209999918937683), to (0.6039999723434448), cash (0.47200000286102295), me (0.36500000953674316), number (0.35199999809265137)"
5457,quarantine,"\For the most sparkling shopping breaks from 45 per person; call 0121 2025050 or visit www.shortbreaks.org.uk\""""","call (3.1070001125335693), from (2.0810000896453857), the (-0.4050000011920929), me (0.33399999141693115), your (-0.1770000010728836), my (0.16699999570846558), per (0.164000004529953), for (-0.15399999916553497), now (-0.14900000393390656), txt (-0.13199999928474426)"
5461,quarantine,December only! Had your mobile 11mths+? You are entitled to update to the latest colour camera mobile for Free! Call The Mobile Update Co FREE on 08002986906,"call (3.48799991607666), free (1.2380000352859497), your (0.8169999718666077), the (-0.8159999847412109), you (0.45100000500679016), mobile (0.4169999957084656), for (0.4050000011920929), me (0.3479999899864197), to (-0.33500000834465027), my (0.1899999976158142)"
5463,quarantine,Txt: CALL to No: 86888 & claim your reward of 3 hours talk time to use from your phone now! Subscribe6GBP/mnth inc 3hrs 16 stop?txtStop www.gamb.tv,"txt (2.316999912261963), call (1.9589999914169312), claim (1.4199999570846558), now (1.2589999437332153), stop (1.1679999828338623), of (-1.0470000505447388), from (0.8230000138282776), to (-0.6650000214576721), time (-0.43299999833106995), no (-0.40799999237060547)"
5468,quarantine,Get your garden ready for summer with a FREE selection of summer bulbs and seeds worth å£33:50 only with The Scotsman this Saturday. To stop go2 notxt.co.uk,"free (1.8990000486373901), stop (1.8680000305175781), this (0.8240000009536743), get (0.6290000081062317), to (0.4359999895095825), of (0.3659999966621399), call (-0.36399999260902405), with (0.3089999854564667), your (0.2840000092983246), the (0.21400000154972076)"
5469,quarantine,"URGENT! Last weekend's draw shows that you have won å£1000 cash or a Spanish holiday! CALL NOW 09050000332 to claim. T&C: RSTM, SW7 3SS. 150ppm","call (3.565000057220459), claim (2.072000026702881), now (1.0609999895095825), won (0.9879999756813049), that (-0.9419999718666077), you (0.531000018119812), or (0.5249999761581421), cash (0.4699999988079071), to (0.46700000762939453), me (0.367000013589859)"
5483,quarantine,URGENT We are trying to contact you Last weekends draw shows u have won a å£1000 prize GUARANTEED Call 09064017295 Claim code K52 Valid 12hrs 150p pm,"call (3.6470000743865967), claim (2.375), won (1.1959999799728394), to (0.871999979019165), you (0.5370000004768372), me (0.35600000619888306), 150p (0.2750000059604645), my (0.17800000309944153), and (0.14300000667572021), from (-0.13300000131130219)"
5488,quarantine,2p per min to call Germany 08448350055 from your BT line. Just 2p per min. Check PlanetTalkInstant.com for info & T's & C's. Text stop to opt out,"call (2.5420000553131104), stop (1.6080000400543213), text (1.5800000429153442), out (1.2089999914169312), to (-0.5910000205039978), for (0.5260000228881836), from (0.4690000116825104), your (0.4020000100135803), me (0.367000013589859), my (0.1899999976158142)"
5493,quarantine,Marvel Mobile Play the official Ultimate Spider-man game (å£4.50) on ur mobile right now. Text SPIDER to 83338 for the game & we ll send u a FREE 8Ball wallpape,"text (2.1470000743865967), free (1.746000051498413), now (1.3140000104904175), send (0.8659999966621399), the (-0.8069999814033508), ur (0.6069999933242798), to (0.5600000023841858), you (0.34599998593330383), call (-0.3440000116825104), mobile (0.33899998664855957)"
5498,quarantine,"SMS SERVICES. for your inclusive text credits, pls goto www.comuk.net login= 3qxj9 unsubscribe with STOP, no extra charge. help 08702840625.COMUK. 220-CM2 9AE","sms (2.818000078201294), text (2.2079999446868896), stop (1.9559999704360962), your (0.7599999904632568), help (0.6359999775886536), for (0.5590000152587891), call (-0.39100000262260437), you (0.3709999918937683), with (0.3700000047683716), unsubscribe (0.3659999966621399)"
5502,quarantine,PRIVATE! Your 2003 Account Statement for 07808247860 shows 800 un-redeemed S. I. M. points. Call 08719899229 Identifier Code: 40411 Expires 06/11/04,"call (4.179999828338623), your (2.0369999408721924), for (1.3609999418258667), me (0.36800000071525574), my (0.18299999833106995), you (0.15299999713897705), now (-0.15299999713897705), in (0.13500000536441803), from (-0.11500000208616257), txt (-0.11400000005960464)"
5525,quarantine,You are awarded a SiPix Digital Camera! call 09061221061 from landline. Delivery within 28days. T Cs Box177. M221BP. 2yr warranty. 150ppm. 16 . p på£3.99,"call (4.6479997634887695), from (1.472000002861023), you (0.6050000190734863), me (0.3790000081062317), are (-0.2280000001192093), my (0.1770000010728836), to (-0.1720000058412552), now (-0.13899999856948853), txt (-0.11999999731779099), your (-0.11900000274181366)"
5527,quarantine,PRIVATE! Your 2003 Account Statement for shows 800 un-redeemed S.I.M. points. Call 08718738001 Identifier Code: 49557 Expires 26/11/04,"call (4.179999828338623), your (2.0369999408721924), for (1.3609999418258667), me (0.36800000071525574), my (0.18299999833106995), you (0.15299999713897705), now (-0.15299999713897705), in (0.13500000536441803), from (-0.11500000208616257), txt (-0.11400000005960464)"
5548,quarantine,"Had your contract mobile 11 Mnths? Latest Motorola, Nokia etc. all FREE! Double Mins & Text on Orange tariffs. TEXT YES for callback, no to remove from records.","text (2.3510000705718994), free (2.0280001163482666), mobile (0.9399999976158142), from (0.7889999747276306), to (0.7120000123977661), your (0.5849999785423279), all (0.36500000953674316), call (-0.3499999940395355), you (0.3199999928474426), orange (0.29499998688697815)"
5567,quarantine,"REMINDER FROM O2: To get 2.50 pounds free call credit and details of great offers pls reply 2 this text with your valid name, house no and postcode","call (1.809999942779541), free (1.6749999523162842), text (1.5269999504089355), and (-1.2990000247955322), reply (1.0460000038146973), from (0.8019999861717224), to (0.7419999837875366), this (0.5090000033378601), of (0.42800000309944153), me (0.37400001287460327)"
5568,quarantine,"This is the 2nd time we have tried 2 contact u. U have won the å£750 Pound prize. 2 claim is easy, call 087187272008 NOW1! Only 10p per minute. BT-national-rate","call (3.74399995803833), claim (2.3459999561309814), won (1.218999981880188), the (-0.890999972820282), this (0.8650000095367432), have (0.35899999737739563), me (0.33899998664855957), to (-0.19599999487400055), my (0.16899999976158142), is (0.15800000727176666)"
